filing_company_code,filing_company_name,filing_stock_code,filing_date,document_id,held_security_name,held_stock_code,held_shares,book_value_million_yen,holding_purpose,ticker,stock_code
E02840,,,2024-03-31,000,ＤＣＭホールディングス㈱,,473900,699.0,主として開発型ビジネスモデルにおける事業上の取引関係を勘案し、同社との良好な関係の維持、強化を図るため、保有しています。,,
E02840,,,2024-03-31,000,エイチ・ツー・オーリテイリング㈱,,349351,679.0,主として開発型ビジネスモデルにおける事業上の取引関係を勘案し、同社との良好な関係の維持、強化を図るため、継続して保有しています。取引先持株会を通じた株式の取得により株式数が増加しております。,,
E02840,,,2024-03-31,000,上新電機㈱,,81500,189.0,主として開発型ビジネスモデルにおける事業上の取引関係を勘案し、同社との良好な関係の維持、強化を図るため、継続して保有しています。,,
E02840,,,2024-03-31,000,イオン㈱,,37761,135.0,主として卸売型ビジネスモデルにおける事業上の取引関係を勘案し、同社との良好な関係の維持、強化を図るため、継続して保有しています。取引先持株会を通じた株式の取得により株式数が増加しております。,,
E02840,,,2024-03-31,000,コーナン商事㈱,,30322,133.0,主として開発型ビジネスモデルにおける事業上の取引関係を勘案し、同社との良好な関係の維持、強化を図るため、継続して保有しています。取引先持株会を通じた株式の取得により株式数が増加しております。,,
E02840,,,2024-03-31,000,㈱ＭｒＭａｘＨＤ,,100000,63.0,主として開発型ビジネスモデルにおける事業上の取引関係を勘案し、同社との良好な関係の維持、強化を図るため、継続して保有しています。,,
E02840,,,2024-03-31,000,㈱セキチュー,,42014,53.0,主として開発型ビジネスモデルにおける事業上の取引関係を勘案し、同社との良好な関係の維持、強化を図るため、継続して保有しています。取引先持株会を通じた株式の取得により株式数が増加しております。,,
E02840,,,2024-03-31,000,㈱セブン＆アイ・ホールディングス,,17626,38.0,主として卸売型ビジネスモデルにおける事業上の取引関係を勘案し、同社との良好な関係の維持、強化を図るため、継続して保有しています。取引先持株会を通じた株式の取得により株式数が増加しております。なお、本株式は2024年２月29日を基準日として１株につき３株の割合で株式分割を実施しております。,,
E02840,,,2024-03-31,000,㈱スクロール,,32841,31.0,主として卸売型ビジネスモデルにおける事業上の取引関係を勘案し、同社との良好な関係の維持、強化を図るため、継続して保有しています。取引先持株会を通じた株式の取得により株式数が増加しております。,,
E02840,,,2024-03-31,000,イオン九州㈱,,8986,27.0,主として開発型ビジネスモデルにおける事業上の取引関係を勘案し、同社との良好な関係の維持、強化を図るため、継続して保有しています。取引先持株会を通じた株式の取得により株式数が増加しております。,,
E02840,,,2024-03-31,000,㈱マキヤ,,18374,20.0,主として卸売型ビジネスモデルにおける事業上の取引関係を勘案し、同社との良好な関係の維持、強化を図るため、継続して保有しています。取引先持株会を通じた株式の取得により株式数が増加しております。,,
E02840,,,2024-03-31,000,㈱ジュンテンドー,,34190,19.0,主として開発型ビジネスモデルにおける事業上の取引関係を勘案し、同社との良好な関係の維持、強化を図るため、継続して保有しています。取引先持株会を通じた株式の取得により株式数が増加しております。,,
E02840,,,2024-03-31,000,㈱フジ,,8781,16.0,主として開発型ビジネスモデルにおける事業上の取引関係を勘案し、同社との良好な関係の維持、強化を図るため、継続して保有しています。取引先持株会を通じた株式の取得により株式数が増加しております。,,
E02840,,,2024-03-31,000,ウエルシアホールディングス㈱,,5751,14.0,主として卸売型ビジネスモデルにおける事業上の取引関係を勘案し、同社との良好な関係の維持、強化を図るため、継続して保有しています。取引先持株会を通じた株式の取得により株式数が増加しております。,,
E02840,,,2024-03-31,000,㈱エディオン,,5727,8.0,主として卸売型ビジネスモデルにおける事業上の取引関係を勘案し、同社との良好な関係の維持、強化を図るため、継続して保有しています。取引先持株会を通じた株式の取得により株式数が増加しております。,,
E02840,,,2024-03-31,000,㈱平和堂,,4000,8.0,主として開発型ビジネスモデルにおける事業上の取引関係を勘案し、同社との良好な関係の維持、強化を図るため、継続して保有しています。,,
E02840,,,2024-03-31,000,㈱ヤマダホールディングス,,9800,4.0,主として開発型ビジネスモデルにおける事業上の取引関係を勘案し、同社との良好な関係の維持、強化を図るため、継続して保有しています。,,
E02840,,,2024-03-31,000,㈱エンチョー,,4497,4.0,主として開発型ビジネスモデルにおける事業上の取引関係を勘案し、同社との良好な関係の維持、強化を図るため、継続して保有しています。取引先持株会を通じた株式の取得により株式数が増加しております。,,
E02840,,,2024-03-31,000,㈱コメリ,,405,1.0,主として開発型ビジネスモデルにおける事業上の取引関係を勘案し、同社との良好な関係の維持、強化を図るため、継続して保有しています。,,
E02840,,,2024-03-31,000,㈱ヨンドシーホールディングス,,710,1.0,主として開発型ビジネスモデルにおける事業上の取引関係を勘案し、同社との良好な関係の維持、強化を図るため、継続して保有しています。取引先持株会を通じた株式の取得により株式数が増加しております。,,
E02840,,,2024-03-31,000,㈱サマンサタバサジャパンリミテッド,,10500,0.0,主として卸売型ビジネスモデルにおける事業上の取引関係を勘案し、同社との良好な関係の維持、強化を図るため、継続して保有しています。,,
E02840,,,2024-03-31,000,アークランズ㈱,,482,0.0,主として開発型ビジネスモデルにおける事業上の取引関係を勘案し、同社との良好な関係の維持、強化を図るため、保有しています。取引先持株会を通じた株式の取得により株式数が増加しております。,,
E02840,,,2024-03-31,000,三井住友トラスト・ホールディングス㈱,,222,0.0,事業上の取引関係を勘案し、同社との良好な関係の維持、強化を図るため、継続して保有しています。なお、本株式は2023年12月29日を基準日として１株につき２株の割合で株式分割を実施しております。,,
E02840,,,2024-03-31,000,㈱Ｏｌｙｍｐｉｃグループ,,1000,0.0,主として開発型ビジネスモデルにおける事業上の取引関係を勘案し、同社との良好な関係の維持、強化を図るため、継続して保有しています。,,
E05233,,,2024-09-30,000,㈱北洋銀行,,47,18142.0,同社との取引関係の維持・強化のため。当社は同社株式から得られるリターンを検証するなど、資本コスト等の観点から総合的な評価を行い、保有の合理性を確認しています。定量的な保有効果については取引先との関係性を考慮して記載しませんが、上記方針に基づいた十分な定量的効果があると判断しています。,,
E03641,,,2025-03-31,000,住友不動産株式会社,,1051200,5879.0,不動産関連情報の取得等における同社との良好な取引関係・協力関係の維持・強化を目的とし、資本コストを考慮した経済合理性を精査した上で、保有しております。,,
E03641,,,2025-03-31,000,株式会社オリエンタルランド,,1300000,3828.0,千葉県を地盤とするテーマパーク運営企業であり、同社との良好な取引関係・協力関係の維持・強化を目的とし、資本コストを考慮した経済合理性を精査した上で、保有しております。,,
E03641,,,2025-03-31,000,ＭＳ＆ＡＤインシュアランスグループホールディングス株式会社（注）４,,1158094,3734.0,保険窓販商品の提供等による業務上の協力関係の維持・強化を目的とし、資本コストを考慮した経済合理性を精査した上で、保有しております。,,
E03641,,,2025-03-31,000,ＳＯＭＰＯホールディングス株式会社（注）５,,732071,3309.0,保険窓販商品の提供等による業務上の協力関係の維持・強化を目的とし、資本コストを考慮した経済合理性を精査した上で、保有しております。,,
E03641,,,2025-03-31,000,新日本建設株式会社,,1722169,2691.0,千葉県を地盤とするデベロッパー機能を持つ総合建設業者であり、同社との良好な取引関係・協力関係の維持・強化を目的とし、資本コストを考慮した経済合理性を精査した上で、保有しております。,,
E03641,,,2025-03-31,000,東日本旅客鉄道株式会社（注）６,,750000,2214.0,営業エリア内の鉄道インフラを支える企業であり、ATMの提携などによる同社との良好な取引関係・協力関係の維持・強化を目的とし、資本コストを考慮した経済合理性を精査した上で、保有しております。,,
E03641,,,2025-03-31,000,株式会社テクノ菱和,,723800,1899.0,店舗設備等の施工管理業者であり、同社との良好な取引関係・協力関係の維持・強化を目的とし、資本コストを考慮した経済合理性を精査した上で、保有しております。,,
E03641,,,2025-03-31,000,東海旅客鉄道株式会社,,500000,1427.0,観光面等における営業エリア内の経済活性化に寄与しており、同社との良好な取引関係・協力関係の維持・強化を目的とし、資本コストを考慮した経済合理性を精査した上で、保有しております。,,
E03641,,,2025-03-31,000,京成電鉄株式会社（注）７,,1020000,1374.0,千葉県を地盤とする鉄道インフラを支える企業であり、同社との良好な取引関係・協力関係の維持・強化を目的とし、資本コストを考慮した経済合理性を精査した上で、保有しております。,,
E03641,,,2025-03-31,000,Ｋ＆Ｏエナジーグループ株式会社,,240065,718.0,千葉県を地盤とする生活インフラを支える企業であり、同社との良好な取引関係・協力関係の維持・強化を目的とし、資本コストを考慮した経済合理性を精査した上で、保有しております。,,
E03641,,,2025-03-31,000,株式会社武蔵野銀行,,149451,487.0,金融関連業務における協力関係の維持・強化を目的とし、資本コストを考慮した経済合理性を精査した上で、保有しております。,,
E03641,,,2025-03-31,000,株式会社あいちフィナンシャルグループ,,162171,463.0,金融関連業務における協力関係の維持・強化を目的とし、資本コストを考慮した経済合理性を精査した上で、保有しております。,,
E03641,,,2025-03-31,000,株式会社ジャックス,,108034,421.0,ATMのキャッシング機能提携等による同社との良好な取引関係・協力関係の維持・強化を目的とし、資本コストを考慮した経済合理性を精査した上で、保有しております。,,
E03641,,,2025-03-31,000,株式会社青山財産ネットワークス,,200000,382.0,事業承継業務等における同社との良好な取引関係・協力関係の維持・強化を目的とし、資本コストを考慮した経済合理性を精査した上で、保有しております。,,
E03641,,,2025-03-31,000,イオン株式会社,,60786,227.0,千葉県を地盤とするGMS等の運営企業であり、営業に関する情報交換およびATMの提携等による同社との協力関係の維持・強化を目的とし、資本コストを考慮した経済合理性を精査した上で、保有しております。,,
E03641,,,2025-03-31,000,南総通運株式会社,,120000,130.0,千葉県を地盤とする物流インフラを支える企業であり、同社との良好な取引関係・協力関係の維持・強化を目的とし、資本コストを考慮した経済合理性を精査した上で、保有しております。,,
E03641,,,2025-03-31,000,株式会社みずほフィナンシャルグループ,,20000,81.0,先進的な知見や金融サービス等の活用による業務上の協力関係の維持・強化を目的とし、資本コストを考慮した経済合理性を精査した上で、保有しております。,,
E03641,,,2025-03-31,000,株式会社イトーキ,,33187,54.0,店舗設備等の納入業者であり、同社との良好な取引関係・協力関係の維持・強化を目的とし、資本コストを考慮した経済合理性を精査した上で、保有しております。,,
E03641,,,2025-03-31,000,株式会社シー・ヴイ・エス・ベイエリア,,52800,29.0,千葉県を地盤とするコンビニおよびマンション管理等の運営企業であり、同社との良好な取引関係・協力関係の維持・強化を目的とし、資本コストを考慮した経済合理性を精査した上で、保有しております。,,
E03641,,,2025-03-31,000,株式会社市進ホールディングス,,15000,6.0,千葉県を地盤とする総合教育サービス企業であり、同社との良好な取引関係・協力関係の維持・強化を目的とし、資本コストを考慮した経済合理性を精査した上で、保有しております。,,
E01636,,,2025-03-31,000,フジテック㈱,,550000,3248.0,発行会社とのポンプ等資機材の受注、昇降機等の受給・メンテナンス等の取引関係の維持の他、地元企業間の地域情報収集のため。当期配当金107百万円,,
E01636,,,2025-03-31,000,㈱タクマ,,783600,1437.0,ごみ焼却プラントやバイオマス発電等におけるポンプ等の資機材の受注強化を進めてきた経緯があり、長期にわたるより良好な協力関係を維持・強化することが、収益増、ひいては、中長期的な企業価値の向上に資すると判断し、保有しています。近年では、当社のTR-COMの協業先として、情報共有・ノウハウ開発によりメンテナンス分野における新規事業を開拓していく上で更なる提携を進めています。収益面では、同社に対する売上は、昨年度比約３割落ち込みましたが、概して過去５年間で堅調に推移しております。今後、ごみ処理プラントやバイオマス発電分野の最終顧客の課題解決において、メンテナンスサービスの提案などを発行会社と共に進めていくため、さらなる関係強化を見込んでおります。当期配当金40百万円,,
E01636,,,2025-03-31,000,三精テクノロジーズ㈱,,801500,1037.0,発行会社とのポンプ等資機材の受注、資機材の受給等の取引関係の維持の他、地元企業間の地域情報収集のため。当期配当金36百万円,,
E01636,,,2025-03-31,000,㈱三井住友フィナンシャルグループ,,224160,850.0,主要取引金融機関である発行会社傘下の（株）三井住友銀行から長年にわたる資金調達の実績があり、今後も事業促進において当該金融機関から円滑な資金調達を必要とするため。当期配当金33百万円,,
E01636,,,2025-03-31,000,㈱りそなホールディングス,,768300,988.0,主要取引金融機関である発行会社傘下の（株）りそな銀行から長年にわたる資金調達の実績及び人的交流があり、今後も事業促進において当該金融機関から円滑な資金調達及び人的交流を通した情報収集を必要とするため。当期配当金17百万円,,
E01636,,,2025-03-31,000,㈱日阪製作所,,452000,447.0,発行会社とのポンプ等資機材の受注、資機材の受給等の取引関係の維持の他、地元企業間の地域情報収集のため。当期配当金19百万円,,
E01636,,,2025-03-31,000,㈱ダイヘン,,40000,253.0,発行会社とのポンプ等資機材の受注、資機材の受給等の取引関係の維持の他、地元企業間の地域情報収集のため。当期配当金6百万円,,
E01636,,,2025-03-31,000,㈱栗本鐵工所,,74900,341.0,当社の主力製品であるポンプ機器の一部品であるバルブ等の資機材を発行会社から安定調達を行うことにより、当社のポンプ事業を安定的かつ円滑に遂行するため。当期配当金16百万円,,
E01636,,,2025-03-31,000,京阪神ビルディング㈱,,125000,170.0,発行会社との、ポンプ等資機材の受注等の取引関係の維持の他、地元企業間の地域情報収集のため。当期配当金4百万円,,
E01636,,,2025-03-31,000,㈱佐賀銀行,,42273,97.0,発行会社から長年にわたる資金調達の実績があり、今後も事業促進において当該金融機関から円滑な資金調達を必要とするため。当期配当金3百万円,,
E01636,,,2025-03-31,000,中外炉工業㈱,,14000,51.0,発行会社とのポンプ等資機材の受注、資機材の受給等の取引関係の維持のほか、地元企業間の地域情報収集のため。当期配当金1百万円,,
E01636,,,2025-03-31,000,ケイヒン㈱,,20000,47.0,当社の海外向け事業において、発行会社は輸出入業務を担う取引先として長年の実績があり、安定的取引関係を維持するため。当期配当金1百万円,,
E01636,,,2025-03-31,000,三京化成㈱,,11500,38.0,発行会社とのポンプ等資機材の受注、資機材の受給等の取引関係の維持の他、地元企業間の地域情報収集のため。当期配当金1百万円,,
E01636,,,2025-03-31,000,㈱池田泉州ホールディングス,,56724,24.0,主要取引金融機関である発行会社傘下の（株）池田泉州銀行から長年にわたる資金調達の実績があり、今後も事業促進において当該金融機関から円滑な資金調達を必要とするため。当期配当金0百万円,,
E01636,,,2025-03-31,000,㈱千葉銀行,,11000,15.0,発行会社から長年にわたる資金調達の実績があり、今後も事業促進において当該金融機関から円滑な資金調達を必要とするため。当期配当金0百万円,,
E01518,,,2024-03-31,000,伊藤忠商事㈱,,180835,1169279.0,同社は国内を代表する大手総合商社であり、当社は長きにわたって同社グループとの取引があります。当社製品の販路拡大などの取引関係強化目的及び配当利回りなどの経済的合理性の観点から、同社株式を保有しております。,,
E01518,,,2024-03-31,000,㈱北國フィナンシャルホールディングス,,20000,101400.0,同社は石川県に本店を置く地方銀行であり、当社グループの主要取引銀行であります。当初より金融取引の関係強化の目的から同社株式を保有しておりましたが、現在は加えて株式保有の経済的合理性を勘案のうえ、同社株式を保有しております。,,
E01518,,,2024-03-31,000,北日本紡績㈱,,151600,16221.0,同社は石川県に本社・工場を置く紡績メーカーであります。当初より北陸の繊維産業発展と繊維機械の取引関係強化のため同社株式を保有しておりましたが、現在は株式保有の経済的合理性を勘案のうえ、同社株式を保有しております。,,
E01518,,,2024-03-31,000,㈱島精機製作所,,1000,1391.0,同社は主にニット編み機を製造するメーカーであり、当社は同社製品の部品の一部について製造を受託しております。同社との受託生産業務の取引関係強化のため、少量ではありますが同社株式を保有しております。,,
E01518,,,2024-03-31,000,レンゴー㈱,,1000,1170.0,同社は主に板紙・段ボールを中心とする包装資材を製造・販売する会社であります。同社はその他の関係会社に該当するとともに、当社紙工機械の主要な販売先であります。同社との紙工機械部門の取引関係の強化のため、少量ではありますが同社株式を保有しております。,,
E00953,,,2025-03-31,000,㈱三菱ＵＦＪフィナンシャル・グループ,,434200,873.0,・金融取引等を行う取引先企業とのより良好な関係の構築・株価の評価益及び受取配当金の発生,,
E00953,,,2025-03-31,000,㈱三井住友フィナンシャルグループ　(注)２,,216000,819.0,・金融取引等を行う取引先企業とのより良好な関係の構築・株価の評価益及び受取配当金の発生,,
E00953,,,2025-03-31,000,三井住友トラストグループ㈱ (注)３,,162572,604.0,・金融取引等を行う取引先企業とのより良好な関係の構築・株価の評価益及び受取配当金の発生,,
E00953,,,2025-03-31,000,東邦ホールディングス㈱,,94000,419.0,・製商品の販売を行う取引先企業との業務のより円滑な推進・株価の評価益及び受取配当金の発生,,
E00953,,,2025-03-31,000,日本精化㈱,,172700,345.0,・商品及び原材料の仕入、業務委受託等を行う取引先企業等との経営戦略の一環・株価の評価益及び受取配当金の発生,,
E00953,,,2025-03-31,000,アルフレッサホールディングス㈱,,143208,302.0,・製商品の販売を行う取引先企業との業務のより円滑な推進・株価の評価益及び受取配当金の発生,,
E00953,,,2025-03-31,000,㈱スズケン,,30030,148.0,・製商品の販売を行う取引先企業との業務のより円滑な推進・株価の評価益及び受取配当金の発生,,
E00953,,,2025-03-31,000,㈱ほくほくフィナンシャルグループ,,35400,90.0,・金融取引等を行う取引先企業とのより良好な関係の構築・株価の評価益及び受取配当金の発生,,
E00953,,,2025-03-31,000,㈱スリー・ディー・マトリックス,,640000,80.0,・商品及び原材料の仕入、業務委受託等を行う取引先企業等との経営戦略の一環,,
E00953,,,2025-03-31,000,㈱りそなホールディングス,,53800,69.0,・金融取引等を行う取引先企業とのより良好な関係の構築・株価の評価益及び受取配当金の発生,,
E00953,,,2025-03-31,000,ダイト㈱,,24200,52.0,・商品及び原材料の仕入、業務委受託等を行う取引先企業等との経営戦略の一環・株価の評価益及び受取配当金の発生,,
E00953,,,2025-03-31,000,㈱ほくやく・竹山ホールディングス,,58000,51.0,・製商品の販売を行う取引先企業との業務のより円滑な推進・株価の評価益及び受取配当金の発生,,
E00953,,,2025-03-31,000,㈱メディパルホールディングス,,5000,11.0,・製商品の販売を行う取引先企業との業務のより円滑な推進・株価の評価益及び受取配当金の発生,,
E00953,,,2025-03-31,000,アステナホールディングス㈱,,23720,10.0,・製商品の販売を行う取引先企業との業務のより円滑な推進・株価の評価益及び受取配当金の発生,,
E00953,,,2025-03-31,000,㈱ＪＭＳ,,5500,2.0,・商品及び原材料の仕入、業務委受託等を行う取引先企業との経営戦略の一環・受取配当金の発生,,
E01462,,,2024-03-31,000,トラスコ中山株式会社,,27400,70829.0,機械工具の大手専門商社であり、業務提携は行っておりませんが、当社の主要な販売先であるため、取引関係の維持・強化を目的として保有しております。保有意義及び経済合理性を検証した結果、取締役会において保有継続の妥当性を確認しております。,,
E01462,,,2024-03-31,000,株式会社キムラ,,12000,6672.0,機械工具の大手専門商社であり、業務提携は行っておりませんが、当社の主要な販売先であるため、取引関係の維持・強化を目的として保有しております。保有意義及び経済合理性を検証した結果、取締役会において保有継続の妥当性を確認しております。,,
E01462,,,2024-03-31,000,株式会社NaITO,,3500,525.0,機械工具卸売業の大手であり、業務提携は行っておりませんが、当社の主要な販売先であるため、取引関係の維持・強化を目的として保有しております。保有意義及び経済合理性を検証した結果、取締役会において保有継続の妥当性を確認しております。,,
E38148,,,2025-03-31,000,株式会社三井住友フィナンシャルグループ,,553500,2100.0,安定的な資金調達や金融取引等の取引関係を維持・構築するため保有しているものです。（増加理由）株式分割によるものです。（注）,,
E38148,,,2025-03-31,000,株式会社りそなホールディングス,,101160,130.0,安定的な資金調達や金融取引等の取引関係を維持・構築するため保有しているものです。（注）,,
E38148,,,2025-03-31,000,株式会社上組,,17704,61.0,地元企業との関係を維持・強化するため保有しているものです。（増加理由）持株会株式の定期購入によるものです。（注）,,
E38148,,,2025-03-31,000,株式会社池田泉州ホールディングス,,60000,26.0,安定的な資金調達や金融取引等の取引関係を維持・構築するため保有しているものです。（注）,,
E38148,,,2025-03-31,000,株式会社ほくほくフィナンシャルグループ,,11000,28.0,安定的な資金調達や金融取引等の取引関係を維持・構築するため保有しているものです。（注）,,
E38148,,,2025-03-31,000,日本ハム株式会社,,1000,5.0,安定的な取引関係を維持・構築するため保有しているものです。（注）,,
E05309,,,2025-03-31,000,台湾新光保全股份有限公司,,35778823,6664.0,営業・運用面の相互協力体制構築（警備分野での技術交流、資機材の安定的調達）のために同社株式を保有しております。また当社代表取締役が同社の取締役を兼任し、子会社・持分法適用関連会社と同様業績拡大に向けて影響力を行使しております。営業機密を含むため開示することは困難ですが、同社株式からは相応のインカムゲイン・キャピタルゲインを得ていることに加え、資機材の調達先としての貢献を踏まえて十分な保有効果があるものと結論付けております。,,
E05309,,,2025-03-31,000,㈱みずほフィナンシャルグループ,,856343,3469.0,当社及び当社の関連会社は、同社及び同社の関連会社に対しセキュリティ事業等の請負契約を締結しており、当該取引の維持・強化・拡大を目的として保有しております。営業機密に該当するため開示することは困難ですが、同社及び同社の関連会社より将来の稼得も見込める長期の継続契約に基づく売上高を得ており、当期に計上した年間売上高に見合う金額が今後も見込めることから、保有効果があるものと結論付けております。,,
E05309,,,2025-03-31,000,㈱セブン銀行,,5000000,1400.0,当社及び当社の関連会社は、同社及び同社の関連会社に対しセキュリティ事業等の請負契約を締結しており、当該取引の維持・強化・拡大を目的として保有しております。営業機密に該当するため開示することは困難ですが、同社及び同社の関連会社より将来の稼得も見込める長期の継続契約に基づく売上高を得ており、当期に計上した年間売上高に見合う金額が今後も見込めることから、保有効果があるものと結論付けております。,,
E05309,,,2025-03-31,000,㈱ファーストリテイリング,,28800,1268.0,当社及び当社の関連会社は、同社及び同社の関連会社に対しセキュリティ事業等の請負契約を締結しており、当該取引の維持・強化・拡大を目的として保有しております。営業機密に該当するため開示することは困難ですが、同社及び同社の関連会社より将来の稼得も見込める長期の継続契約に基づく売上高を得ており、当期に計上した年間売上高に見合う金額が今後も見込めることから、保有効果があるものと結論付けております。,,
E05309,,,2025-03-31,000,ヒューリック㈱,,659100,947.0,当社及び当社の関連会社は、同社及び同社の関連会社に対しセキュリティ事業等の請負契約を締結しており、当該取引の維持・強化・拡大を目的として保有しております。営業機密に該当するため開示することは困難ですが、同社及び同社の関連会社より将来の稼得も見込める長期の継続契約に基づく売上高を得ており、当期に計上した年間売上高に見合う金額が今後も見込めることから、保有効果があるものと結論付けております。,,
E05309,,,2025-03-31,000,㈱滋賀銀行,,100000,526.0,当社及び当社の関連会社は、同社及び同社の関連会社に対しセキュリティ事業等の請負契約を締結しており、当該取引の維持・強化・拡大を目的として保有しております。営業機密に該当するため開示することは困難ですが、同社及び同社の関連会社より将来の稼得も見込める長期の継続契約に基づく売上高を得ており、当期に計上した年間売上高に見合う金額が今後も見込めることから、保有効果があるものと結論付けております。,,
E05309,,,2025-03-31,000,寿スピリッツ㈱,,150000,364.0,当社及び当社の関連会社は、同社及び同社の関連会社に対しセキュリティ事業等の請負契約を締結しており、当該取引の維持・強化・拡大を目的として保有しております。営業機密に該当するため開示することは困難ですが、同社及び同社の関連会社より将来の稼得も見込める長期の継続契約に基づく売上高を得ており、当期に計上した年間売上高に見合う金額が今後も見込めることから、保有効果があるものと結論付けております。,,
E05309,,,2025-03-31,000,㈱紀陽銀行,,148900,342.0,当社及び当社の関連会社は、同社及び同社の関連会社に対しセキュリティ事業等の請負契約を締結しており、当該取引の維持・強化・拡大を目的として保有しております。営業機密に該当するため開示することは困難ですが、同社及び同社の関連会社より将来の稼得も見込める長期の継続契約に基づく売上高を得ており、当期に計上した年間売上高に見合う金額が今後も見込めることから、保有効果があるものと結論付けております。,,
E05309,,,2025-03-31,000,大和ハウス工業㈱,,60000,296.0,当社及び当社の関連会社は、同社及び同社の関連会社に対しセキュリティ事業等の請負契約を締結しており、当該取引の維持・強化・拡大を目的として保有しております。営業機密に該当するため開示することは困難ですが、同社及び同社の関連会社より将来の稼得も見込める長期の継続契約に基づく売上高を得ており、当期に計上した年間売上高に見合う金額が今後も見込めることから、保有効果があるものと結論付けております。,,
E05309,,,2025-03-31,000,スルガ銀行㈱,,196000,263.0,当社及び当社の関連会社は、同社及び同社の関連会社に対しセキュリティ事業等の請負契約を締結しており、当該取引の維持・強化・拡大を目的として保有しております。営業機密に該当するため開示することは困難ですが、同社及び同社の関連会社より将来の稼得も見込める長期の継続契約に基づく売上高を得ており、当期に計上した年間売上高に見合う金額が今後も見込めることから、保有効果があるものと結論付けております。,,
E05309,,,2025-03-31,000,㈱LIXILグループ,,148600,256.0,当社及び当社の関連会社は、同社及び同社の関連会社に対しセキュリティ事業等の請負契約を締結しており、当該取引の維持・強化・拡大を目的として保有しております。営業機密に該当するため開示することは困難ですが、同社及び同社の関連会社より将来の稼得も見込める長期の継続契約に基づく売上高を得ており、当期に計上した年間売上高に見合う金額が今後も見込めることから、保有効果があるものと結論付けております。,,
E05309,,,2025-03-31,000,㈱ニトリホールディングス,,12500,185.0,当社及び当社の関連会社は、同社及び同社の関連会社に対しセキュリティ事業等の請負契約を締結しており、当該取引の維持・強化・拡大を目的として保有しております。営業機密に該当するため開示することは困難ですが、同社及び同社の関連会社より将来の稼得も見込める長期の継続契約に基づく売上高を得ており、当期に計上した年間売上高に見合う金額が今後も見込めることから、保有効果があるものと結論付けております。,,
E05309,,,2025-03-31,000,㈱三井住友フィナンシャルグループ,,45600,173.0,当社及び当社の関連会社は、同社及び同社の関連会社に対しセキュリティ事業等の請負契約を締結しており、当該取引の維持・強化・拡大を目的として保有しております。営業機密に該当するため開示することは困難ですが、同社及び同社の関連会社より将来の稼得も見込める長期の継続契約に基づく売上高を得ており、当期に計上した年間売上高に見合う金額が今後も見込めることから、保有効果があるものと結論付けております。また、株式分割により株式数が増加しております。,,
E05309,,,2025-03-31,000,三井住友トラストグループ㈱,,38654,143.0,当社及び当社の関連会社は、同社及び同社の関連会社に対しセキュリティ事業等の請負契約を締結しており、当該取引の維持・強化・拡大を目的として保有しております。営業機密に該当するため開示することは困難ですが、同社及び同社の関連会社より将来の稼得も見込める長期の継続契約に基づく売上高を得ており、当期に計上した年間売上高に見合う金額が今後も見込めることから、保有効果があるものと結論付けております。,,
E05309,,,2025-03-31,000,住友不動産㈱,,24000,134.0,当社及び当社の関連会社は、同社及び同社の関連会社に対しセキュリティ事業等の請負契約を締結しており、当該取引の維持・強化・拡大を目的として保有しております。営業機密に該当するため開示することは困難ですが、同社及び同社の関連会社より将来の稼得も見込める長期の継続契約に基づく売上高を得ており、当期に計上した年間売上高に見合う金額が今後も見込めることから、保有効果があるものと結論付けております。,,
E05309,,,2025-03-31,000,㈱クレディセゾン,,37100,130.0,当社及び当社の関連会社は、同社及び同社の関連会社に対しセキュリティ事業等の請負契約を締結しており、当該取引の維持・強化・拡大を目的として保有しております。営業機密に該当するため開示することは困難ですが、同社及び同社の関連会社より将来の稼得も見込める長期の継続契約に基づく売上高を得ており、当期に計上した年間売上高に見合う金額が今後も見込めることから、保有効果があるものと結論付けております。,,
E05309,,,2025-03-31,000,第一生命ホールディングス㈱,,28200,127.0,当社及び当社の関連会社は、同社及び同社の関連会社に対しセキュリティ事業等の請負契約を締結しており、当該取引の維持・強化・拡大を目的として保有しております。営業機密に該当するため開示することは困難ですが、同社及び同社の関連会社より将来の稼得も見込める長期の継続契約に基づく売上高を得ており、当期に計上した年間売上高に見合う金額が今後も見込めることから、保有効果があるものと結論付けております。,,
E05309,,,2025-03-31,000,オムロン㈱,,30000,126.0,当社及び当社の関連会社は、同社及び同社の関連会社に対しセキュリティ事業等の請負契約を締結しており、当該取引の維持・強化・拡大を目的として保有しております。営業機密に該当するため開示することは困難ですが、同社及び同社の関連会社より将来の稼得も見込める長期の継続契約に基づく売上高を得ており、当期に計上した年間売上高に見合う金額が今後も見込めることから、保有効果があるものと結論付けております。,,
E05309,,,2025-03-31,000,㈱大和証券グループ本社,,103000,102.0,当社及び当社の関連会社は、同社及び同社の関連会社に対しセキュリティ事業等の請負契約を締結しており、当該取引の維持・強化・拡大を目的として保有しております。営業機密に該当するため開示することは困難ですが、同社及び同社の関連会社より将来の稼得も見込める長期の継続契約に基づく売上高を得ており、当期に計上した年間売上高に見合う金額が今後も見込めることから、保有効果があるものと結論付けております。,,
E05309,,,2025-03-31,000,住友商事㈱,,28600,96.0,当社及び当社の関連会社は、同社及び同社の関連会社に対しセキュリティ事業等の請負契約を締結しており、当該取引の維持・強化・拡大を目的として保有しております。営業機密に該当するため開示することは困難ですが、同社及び同社の関連会社より将来の稼得も見込める長期の継続契約に基づく売上高を得ており、当期に計上した年間売上高に見合う金額が今後も見込めることから、保有効果があるものと結論付けております。,,
E05309,,,2025-03-31,000,東急不動産ホールディングス㈱,,95400,95.0,当社及び当社の関連会社は、同社及び同社の関連会社に対しセキュリティ事業等の請負契約を締結しており、当該取引の維持・強化・拡大を目的として保有しております。営業機密に該当するため開示することは困難ですが、同社及び同社の関連会社より将来の稼得も見込める長期の継続契約に基づく売上高を得ており、当期に計上した年間売上高に見合う金額が今後も見込めることから、保有効果があるものと結論付けております。,,
E05309,,,2025-03-31,000,㈱東京きらぼしフィナンシャルグループ,,16307,95.0,当社及び当社の関連会社は、同社及び同社の関連会社に対しセキュリティ事業等の請負契約を締結しており、当該取引の維持・強化・拡大を目的として保有しております。営業機密に該当するため開示することは困難ですが、同社及び同社の関連会社より将来の稼得も見込める長期の継続契約に基づく売上高を得ており、当期に計上した年間売上高に見合う金額が今後も見込めることから、保有効果があるものと結論付けております。,,
E05309,,,2025-03-31,000,㈱山口フィナンシャルグループ,,50000,87.0,当社及び当社の関連会社は、同社及び同社の関連会社に対しセキュリティ事業等の請負契約を締結しており、当該取引の維持・強化・拡大を目的として保有しております。営業機密に該当するため開示することは困難ですが、同社及び同社の関連会社より将来の稼得も見込める長期の継続契約に基づく売上高を得ており、当期に計上した年間売上高に見合う金額が今後も見込めることから、保有効果があるものと結論付けております。,,
E05309,,,2025-03-31,000,近鉄グループホールディングス㈱,,20000,63.0,当社及び当社の関連会社は、同社及び同社の関連会社に対しセキュリティ事業等の請負契約を締結しており、当該取引の維持・強化・拡大を目的として保有しております。営業機密に該当するため開示することは困難ですが、同社及び同社の関連会社より将来の稼得も見込める長期の継続契約に基づく売上高を得ており、当期に計上した年間売上高に見合う金額が今後も見込めることから、保有効果があるものと結論付けております。,,
E05309,,,2025-03-31,000,㈱八十二銀行,,55000,58.0,当社及び当社の関連会社は、同社及び同社の関連会社に対しセキュリティ事業等の請負契約を締結しており、当該取引の維持・強化・拡大を目的として保有しております。営業機密に該当するため開示することは困難ですが、同社及び同社の関連会社より将来の稼得も見込める長期の継続契約に基づく売上高を得ており、当期に計上した年間売上高に見合う金額が今後も見込めることから、保有効果があるものと結論付けております。,,
E05309,,,2025-03-31,000,㈱ダスキン,,15500,56.0,当社及び当社の関連会社は、同社及び同社の関連会社に対しセキュリティ事業等の請負契約を締結しており、当該取引の維持・強化・拡大を目的として保有しております。営業機密に該当するため開示することは困難ですが、同社及び同社の関連会社より将来の稼得も見込める長期の継続契約に基づく売上高を得ており、当期に計上した年間売上高に見合う金額が今後も見込めることから、保有効果があるものと結論付けております。,,
E05309,,,2025-03-31,000,㈱京葉銀行,,58000,52.0,当社及び当社の関連会社は、同社及び同社の関連会社に対しセキュリティ事業等の請負契約を締結しており、当該取引の維持・強化・拡大を目的として保有しております。営業機密に該当するため開示することは困難ですが、同社及び同社の関連会社より将来の稼得も見込める長期の継続契約に基づく売上高を得ており、当期に計上した年間売上高に見合う金額が今後も見込めることから、保有効果があるものと結論付けております。,,
E05309,,,2025-03-31,000,㈱ダイナムジャパンホールディングス,,800000,51.0,当社及び当社の関連会社は、同社及び同社の関連会社に対しセキュリティ事業等の請負契約を締結しており、当該取引の維持・強化・拡大を目的として保有しております。営業機密に該当するため開示することは困難ですが、同社及び同社の関連会社より将来の稼得も見込める長期の継続契約に基づく売上高を得ており、当期に計上した年間売上高に見合う金額が今後も見込めることから、保有効果があるものと結論付けております。,,
E05309,,,2025-03-31,000,㈱千葉銀行,,36000,50.0,当社及び当社の関連会社は、同社及び同社の関連会社に対しセキュリティ事業等の請負契約を締結しており、当該取引の維持・強化・拡大を目的として保有しております。営業機密に該当するため開示することは困難ですが、同社及び同社の関連会社より将来の稼得も見込める長期の継続契約に基づく売上高を得ており、当期に計上した年間売上高に見合う金額が今後も見込めることから、保有効果があるものと結論付けております。,,
E05309,,,2025-03-31,000,トモニホールディングス㈱,,93500,50.0,当社及び当社の関連会社は、同社及び同社の関連会社に対しセキュリティ事業等の請負契約を締結しており、当該取引の維持・強化・拡大を目的として保有しております。営業機密に該当するため開示することは困難ですが、同社及び同社の関連会社より将来の稼得も見込める長期の継続契約に基づく売上高を得ており、当期に計上した年間売上高に見合う金額が今後も見込めることから、保有効果があるものと結論付けております。,,
E05309,,,2025-03-31,000,㈱ほくほくフィナンシャルグループ,,16800,43.0,当社及び当社の関連会社は、同社及び同社の関連会社に対しセキュリティ事業等の請負契約を締結しており、当該取引の維持・強化・拡大を目的として保有しております。営業機密に該当するため開示することは困難ですが、同社及び同社の関連会社より将来の稼得も見込める長期の継続契約に基づく売上高を得ており、当期に計上した年間売上高に見合う金額が今後も見込めることから、保有効果があるものと結論付けております。,,
E05309,,,2025-03-31,000,㈱セブン＆アイ・ホールディングス,,17700,38.0,当社及び当社の関連会社は、同社及び同社の関連会社に対しセキュリティ事業等の請負契約を締結しており、当該取引の維持・強化・拡大を目的として保有しております。営業機密に該当するため開示することは困難ですが、同社及び同社の関連会社より将来の稼得も見込める長期の継続契約に基づく売上高を得ており、当期に計上した年間売上高に見合う金額が今後も見込めることから、保有効果があるものと結論付けております。,,
E05309,,,2025-03-31,000,㈱清水銀行,,24800,37.0,当社及び当社の関連会社は、同社及び同社の関連会社に対しセキュリティ事業等の請負契約を締結しており、当該取引の維持・強化・拡大を目的として保有しております。営業機密に該当するため開示することは困難ですが、同社及び同社の関連会社より将来の稼得も見込める長期の継続契約に基づく売上高を得ており、当期に計上した年間売上高に見合う金額が今後も見込めることから、保有効果があるものと結論付けております。,,
E05309,,,2025-03-31,000,東日本旅客鉄道㈱,,12000,35.0,当社及び当社の関連会社は、同社及び同社の関連会社に対しセキュリティ事業等の請負契約を締結しており、当該取引の維持・強化・拡大を目的として保有しております。営業機密に該当するため開示することは困難ですが、同社及び同社の関連会社より将来の稼得も見込める長期の継続契約に基づく売上高を得ており、当期に計上した年間売上高に見合う金額が今後も見込めることから、保有効果があるものと結論付けております。,,
E05309,,,2025-03-31,000,㈱北洋銀行,,62500,32.0,当社及び当社の関連会社は、同社及び同社の関連会社に対しセキュリティ事業等の請負契約を締結しており、当該取引の維持・強化・拡大を目的として保有しております。営業機密に該当するため開示することは困難ですが、同社及び同社の関連会社より将来の稼得も見込める長期の継続契約に基づく売上高を得ており、当期に計上した年間売上高に見合う金額が今後も見込めることから、保有効果があるものと結論付けております。,,
E05309,,,2025-03-31,000,㈱四国銀行,,26400,31.0,当社及び当社の関連会社は、同社及び同社の関連会社に対しセキュリティ事業等の請負契約を締結しており、当該取引の維持・強化・拡大を目的として保有しております。営業機密に該当するため開示することは困難ですが、同社及び同社の関連会社より将来の稼得も見込める長期の継続契約に基づく売上高を得ており、当期に計上した年間売上高に見合う金額が今後も見込めることから、保有効果があるものと結論付けております。,,
E05309,,,2025-03-31,000,野村ホールディングス㈱,,34800,31.0,当社及び当社の関連会社は、同社及び同社の関連会社に対しセキュリティ事業等の請負契約を締結しており、当該取引の維持・強化・拡大を目的として保有しております。営業機密に該当するため開示することは困難ですが、同社及び同社の関連会社より将来の稼得も見込める長期の継続契約に基づく売上高を得ており、当期に計上した年間売上高に見合う金額が今後も見込めることから、保有効果があるものと結論付けております。,,
E05309,,,2025-03-31,000,㈱武蔵野銀行,,9300,30.0,当社及び当社の関連会社は、同社及び同社の関連会社に対しセキュリティ事業等の請負契約を締結しており、当該取引の維持・強化・拡大を目的として保有しております。営業機密に該当するため開示することは困難ですが、同社及び同社の関連会社より将来の稼得も見込める長期の継続契約に基づく売上高を得ており、当期に計上した年間売上高に見合う金額が今後も見込めることから、保有効果があるものと結論付けております。,,
E05309,,,2025-03-31,000,㈱池田泉州ホールディングス,,67030,29.0,当社及び当社の関連会社は、同社及び同社の関連会社に対しセキュリティ事業等の請負契約を締結しており、当該取引の維持・強化・拡大を目的として保有しております。営業機密に該当するため開示することは困難ですが、同社及び同社の関連会社より将来の稼得も見込める長期の継続契約に基づく売上高を得ており、当期に計上した年間売上高に見合う金額が今後も見込めることから、保有効果があるものと結論付けております。,,
E05309,,,2025-03-31,000,㈱百十四銀行,,8300,28.0,当社及び当社の関連会社は、同社及び同社の関連会社に対しセキュリティ事業等の請負契約を締結しており、当該取引の維持・強化・拡大を目的として保有しております。営業機密に該当するため開示することは困難ですが、同社及び同社の関連会社より将来の稼得も見込める長期の継続契約に基づく売上高を得ており、当期に計上した年間売上高に見合う金額が今後も見込めることから、保有効果があるものと結論付けております。,,
E05309,,,2025-03-31,000,㈱阿波銀行,,10000,28.0,当社及び当社の関連会社は、同社及び同社の関連会社に対しセキュリティ事業等の請負契約を締結しており、当該取引の維持・強化・拡大を目的として保有しております。営業機密に該当するため開示することは困難ですが、同社及び同社の関連会社より将来の稼得も見込める長期の継続契約に基づく売上高を得ており、当期に計上した年間売上高に見合う金額が今後も見込めることから、保有効果があるものと結論付けております。,,
E05309,,,2025-03-31,000,㈱しまむら,,3200,27.0,当社及び当社の関連会社は、同社及び同社の関連会社に対しセキュリティ事業等の請負契約を締結しており、当該取引の維持・強化・拡大を目的として保有しております。営業機密に該当するため開示することは困難ですが、同社及び同社の関連会社より将来の稼得も見込める長期の継続契約に基づく売上高を得ており、当期に計上した年間売上高に見合う金額が今後も見込めることから、保有効果があるものと結論付けております。,,
E05309,,,2025-03-31,000,㈱リテールパートナーズ,,20000,26.0,当社及び当社の関連会社は、同社及び同社の関連会社に対しセキュリティ事業等の請負契約を締結しており、当該取引の維持・強化・拡大を目的として保有しております。営業機密に該当するため開示することは困難ですが、同社及び同社の関連会社より将来の稼得も見込める長期の継続契約に基づく売上高を得ており、当期に計上した年間売上高に見合う金額が今後も見込めることから、保有効果があるものと結論付けております。,,
E05309,,,2025-03-31,000,㈱千葉興業銀行,,19300,24.0,当社及び当社の関連会社は、同社及び同社の関連会社に対しセキュリティ事業等の請負契約を締結しており、当該取引の維持・強化・拡大を目的として保有しております。営業機密に該当するため開示することは困難ですが、同社及び同社の関連会社より将来の稼得も見込める長期の継続契約に基づく売上高を得ており、当期に計上した年間売上高に見合う金額が今後も見込めることから、保有効果があるものと結論付けております。,,
E05309,,,2025-03-31,000,㈱ふくおかフィナンシャルグループ,,5220,20.0,当社及び当社の関連会社は、同社及び同社の関連会社に対しセキュリティ事業等の請負契約を締結しており、当該取引の維持・強化・拡大を目的として保有しております。営業機密に該当するため開示することは困難ですが、同社及び同社の関連会社より将来の稼得も見込める長期の継続契約に基づく売上高を得ており、当期に計上した年間売上高に見合う金額が今後も見込めることから、保有効果があるものと結論付けております。,,
E05309,,,2025-03-31,000,㈱コスモスイニシア,,15900,17.0,当社及び当社の関連会社は、同社及び同社の関連会社に対しセキュリティ事業等の請負契約を締結しており、当該取引の維持・強化・拡大を目的として保有しております。営業機密に該当するため開示することは困難ですが、同社及び同社の関連会社より将来の稼得も見込める長期の継続契約に基づく売上高を得ており、当期に計上した年間売上高に見合う金額が今後も見込めることから、保有効果があるものと結論付けております。,,
E05309,,,2025-03-31,000,㈱高知銀行,,20000,15.0,当社及び当社の関連会社は、同社及び同社の関連会社に対しセキュリティ事業等の請負契約を締結しており、当該取引の維持・強化・拡大を目的として保有しております。営業機密に該当するため開示することは困難ですが、同社及び同社の関連会社より将来の稼得も見込める長期の継続契約に基づく売上高を得ており、当期に計上した年間売上高に見合う金額が今後も見込めることから、保有効果があるものと結論付けております。,,
E05309,,,2025-03-31,000,日本電信電話㈱,,100000,14.0,当社及び当社の関連会社は、同社及び同社の関連会社に対しセキュリティ事業等の請負契約を締結しており、当該取引の維持・強化・拡大を目的として保有しております。営業機密に該当するため開示することは困難ですが、同社及び同社の関連会社より将来の稼得も見込める長期の継続契約に基づく売上高を得ており、当期に計上した年間売上高に見合う金額が今後も見込めることから、保有効果があるものと結論付けております。,,
E05309,,,2025-03-31,000,㈱七十七銀行,,3031,14.0,当社及び当社の関連会社は、同社及び同社の関連会社に対しセキュリティ事業等の請負契約を締結しており、当該取引の維持・強化・拡大を目的として保有しております。営業機密に該当するため開示することは困難ですが、同社及び同社の関連会社より将来の稼得も見込める長期の継続契約に基づく売上高を得ており、当期に計上した年間売上高に見合う金額が今後も見込めることから、保有効果があるものと結論付けております。,,
E05309,,,2025-03-31,000,㈱あいちフィナンシャルグループ,,4900,13.0,当社及び当社の関連会社は、同社及び同社の関連会社に対しセキュリティ事業等の請負契約を締結しており、当該取引の維持・強化・拡大を目的として保有しております。営業機密に該当するため開示することは困難ですが、同社及び同社の関連会社より将来の稼得も見込める長期の継続契約に基づく売上高を得ており、当期に計上した年間売上高に見合う金額が今後も見込めることから、保有効果があるものと結論付けております。,,
E05309,,,2025-03-31,000,㈱筑波銀行,,51400,12.0,当社及び当社の関連会社は、同社及び同社の関連会社に対しセキュリティ事業等の請負契約を締結しており、当該取引の維持・強化・拡大を目的として保有しております。営業機密に該当するため開示することは困難ですが、同社及び同社の関連会社より将来の稼得も見込める長期の継続契約に基づく売上高を得ており、当期に計上した年間売上高に見合う金額が今後も見込めることから、保有効果があるものと結論付けております。,,
E05309,,,2025-03-31,000,㈱フジ,,5824,12.0,当社及び当社の関連会社は、同社及び同社の関連会社に対しセキュリティ事業等の請負契約を締結しており、当該取引の維持・強化・拡大を目的として保有しております。営業機密に該当するため開示することは困難ですが、同社及び同社の関連会社より将来の稼得も見込める長期の継続契約に基づく売上高を得ており、当期に計上した年間売上高に見合う金額が今後も見込めることから、保有効果があるものと結論付けております。本銘柄は、同社とのさらなる取引拡大が見込めることから、取引先持株会への加入を通じ、当期に追加取得しております。,,
E05309,,,2025-03-31,000,㈱平和堂,,4952,12.0,当社及び当社の関連会社は、同社及び同社の関連会社に対しセキュリティ事業等の請負契約を締結しており、当該取引の維持・強化・拡大を目的として保有しております。営業機密に該当するため開示することは困難ですが、同社及び同社の関連会社より将来の稼得も見込める長期の継続契約に基づく売上高を得ており、当期に計上した年間売上高に見合う金額が今後も見込めることから、保有効果があるものと結論付けております。本銘柄は、同社とのさらなる取引拡大が見込めることから、取引先持株会への加入を通じ、当期に追加取得しております。,,
E05309,,,2025-03-31,000,㈱大垣共立銀行,,4300,10.0,当社及び当社の関連会社は、同社及び同社の関連会社に対しセキュリティ事業等の請負契約を締結しており、当該取引の維持・強化・拡大を目的として保有しております。営業機密に該当するため開示することは困難ですが、同社及び同社の関連会社より将来の稼得も見込める長期の継続契約に基づく売上高を得ており、当期に計上した年間売上高に見合う金額が今後も見込めることから、保有効果があるものと結論付けております。,,
E05309,,,2025-03-31,000,㈱豊和銀行,,20400,9.0,当社及び当社の関連会社は、同社及び同社の関連会社に対しセキュリティ事業等の請負契約を締結しており、当該取引の維持・強化・拡大を目的として保有しております。営業機密に該当するため開示することは困難ですが、同社及び同社の関連会社より将来の稼得も見込める長期の継続契約に基づく売上高を得ており、当期に計上した年間売上高に見合う金額が今後も見込めることから、保有効果があるものと結論付けております。,,
E05309,,,2025-03-31,000,㈱ジンズホールディングス,,1391,9.0,当社及び当社の関連会社は、同社及び同社の関連会社に対しセキュリティ事業等の請負契約を締結しており、当該取引の維持・強化・拡大を目的として保有しております。営業機密に該当するため開示することは困難ですが、同社及び同社の関連会社より将来の稼得も見込める長期の継続契約に基づく売上高を得ており、当期に計上した年間売上高に見合う金額が今後も見込めることから、保有効果があるものと結論付けております。本銘柄は、同社とのさらなる取引拡大が見込めることから、取引先持株会への加入を通じ、当期に追加取得しております。,,
E05309,,,2025-03-31,000,㈱トマト銀行,,7900,9.0,当社及び当社の関連会社は、同社及び同社の関連会社に対しセキュリティ事業等の請負契約を締結しており、当該取引の維持・強化・拡大を目的として保有しております。営業機密に該当するため開示することは困難ですが、同社及び同社の関連会社より将来の稼得も見込める長期の継続契約に基づく売上高を得ており、当期に計上した年間売上高に見合う金額が今後も見込めることから、保有効果があるものと結論付けております。,,
E05309,,,2025-03-31,000,㈱島根銀行,,17500,8.0,当社及び当社の関連会社は、同社及び同社の関連会社に対しセキュリティ事業等の請負契約を締結しており、当該取引の維持・強化・拡大を目的として保有しております。営業機密に該当するため開示することは困難ですが、同社及び同社の関連会社より将来の稼得も見込める長期の継続契約に基づく売上高を得ており、当期に計上した年間売上高に見合う金額が今後も見込めることから、保有効果があるものと結論付けております。,,
E05309,,,2025-03-31,000,日本トムソン㈱,,16826,8.0,当社及び当社の関連会社は、同社及び同社の関連会社に対しセキュリティ事業等の請負契約を締結しており、当該取引の維持・強化・拡大を目的として保有しております。営業機密に該当するため開示することは困難ですが、同社及び同社の関連会社より将来の稼得も見込める長期の継続契約に基づく売上高を得ており、当期に計上した年間売上高に見合う金額が今後も見込めることから、保有効果があるものと結論付けております。本銘柄は、同社とのさらなる取引拡大が見込めることから、取引先持株会への加入を通じ、当期に追加取得しております。,,
E05309,,,2025-03-31,000,㈱ヤマナカ,,14489,8.0,当社及び当社の関連会社は、同社及び同社の関連会社に対しセキュリティ事業等の請負契約を締結しており、当該取引の維持・強化・拡大を目的として保有しております。営業機密に該当するため開示することは困難ですが、同社及び同社の関連会社より将来の稼得も見込める長期の継続契約に基づく売上高を得ており、当期に計上した年間売上高に見合う金額が今後も見込めることから、保有効果があるものと結論付けております。本銘柄は、同社とのさらなる取引拡大が見込めることから、取引先持株会への加入を通じ、当期に追加取得しております。,,
E04321,,,2025-03-31,000,㈱三菱ＵＦＪフィナンシャル・グループ,,1198460,2410.0,同社グループ会社との、各種金融取引関係の維持・強化を保有目的としている。定量的な保有効果を記載することは困難であるが、保有の合理性については、上記の方法で検証を行っている。,,
E04321,,,2025-03-31,000,㈱みずほフィナンシャルグループ,,429812,1741.0,同社グループ会社との、各種金融取引関係の維持・強化を保有目的としている。定量的な保有効果を記載することは困難であるが、保有の合理性については、上記の方法で検証を行っている。,,
E04321,,,2025-03-31,000,豊田通商㈱,,338563,844.0,主に物流事業における取引関係の維持・強化を保有目的としている。定量的な保有効果を記載することは困難であるが、保有の合理性については、上記の方法で検証した結果、当事業年度に一部売却を実施した。なお、株式数の増加は株式分割によるものである。,,
E04321,,,2025-03-31,000,ショーボンドホールディングス㈱,,138800,662.0,取引関係の開拓・維持・強化を保有目的としている。定量的な保有効果を記載することは困難であるが、保有の合理性については、上記の方法で検証を行っている。,,
E04321,,,2025-03-31,000,旭化成㈱,,421557,441.0,主に物流事業における取引関係の維持・強化を保有目的としている。定量的な保有効果を記載することは困難であるが、保有の合理性については、上記の方法で検証を行っている。また、同社の持株会を通じた定期購入により株式数が増加している。,,
E04321,,,2025-03-31,000,日本紙パルプ商事㈱,,585000,352.0,主に物流事業における取引関係の維持・強化を保有目的としている。定量的な保有効果を記載することは困難であるが、保有の合理性については、上記の方法で検証を行っている。なお、株式数の増加は株式分割によるものである。,,
E04321,,,2025-03-31,000,北越コーポレーション㈱,,227250,277.0,主に物流事業における取引関係の維持・強化を目的として取得し、保有を継続している。定量的な保有効果を記載することは困難であるが、保有の合理性については、上記の方法で検証を行っている。なお、株式数の増加は取引関係の強化を目的として取得したものである。,,
E04321,,,2025-03-31,000,㈱Ｔ＆Ｄホールディングス,,74910,237.0,同社グループ会社との、各種金融取引関係の維持・強化を保有目的としている。定量的な保有効果を記載することは困難であるが、保有の合理性については、上記の方法で検証を行っている。,,
E04321,,,2025-03-31,000,東亜建設工業㈱,,152000,197.0,取引関係の開拓・維持・強化を保有目的としている。定量的な保有効果を記載することは困難であるが、保有の合理性については、上記の方法で検証を行っている。,,
E04321,,,2025-03-31,000,東京汽船㈱,,142400,108.0,主に物流事業における取引関係の維持・強化を保有目的としている。定量的な保有効果を記載することは困難であるが、保有の合理性については、上記の方法で検証を行っている。,,
E04321,,,2025-03-31,000,阪和興業㈱,,13306,65.0,主に物流事業における取引関係の維持・強化を保有目的としている。定量的な保有効果を記載することは困難であるが、保有の合理性については、上記の方法で検証を行っている。また、同社の持株会を通じた定期購入により株式数が増加している。,,
E04321,,,2025-03-31,000,第一生命ホールディングス㈱,,52000,58.0,同社グループ会社との、各種金融取引関係の維持・強化を保有目的としている。定量的な保有効果を記載することは困難であるが、保有の合理性については、上記の方法で検証を行っている。なお、株式数の増加は株式分割によるものである。,,
E04321,,,2025-03-31,000,㈱ＡＤＥＫＡ,,20747,55.0,主に物流事業における取引関係の維持・強化を保有目的としている。定量的な保有効果を記載することは困難であるが、保有の合理性については、上記の方法で検証を行っている。また、同社の持株会を通じた定期購入により株式数が増加している。,,
E04321,,,2025-03-31,000,㈱伊藤園,,10200,32.0,主に物流事業における取引関係の維持・強化を保有目的としている。定量的な保有効果を記載することは困難であるが、保有の合理性については、上記の方法で検証を行っている。,,
E04321,,,2025-03-31,000,ケイヒン㈱,,5000,11.0,主に物流事業における取引関係の維持・強化を保有目的としている。定量的な保有効果を記載することは困難であるが、保有の合理性については、上記の方法で検証を行っている。,,
E04321,,,2025-03-31,000,(株)伊藤園（第1種優先株式）,,3060,5.0,主に物流事業における取引関係の維持・強化を保有目的としている。定量的な保有効果を記載することは困難であるが、保有の合理性については、上記の方法で検証を行っている。,,
E00815,,,2024-03-31,000,三菱商事㈱,,1216200,4240.0,・同社は、主に基礎化学品事業における合弁パートナー、重要な販売先、仕入先であり、同社株式は当該事業の事業運営に資すると判断されたために保有しております。・定量的な保有効果については取引先との営業秘密との判断により記載しませんが、当社は保有株式について、取引状況や、資本コストを踏まえた収益目標に対する実際の取引等によるリターン、保有に伴うリスク、保有目的を検証して保有しております。・当事業年度においては、株式分割により、保有株式数が増加しております。,,
E00815,,,2024-03-31,000,㈱三菱ＵＦＪフィナンシャル・グループ,,2454600,3821.0,・同社株式は、主に当社の資金調達の安定に資すると判断されたために保有しております。・定量的な保有効果については取引先との営業秘密との判断により記載しませんが、当社は保有株式について、取引状況や、資本コストを踏まえた収益目標に対する実際の取引等によるリターン、保有に伴うリスク、保有目的を検証して保有しております。,,
E00815,,,2024-03-31,000,ＡＧＣ㈱,,643400,3556.0,・同社は、主に機能化学品事業における重要な仕入先であり、同社株式は当該事業の事業運営に資すると判断されたために保有しております。・定量的な保有効果については取引先との営業秘密との判断により記載しませんが、当社は保有株式について、取引状況や、資本コストを踏まえた収益目標に対する実際の取引等によるリターン、保有に伴うリスク、保有目的を検証して保有しております。,,
E00815,,,2024-03-31,000,日東紡績㈱,,500400,2987.0,・同社は、主に機能化学品事業における重要な仕入先であり、同社株式は当該事業の事業運営に資すると判断されたために保有しております。・定量的な保有効果については取引先との営業秘密との判断により記載しませんが、当社は保有株式について、取引状況や、資本コストを踏まえた収益目標に対する実際の取引等によるリターン、保有に伴うリスク、保有目的を検証して保有しております。,,
E00815,,,2024-03-31,000,岩谷産業㈱,,249800,2133.0,・同社は、主に基礎化学品事業における重要な販売先であり、同社株式は当該事業の事業運営に資すると判断されたために保有しております。・定量的な保有効果については取引先との営業秘密との判断により記載しませんが、当社は保有株式について、取引状況や、資本コストを踏まえた収益目標に対する実際の取引等によるリターン、保有に伴うリスク、保有目的を検証して保有しております。,,
E00815,,,2024-03-31,000,三菱倉庫㈱,,363500,1808.0,・同社株式は、主に物流面において当社グループの事業運営に資すると判断されたために保有しております。・定量的な保有効果については取引先との営業秘密との判断により記載しませんが、当社は保有株式について、取引状況や、資本コストを踏まえた収益目標に対する実際の取引等によるリターン、保有に伴うリスク、保有目的を検証して保有しております。,,
E00815,,,2024-03-31,000,関西ペイント㈱,,787000,1712.0,・同社は、主に基礎化学品事業における重要な販売先であり、同社株式は当該事業の事業運営に資すると判断されたために保有しております。・定量的な保有効果については取引先との営業秘密との判断により記載しませんが、当社は保有株式について、取引状況や、資本コストを踏まえた収益目標に対する実際の取引等によるリターン、保有に伴うリスク、保有目的を検証して保有しております。,,
E00815,,,2024-03-31,000,㈱Veritas In Silico,,731256,1450.0,"・同社株式は、同社との連携を通じて当社が今後進むべき事業領域の一つに定める""医・食""分野での事業領域の拡充を目的に保有しております。・同社株式は、2024年２月８日付にて上場したため、当事業年度より記載しております。",,
E00815,,,2024-03-31,000,㈱第四北越フィナンシャルグループ,,311200,1387.0,・同社株式は、主に当社の資金調達の安定に資すると判断されたために保有しております。・定量的な保有効果については取引先との営業秘密との判断により記載しませんが、当社は保有株式について、取引状況や、資本コストを踏まえた収益目標に対する実際の取引等によるリターン、保有に伴うリスク、保有目的を検証して保有しております。,,
E00815,,,2024-03-31,000,三菱ケミカルグループ㈱,,1070500,980.0,・同社は、主に機能化学品事業における合弁パートナー、重要な販売先、仕入先であり、同社株式は当該事業の事業運営に資すると判断されたために保有しております。・定量的な保有効果については取引先との営業秘密との判断により記載しませんが、当社は保有株式について、取引状況や、資本コストを踏まえた収益目標に対する実際の取引等によるリターン、保有に伴うリスク、保有目的を検証して保有しております。,,
E00815,,,2024-03-31,000,三菱地所㈱,,318000,885.0,・同社株式は、主に不動産関連において当社グループの事業運営に資すると判断されたために保有しております。・定量的な保有効果については取引先との営業秘密との判断により記載しませんが、当社は保有株式について、取引状況や、資本コストを踏まえた収益目標に対する実際の取引等によるリターン、保有に伴うリスク、保有目的を検証して保有しております。,,
E00815,,,2024-03-31,000,㈱めぶきフィナンシャルグループ,,1519830,777.0,・同社株式は、主に当社の資金調達の安定に資すると判断されたために保有しております。・定量的な保有効果については取引先との営業秘密との判断により記載しませんが、当社は保有株式について、取引状況や、資本コストを踏まえた収益目標に対する実際の取引等によるリターン、保有に伴うリスク、保有目的を検証して保有しております。,,
E00815,,,2024-03-31,000,日産化学㈱,,127700,731.0,・同社は、主に基礎化学品事業における重要な販売先であり、同社株式は当該事業の事業運営に資すると判断されたために保有しております。・定量的な保有効果については取引先との営業秘密との判断により記載しませんが、当社は保有株式について、取引状況や、資本コストを踏まえた収益目標に対する実際の取引等によるリターン、保有に伴うリスク、保有目的を検証して保有しております。,,
E00815,,,2024-03-31,000,㈱ニコン,,464000,710.0,・同社は、主に機能化学品事業における重要な販売先であり、同社株式は当該事業の事業運営に資すると判断されたために保有しております。・定量的な保有効果については取引先との営業秘密との判断により記載しませんが、当社は保有株式について、取引状況や、資本コストを踏まえた収益目標に対する実際の取引等によるリターン、保有に伴うリスク、保有目的を検証して保有しております。,,
E00815,,,2024-03-31,000,㈱有沢製作所,,505860,575.0,・同社は、主に基礎化学品事業及び機能化学品事業における合弁パートナー、重要な仕入先であり、同社株式は当該事業の事業運営に資すると判断されたために保有しております。・定量的な保有効果については取引先との営業秘密との判断により記載しませんが、当社は保有株式について、取引状況や、資本コストを踏まえた収益目標に対する実際の取引等によるリターン、保有に伴うリスク、保有目的を検証して保有しております。,,
E00815,,,2024-03-31,000,群栄化学工業㈱,,148500,571.0,・同社は、主に基礎化学品事業における重要な販売先であり、同社株式は当該事業の事業運営に資すると判断されたために保有しております。・定量的な保有効果については取引先との営業秘密との判断により記載しませんが、当社は保有株式について、取引状況や、資本コストを踏まえた収益目標に対する実際の取引等によるリターン、保有に伴うリスク、保有目的を検証して保有しております。,,
E00815,,,2024-03-31,000,㈱南都銀行,,127900,392.0,・同社株式は、主に当社の資金調達の安定に資すると判断されたために保有しております。・定量的な保有効果については取引先との営業秘密との判断により記載しませんが、当社は保有株式について、取引状況や、資本コストを踏まえた収益目標に対する実際の取引等によるリターン、保有に伴うリスク、保有目的を検証して保有しております。,,
E00815,,,2024-03-31,000,㈱百五銀行,,529000,343.0,・同社株式は、主に当社の資金調達の安定に資すると判断されたために保有しております。・定量的な保有効果については取引先との営業秘密との判断により記載しませんが、当社は保有株式について、取引状況や、資本コストを踏まえた収益目標に対する実際の取引等によるリターン、保有に伴うリスク、保有目的を検証して保有しております。,,
E00815,,,2024-03-31,000,王子ホールディングス㈱,,476000,303.0,・同社は、主に機能化学品事業における重要な販売先であり、同社株式は当該事業の事業運営に資すると判断されたために保有しております。・定量的な保有効果については取引先との営業秘密との判断により記載しませんが、当社は保有株式について、取引状況や、資本コストを踏まえた収益目標に対する実際の取引等によるリターン、保有に伴うリスク、保有目的を検証して保有しております。,,
E00815,,,2024-03-31,000,三井住友トラスト・ホールディングス㈱,,88804,293.0,・同社株式は、主に当社の資金調達の安定に資すると判断されたために保有しております。・定量的な保有効果については取引先との営業秘密との判断により記載しませんが、当社は保有株式について、取引状況や、資本コストを踏まえた収益目標に対する実際の取引等によるリターン、保有に伴うリスク、保有目的を検証して保有しております。・当事業年度においては、株式分割により、保有株式数が増加しております。,,
E00815,,,2024-03-31,000,北越コーポレーション㈱,,84000,161.0,・同社は、主に機能化学品事業における重要な販売先であり、同社株式は当該事業の事業運営に資すると判断されたために保有しております。・定量的な保有効果については取引先との営業秘密との判断により記載しませんが、当社は保有株式について、取引状況や、資本コストを踏まえた収益目標に対する実際の取引等によるリターン、保有に伴うリスク、保有目的を検証して保有しております。,,
E00815,,,2024-03-31,000,保土谷化学工業㈱,,35400,129.0,・同社は、主に機能化学品事業における合弁パートナー、重要な販売先、仕入先であり、同社株式は当該事業の事業運営に資すると判断されたために保有しております。・定量的な保有効果については取引先との営業秘密との判断により記載しませんが、当社は保有株式について、取引状況や、資本コストを踏まえた収益目標に対する実際の取引等によるリターン、保有に伴うリスク、保有目的を検証して保有しております。,,
E00815,,,2024-03-31,000,三菱化工機㈱,,29200,120.0,・同社株式は、主に設備関連において当社グループの事業運営に資すると判断されたために保有しております。・定量的な保有効果については取引先との営業秘密との判断により記載しませんが、当社は保有株式について、取引状況や、資本コストを踏まえた収益目標に対する実際の取引等によるリターン、保有に伴うリスク、保有目的を検証して保有しております。,,
E00815,,,2024-03-31,000,大日本塗料㈱,,68400,82.0,・同社は、主に基礎化学品事業における重要な販売先であり、同社株式は当該事業の事業運営に資すると判断されたために保有しております。・定量的な保有効果については取引先との営業秘密との判断により記載しませんが、当社は保有株式について、取引状況や、資本コストを踏まえた収益目標に対する実際の取引等によるリターン、保有に伴うリスク、保有目的を検証して保有しております。,,
E00815,,,2024-03-31,000,三菱製紙㈱,,105000,64.0,・同社は、主に機能化学品事業における重要な販売先であり、同社株式は当該事業の事業運営に資すると判断されたために保有しております。・定量的な保有効果については取引先との営業秘密との判断により記載しませんが、当社は保有株式について、取引状況や、資本コストを踏まえた収益目標に対する実際の取引等によるリターン、保有に伴うリスク、保有目的を検証して保有しております。,,
E00815,,,2024-03-31,000,大王製紙㈱,,48000,55.0,・同社は、主に機能化学品事業における重要な販売先であり、同社株式は当該事業の事業運営に資すると判断されたために保有しております。・定量的な保有効果については取引先との営業秘密との判断により記載しませんが、当社は保有株式について、取引状況や、資本コストを踏まえた収益目標に対する実際の取引等によるリターン、保有に伴うリスク、保有目的を検証して保有しております。,,
E00815,,,2024-03-31,000,㈱なとり,,24000,51.0,・同社は、主に機能化学品事業における重要な販売先であり、同社株式は当該事業の事業運営に資すると判断されたために保有しております。・定量的な保有効果については取引先との営業秘密との判断により記載しませんが、当社は保有株式について、取引状況や、資本コストを踏まえた収益目標に対する実際の取引等によるリターン、保有に伴うリスク、保有目的を検証して保有しております。,,
E00815,,,2024-03-31,000,東洋紡㈱,,36400,41.0,・同社は、主に基礎化学品事業における重要な販売先であり、同社株式は当該事業の事業運営に資すると判断されたために保有しております。・定量的な保有効果については取引先との営業秘密との判断により記載しませんが、当社は保有株式について、取引状況や、資本コストを踏まえた収益目標に対する実際の取引等によるリターン、保有に伴うリスク、保有目的を検証して保有しております。,,
E00815,,,2024-03-31,000,大伸化学㈱,,20000,31.0,・同社は、主に基礎化学品事業における重要な販売先であり、同社株式は当該事業の事業運営に資すると判断されたために保有しております。・定量的な保有効果については取引先との営業秘密との判断により記載しませんが、当社は保有株式について、取引状況や、資本コストを踏まえた収益目標に対する実際の取引等によるリターン、保有に伴うリスク、保有目的を検証して保有しております。,,
E00815,,,2024-03-31,000,三菱自動車工業㈱,,60000,30.0,・同社は、主に機能化学品事業における重要な販売先であり、同社株式は当該事業の事業運営に資すると判断されたために保有しております。・定量的な保有効果については取引先との営業秘密との判断により記載しませんが、当社は保有株式について、取引状況や、資本コストを踏まえた収益目標に対する実際の取引等によるリターン、保有に伴うリスク、保有目的を検証して保有しております。,,
E00815,,,2024-03-31,000,㈱トクヤマ,,10000,27.0,・同社は、主に基礎化学品事業における重要な販売先であり、同社株式は当該事業の事業運営に資すると判断されたために保有しております。・定量的な保有効果については取引先との営業秘密との判断により記載しませんが、当社は保有株式について、取引状況や、資本コストを踏まえた収益目標に対する実際の取引等によるリターン、保有に伴うリスク、保有目的を検証して保有しております。,,
E00815,,,2024-03-31,000,川口化学工業㈱,,14400,20.0,・同社は、主に機能化学品事業における重要な販売先であり、同社株式は当該事業の事業運営に資すると判断されたために保有しております。・定量的な保有効果については取引先との営業秘密との判断により記載しませんが、当社は保有株式について、取引状況や、資本コストを踏まえた収益目標に対する実際の取引等によるリターン、保有に伴うリスク、保有目的を検証して保有しております。,,
E00815,,,2024-03-31,000,はごろもフーズ㈱,,1119,3.0,・同社は、主に機能化学品事業における重要な販売先であり、同社株式は当該事業の事業運営に資すると判断されたために保有しております。本目的の更なる強化のため、持株会への定期拠出により株式を取得しております。・定量的な保有効果については取引先との営業秘密との判断により記載しませんが、当社は保有株式について、取引状況や、資本コストを踏まえた収益目標に対する実際の取引等によるリターン、保有に伴うリスク、保有目的を検証して保有しております。,,
E00815,,,2024-03-31,000,Origin Materials Inc,,45000,3.0,・同社は、主に基礎化学品事業における新規事業に関する関係先であり、同社株式は当該事業の事業運営に資すると判断されたために株式を保有しております。・定量的な保有効果については取引先との営業秘密との判断により記載しませんが、当社は保有株式について、取引状況や、資本コストを踏まえた収益目標に対する実際の取引等によるリターン、保有に伴うリスク、保有目的を検証して保有しております。,,
E00815,,,2024-03-31,000,㈱デルソーレ,,1000,0.0,・同社は、主に機能化学品事業における重要な販売先であり、同社株式は当該事業の事業運営に資すると判断されたために保有しております。・定量的な保有効果については取引先との営業秘密との判断により記載しませんが、当社は保有株式について、取引状況や、資本コストを踏まえた収益目標に対する実際の取引等によるリターン、保有に伴うリスク、保有目的を検証して保有しております。,,
E03580,,,2024-03-31,000,大和ハウス工業株式会社,,2000000,9056.0,同社グループとの「遊休不動産活用等の不動産におけるビジネス支援の提携」など協力関係の維持・強化を図るため。,,
E03580,,,2024-03-31,000,住友金属鉱山株式会社,,1268335,5817.0,同社との銀行取引関係の維持・強化を図ることを通じて、当行の中長期的な企業価値向上に資するため。,,
E03580,,,2024-03-31,000,住友不動産株式会社,,900000,5217.0,同社グループとの「遊休不動産活用等の不動産におけるビジネス支援の提携」など協力関係の維持・強化を図るため。,,
E03580,,,2024-03-31,000,三菱瓦斯化学株式会社,,1955272,5064.0,同社との銀行取引関係の維持・強化を図ることを通じて、当行の中長期的な企業価値向上に資するため。,,
E03580,,,2024-03-31,000,関西電力株式会社,,2018329,4429.0,当行の主要営業地域である大阪府に本社を置くほか、奈良県において複数の水力発電施設を有する電気事業者であり、地域の雇用創出などにより地域経済に大きく貢献している同社との取引維持・拡大を通じ、地域経済の活力創造・持続的発展、当行の中長期的な企業価値向上に資するため。,,
E03580,,,2024-03-31,000,ダイキン工業株式会社,,200000,4120.0,当行の主要営業地域である大阪府に本社を置く空調機・化学製品メーカーであり、地域の雇用創出などにより地域経済に大きく貢献している同社との取引維持・拡大を通じ、地域経済の活力創造・持続的発展、当行の中長期的な企業価値向上に資するため。,,
E03580,,,2024-03-31,000,イオン株式会社,,950272,3416.0,当行の主要営業地域である奈良県などに複数の店舗を有する流通業者であり、地域の雇用創出などにより地域経済に大きく貢献している同社との取引維持・拡大を通じ、地域経済の活力創造・持続的発展、当行の中長期的な企業価値向上に資するため。,,
E03580,,,2024-03-31,000,住友電気工業株式会社,,1331000,3124.0,当行の主要営業地域である大阪府に本社を置く非鉄金属メーカーであり、地域の雇用創出などにより地域経済に大きく貢献している同社との取引維持・拡大を通じ、地域経済の活力創造・持続的発展、当行の中長期的な企業価値向上に資するため。,,
E03580,,,2024-03-31,000,アサヒグループホールディングス株式会社,,500100,2791.0,同社との銀行取引関係の維持・強化を図ることを通じて、当行の中長期的な企業価値向上に資するため。,,
E03580,,,2024-03-31,000,近鉄グループホールディングス株式会社,,596237,2654.0,当行の営業地域に主要沿線を持つ鉄道事業者グループであり、地域の雇用創出などにより地域経済に大きく貢献している同社との取引維持・拡大を通じ、地域経済の活力創造・持続的発展、当行の中長期的な企業価値向上に資するため。,,
E03580,,,2024-03-31,000,三菱地所株式会社,,927862,2583.0,同社グループとの「遊休不動産活用等の不動産におけるビジネス支援の提携」など協力関係の維持・強化を図るため。,,
E03580,,,2024-03-31,000,三井不動産株式会社,,500740,2474.0,同社グループとの「遊休不動産活用等の不動産におけるビジネス支援の提携」など協力関係の維持・強化を図るため。,,
E03580,,,2024-03-31,000,日本電気硝子株式会社,,527556,2042.0,滋賀県に本社を置き、当行の営業地域である関西に複数の営業所を有するガラスメーカーであり、地域の雇用創出などにより地域経済に大きく貢献している同社との取引維持・拡大を通じ、地域経済の活力創造・持続的発展、当行の中長期的な企業価値向上に資するため。,,
E03580,,,2024-03-31,000,東海旅客鉄道株式会社(注)４,,500000,1863.0,同社の奈良キャンペーン「いざいざ奈良」において当行主要営業エリア奈良県への誘因を実施している鉄道事業者であり、同社との銀行取引関係の維持・強化を図ることを通じて、地域経済の活力創造・持続的発展、当行の中長期的な企業価値向上に資するため。なお、株式数は株式分割により増加しています。,,
E03580,,,2024-03-31,000,レンゴー株式会社,,1591881,1862.0,当行の主要営業地域である大阪府に本社を置く包装資材メーカーであり、地域の雇用創出などにより地域経済に大きく貢献している同社との取引維持・拡大を通じ、地域経済の活力創造・持続的発展、当行の中長期的な企業価値向上に資するため。,,
E03580,,,2024-03-31,000,株式会社奥村組,,348103,1771.0,当行の主要営業地域である大阪府に本社を置く建設会社であり、地域の雇用創出などにより地域経済に大きく貢献している同社との取引維持・拡大を通じ、地域経済の活力創造・持続的発展、当行の中長期的な企業価値向上に資するため。,,
E03580,,,2024-03-31,000,ロート製薬株式会社,,562000,1667.0,同社創業者生誕の地である奈良県において農村地域の活性化や地域との連携を深めている製薬会社であり、地域の雇用創出などにより地域経済に大きく貢献している同社との取引維持・拡大を通じ、地域経済の活力創造・持続的発展、当行の中長期的な企業価値向上に資するため。,,
E03580,,,2024-03-31,000,株式会社滋賀銀行,,387400,1625.0,営業基盤が異なる同業種として、情報交換等を通じて、金融関連業務における経営戦略上の協力関係の維持・強化を図るため。,,
E03580,,,2024-03-31,000,住友化学株式会社,,4402519,1490.0,同社との銀行取引関係の維持・強化を図ることを通じて、当行の中長期的な企業価値向上に資するため。,,
E03580,,,2024-03-31,000,株式会社クラレ,,845733,1388.0,当行の主要営業地域である大阪府に同社グループの本社を置く素材メーカーであり、地域の雇用創出などにより地域経済に大きく貢献している同社グループとの取引維持・拡大を通じ、地域経済の活力創造・持続的発展、当行の中長期的な企業価値向上に資するため。,,
E03580,,,2024-03-31,000,株式会社ジーエス・ユアサコーポレーション,,360947,1135.0,当行の主要営業地域である京都府に本社を置く電池・電源装置メーカーであり、地域の雇用創出などにより地域経済に大きく貢献している同社との取引維持・拡大を通じ、地域経済の活力創造・持続的発展、当行の中長期的な企業価値向上に資するため。,,
E03580,,,2024-03-31,000,南海電気鉄道株式会社,,343708,1096.0,当行の営業地域に沿線を持つ鉄道事業者グループであり、地域の雇用創出などにより地域経済に大きく貢献している同社との取引維持・拡大を通じ、地域経済の活力創造・持続的発展、当行の中長期的な企業価値向上に資するため。,,
E03580,,,2024-03-31,000,株式会社淺沼組,,247198,982.0,当行の主要営業地域である奈良県を発祥とする総合建設業者であり、地域の雇用創出などにより地域経済に大きく貢献している同社との取引維持・拡大を通じ、地域経済の活力創造・持続的発展、当行の中長期的な企業価値向上に資するため。,,
E03580,,,2024-03-31,000,株式会社王将フードサービス,,120000,939.0,当行の主要営業地域である京都府に本社を置く中華料理チェーンであり、地域の雇用創出などにより地域経済に大きく貢献している同社との取引維持・拡大を通じ、地域経済の活力創造・持続的発展、当行の中長期的な企業価値向上に資するため。,,
E03580,,,2024-03-31,000,東急株式会社,,500000,922.0,同社との銀行取引関係の維持・強化を図ることを通じて、当行の中長期的な企業価値向上に資するため。,,
E03580,,,2024-03-31,000,株式会社いよぎんホールディングス,,716500,840.0,営業基盤が異なる同業種として、情報交換等を通じて、金融関連業務における経営戦略上の協力関係の維持・強化を図るため。,,
E03580,,,2024-03-31,000,株式会社フジオフードグループ本社,,503200,707.0,同社グループの㈱フジオフードシステムは、当行の主要営業地域である大阪府に本社を置く外食チェーンであり、地域の雇用創出などにより地域経済に大きく貢献している同社との取引維持・拡大を通じ、地域経済の活力創造・持続的発展、当行の中長期的な企業価値向上に資するため。,,
E03580,,,2024-03-31,000,オーナンバ株式会社,,480000,649.0,当行の主要営業地域である大阪府に本社を置くワイヤーハーネスメーカーであり、地域の雇用創出などにより地域経済に大きく貢献している同社との取引維持・拡大を通じ、地域経済の活力創造・持続的発展、当行の中長期的な企業価値向上に資するため。,,
E03580,,,2024-03-31,000,株式会社ヒラノテクシード,,303000,630.0,当行の主要営業地域である奈良県に本社を置く塗工機メーカーであり、地域の雇用創出などにより地域経済に大きく貢献している同社との取引維持・拡大を通じ、地域経済の活力創造・持続的発展、当行の中長期的な企業価値向上に資するため。,,
E03580,,,2024-03-31,000,株式会社近鉄百貨店,,253500,600.0,同社との「地域商社事業に関する提携」を通じて取り組んだ地域産品ショップ「大和路ショップ」による地域産品の販路拡大、地域の雇用創出などにより地域経済に大きく貢献している同社との取引維持・拡大を通じ、地域経済の活力創造・持続的発展、当行の中長期的な企業価値向上に資するため。,,
E03580,,,2024-03-31,000,ＤＯＷＡホールディングス株式会社,,101850,542.0,同社との銀行取引関係の維持・強化を図ることを通じて、当行の中長期的な企業価値向上に資するため。,,
E03580,,,2024-03-31,000,大和冷機工業株式会社,,300000,489.0,当行の主要営業地域である大阪府に本社を置く冷熱機器メーカーであり、地域の雇用創出などにより地域経済に大きく貢献している同社との取引維持・拡大を通じ、地域経済の活力創造・持続的発展、当行の中長期的な企業価値向上に資するため。,,
E03580,,,2024-03-31,000,エア・ウォーター株式会社,,200000,479.0,当行の主要営業地域である大阪府に本社を置く化学工業メーカーであり、地域の雇用創出などにより地域経済に大きく貢献している同社との取引維持・拡大を通じ、地域経済の活力創造・持続的発展、当行の中長期的な企業価値向上に資するため。,,
E03580,,,2024-03-31,000,出光興産株式会社(注)５,,456000,475.0,同社との銀行取引関係の維持・強化を図ることを通じて、当行の中長期的な企業価値向上に資するため。なお、株式数は株式分割により増加しています。,,
E03580,,,2024-03-31,000,京阪ホールディングス株式会社,,137442,466.0,当行の営業地域に沿線を持つ鉄道事業者グループであり、地域の雇用創出などにより地域経済に大きく貢献している同社との取引維持・拡大を通じ、地域経済の活力創造・持続的発展、当行の中長期的な企業価値向上に資するため。,,
E03580,,,2024-03-31,000,株式会社オークワ,,410000,406.0,当行の主要営業地域である和歌山県に本社を置くスーパーマーケットであり、地域の雇用創出などにより地域経済に大きく貢献している同社との取引維持・拡大を通じ、地域経済の活力創造・持続的発展、当行の中長期的な企業価値向上に資するため。,,
E03580,,,2024-03-31,000,株式会社タカトリ,,95000,401.0,当行の主要営業地域である奈良県に本社を置く産業機器メーカーであり、地域の雇用創出などにより地域経済に大きく貢献している同社との取引維持・拡大を通じ、地域経済の活力創造・持続的発展、当行の中長期的な企業価値向上に資するため。,,
E03580,,,2024-03-31,000,西日本旅客鉄道株式会社,,60000,376.0,同社との「地方創生に関する連携協定」による観光振興および地域産品の販路拡大、地域の雇用創出などにより地域経済に大きく貢献している同社との取引維持・拡大を通じ、地域経済の活力創造・持続的発展、当行の中長期的な企業価値向上に資するため。,,
E03580,,,2024-03-31,000,株式会社明電舎,,118000,346.0,同社との銀行取引関係の維持・強化を図ることを通じて、当行の中長期的な企業価値向上に資するため。,,
E03580,,,2024-03-31,000,株式会社岡三証券グループ,,392000,320.0,同社グループとの銀行取引関係の維持・強化を図ることを通じて、当行の中長期的な企業価値向上に資するため。,,
E03580,,,2024-03-31,000,三井倉庫ホールディングス株式会社,,59400,279.0,同社との銀行取引関係の維持・強化を図ることを通じて、当行の中長期的な企業価値向上に資するため。,,
E03580,,,2024-03-31,000,株式会社タカキタ,,554000,273.0,当行の主要営業地域である三重県に本社を置く農業機械メーカーであり、地域の雇用創出などにより地域経済に大きく貢献している同社との取引維持・拡大を通じ、地域経済の活力創造・持続的発展、当行の中長期的な企業価値向上に資するため。,,
E03580,,,2024-03-31,000,長瀬産業株式会社,,100000,255.0,同社との銀行取引関係の維持・強化を図ることを通じて、当行の中長期的な企業価値向上に資するため。,,
E03580,,,2024-03-31,000,株式会社中央倉庫,,207000,237.0,当行の主要営業地域である京都府に本社を置く総合物流業者であり、地域の雇用創出などにより地域経済に大きく貢献している同社との取引維持・拡大を通じ、地域経済の活力創造・持続的発展、当行の中長期的な企業価値向上に資するため。,,
E03580,,,2024-03-31,000,ＪＦＥホールディングス株式会社,,89900,228.0,同社との銀行取引関係の維持・強化を図ることを通じて、当行の中長期的な企業価値向上に資するため。,,
E03580,,,2024-03-31,000,株式会社テクノスマート,,100000,204.0,当行の主要営業地域である大阪府に本社を置く製造装置メーカーであり、地域の雇用創出などにより地域経済に大きく貢献している同社との取引維持・拡大を通じ、地域経済の活力創造・持続的発展、当行の中長期的な企業価値向上に資するため。,,
E03580,,,2024-03-31,000,保土谷化学工業株式会社,,54467,198.0,同社との銀行取引関係の維持・強化を図ることを通じて、当行の中長期的な企業価値向上に資するため。,,
E03580,,,2024-03-31,000,日本パレットプール株式会社,,60000,158.0,当行の主要営業地域である大阪府に本社を置く輸送用パレット・機器レンタル業者であり、地域の雇用創出などにより地域経済に大きく貢献している同社との取引維持・拡大を通じ、地域経済の活力創造・持続的発展、当行の中長期的な企業価値向上に資するため。,,
E03580,,,2024-03-31,000,日本毛織株式会社,,100000,147.0,当行の主要営業地域である大阪府に本社を置く衣料や産業機材における素材を提供する事業者であり、地域の雇用創出などにより地域経済に大きく貢献している同社との取引維持・拡大を通じ、地域経済の活力創造・持続的発展、当行の中長期的な企業価値向上に資するため。,,
E03580,,,2024-03-31,000,株式会社ケー・エフ・シー,,91000,136.0,当行の主要営業地域である大阪府に本店を置く建設用資材の開発、販売、施工を行う事業者であり、地域の雇用創出などにより地域経済に大きく貢献している同社との取引維持・拡大を通じ、地域経済の活力創造・持続的発展、当行の中長期的な企業価値向上に資するため。,,
E03580,,,2024-03-31,000,富士紡ホールディングス株式会社,,30000,133.0,同社との銀行取引関係の維持・強化を図ることを通じて、当行の中長期的な企業価値向上に資するため。,,
E03580,,,2024-03-31,000,株式会社清水銀行,,66800,107.0,営業基盤が異なる同業種として、情報交換等を通じて、金融関連業務における経営戦略上の協力関係の維持・強化を図るため。,,
E03580,,,2024-03-31,000,株式会社イムラ,,93750,100.0,当行の主要営業地域である大阪府に本社を置く封筒を中心とするパッケージソリューションの提供業者であり、地域の雇用創出などにより地域経済に大きく貢献している同社との取引維持・拡大を通じ、地域経済の活力創造・持続的発展、当行の中長期的な企業価値向上に資するため。,,
E03580,,,2024-03-31,000,株式会社東邦銀行,,260000,93.0,営業基盤が異なる同業種として、情報交換等を通じて、金融関連業務における経営戦略上の協力関係の維持・強化を図るため。,,
E03580,,,2024-03-31,000,電源開発株式会社,,37000,92.0,同社との銀行取引関係の維持・強化を図ることを通じて、当行の中長期的な企業価値向上に資するため。,,
E03580,,,2024-03-31,000,三菱製紙株式会社,,145009,88.0,同社との銀行取引関係の維持・強化を図ることを通じて、当行の中長期的な企業価値向上に資するため。,,
E03580,,,2024-03-31,000,アイコム株式会社,,26100,88.0,当行の主要営業地域である大阪府に本社を置く無線通信機器等の製造、販売を行う業者であり、地域の雇用創出などにより地域経済に大きく貢献している同社との取引維持・拡大を通じ、地域経済の活力創造・持続的発展、当行の中長期的な企業価値向上に資するため。,,
E03580,,,2024-03-31,000,株式会社安永,,120000,86.0,当行の主要営業地域である三重県に本社を置くエンジン部品等の製造、販売業者であり、地域の雇用創出などにより地域経済に大きく貢献している同社との取引維持・拡大を通じ、地域経済の活力創造・持続的発展、当行の中長期的な企業価値向上に資するため。,,
E03580,,,2024-03-31,000,住江織物株式会社,,32231,85.0,当行の主要営業地域である大阪府に本社を置くインテリア商品や自動車内装材等の販売業者であり、地域の雇用創出などにより地域経済に大きく貢献している同社との取引維持・拡大を通じ、地域経済の活力創造・持続的発展、当行の中長期的な企業価値向上に資するため。,,
E03580,,,2024-03-31,000,株式会社カワタ,,71000,74.0,当行の主要営業地域である大阪府に本社を置く各種加工機器等の企画・製造・販売を行う業者であり、地域の雇用創出などにより地域経済に大きく貢献している同社との取引維持・拡大を通じ、地域経済の活力創造・持続的発展、当行の中長期的な企業価値向上に資するため。,,
E00137,,,2025-03-31,000,㈱七十七銀行,,104400,496.0,設備工事を請け負っている主要取引先かつ金融機関の一つであり、中長期的な工事受注獲得による収益向上と金融取引の維持・強化をはかるため継続して保有している。,,
E00137,,,2025-03-31,000,㈱かわでん,,60000,239.0,設備工事を請け負っている主要取引先の一つであり、中長期的な工事受注獲得による収益向上をはかるため継続して保有している。,,
E00137,,,2025-03-31,000,インフロニア・ホールディングス㈱,,119685,144.0,幅広い顧客基盤を持つ取引先として設備工事を請け負っており、関係強化により中長期的な工事受注獲得による収益向上をはかるため継続して保有している。,,
E00137,,,2025-03-31,000,第一生命ホールディングス㈱,,89200,101.0,設備工事を請け負っている主要取引先の一つであり、中長期的な工事受注獲得による収益向上をはかるため継続して保有している。株式数が増加した理由は株式分割によるものである。,,
E00137,,,2025-03-31,000,住友商事㈱,,28648,96.0,保有先企業及び関連会社等に幅広い顧客基盤を持つ取引先として設備工事を請け負っており、中長期的な工事受注獲得による収益向上と当社事業拡大に資する有益な情報交換を行っており、取引関係の維持・強化をはかるため継続して保有している。,,
E00137,,,2025-03-31,000,㈱三菱UFJフィナンシャル・グループ,,34410,69.0,設備工事を請け負っている主要取引先かつ金融機関の一つであり、中長期的な工事受注獲得による収益向上と金融取引の維持・強化をはかるため継続して保有している。,,
E00137,,,2025-03-31,000,㈱みずほフィナンシャルグループ,,10896,44.0,設備工事を請け負っている主要取引先かつ金融機関の一つであり、中長期的な工事受注獲得による収益向上と金融取引の維持・強化をはかるため継続して保有している。,,
E00137,,,2025-03-31,000,大成建設㈱,,6086.050,40.0,幅広い顧客基盤を持つ取引先として設備工事を請け負っており、関係強化により中長期的な工事受注獲得による収益向上をはかるため継続して保有している。株式数が増加した理由は、取引先持株会配当再投資による増加である。,,
E00137,,,2025-03-31,000,清水建設㈱,,29365.393,38.0,幅広い顧客基盤を持つ取引先として設備工事を請け負っており、関係強化により中長期的な工事受注獲得による収益向上をはかるため継続して保有している。株式数が増加した理由は、取引先持株会配当再投資による増加である。,,
E00137,,,2025-03-31,000,ENEOSホールディングス㈱,,49220,38.0,設備工事を請け負っている主要取引先の一つであり、中長期的な工事受注獲得による収益向上をはかるため継続して保有している。,,
E00137,,,2025-03-31,000,㈱バイタルケーエスケー・ホールディングス,,30000,37.0,設備工事を請け負っている主要取引先の一つであり、中長期的な工事受注獲得による収益向上をはかるため継続して保有している。,,
E00137,,,2025-03-31,000,戸田建設㈱,,33101.860,29.0,幅広い顧客基盤を持つ取引先として設備工事を請け負っており、関係強化により中長期的な工事受注獲得による収益向上をはかるため継続して保有している。株式数が増加した理由は、取引先持株会配当再投資による増加である。,,
E00137,,,2025-03-31,000,富士電機㈱(注)４,,4464,28.0,設備工事を請け負っている主要取引先の一つであり、中長期的な工事受注獲得による収益向上をはかるため継続して保有している。,,
E00137,,,2025-03-31,000,㈱アークス,,8790,25.0,店舗等の建設・保守・メンテナンス等の設備工事を請け負っている主要な取引先の一つであり、中長期的な工事受注獲得による収益向上をはかるため継続して保有している。,,
E00137,,,2025-03-31,000,㈱第四北越フィナンシャルグループ,,5874,18.0,設備工事を請け負っている主要取引先かつ金融機関の一つであり、中長期的な工事受注獲得による収益向上と金融取引の維持・強化をはかるため継続して保有している。株式数が増加した理由は株式分割によるものである。,,
E00137,,,2025-03-31,000,日本電気㈱,,5000,15.0,設備工事を請け負っている主要取引先の一つであり、中長期的な工事受注獲得による収益向上をはかるため継続して保有している。株式数が増加した理由は株式分割によるものである。,,
E00137,,,2025-03-31,000,福山通運㈱,,4047.393,14.0,店舗等の建設・保守・メンテナンス等の設備工事を請け負っている主要な取引先の一つであり、中長期的な工事受注獲得による収益向上をはかるため継続して保有している。株式数が増加した理由は、取引先持株会の拠出による増加である。,,
E00137,,,2025-03-31,000,㈱福田組,,2244,11.0,幅広い顧客基盤を持つ取引先として設備工事を請け負っており、関係強化により中長期的な工事受注獲得による収益向上をはかるため継続して保有している。,,
E00137,,,2025-03-31,000,TOPPANホールディングス㈱,,2413.463,9.0,設備工事を請け負っている主要取引先の一つであり、中長期的な工事受注獲得による収益向上をはかるため継続して保有している。株式数が増加した理由は、取引先持株会配当再投資による増加である。,,
E00137,,,2025-03-31,000,㈱サンデー,,8655.610,9.0,店舗等の建設・保守・メンテナンス等の設備工事を請け負っている主要な取引先の一つであり、中長期的な工事受注獲得による収益向上をはかるため継続して保有している。株式数が増加した理由は、取引先持株会配当再投資による増加である。,,
E00137,,,2025-03-31,000,㈱T＆Dホールディングス,,3000,9.0,設備工事を請け負っている主要取引先の一つであり、中長期的な工事受注獲得による収益向上をはかるため継続して保有している。,,
E00137,,,2025-03-31,000,三井住友トラストグループ㈱(注)５,,2342,8.0,設備工事を請け負っている主要取引先かつ金融機関の一つであり、中長期的な工事受注獲得による収益向上と金融取引の維持・強化をはかるため継続して保有している。,,
E00137,,,2025-03-31,000,フィデアホールディングス㈱,,5524,8.0,設備工事を請け負っている主要取引先かつ金融機関の一つであり、中長期的な工事受注獲得による収益向上と金融取引の維持・強化をはかるため継続して保有している。,,
E00137,,,2025-03-31,000,㈱東邦銀行,,20000,7.0,設備工事を請け負っている主要取引先かつ金融機関の一つであり、中長期的な工事受注獲得による収益向上と金融取引の維持・強化をはかるため継続して保有している。,,
E00137,,,2025-03-31,000,㈱三越伊勢丹ホールディングス,,2720,5.0,店舗等の建設・保守・メンテナンス等の設備工事を請け負っている主要な取引先の一つであり、中長期的な工事受注獲得による収益向上をはかるため継続して保有している。,,
E00137,,,2025-03-31,000,イオンモール㈱,,1551.035,3.0,店舗等の建設・保守・メンテナンス等の設備工事を請け負っている主要な取引先の一つであり、中長期的な工事受注獲得による収益向上をはかるため継続して保有している。株式数が増加した理由は、取引先持株会配当再投資による増加である。,,
E00137,,,2025-03-31,000,リケンNPR㈱,,1156,2.0,設備工事を請け負っている主要取引先の一つであり、中長期的な工事受注獲得による収益向上をはかるため継続して保有している。,,
E00137,,,2025-03-31,000,㈱リンコーコーポレーション,,1600,2.0,設備工事を請け負っている主要取引先の一つであり、中長期的な工事受注獲得による収益向上をはかるため継続して保有している。,,
E00137,,,2025-03-31,000,㈱じもとホールディングス,,6838,2.0,設備工事を請け負っている主要取引先かつ金融機関の一つであり、中長期的な工事受注獲得による収益向上と金融取引の維持・強化をはかるため継続して保有している。,,
E00137,,,2025-03-31,000,住友化学㈱,,5150,1.0,設備工事を請け負っている主要取引先の一つであり、中長期的な工事受注獲得による収益向上をはかるため継続して保有している。,,
E00137,,,2025-03-31,000,㈱プロクレアホールディングス,,1000,1.0,設備工事を請け負っている主要取引先かつ金融機関の一つであり、中長期的な工事受注獲得による収益向上と金融取引の維持・強化をはかるため継続して保有している。,,
E00137,,,2025-03-31,000,㈱植木組,,924,1.0,幅広い顧客基盤を持つ取引先として設備工事を請け負っており、関係強化により中長期的な工事受注獲得による収益向上をはかるため継続して保有している。,,
E00137,,,2025-03-31,000,㈱淺沼組,,1690,1.0,幅広い顧客基盤を持つ取引先として設備工事を請け負っており、関係強化により中長期的な工事受注獲得による収益向上をはかるため継続して保有している。株式数が増加した理由は株式分割によるものである。,,
E00137,,,2025-03-31,000,日本CMK㈱,,2420,0.0,設備工事を請け負っている主要取引先の一つであり、中長期的な工事受注獲得による収益向上をはかるため継続して保有している。,,
E04159,,,2024-03-31,000,住友商事㈱,,48205,176.0,取引関係維持・強化のため。なお、取引先持株会に加入しているため、株式数が増加しております。,,
E04159,,,2024-03-31,000,東洋合成工業㈱,,16782,161.0,取引関係維持・強化のため。なお、取引先持株会に加入しているため、株式数が増加しております。,,
E04159,,,2024-03-31,000,㈱三井住友フィナンシャルグループ,,12000,106.0,取引関係維持・強化のため。,,
E04159,,,2024-03-31,000,㈱IHI,,8404,34.0,取引関係維持・強化のため。なお、取引先持株会に加入しているため、株式数が増加しております。,,
E04159,,,2024-03-31,000,㈱ＵＡＣＪ,,4388,19.0,取引関係維持・強化のため。なお、取引先持株会に加入しているため、株式数が増加しております。,,
E04159,,,2024-03-31,000,住友ゴム工業㈱,,8000,15.0,取引関係維持・強化のため。,,
E04159,,,2024-03-31,000,㈱三菱ＵＦＪフィナンシャルグループ,,6000,9.0,取引関係維持・強化のため。,,
E04159,,,2024-03-31,000,㈱日伝,,3468,9.0,取引関係維持・強化のため。なお、取引先持株会に加入しているため、株式数が増加しております。,,
E04159,,,2024-03-31,000,ＥＮＥＯＳホールディングス㈱,,10700,7.0,取引関係維持・強化のため。,,
E04159,,,2024-03-31,000,㈱Ｔ＆Ｄホールディングス,,2770,7.0,取引関係維持・強化のため。,,
E04159,,,2024-03-31,000,㈱みずほフィナンシャルグループ,,900,2.0,取引関係維持・強化のため。,,
E04159,,,2024-03-31,000,日糧製パン㈱,,300,0.0,取引関係維持・強化のため。,,
E04159,,,2024-03-31,000,第一生命ホールディングス㈱,,100,0.0,取引関係維持・強化のため。,,
E04159,,,2024-03-31,000,第一生命ホールディングス㈱,,48205,176.0,取引関係維持・強化のため。なお、取引先持株会に加入しているため、株式数が増加しております。,,
E04159,,,2024-03-31,000,㈱Ｔ＆Ｄホールディングス,,16782,161.0,取引関係維持・強化のため。なお、取引先持株会に加入しているため、株式数が増加しております。,,
E04159,,,2024-03-31,000,ＡＮＡホールディングス㈱,,12000,106.0,取引関係維持・強化のため。,,
E04159,,,2024-03-31,000,明治ホールディングス㈱,,8404,34.0,取引関係維持・強化のため。なお、取引先持株会に加入しているため、株式数が増加しております。,,
E04159,,,2024-03-31,000,㈱大和証券グループ本社,,4388,19.0,取引関係維持・強化のため。なお、取引先持株会に加入しているため、株式数が増加しております。,,
E04159,,,2024-03-31,000,ＳＣＳＫ㈱,,8000,15.0,取引関係維持・強化のため。,,
E01743,,,2025-03-31,000,三和ホールディングス㈱,,460000,2193.0,定量的な保有効果の記載は困難ですが、今後の協業可能性等に関する事業部門・研究開発部門へのヒアリング結果を踏まえ、取締役会において保有の必要性を総合的に検証し、取引関係等を維持・強化するために保有継続を決議しています。,,
E01743,,,2025-03-31,000,㈱ＳＣＲＥＥＮホールディングス,,209600,2011.0,定量的な保有効果の記載は困難ですが、販売面における取引状況や協業状況等に関する事業部門・研究開発部門へのヒアリング結果を踏まえ、取締役会において保有の必要性を総合的に検証し、取引関係等を維持・強化するために保有継続を決議しています。,,
E01743,,,2025-03-31,000,ＳＭＣ㈱,,23700,1257.0,定量的な保有効果の記載は困難ですが、調達品目やその重要度合い、協業状況等に関する事業部門・研究開発部門へのヒアリング結果を踏まえ、取締役会において保有の必要性を総合的に検証し、取引関係等を維持・強化するために保有継続を決議しています。,,
E01743,,,2025-03-31,000,兼松㈱,,399600,1006.0,定量的な保有効果の記載は困難ですが、販売・調達両面における取引パートナーとしての重要性や協業状況等に関する事業部門へのヒアリング結果を踏まえ、取締役会において保有の必要性を総合的に検証し、取引関係等を維持・強化するために保有継続を決議しています。,,
E01743,,,2025-03-31,000,ＣＫＤ㈱,,455800,920.0,定量的な保有効果の記載は困難ですが、調達品目やその重要度合い、協業状況等に関する事業部門・研究開発部門へのヒアリング結果を踏まえ、取締役会において保有の必要性を総合的に検証し、取引関係等を維持・強化するために保有継続を決議しています。,,
E01743,,,2025-03-31,000,神鋼商事㈱,,150000,861.0,定量的な保有効果の記載は困難ですが、販売・調達両面における取引パートナーとしての重要性や協業状況等に関する事業部門へのヒアリング結果を踏まえ、取締役会において保有の必要性を総合的に検証し、取引関係等を維持・強化するために保有継続を決議しています。,,
E01743,,,2025-03-31,000,ナブテスコ㈱,,300000,693.0,定量的な保有効果の記載は困難ですが、販売面における取引状況や協業状況等に関する事業部門・研究開発部門へのヒアリング結果を踏まえ、取締役会において保有の必要性を総合的に検証し、取引関係等を維持・強化するために保有継続を決議しています。,,
E01743,,,2025-03-31,000,双日㈱,,203000,666.0,定量的な保有効果の記載は困難ですが、販売・調達両面における取引パートナーとしての重要性や協業状況等に関する事業部門へのヒアリング結果を踏まえ、取締役会において保有の必要性を総合的に検証し、取引関係等を維持・強化するために保有継続を決議しています。,,
E01743,,,2025-03-31,000,日機装㈱,,386000,492.0,定量的な保有効果の記載は困難ですが、販売面における取引状況や協業状況等に関する事業部門・研究開発部門へのヒアリング結果を踏まえ、取締役会において保有の必要性を総合的に検証し、取引関係等を維持・強化するために保有継続を決議しています。,,
E01743,,,2025-03-31,000,㈱日伝,,153524,443.0,定量的な保有効果の記載は困難ですが、販売・調達両面における取引パートナーとしての重要性や協業状況等に関する事業部門へのヒアリング結果を踏まえ、取締役会において保有の必要性を総合的に検証し、取引関係等を維持・強化するために保有継続を決議しています。なお、株式数の増加は、取引先持株会を通じた株式の取得によるものです。,,
E01743,,,2025-03-31,000,㈱安藤・間,,227370,310.0,定量的な保有効果の記載は困難ですが、今後の協業可能性等に関する事業部門へのヒアリング結果を踏まえ、取締役会において保有の必要性を総合的に検証し、取引関係等を維持・強化するために保有継続を決議しています。,,
E01743,,,2025-03-31,000,清水建設㈱,,210000,277.0,定量的な保有効果の記載は困難ですが、調達品目やその重要度合い等に関する事業部門へのヒアリング結果を踏まえ、取締役会において保有の必要性を総合的に検証し、取引関係等を維持・強化するために保有継続を決議しています。,,
E01743,,,2025-03-31,000,加賀電子㈱,,94000,253.0,定量的な保有効果の記載は困難ですが、販売面における取引状況や協業状況等に関する事業部門・研究開発部門へのヒアリング結果を踏まえ、取締役会において保有の必要性を総合的に検証し、取引関係等を維持・強化するために保有継続を決議しています。,,
E01743,,,2025-03-31,000,ＡＮＡホールディングス㈱,,91800,253.0,定量的な保有効果の記載は困難ですが、販売面における取引状況や協業状況等に関する事業部門・研究開発部門へのヒアリング結果を踏まえ、取締役会において保有の必要性を総合的に検証し、取引関係等を維持・強化するために保有継続を決議しています。,,
E01743,,,2025-03-31,000,日本トムソン㈱,,479000,232.0,定量的な保有効果の記載は困難ですが、調達品目やその重要度合い、協業状況等に関する事業部門・研究開発部門へのヒアリング結果を踏まえ、取締役会において保有の必要性を総合的に検証し、取引関係等を維持・強化するために保有継続を決議しています。,,
E01743,,,2025-03-31,000,日本電気硝子㈱,,64846,226.0,定量的な保有効果の記載は困難ですが、販売面における取引の状況等に関する事業部門へのヒアリング結果を踏まえ、取締役会において保有の必要性を総合的に検証し、取引関係等を維持・強化するために保有継続を決議しています。なお、株式数の増加は、取引先持株会を通じた株式の取得によるものです。,,
E01743,,,2025-03-31,000,㈱村田製作所,,90900,209.0,定量的な保有効果の記載は困難ですが、販売面における取引の状況等に関する事業部門へのヒアリング結果を踏まえ、取締役会において保有の必要性を総合的に検証し、取引関係等を維持・強化するために保有継続を決議しています。,,
E01743,,,2025-03-31,000,三菱重工業㈱,,41250,104.0,定量的な保有効果の記載は困難ですが、販売面における取引状況や協業状況等に関する事業部門・研究開発部門へのヒアリング結果を踏まえ、取締役会において保有の必要性を総合的に検証し、取引関係等を維持・強化するために保有継続を決議しています。,,
E01743,,,2025-03-31,000,㈱りそなホールディングス,,79423,102.0,定量的な保有効果の記載は困難ですが、当該会社の子会社との金融取引状況等に関する財務部門へのヒアリング結果を踏まえ、取締役会において保有の必要性を総合的に検証し、取引関係等を維持・強化するために保有継続を決議しています。,,
E01743,,,2025-03-31,000,㈱三菱ＵＦＪフィナンシャル・グループ,,16300,32.0,定量的な保有効果の記載は困難ですが、当該会社の子会社との金融取引状況等に関する財務部門へのヒアリング結果を踏まえ、取締役会において保有の必要性を総合的に検証し、取引関係等を維持・強化するために保有継続を決議しています。,,
E01743,,,2025-03-31,000,㈱赤阪鐵工所,,16800,32.0,定量的な保有効果の記載は困難ですが、機械設計・機器製作委託先としての重要度合い等に関し、事業部門へのヒアリング結果を踏まえ、取締役会において保有の必要性を総合的に検証し、取引関係等を維持・強化するために保有継続を決議しています。,,
E01743,,,2025-03-31,000,㈱みずほフィナンシャルグループ,,5614,22.0,定量的な保有効果の記載は困難ですが、当該会社の子会社との金融取引状況等に関する財務部門へのヒアリング結果を踏まえ、取締役会において保有の必要性を総合的に検証し、取引関係等を維持・強化するために保有継続を決議しています。,,
E01743,,,2025-03-31,000,㈱三十三フィナンシャルグループ,,9100,21.0,定量的な保有効果の記載は困難ですが、当該会社の子会社との金融取引状況等に関する財務部門へのヒアリング結果を踏まえ、取締役会において保有の必要性を総合的に検証し、取引関係等を維持・強化するために保有継続を決議しています。,,
E01743,,,2025-03-31,000,フルサト・マルカホールディングス㈱,,5550,13.0,定量的な保有効果の記載は困難ですが、当該会社の子会社との販売面における取引の状況等に関する事業部門へのヒアリング結果を踏まえ、取締役会において保有の必要性を総合的に検証し、取引関係等を維持・強化するために保有継続を決議しています。,,
E01743,,,2025-03-31,000,㈱ユニカフェ,,10200,9.0,定量的な保有効果の記載は困難ですが、今後の協業可能性等に関する事業部門・研究開発部門へのヒアリング結果を踏まえ、取締役会において保有の必要性を総合的に検証し、株価の動向をみて売却を実施しており、当事業年度末以降、有価証券報告書提出日までに、全株式を売却しています。,,
E01743,,,2025-03-31,000,㈱三井住友フィナンシャルグループ,,2094,7.0,定量的な保有効果の記載は困難ですが、当該会社の子会社との金融取引状況等に関する財務部門へのヒアリング結果を踏まえ、取締役会において保有の必要性を総合的に検証し、取引関係等を維持・強化するために保有継続を決議しています。,,
E01743,,,2025-03-31,000,協栄産業㈱,,3000,7.0,定量的な保有効果の記載は困難ですが、調達品目やその重要度合い等に関する事業部門へのヒアリング結果を踏まえ、取締役会において保有の必要性を総合的に検証し、取引関係等を維持・強化するために保有継続を決議しています。,,
E01743,,,2025-03-31,000,㈱高知銀行,,8300,6.0,定量的な保有効果の記載は困難ですが、金融取引状況等に関する財務部門へのヒアリング結果を踏まえ、取締役会において保有の必要性を総合的に検証し、取引関係等を維持・強化するために保有継続を決議しています。,,
E01743,,,2025-03-31,000,㈱エージーピー,,3000,3.0,定量的な保有効果の記載は困難ですが、販売面における取引の状況等に関する事業部門へのヒアリング結果を踏まえ、取締役会において保有の必要性を総合的に検証し、株価の動向をみて売却を検討しており、当事業年度末以降、有価証券報告書提出日までに、全株式を売却しています。,,
E01743,,,2025-03-31,000,三井住友トラストグループ㈱,,118,0.0,定量的な保有効果の記載は困難ですが、当該会社の子会社との金融取引状況等に関する財務部門へのヒアリング結果を踏まえ、取締役会において保有の必要性を総合的に検証し、取引関係等を維持・強化するために保有継続を決議しています。,,
E31925,,,2024-12-31,000,ケイアイスター不動産株式会社,,21000,90615.0,取引先企業と安定的かつ継続的な取引関係を維持するため。,,
E01433,,,2024-03-31,000,綿半ホールディングス株式会社,,600000,939000.0,連結子会社が当社の主要な代理店であり、また資材の仕入先として相互協力関係を強化するため。,,
E00937,,,2024-03-31,000,クミアイ化学工業㈱,,824117,684.0,原料購買等の取引を行っており、同社との中長期的な取引関係の維持・強化のため保有しています。,,
E00937,,,2024-03-31,000,㈱みずほフィナンシャルグループ,,180872,550.0,主要な取引先金融機関であり、同社との中長期的な取引関係の維持・強化のため保有しています。,,
E00937,,,2024-03-31,000,日本曹達㈱,,82200,498.0,原料購買等の取引を行っており、同社との中長期的な取引関係の維持・強化のため保有しています。,,
E00937,,,2024-03-31,000,関東電化工業㈱,,466000,469.0,技術交流先であり、同社との中長期的な取引関係の維持・強化のため保有しています。,,
E00937,,,2024-03-31,000,三井住友トラスト・ホールディングス㈱,,53442,176.0,主要な取引先金融機関であり、同社との中長期的な取引関係の維持・強化のため保有しています。当事業年度に株式分割が行われたことにより株式数が増加しています。,,
E00937,,,2024-03-31,000,日本化薬㈱,,99877,130.0,原料購買等の取引を行っており、同社との中長期的な取引関係の維持・強化のため保有しています。,,
E00937,,,2024-03-31,000,㈱三井住友フィナンシャルグループ,,12695,113.0,主要な取引先金融機関であり、同社との中長期的な取引関係の維持・強化のため保有しています。,,
E00937,,,2024-03-31,000,㈱りそなホールディングス,,98800,93.0,主要な取引先金融機関であり、同社との中長期的な取引関係の維持・強化のため保有しています。,,
E00937,,,2024-03-31,000,古河機械金属㈱,,40684,73.0,当社の取引先であり、同社との中長期的な取引関係の維持・強化のため保有しています。,,
E00937,,,2024-03-31,000,カネコ種苗㈱,,45000,64.0,製品販売等の取引を行っており、同社との中長期的な取引関係の維持・強化のため保有しています。,,
E00937,,,2024-03-31,000,㈱プロクレアホールディングス,,30064,55.0,主要な取引先金融機関であり、同社との中長期的な取引関係の維持・強化のため保有しています。,,
E00937,,,2024-03-31,000,㈱佐賀銀行,,16218,34.0,主要な取引先金融機関であり、同社との中長期的な取引関係の維持・強化のため保有しています。,,
E00937,,,2024-03-31,000,石原産業㈱,,13788,24.0,製品販売等の取引を行っており、同社との中長期的な取引関係の維持・強化のため保有しています。,,
E04380,,,2025-03-31,000,㈱テレビ朝日ホールディングス,,1572000,3985.0,子会社の朝日放送テレビにおけるネットワークおよび放送番組の制作等に係る協力・取引関係の維持・強化のため。子会社間で相互に番組や素材の供給や共同制作などの取引実績あり。,,
E04380,,,2025-03-31,000,東映㈱,,215000,1087.0,放送番組およびコンテンツ制作等に係る協力・取引関係の維持・強化のため。政策保有株式縮減の観点で、2024年４月に、2025年度末までを目途として一定程度売却する方針を決定。2024年４月１日に株式分割で１株が５株になった。2024年度に一部売却。,,
E04380,,,2025-03-31,000,㈱TBSホールディングス,,247610,1055.0,子会社の朝日放送ラジオにおけるネットワークおよび放送番組の制作等に係る協力・取引関係の維持・強化のため。政策保有株式縮減の観点で、2024年４月に、2025年度末までを目途として一定程度売却する方針を決定。2024年度に一部売却。,,
E04380,,,2025-03-31,000,㈱電通グループ,,200000,658.0,広告販売や放送番組およびコンテンツ制作等に係る取引関係の強化・維持のため。ＣＭの仲介、番組企画、ブランディング支援、大型特番や高校野球のセールスなどの取引実績あり。,,
E04380,,,2025-03-31,000,京阪ホールディングス㈱,,109800,357.0,関西地域の活性化・経済発展を目的とした協業およびテレビ、ラジオ等の広告に係る取引関係の維持・強化のため。ＣＭの出稿などの取引実績あり。,,
E04380,,,2025-03-31,000,松竹㈱,,25300,311.0,放送番組およびコンテンツ制作等に係る協力・取引関係の維持・強化のため。政策保有株式縮減の観点で、2024年４月に、2025年度末までを目途として一定程度売却する方針を決定。2024年度に一部売却。,,
E04380,,,2025-03-31,000,㈱博報堂DYホールディングス,,200000,216.0,広告販売や放送番組およびコンテンツ制作等に係る取引関係の強化・維持のため。子会社によるＣＭの仲介、番組企画、大型特番のセールスなどの取引実績あり。,,
E04380,,,2025-03-31,000,電気興業㈱,,89600,159.0,放送技術や電気通信技術に係る協力・取引関係の維持・強化のため。テレビ予備送信所アンテナの設置や既存設備の定期点検などの発注で取引あるが、当社グループ側の収益はなく、議決権行使への影響がなく、2022年１月に売却の方針を決定。,,
E04380,,,2025-03-31,000,近鉄グループホールディングス㈱,,25376,80.0,関西地域の活性化・経済発展を目的とした協業およびテレビ、ラジオ等の広告に係る取引関係の維持・強化のため。グループの複数の子会社からＣＭの出稿などの取引実績あり。,,
E04603,,,2024-12-31,000,㈱みずほフィナンシャルグループ,,101006,391196.0,借入等の金融取引を行っており、安定的な資金調達において良好な関係の維持・強化を図るため保有しております。,,
E04603,,,2024-12-31,000,㈱三井住友フィナンシャルグループ,,95517,359525.0,借入や公募社債の引受等の金融取引を行っており、安定的な資金調達において良好な関係の維持・強化を図るため保有しております。,,
E04603,,,2024-12-31,000,野村ホールディングス㈱,,108803,101328.0,公募社債の引受等の資金調達における取引を行っており、良好な関係の維持・強化を図るため保有しております。,,
E04603,,,2024-12-31,000,㈱三菱UFJフィナンシャル・グループ,,47630,87924.0,借入等の金融取引を行っており、安定的な資金調達において良好な関係の維持・強化を図るため保有しております。,,
E04603,,,2024-12-31,000,京浜急行電鉄㈱,,63051,82218.0,大井競馬場への来場強化等を目的とし、良好な関係の維持・強化及び企業価値向上を図るため保有しております。,,
E04603,,,2024-12-31,000,第一生命ホールディングス㈱,,8700,36844.0,保険契約があり、良好な関係の維持・強化を図るため保有しております。,,
E04603,,,2024-12-31,000,㈱東京會舘,,6207,23896.0,当社グループと同一又は類似する事業の情報収集を目的とし、企業価値向上を図るため保有しております。,,
E04603,,,2024-12-31,000,東宝㈱,,3360,20677.0,当社グループと同一又は類似する事業の情報収集を目的とし、企業価値向上を図るため保有しております。,,
E04603,,,2024-12-31,000,㈱歌舞伎座,,3000,13620.0,当社グループと同一又は類似する事業の情報収集を目的とし、企業価値向上を図るため保有しております。,,
E04603,,,2024-12-31,000,㈱りそなホールディングス,,10000,11445.0,借入等の金融取引を行っており、安定的な資金調達において良好な関係の維持・強化を図るため保有しております。,,
E04603,,,2024-12-31,000,京王電鉄㈱,,1848,7096.0,東京サマーランドへの来場強化等を目的とし、良好な関係の維持・強化及び企業価値向上を図るため保有しております。,,
E04603,,,2024-12-31,000,㈱大和証券グループ本社,,715,749.0,公募社債の引受等の資金調達における取引を行っており、良好な関係の維持・強化を図るため保有しております。,,
E02668,,,2025-03-31,000,ダイキン工業㈱,,65431,1056056.0,"同社グループは空調機・化学製品の製造販売等を行っており、当社の機械・工具等の取引先であります。同社グループとの事業活動の円滑化及び取引関係の維持・強化を通じた中長期的な企業価値の向上を目的に株式を保有しております。(注)１,２",,
E02668,,,2025-03-31,000,㈱東京精密,,36566,291101.0,"同社グループは半導体製造装置及び精密測定機器の製造販売等を行っており、当社の機械・工具等の取引先であります。同社グループとの事業活動の円滑化及び取引関係の維持・強化を通じた中長期的な企業価値の向上を目的に株式を保有しております。(注)１,２",,
E02668,,,2025-03-31,000,オークマ㈱,,72886,248541.0,"同社グループは工作機械（NC工作機械）の製造販売等を行っており、当社の機械・工具等の取引先であります。同社グループとの事業活動の円滑化及び取引関係の維持・強化を通じた中長期的な企業価値の向上を目的に株式を保有しております。(注)１,２,８",,
E02668,,,2025-03-31,000,㈱ヤマダコーポレーション,,20000,111600.0,同社グループはオートモティブ機器・インダストリアル機器の製造販売等を行っており、当社の機械・工具等の取引先であります。同社グループとの事業活動の円滑化及び取引関係の維持・強化を通じた中長期的な企業価値の向上を目的に株式を保有しております。(注)１,,
E02668,,,2025-03-31,000,高松機械工業㈱,,177553,80786.0,"同社グループは工作機械（CNC旋盤）の製造販売等を行っており、当社の機械・工具等の取引先であります。同社グループとの事業活動の円滑化及び取引関係の維持・強化を通じた中長期的な企業価値の向上を目的に株式を保有しております。(注)１,２",,
E02668,,,2025-03-31,000,㈱めぶきフィナンシャルグループ,,78390,56887.0,"資金調達、預金及び情報収集等を行っている主要な取引金融機関であり、円滑な金融取引及び金融情報の収集を通じた中長期的な企業価値の向上を目的に株式を保有しております。(注)１,３",,
E02668,,,2025-03-31,000,㈱ソディック,,60288,51907.0,"同社グループは工作機械・産業機械の製造販売等を行っており、当社の機械・工具等の取引先であります。同社グループとの事業活動の円滑化及び取引関係の維持・強化を通じた中長期的な企業価値の向上を目的に株式を保有しております。(注)１,２",,
E02668,,,2025-03-31,000,片倉工業㈱,,23351,51605.0,同社は事業情報収集等の主要関係先であります。同社との事業活動の円滑化及び取引関係の維持・強化を通じた中長期的な企業価値の向上を目的に株式を保有しております。(注)１,,
E02668,,,2025-03-31,000,㈱フジマック,,47400,50860.0,同社は業務用厨房機器の総合メーカーであり、ロボット等の分野を中心に相互の取引深耕を通じた中長期的な企業価値の向上のため、当事業年度において、新規に株式を購入しております。(注)１,,
E02668,,,2025-03-31,000,㈱日伝,,14245,41196.0,"同社グループは機械設備及び機械器具関連商品の販売等を行っており、当社の機械・工具等の取引先であります。同社グループとの事業活動の円滑化及び取引関係の維持・強化を通じた中長期的な企業価値の向上を目的に株式を保有しております。(注)１,２",,
E02668,,,2025-03-31,000,㈱ツガミ,,19243,35022.0,"同社グループは精密工作機械の製造販売等を行っており、当社の機械・工具等の取引先であります。同社グループとの事業活動の円滑化及び取引関係の維持・強化を通じた中長期的な企業価値の向上を目的に株式を保有しております。(注)１,２",,
E02668,,,2025-03-31,000,ＤＭＧ森精機㈱,,11741,33960.0,"同社グループは工作機械・ソフトウエアの製造販売等を行っており、当社の機械・工具等の取引先であります。同社グループとの事業活動の円滑化及び取引関係の維持・強化を通じた中長期的な企業価値の向上を目的に株式を保有しております。(注)１,２",,
E02668,,,2025-03-31,000,コンバム㈱,,13900,27800.0,同社グループは真空機器及び関連製品の製造販売等を行っており、当社の機械・工具等の取引先であります。同社グループとの事業活動の円滑化及び取引関係の維持・強化を通じた中長期的な企業価値の向上を目的に株式を保有しております。(注)１,,
E02668,,,2025-03-31,000,㈱ＣＫサンエツ,,5000,19050.0,同社グループは伸銅・精密部品の製造販売等を行っており、当社の機械・工具等の取引先であります。同社グループとの事業活動の円滑化及び取引関係の維持・強化を通じた中長期的な企業価値の向上を目的に株式を保有しております。(注)１,,
E02668,,,2025-03-31,000,㈱ほくほくフィナンシャルグループ,,7100,18232.0,"資金調達、預金及び情報収集等を行っている主要な取引金融機関であり、円滑な金融取引及び金融情報の収集を通じた中長期的な企業価値の向上を目的に株式を保有しております。(注)１,４",,
E02668,,,2025-03-31,000,㈱東京きらぼしフィナンシャルグループ,,2738,15962.0,"資金調達、預金及び情報収集等を行っている主要な取引金融機関であり、円滑な金融取引及び金融情報の収集を通じた中長期的な企業価値の向上を目的に株式を保有しております。(注)１,６",,
E02668,,,2025-03-31,000,㈱日立製作所,,4330,14973.0,"同社のグループ会社は自動車部分品の製造販売等を行っており、当社の機械・工具等の取引先であります。同社グループとの事業活動の円滑化及び取引関係の維持・強化を通じた中長期的な企業価値の向上を目的に株式を保有しております。(注)１,７",,
E02668,,,2025-03-31,000,㈱みずほフィナンシャルグループ,,3500,14178.0,"資金調達、預金及び情報収集等を行っている主要な取引金融機関であり、円滑な金融取引及び金融情報の収集を通じた中長期的な企業価値の向上を目的に株式を保有しております。(注)１,５",,
E02668,,,2025-03-31,000,㈱東京自働機械製作所,,3600,13032.0,同社グループは包装機械・生産機械の製造販売等を行っており、当社の機械・工具等の取引先であります。同社グループとの事業活動の円滑化及び取引関係の維持・強化を通じた中長期的な企業価値の向上を目的に株式を保有しております。(注)１,,
E02668,,,2025-03-31,000,㈱北川鉄工所,,10079,12175.0,"同社グループは工作機器・産業機械の製造販売等を行っており、当社の機械・工具等の取引先であります。同社グループとの事業活動の円滑化及び取引関係の維持・強化を通じた中長期的な企業価値の向上を目的に株式を保有しております。(注)１,２",,
E02668,,,2025-03-31,000,黒田精工㈱,,5000,4955.0,同社グループは駆動システム製品・金型システム製品の製造販売等を行っており、当社の機械・工具等の取引先であります。同社グループとの事業活動の円滑化及び取引関係の維持・強化を通じた中長期的な企業価値の向上を目的に株式を保有しております。(注)１,,
E02668,,,2025-03-31,000,新明和工業㈱,,3225,4518.0,"同社グループは特装車・パーキングシステムの製造販売等を行っており、当社の機械・工具等の取引先であります。同社グループとの事業活動の円滑化及び取引関係の維持・強化を通じた中長期的な企業価値の向上を目的に株式を保有しております。(注)１,２",,
E02668,,,2025-03-31,000,日精樹脂工業㈱,,4526,3801.0,"同社グループは射出成形機及びその関連製品の製造販売等を行っており、当社の機械・工具等の取引先であります。同社グループとの事業活動の円滑化及び取引関係の維持・強化を通じた中長期的な企業価値の向上を目的に株式を保有しております。(注)１,２",,
E02668,,,2025-03-31,000,㈱不二越,,272,928.0,"同社グループは機械工具及び部品の製造販売等を行っており、当社の機械・工具等の取引先であります。同社グループとの事業活動の円滑化及び取引関係の維持・強化を通じた中長期的な企業価値の向上を目的に株式を保有しております。(注)１,２",,
E01109,,,2024-03-31,000,㈱マツキヨココカラ＆カンパニー,,39600,96.0,・医療機器事業において取引関係にあり、製品開発及び販売機会の増大を目的として保有しております。・定量的効果を含む総合的な保有判断基準を満たしております。・株式分割により保有株式数が増加しております。,,
E01109,,,2024-03-31,000,㈱鳥羽洋行,,19900,73.0,・精密機器事業において取引関係にあり、精密機器事業製品全般の販売代理店として継続的な販売体制構築を目的として保有しております。・定量的効果を含む総合的な保有判断基準を満たしております。・取引先持株会を通じた株式取得のため株式数が増加しております。,,
E01109,,,2024-03-31,000,ＣＢグループマネジメント㈱,,7873,37.0,・医療機器事業において取引関係にあり、医療衛生卸と異なる販路を有していることから販売機会の増大を目的として保有しております。・定量的効果を含む総合的な保有判断基準を満たしております。・取引先持株会を通じた株式取得のため株式数が増加しております。,,
E01109,,,2024-03-31,000,オカモト㈱,,6800,33.0,・医療機器事業において取引関係にあり、業界の情報収集等を目的として保有しております。・定量的効果を含む総合的な保有判断基準を満たしております。,,
E01109,,,2024-03-31,000,㈱日伝,,11894,31.0,・精密機器事業において取引関係にあり、精密機器事業製品全般の販売代理店として継続的な販売体制構築を目的として保有しております。・定量的効果を含む総合的な保有判断基準を満たしております。・取引先持株会を通じた株式取得のため株式数が増加しております。,,
E01109,,,2024-03-31,000,㈱りそなホールディングス,,30000,28.0,・主力銀行として継続的な借入取引があり、財務活動の円滑化を目的として保有しております。・定量的効果を含む総合的な保有判断基準を満たしております。,,
E01109,,,2024-03-31,000,大木ヘルスケアホールディングス㈱,,6250,6.0,・医療機器事業において取引関係にあり、医療衛生卸と異なる販路を有していることから販売機会の増大を目的として保有しております。・定量的効果を含む総合的な保有判断基準を満たしております。,,
E01109,,,2024-03-31,000,ウエルシアホールディングス㈱,,1002,2.0,・医療機器事業において取引関係にあり、製品開発及び販売機会の増大を目的として保有しております。・定量的効果を含む総合的な保有判断基準を満たしております。・取引先持株会を通じた株式取得のため株式数が増加しております。,,
E00755,,,2025-03-31,000,住友ベークライト株式会社,,209600,698.0,"（保有目的・業務提携等の概要）安定株主の確保の観点から、同じ住友グループの化学企業である同社と株式の持ち合いを行っております。（定量的な保有効果）利回り：2.55％配当額：17百万円（株式が増加した理由）2024年４月１日付の普通株式１株を２株とする株式分割により株式数が104,800株増加しております。",,
E00755,,,2025-03-31,000,株式会社三井住友フィナンシャルグループ,,95100,360.0,"（保有目的・業務提携等の概要）競争力のある安定的な資金調達先であることに加え、経営・事業に関して有益な情報を入手できることを考慮し、株式を保有しております。（定量的な保有効果）利回り：3.39％配当額：12百万円（株式が増加した理由）2024年10月１日付の普通株式１株を３株とする株式分割により株式数が77,600株増加しました。なお、当期中に21,300株を売却しました。",,
E00755,,,2025-03-31,000,多木化学株式会社,,12000,38.0,（保有目的・業務提携等の概要）当社設立以来、別府工場土地（一部）を同社から賃借しており、良好な関係の維持・強化を目的として、株式の持ち合いを行っております。（定量的な保有効果）利回り：1.74％配当額：0百万円,,
E00755,,,2025-03-31,000,岩谷産業株式会社,,13600,20.0,"（保有目的・業務提携等の概要）各種ガス製品の取引先であるとともに、ガス業界における販売・物流網を構築しており、良好な関係の維持・強化を目的として、株式の持ち合いを行っております。（定量的な保有効果）利回り：2.17％配当額：0百万円その他の定量的な保有効果は、個別の取引額等であり、これらは社外秘であります。（株式が増加した理由）2024年10月１日付の普通株式１株を４株とする株式分割により株式数が10,200株増加しております。",,
E00755,,,2025-03-31,000,積水樹脂株式会社,,10000,19.0,（保有目的・業務提携等の概要）機能マテリアル事業における粉末樹脂製品の取引先であり、良好な関係の維持・強化を目的として、株式を保有しております。（定量的な保有効果）利回り：3.50％配当額：0百万円その他の定量的な保有効果は、個別の取引額等であり、これらは社外秘であります。,,
E00755,,,2025-03-31,000,エア・ウォーター株式会社,,10000,18.0,（保有目的・業務提携等の概要）機能マテリアル事業における医療用ガス製品などの取引先であるとともに、ガス業界における販売・物流網を構築しており、良好な関係の維持・強化を目的として、株式を保有しております。（定量的な保有効果）利回り：3.50％配当額：0百万円その他の定量的な保有効果は、個別の取引額等であり、これらは社外秘であります。,,
E00755,,,2025-03-31,000,大王製紙株式会社,,20000,16.0,（保有目的・業務提携等の概要）吸水性樹脂製品の取引先であり、良好な関係の維持・強化を目的として、株式を保有しております。（定量的な保有効果）利回り：1.94％配当額：0百万円その他の定量的な保有効果は、個別の取引額等であり、これらは社外秘であります。,,
E00755,,,2025-03-31,000,野村ホールディングス株式会社,,10000,9.0,（保有目的・業務提携等の概要）当社の幹事証券会社を傘下に持つ金融持株会社であり、良好な関係の維持を通じて金融市場等に関する有益な情報を入手することを目的に株式を保有しております。（定量的な保有効果）利回り：4.18％配当額：0百万円,,
E01007,,,2024-03-31,000,㈱ＰＡＬＴＡＣ,,283350,1165.0,販売取引関係の維持・発展のため（定量的な保有効果）（注）,,
E01007,,,2024-03-31,000,エステー㈱,,541000,836.0,共同研究や業務委託等の業務提携締結先の関係維持強化のため（定量的な保有効果）（注）,,
E01007,,,2024-03-31,000,㈱あらた,,229230,756.0,"販売取引関係の維持・発展のため（定量的な保有効果）（注）2024年1月1日を効力発生日とした同社株式分割により、保有株数が114,615株増加しています。",,
E01007,,,2024-03-31,000,㈱ひろぎんホールディングス,,432865,472.0,財務面での取引関係の強化のため（定量的な保有効果）（注）,,
E01007,,,2024-03-31,000,㈱みずほフィナンシャルグループ,,102834,313.0,財務面での取引関係の強化のため（定量的な保有効果）（注）,,
E01007,,,2024-03-31,000,(株)マツキヨココカラ＆カンパニー,,120000,292.0,"販売取引関係の維持・発展のため（定量的な保有効果）（注）2023年10月1日を効力発生日とした同社株式分割により、保有株数が80,000株増加しています。",,
E01007,,,2024-03-31,000,住友化学㈱,,500100,169.0,調達取引関係の維持・発展のため（定量的な保有効果）（注）,,
E01007,,,2024-03-31,000,稲畑産業㈱,,48000,152.0,調達取引関係の維持・発展のため（定量的な保有効果）（注）,,
E01007,,,2024-03-31,000,㈱クリエイトＳＤホールディングス,,36000,118.0,販売取引関係の維持・発展のため（定量的な保有効果）（注）,,
E01007,,,2024-03-31,000,ＣＢグループマネジメント㈱,,19000,91.0,販売取引関係の維持・発展のため（定量的な保有効果）（注）,,
E01007,,,2024-03-31,000,(株)バローホールディングス,,30000,75.0,販売取引関係の維持・発展のため（定量的な保有効果）（注）,,
E01007,,,2024-03-31,000,㈱イズミ,,20146,70.0,販売取引関係の維持・発展のため（定量的な保有効果）（注）,,
E01007,,,2024-03-31,000,小林製薬㈱,,12838,65.0,取引関係の維持・発展のため（定量的な保有効果）（注）（株式数が増加した理由）取引先持株会を通じた株式の取得,,
E01007,,,2024-03-31,000,㈱コスモス薬品,,4000,57.0,販売取引関係の維持・発展のため（定量的な保有効果）（注）,,
E01007,,,2024-03-31,000,㈱リテールパートナーズ,,30156,55.0,販売取引関係の維持・発展のため（定量的な保有効果）（注）,,
E01007,,,2024-03-31,000,大木ヘルスケアホールディングス㈱,,53151,52.0,販売取引関係の維持・発展のため（定量的な保有効果）（注）,,
E01007,,,2024-03-31,000,㈱メディパルホールディングス,,19965,46.0,販売取引関係の維持・発展のため（定量的な保有効果）（注）,,
E01007,,,2024-03-31,000,㈱ちゅうぎんフィナンシャルグループ,,29160,38.0,財務面での取引関係の強化のため（定量的な保有効果）（注）,,
E01007,,,2024-03-31,000,㈱ライフコーポレーション,,9000,35.0,販売取引関係の維持・発展のため（定量的な保有効果）（注）,,
E01007,,,2024-03-31,000,スギホールディングス㈱,,12000,31.0,"販売取引関係の維持・発展のため（定量的な保有効果）（注）2024年3月1日を効力発生日とした同社株式分割により、保有株数が8,000株増加しています。",,
E01007,,,2024-03-31,000,㈱いよぎんホールディングス,,25750,30.0,財務面での取引関係の強化のため（定量的な保有効果）（注）,,
E01007,,,2024-03-31,000,広島ガス㈱,,70000,26.0,調達取引関係の維持・発展のため（定量的な保有効果）（注）,,
E01007,,,2024-03-31,000,ウェルシアホールディングス㈱,,5924,15.0,販売取引関係の維持・発展のため（定量的な保有効果）（注）（株式数が増加した理由）持株会加入による増加,,
E01007,,,2024-03-31,000,㈱四国銀行,,10745,13.0,財務面での取引関係の強化のため（定量的な保有効果）（注）,,
E01007,,,2024-03-31,000,㈱スズケン,,2395,11.0,販売取引関係の維持・発展のため（定量的な保有効果）（注）,,
E01007,,,2024-03-31,000,アレンザホールディングス㈱,,10000,10.0,販売取引関係の維持・発展のため（定量的な保有効果）（注）,,
E01007,,,2024-03-31,000,ハリマ共和物産㈱,,3960,9.0,販売取引関係の維持・発展のため（定量的な保有効果）（注）,,
E01007,,,2024-03-31,000,テクスケムリソーシス㈱,,218194,6.0,取引関係の維持・発展のため（定量的な保有効果）（注）,,
E01007,,,2024-03-31,000,エイチ・ツー・オーリテイリング㈱,,3118,6.0,販売取引関係の維持・発展のため（定量的な保有効果）（注）,,
E01007,,,2024-03-31,000,イオン㈱,,1509,5.0,販売取引関係の維持・発展のため（定量的な保有効果）（注）,,
E01007,,,2024-03-31,000,㈱ほくやく・竹山ホールディングス,,6138,5.0,販売取引関係の維持・発展のため（定量的な保有効果）（注）,,
E01007,,,2024-03-31,000,ユナイテッド・スーパーマーケット・ホールディングス㈱,,3971,3.0,販売取引関係の維持・発展のため（定量的な保有効果）（注）,,
E01007,,,2024-03-31,000,㈱オークワ,,3864,3.0,販売取引関係の維持・発展のため（定量的な保有効果）（注）,,
E01007,,,2024-03-31,000,㈱フジ,,1000,1.0,販売取引関係の維持・発展のため（定量的な保有効果）（注）,,
E01007,,,2024-03-31,000,㈱ジュンテンドー,,2858,1.0,販売取引関係の維持・発展のため（定量的な保有効果）（注）,,
E01007,,,2024-03-31,000,DCMホールディングス㈱,,1000,1.0,販売取引関係の維持・発展のため（定量的な保有効果）（注）,,
E01007,,,2024-03-31,000,㈱いなげや,,1000,1.0,販売取引関係の維持・発展のため（定量的な保有効果）（注）,,
E01007,,,2024-03-31,000,㈱ミスターマックス・ホールディングス,,1331,0.0,販売取引関係の維持・発展のため（定量的な保有効果）（注）,,
E01007,,,2024-03-31,000,㈱コメリ,,135,0.0,販売取引関係の維持・発展のため（定量的な保有効果）（注）,,
E02902,,,2025-03-31,000,日東工業株式会社,,19272,60032.0,商品の調達等において良好な取引関係の維持を図るために保有しております。業務連携等はありません。,,
E02902,,,2025-03-31,000,アイホン株式会社,,6800,17680.0,商品の調達等において良好な取引関係の維持を図るために保有しております。業務連携等はありません。,,
E02902,,,2025-03-31,000,イワブチ株式会社,,700,4410.0,商品の調達等において良好な取引関係の維持を図るために保有しております。業務連携等はありません。,,
E02902,,,2025-03-31,000,藤井産業株式会社,,100,246.0,業界動向の把握及び同業他社の情報収集のために保有しております。業務連携等はありません。,,
E02902,,,2025-03-31,000,因幡電機産業株式会社,,200,760.0,業界動向の把握及び同業他社の情報収集のために保有しております。業務連携等はありません。,,
E02902,,,2025-03-31,000,スズデン株式会社,,100,189.0,業界動向の把握及び同業他社の情報収集のために保有しております。業務連携等はありません。,,
E02902,,,2025-03-31,000,株式会社たけびし,,100,181.0,業界動向の把握及び同業他社の情報収集のために保有しております。業務連携等はありません。,,
E01222,,,2025-03-31,000,新日本空調㈱（注）２,,379600,662.0,地中熱利用杭工法「地熱トルネード工法」の共同開発等、協業ビジネスにおいて関係強化,,
E01222,,,2025-03-31,000,㈱ダイヘン,,70000,443.0,基礎建設関連の重要部材仕入等、協業ビジネスにおいて関係強化,,
E01222,,,2025-03-31,000,㈱横河ブリッジホールディングス,,100000,251.0,インフラ整備等に係る基礎建設受注等、ビジネス拡大のための関係強化,,
E01222,,,2025-03-31,000,ジェイエフイーホールディングス㈱,,135000,246.0,鋼管杭工法「コン剛パイル」などの共同開発、基礎建設関連の重要部材仕入等、協業ビジネスにおいて関係強化,,
E01222,,,2025-03-31,000,太平洋セメント㈱,,61200,238.0,コンクリートパイル製造に係る原材料仕入等、協業ビジネスにおいて関係強化,,
E01222,,,2025-03-31,000,㈱十六フィナンシャルグループ,,40584,196.0,金融取引の円滑化、ビジネスマッチング等による事業拡大・業務効率化,,
E01222,,,2025-03-31,000,㈱タクマ,,85000,155.0,工場建設・特殊建造物等に係る基礎建設受注等、ビジネス拡大のための関係強化,,
E01222,,,2025-03-31,000,高周波熱錬㈱,,149200,144.0,コンクリートパイル製造に係る鋼材仕入等、協業ビジネスにおいて関係強化,,
E01222,,,2025-03-31,000,岡部㈱,,155000,132.0,杭頭半剛接合「ＳＲパイルアンカー工法」の共同開発等、協業ビジネスにおいて関係強化,,
E01222,,,2025-03-31,000,㈱りそなホールディングス,,102580,132.0,金融取引の円滑化、信用リスクヘッジ、ビジネスマッチング等による事業拡大・業務効率化,,
E01222,,,2025-03-31,000,矢作建設工業㈱,,80186,102.0,中部地区における基礎建設受注等、協業ビジネスにおいて関係強化,,
E01222,,,2025-03-31,000,フルサト・マルカホールディングス㈱,,35991,85.0,基礎建設関連の重機購入等、協業ビジネスにおいて関係強化,,
E01222,,,2025-03-31,000,日本管財ホールディングス㈱,,26600,70.0,工場・ビルの更新投資に係る基礎建設受注等、ビジネス拡大のための関係強化,,
E01222,,,2025-03-31,000,英和㈱,,30000,66.0,コンクリートパイル製造に係る設備機器購入等、ビジネス拡大のための関係強化,,
E01222,,,2025-03-31,000,徳倉建設㈱,,11006,53.0,中部地区における基礎建設受注等、協業ビジネスにおいて関係強化配当再投資による増加,,
E01222,,,2025-03-31,000,㈱三十三フィナンシャルグループ,,17600,41.0,金融取引の円滑化、ビジネスマッチング等による事業拡大・業務効率化,,
E01222,,,2025-03-31,000,㈱みずほフィナンシャルグループ,,5827,23.0,金融取引の円滑化、信用リスクヘッジ、ビジネスマッチング等による事業拡大・業務効率化,,
E01222,,,2025-03-31,000,㈱三井住友フィナンシャルグループ（注）３,,4605,17.0,金融取引の円滑化、信用リスクヘッジ、ビジネスマッチング等による事業拡大・業務効率化,,
E01222,,,2025-03-31,000,トルク㈱,,57000,14.0,基礎建設関連の機材・治具購入等、協業ビジネスにおいて関係強化,,
E01222,,,2025-03-31,000,高島㈱,,8800,11.0,コンクリートパイル販売・施工等、協業ビジネスにおいて関係強化,,
E01222,,,2025-03-31,000,小野建㈱,,5800,8.0,九州地区における基礎建設受注等、協業ビジネスにおいて関係強化,,
E02541,,,2024-03-31,000,㈱三菱UFJフィナンシャル・グループ,,929890,1447.0,財務上の政策投資目的であります。定量的な保有効果の記載が困難であるため記載しておりませんが、合理性の検証については、当社との取引状況・株価動向や業績並びに配当金の受取状況等を取締役会で検証しております。,,
E02541,,,2024-03-31,000,㈱魚力,,194400,476.0,資本業務提携契約締結による営業上の政策投資目的であります。定量的な保有効果の記載が困難であるため記載しておりませんが、合理性の検証については、当社との取引状況・株価動向や業績並びに配当金の受取状況等を取締役会で検証しております。,,
E02541,,,2024-03-31,000,マルハニチロ㈱,,108885,323.0,営業上の政策投資目的であります。定量的な保有効果の記載が困難であるため記載しておりませんが、合理性の検証については、当社との取引状況・株価動向や業績並びに配当金の受取状況等を取締役会で検証しております。,,
E02541,,,2024-03-31,000,横浜丸魚㈱,,210000,204.0,営業上の政策投資目的であります。定量的な保有効果の記載が困難であるため記載しておりませんが、合理性の検証については、当社との取引状況・株価動向や業績並びに配当金の受取状況等を取締役会で検証しております。,,
E02541,,,2024-03-31,000,東洋水産㈱,,7801,73.0,営業上の政策投資目的であります。定量的な保有効果の記載が困難であるため記載しておりませんが、合理性の検証については、当社との取引状況・株価動向や業績並びに配当金の受取状況等を取締役会で検証しております。,,
E02541,,,2024-03-31,000,㈱ヨンキュウ,,13200,30.0,商材の安定供給等、営業上の政策投資目的であります。定量的な保有効果の記載が困難であるため記載しておりませんが、合理性の検証については、当社との取引状況・株価動向や業績並びに配当金の受取状況等を取締役会で検証しております。,,
E02541,,,2024-03-31,000,東急㈱,,9516,17.0,営業上の政策投資目的であります。定量的な保有効果の記載が困難であるため記載しておりませんが、合理性の検証については、当社との取引状況・株価動向や業績並びに配当金の受取状況等を取締役会で検証しております。,,
E05739,,,2024-03-31,000,Ｇｒａｂ　Ｈｏｌｄｉｎｇｓ　Ｌｔｄ,,28221158,13417.0,ASEANトップクラスのスーパーアプリケーションを展開する同社と、主に金融・決済領域における協業事業拡大を目的に株式を保有しております。なお、出資先の株式売却時に売却対価として同社株式を受領したため株数が増加しております。 また、上記「イ．」の保有基準に基づく検証のうえ、保有継続の合理性があるものと判断しております。詳細な保有効果、判断に係る各種情報は、同社との機密情報に抵触するため、開示しておりません。,,
E05739,,,2024-03-31,000,（株）インターネットイニシアティブ,,2112000,5989.0,同社との長期的・安定的な取引関係の構築、および当社のインフラ・ネットワーク関連事業の拡大に向けた協業推進のため、株式を保有しております。なお、同社株式の株式分割により株数が増加しております。また、上記「イ．」の保有基準に基づく検証のうえ、保有継続の合理性があるものと判断しております。詳細な保有効果、判断に係る各種情報は、同社との機密情報に抵触するため、開示しておりません。,,
E05739,,,2024-03-31,000,セカンドサイトアナリティカ（株）,,1020000,638.0,金融領域のAI/データ分析において強みがある同社との協業関係強化のため株式を保有しております。なお、上記「イ．」の保有基準に基づく検証のうえ、保有継続の合理性があるものと判断しております。詳細な保有効果、判断に係る各種情報は、同社との機密情報に抵触するため、開示しておりません。,,
E05739,,,2024-03-31,000,（株）ＢｅｅＸ,,27300,104.0,当社の戦略保有株式の縮減方針に基づき株式を売却致しました。本文書開示時点では全量売却完了しております。,,
E05739,,,2024-03-31,000,（株）ココペリ,,188300,74.0,AIを活用した与信管理の領域に強みのある同社との技術連携の強化のため株式を保有しております。なお、上記「イ．」の保有基準に基づく検証のうえ、保有継続の合理性があるものと判断しております。詳細な保有効果、判断に係る各種情報は、同社との機密情報に抵触するため、開示しておりません。,,
E05739,,,2024-03-31,000,ブルーイノベーション（株）,,33333,43.0,ドローンやロボティクス領域に強みのある同社との技術連携強化のため株式を保有しております。なお、上記「イ．」の保有基準に基づく検証のうえ、保有継続の合理性があるものと判断しております。詳細な保有効果、判断に係る各種情報は、同社との機密情報に抵触するため、開示しておりません。,,
E05739,,,2024-03-31,000,（株）ＷＡＣＵＬ,,75000,39.0,AIやデジタルマーケティング領域に強みのある同社との技術連携強化のため株式を保有しております。なお、上記「イ．」の保有基準に基づく検証のうえ、保有継続の合理性があるものと判断しております。詳細な保有効果、判断に係る各種情報は、同社との機密情報に抵触するため、開示しておりません。,,
E05739,,,2024-03-31,000,（株）インテリジェント　ウェイブ,,12000,14.0,当社の決済事業における主要なビジネスパートナーの一社として、良好な関係の維持、強化を図るため株式を保有しております。なお、上記「イ．」の保有基準に基づく検証のうえ、保有継続の合理性があるものと判断しております。詳細な保有効果、判断に係る各種情報は、同社との機密情報に抵触するため、開示しておりません。,,
E05739,,,2024-03-31,000,（株）ＴｒｕｅＤａｔａ,,20000,9.0,同社が強みとしている小売業におけるビッグデータを活用した協業・新規ビジネス創出のため株式を保有しております。なお、上記「イ．」の保有基準に基づく検証のうえ、保有継続の合理性があるものと判断しております。詳細な保有効果、判断に係る各種情報は、同社との機密情報に抵触するため、開示しておりません。,,
E01816,,,2024-03-31,000,日本電設工業㈱,,517024,1102295.0,当社最大の顧客である東日本旅客鉄道㈱より工事を受注しており、当社においても主要な製品の販売先であります。今後とも長期的な関係を維持し強化することにより当社の受注、収益を確保し、企業価値の向上及び事業の円滑な推進を図るために必要と判断し、株式を保有しております。,,
E01816,,,2024-03-31,000,東日本旅客鉄道㈱,,255000,744345.0,当社の主力製品である鉄道信号機器全般の最大の販売先であります。前身の日本国有鉄道時代からの顧客であり、分割民営化後1993年の株式上場以来株式を保有しております。今後とも長期的な関係を維持し強化することにより当社の受注、収益を確保し、企業価値の向上及び事業の円滑な推進を図るために必要と判断し、株式を保有しております。,,
E01816,,,2024-03-31,000,日本リーテック㈱,,502651,689134.0,当社製品の主要な販売先であり、関係の維持・強化及び当社の持続的な成長と中長期的な企業価値の向上及び事業の円滑な推進を図るために必要と判断し、株式を保有しております。,,
E01816,,,2024-03-31,000,西日本旅客鉄道㈱,,200000,627400.0,当社製品の主要な販売先であり、1996年の株式上場以来株式を保有しております。今後とも長期的な関係を維持し強化することにより当社の受注、収益を確保し、企業価値の向上及び事業の円滑な推進を図るために必要と判断し、株式を保有しております。,,
E01816,,,2024-03-31,000,東海旅客鉄道㈱,,150000,558900.0,当社製品の主要な販売先であり、1997年の株式上場以来株式を保有しております。今後とも長期的な関係を維持し強化することにより当社の受注、収益を確保し、企業価値の向上及び事業の円滑な推進を図るために必要と判断し、株式を保有しております。,,
E01816,,,2024-03-31,000,㈱みずほフィナンシャルグループ,,61941,188672.0,当社設立後最初の増資を行った1954年より、その前身である㈱第一銀行時代から取引のある当社の主要取引金融機関であり、取引の円滑化により企業価値の向上及び事業の推進を図るために必要と判断し、株式を保有しておりますが、財務体質強化を目的として見直しを図ります。,,
E01816,,,2024-03-31,000,㈱三井住友フィナンシャルグループ,,14532,129465.0,取引金融機関であり、関係の維持・強化及び当社の持続的な成長と中長期的な企業価値の向上及び事業の円滑な推進を図るために必要と判断し、株式を保有しておりますが、財務体質強化を目的として見直しを図ります。,,
E01816,,,2024-03-31,000,日本信号㈱,,111562,115801.0,当社製品の販売、及び部品の仕入先であります。今後とも長期的な関係を維持強化し、取引の円滑化により企業価値の向上及び事業の推進を図るために必要と判断し、株式を保有しております。,,
E01816,,,2024-03-31,000,第一生命ホールディングス㈱,,29900,115204.0,取引金融機関であり、関係の維持・強化及び当社の持続的な成長と中長期的な企業価値の向上及び事業の円滑な推進を図るために必要と判断し、株式を保有しておりますが、財務体質強化を目的として見直しを図ります。,,
E01816,,,2024-03-31,000,㈱三菱ＵＦＪフィナンシャル・グループ,,72090,112244.0,取引金融機関であり、関係の維持・強化及び当社の持続的な成長と中長期的な企業価値の向上及び事業の円滑な推進を図るために必要と判断し、株式を保有しておりますが、財務体質強化を目的として見直しを図ります。,,
E01816,,,2024-03-31,000,九州旅客鉄道㈱,,31000,109833.0,当社製品の主要な販売先であり、2016年の株式上場以来株式を保有しております。今後とも長期的な関係を維持し強化することにより当社の受注、収益を確保し、企業価値の向上及び事業の円滑な推進を図るために必要と判断し、株式を保有しております。,,
E01816,,,2024-03-31,000,㈱東邦銀行,,275487,99175.0,当社の創業時より取引のある金融機関であり、主力生産拠点のある福島県の指定金融機関であります。今後とも長期的な関係を維持強化し、取引の円滑化により企業価値の向上及び事業の推進を図るために必要と判断し、株式を保有しておりますが、財務体質強化を目的として見直しを図ります。,,
E01816,,,2024-03-31,000,京成電鉄㈱,,13644,84033.0,当社製品の販売先であり、関係の維持・強化及び当社の持続的な成長と中長期的な企業価値の向上及び事業の円滑な推進を図るために必要と判断し、株式を保有しております。,,
E01816,,,2024-03-31,000,ブルドックソース㈱,,36000,74736.0,取引先との関係の維持・強化及び当社の持続的な成長と中長期的な企業価値の向上及び事業の円滑な推進を図るために必要と判断し、株式を保有しておりますが、財務体質強化を目的として見直しを図ります。,,
E01816,,,2024-03-31,000,新光商事㈱,,6072,7268.0,当社の原材料の主要な仕入先であり、関係の維持・強化及び当社の持続的な成長と中長期的な企業価値の向上及び事業の円滑な推進を図るために必要と判断し、株式を保有しております。,,
E01715,,,2024-09-30,000,㈱日伝,,44851,150253.0,取引関係の円滑な維持として事業上の取り組み強化を目的に保有しております。また持株会に加入しており、定期的に購入するため増加しております。保有目的が適切か、保有に伴う便益やリスクが資本コストに見合っているか等を具体的に精査した結果を、2024年９月の取締役会において、政策保有株式の検証の件として決議しており、適正と判断しております。,,
E01715,,,2024-09-30,000,コクヨ㈱,,10000,25310.0,営業上の取引先として事業上の取り組み強化を目的に保有しております。保有目的が適切か、保有に伴う便益やリスクが資本コストに見合っているか等を具体的に精査した結果を、2024年９月の取締役会において、政策保有株式の検証の件として決議しており、適正と判断しております。,,
E01715,,,2024-09-30,000,㈱GSIクレオス,,4000,7984.0,営業上の取引先として事業上の取り組み強化を目的に保有しております。保有目的が適切か、保有に伴う便益やリスクが資本コストに見合っているか等を具体的に精査した結果を、2024年９月の取締役会において、政策保有株式の検証の件として決議しており、適正と判断しております。,,
E01715,,,2024-09-30,000,グンゼ㈱,,1200,6756.0,取引関係の円滑な維持として事業上の取り組み強化を目的に保有しております。保有目的が適切か、保有に伴う便益やリスクが資本コストに見合っているか等を具体的に精査した結果を、2024年９月の取締役会において、政策保有株式の検証の件として決議しており、適正と判断しております。,,
E04510,,,2025-03-31,000,三菱重工業㈱,,4082000,10311.0,発電事業(発電プラントの建設、保守等)における重要取引先。営業上の取引基盤の維持・強化を目的として保有。,,
E04510,,,2025-03-31,000,鹿島建設㈱,,2273900,6930.0,発電事業(建設等)における重要取引先。営業上の取引基盤の維持・強化を目的として保有。,,
E04510,,,2025-03-31,000,㈱Ｔ＆Ｄホールディングス,,1683650,5343.0,資金調達における安定的な供給元。金融取引基盤の維持・強化を目的として保有。,,
E04510,,,2025-03-31,000,㈱大和証券グループ本社,,4296000,4269.0,社債発行等の有価証券関連業務の相手先。金融取引基盤の維持・強化を目的として保有。,,
E04510,,,2025-03-31,000,清水建設㈱,,2809000,3717.0,発電事業(建設等)における重要取引先。営業上の取引基盤の維持・強化を目的として保有。,,
E04510,,,2025-03-31,000,東日本旅客鉄道㈱,,1008300,2976.0,風力発電事業における協働事業検討の相手先。事業上の関係の維持・強化・構築を目的として保有。,,
E04510,,,2025-03-31,000,㈱大林組,,1221000,2422.0,発電事業(建設等)における重要取引先。営業上の取引基盤の維持・強化を目的として保有。,,
E04510,,,2025-03-31,000,東海旅客鉄道㈱,,596500,1702.0,発電事業(非化石価値)における重要取引先。営業上の取引基盤の維持・強化を目的として保有。,,
E04510,,,2025-03-31,000,㈱日立製作所,,473000,1635.0,発電事業(発電プラントの建設、保守等)における重要取引先。営業上の取引基盤の維持・強化を目的として保有。,,
E04510,,,2025-03-31,000,飯野海運㈱,,1639800,1634.0,火力発電事業(石炭輸送)における重要取引先。営業上の取引基盤の維持・強化を目的として保有。,,
E04510,,,2025-03-31,000,日本郵船㈱,,313200,1541.0,火力発電事業(石炭輸送)における重要取引先。営業上の取引基盤の維持・強化を目的として保有。,,
E04510,,,2025-03-31,000,月島ホールディングス㈱,,697000,1191.0,汚泥燃料化合弁事業の相手先。協働事業展開の維持・強化を目的として保有。,,
E04510,,,2025-03-31,000,日本製鉄㈱,,313790,1002.0,火力発電合弁事業の相手先。協働事業展開の維持・強化を目的として保有。,,
E04510,,,2025-03-31,000,㈱日本製鋼所,,161000,842.0,風力発電事業(保守等)における重要取引先。営業上の取引基盤の維持・強化を目的として保有。,,
E04510,,,2025-03-31,000,㈱商船三井,,114000,591.0,火力発電事業(石炭輸送)における重要取引先。営業上の取引基盤の維持・強化を目的として保有。,,
E04510,,,2025-03-31,000,Green Earth Institute㈱,,240000,103.0,バイオマス燃料製造に関する共同検討先。事業上の関係の維持・強化・構築を目的として保有。,,
E04997,,,2024-03-31,000,㈱ＩＤホールディングス,,426150,660106.0,事業拡大、競争力強化を目的とした相互支援のため。,,
E04997,,,2024-03-31,000,アジア航測㈱,,550000,577500.0,事業上の取引関係の維持、向上のため。,,
E04997,,,2024-03-31,000,㈱みずほフィナンシャルグループ,,96175,292949.0,主要取引行との関係維持、向上のため。,,
E04997,,,2024-03-31,000,㈱三菱ＵＦＪフィナンシャル・グループ,,101000,157257.0,主要取引行との関係維持、向上のため。,,
E04997,,,2024-03-31,000,㈱NTTデータグループ,,50000,121375.0,事業上の取引関係の維持、向上のため。,,
E04997,,,2024-03-31,000,㈱エヌアイデイ,,48700,100029.0,中長期的な事業拡大、競争力強化を目的とした関係強化,,
E04997,,,2024-03-31,000,アイエックス・ナレッジ㈱,,71000,82644.0,事業上の取引関係の維持、向上のため。,,
E04997,,,2024-03-31,000,MITホールディングス㈱,,36000,24264.0,事業上の取引関係の維持、向上のため。,,
E04997,,,2024-03-31,000,㈱大垣共立銀行,,1918,4186.0,主要取引行との関係維持、向上のため。,,
E02237,,,2024-03-31,000,㈱エフテック,,10000,7.0,円滑な取引関係を維持するために取得後、継続保有,,
E02237,,,2024-03-31,000,㈱エフ・シー・シー,,4356,10.0,円滑な取引関係を維持するために取得後、継続保有,,
E02237,,,2024-03-31,000,Aquarius Engine A.M. Ltd.,,750600,40.0,LiCの活用も視野に入れた、エネルギーソリューション事業におけるシナジーの創出,,
E01946,,,2025-03-31,000,富士電機株式会社,,2684200,16900.0,（保有目的）当社商品の重要部品の安定購入を確保するため（業務提携等の概要）同社グループは、主に当社事業に必要な部品の購入先です。（定量的な保有効果）(注),,
E01946,,,2025-03-31,000,ナブテスコ株式会社,,3760000,8687.0,（保有目的）当社商品の重要部品の安定購入を確保するため（業務提携等の概要）主に当社事業に必要な部品の購入先です。（定量的な保有効果）(注),,
E01946,,,2025-03-31,000,津上精密機床（中国）有限公司,,6200000,2819.0,（保有目的）取引関係の維持・発展のため（業務提携等の概要）親会社である株式会社ツガミを含むツガミグループは、主に当社商品のお客様です。（定量的な保有効果）(注),,
E01946,,,2025-03-31,000,シチズン時計株式会社,,1000000,892.0,（保有目的）取引関係の維持・発展のため（業務提携等の概要）同社グループは、主に当社商品のお客様です。（定量的な保有効果）(注),,
E01946,,,2025-03-31,000,株式会社山善,,480000,632.0,（保有目的）取引関係の維持・発展のため（業務提携等の概要）当社商品の販売代理店です。（定量的な保有効果）(注),,
E01946,,,2025-03-31,000,株式会社ツガミ,,327000,595.0,（保有目的）取引関係の維持・発展のため（業務提携等の概要）同社グループは、主に当社商品のお客様です。（定量的な保有効果）(注),,
E01946,,,2025-03-31,000,株式会社牧野フライス製作所,,43249,505.0,（保有目的）取引関係の維持・発展のため（業務提携等の概要）主に当社商品のお客様です。（定量的な保有効果）(注),,
E01946,,,2025-03-31,000,株式会社岡本工作機械製作所,,94000,352.0,（保有目的）取引関係の維持・発展のため（業務提携等の概要）同社グループは、主に当社商品のお客様かつ当社事業に必要な部品の購入先です。（定量的な保有効果）(注),,
E01946,,,2025-03-31,000,株式会社シーイーシー,,120000,279.0,（保有目的）取引関係の維持・発展のため（業務提携等の概要）主に当社事業に必要なソフトウェアの開発業務の委託先です。（定量的な保有効果）(注),,
E01946,,,2025-03-31,000,黒田精工株式会社,,196800,195.0,（保有目的）取引関係の維持・発展のため（業務提携等の概要）主に当社商品のお客様です。（定量的な保有効果）(注),,
E01946,,,2025-03-31,000,株式会社ハーモニック・ドライブ・システムズ,,6500,21.0,（保有目的）当社商品の重要部品の安定購入を確保するため（業務提携等の概要）主に当社事業に必要な部品の購入先です。（定量的な保有効果）(注),,
E03516,,,2024-02-29,000,株式会社御園座,,12000,22.0,N/A,,
E03516,,,2024-02-29,000,東邦瓦斯株式会社,,12000,22.0,N/A,,
E03516,,,2024-02-29,000,中部日本放送株式会社,,568205,402.0,N/A,,
E03516,,,2024-02-29,000,株式会社御園座,,200000,378.0,N/A,,
E03516,,,2024-02-29,000,ANAホールディングス株式会社※１,,41100,134.0,N/A,,
E03516,,,2024-02-29,000,名港海運株式会社※１,,70903,108.0,N/A,,
E03516,,,2024-02-29,000,岡谷鋼機株式会社,,6600,93.0,N/A,,
E00113,,,2024-03-31,000,住友不動産株式会社,,352900,2045.0,当社と福利厚生施設・その他不動産紹介等の取引を行っております。取引関係の維持・強化を行い、建設事業の収益の安定および向上を目的に保有しております。,,
E00113,,,2024-03-31,000,ＭＳ＆ＡＤインシュアランスグループホールディングス株式会社,,149400,1215.0,当社と各種損害保険の取引を行っております。主要取引保険会社として、安定的な取引関係の維持・強化を目的に保有しております。,,
E00113,,,2024-03-31,000,若築建設株式会社,,290700,1047.0,今後の建設工事における土建工事等、アライアンスによる事業機会創出や取引・協業関係の構築を目的に保有しております。,,
E00113,,,2024-03-31,000,株式会社東京エネシス,,822700,1028.0,当社の同業他社であり、情報交換を頻繁に行う等強い協力関係にあり、また直近では環境活動を共同で行っております。取引関係の維持・強化を行い、建設事業の収益の安定および向上を目的に保有しております。,,
E00113,,,2024-03-31,000,株式会社三菱ＵＦＪフィナンシャル・グループ,,577300,898.0,当社の資金調達面で大きな役割を果たしております。主要取引金融機関として、金融取引の円滑化を目的に保有しております。,,
E00113,,,2024-03-31,000,西華産業株式会社,,234065,867.0,当社とメーカーに関する情報提供や、発電所運転シミュレーター機器の調達等で良好な関係を構築しております。またＥＰＣ事業参入に当たり、同社より出向者を１名受け入れ、海外調達に関するノウハウについて指導いただいております。取引関係の維持・強化を行い、建設事業の収益の安定および向上を目的に保有しております。,,
E00113,,,2024-03-31,000,ニシオホールディングス株式会社,,223900,866.0,当社と共同で開発した機材管理システムの運用、また本業の重機等のリースを主とした多くの取引を行っております。取引関係の維持・強化を行い、建設事業の収益の安定および向上を目的に保有しております。,,
E00113,,,2024-03-31,000,新日本空調株式会社,,242800,841.0,原子力発電所向けの技術を数多く保有しており、機器供給実績も多数あることから、当社がＥＰＣ事業に進出するにあたり、空調設備等の設計や工事に関しての事業機会創出や取引・協業関係の構築を目的に保有しております。,,
E00113,,,2024-03-31,000,日機装株式会社,,581121,748.0,ポンプ技術に優れており、発電所向けの供給実績も多数あることから、当社がＥＰＣ事業に進出するにあたり、ポンプ調達における事業機会創出や取引・協業関係の構築を目的に保有しております。,,
E00113,,,2024-03-31,000,株式会社ナガワ,,70300,556.0,当社と仮設ハウスやユニック車の販売・レンタルの取引を行っております。取引関係の維持・強化を行い、建設事業の収益の安定および向上を目的に保有しております。,,
E00113,,,2024-03-31,000,西川計測株式会社,,62000,429.0,純水装置の監視システムやボイラー制御など幅広い制御に対応し、また監視システムや通信機器、セキュリティ装置の設計・提案も行っていることから、当社がＥＰＣ事業に進出するにあたり、技術協力関係の構築を目的に保有しております。,,
E00113,,,2024-03-31,000,丸全昭和運輸株式会社,,91300,427.0,国内外に多くの拠点と物流網を持っており、プラントでの物流事業実績も多いことから、当社がＥＰＣ事業に進出するにあたり、調達品の運搬等に関する事業機会の創出や取引・協業関係の構築を目的に保有しております。,,
E00113,,,2024-03-31,000,株式会社三井住友フィナンシャルグループ,,47246,420.0,当社のメインバンクであり、資金調達面で大きな役割を果たしております。主要取引金融機関として、金融取引の円滑化を目的に保有しております。,,
E00113,,,2024-03-31,000,北海道電力株式会社,,431000,362.0,当社の主力である事業用発電設備のエンドユーザーであり、当社が発電所の建設・メンテナンス工事を行っております。取引関係の維持・強化を行い、建設事業の収益の安定および向上を目的に保有しております。,,
E00113,,,2024-03-31,000,大豊建設株式会社,,93800,320.0,当社と外注依頼を行う等の取引を行っております。また港湾工事のケーソン技術に優れており、当社の揚重技術と組み合わせた新しい洋上風力建設工法の研究を共同で行うため、共同研究契約を締結しております。今後の建設工事における土建工事等、アライアンスによる事業機会創出や取引・協業関係の構築を目的に保有しております。,,
E00113,,,2024-03-31,000,株式会社神戸製鋼所,,143219,294.0,当社と発電所の建設・メンテナンス工事に関する取引を行っております。取引関係の維持・強化を行い、建設事業の収益の安定および向上を目的に保有しております。,,
E00113,,,2024-03-31,000,株式会社巴コーポレーション,,357100,263.0,立体構造物や総合建設工事の企画、設計、製作、施工を主な事業としております。また発電所内での建設工事にも携わっていることから、当社が　ＥＰＣ事業に進出するにあたり、協業関係の構築を目的に保有しております。,,
E00113,,,2024-03-31,000,関西電力株式会社,,100151,219.0,当社の主力である事業用発電設備のエンドユーザーであり、当社が発電所の建設・メンテナンス工事を行っております。取引関係の維持・強化を行い、建設事業の収益の安定および向上を目的に保有しております。,,
E00113,,,2024-03-31,000,中部電力株式会社,,100674,200.0,当社の主力である事業用発電設備のエンドユーザーであり、当社が発電所の建設・メンテナンス工事を行っております。取引関係の維持・強化を行い、建設事業の収益の安定および向上を目的に保有しております。,,
E00113,,,2024-03-31,000,富士電機株式会社,,19000,194.0,当社と発電所の建設・メンテナンス工事に関する取引を行っております。取引関係の維持・強化を行い、建設事業の収益の安定および向上を目的に保有しております。,,
E00113,,,2024-03-31,000,東京電力ホールディングス株式会社,,203959,192.0,当社の主力である事業用発電設備のエンドユーザーであり、当社が発電所の建設・メンテナンス工事を行っております。取引関係の維持・強化を行い、建設事業の収益の安定および向上を目的に保有しております。,,
E00113,,,2024-03-31,000,第一生命ホールディングス株式会社,,42400,163.0,当社と総合福祉団体定期保険等の取引を行っております。主要取引保険会社として、安定的な取引関係の維持・強化を目的保有しております。,,
E00113,,,2024-03-31,000,岩谷産業株式会社,,17200,146.0,当社の測定工具の点検等の取引を行っております。取引関係の維持・強化を行い、建設事業の収益の安定および向上を目的に保有しております。,,
E00113,,,2024-03-31,000,株式会社植木組,,66600,110.0,当社の社員寮をはじめ社有施設の建設およびメンテナンスを手がけております。最近では環境に配慮した施設の建設を実現させたことから、今後の事業促進およびＥＳＧへの取り組みにおける協業関係の構築を目的に保有しております。,,
E00113,,,2024-03-31,000,株式会社大林組,,54000,100.0,当社の本社ビルの建設工事および設備改修工事等を手がけております。取引関係の維持・強化を行い、建設事業の収益の安定および向上を目的に保有しております。,,
E00113,,,2024-03-31,000,極東貿易株式会社,,39028,80.0,リース事業を展開しており、また発電設備の関連制御装置を扱っていることから、当社がＥＰＣ事業に進出するにあたり事業機会創出や取引・協業関係の構築を目的に保有しております。,,
E00113,,,2024-03-31,000,川崎重工業株式会社,,15540,79.0,当社と発電所の建設・メンテナンス工事に関する取引を行っております。取引関係の維持・強化を行い、建設事業の収益の安定および向上を目的に保有しております。,,
E00113,,,2024-03-31,000,第一カッター興業株式会社,,38100,60.0,塗装およびコンクリート構造物の切断・穿孔工事、また工場メンテナンス工事や解体工事等を行っていることから、当社と原子力発電所における事業機会創出や取引・協業関係の構築を目的に保有しております。,,
E00113,,,2024-03-31,000,東北電力株式会社,,50300,60.0,当社の主力である事業用発電設備のエンドユーザーであり、当社が発電所の建設・メンテナンス工事を行っております。取引関係の維持・強化を行い、建設事業の収益の安定および向上を目的に保有しております。,,
E00113,,,2024-03-31,000,三菱重工業株式会社,,3187,46.0,当社と発電所の建設・メンテナンス工事に関する取引を行っております。取引関係の維持・強化を行い、建設事業の収益の安定および向上を目的に保有しております。,,
E00113,,,2024-03-31,000,中国電力株式会社,,37200,43.0,当社の主力である事業用発電設備のエンドユーザーであり、当社が発電所の建設・メンテナンス工事を行っております。取引関係の維持・強化を行い、建設事業の収益の安定および向上を目的に保有しております。,,
E00113,,,2024-03-31,000,保土谷化学工業株式会社,,11500,41.0,子会社が防水・止水工事を行っており、原子力発電所における事業機会創出や取引・協業関係の構築を目的に保有しております。,,
E00113,,,2024-03-31,000,株式会社めぶきフィナンシャルグループ,,81900,41.0,当社の資金調達面や地方の情報収集といった面において協力的な関係を構築しております。主要取引金融機関として、金融取引の円滑化を目的に保有しております。,,
E00113,,,2024-03-31,000,九州電力株式会社,,23800,32.0,当社の主力である事業用発電設備のエンドユーザーであり、当社が発電所のメンテナンス工事を行っております。取引関係の維持・強化を行い、建設事業の収益の安定および向上を目的に保有しております。,,
E00113,,,2024-03-31,000,株式会社千葉銀行,,24000,30.0,当社の資金調達面や地方の情報収集といった面において協力的な関係を構築しております。主要取引金融機関として、金融取引の円滑化を目的に保有しております。,,
E00113,,,2024-03-31,000,エア・ウォーター株式会社,,10800,25.0,当社とプラントのメンテナンス工事に関する取引を行っております。取引関係の維持・強化を行い、建設事業の収益の安定および向上を目的に保有しております。,,
E00113,,,2024-03-31,000,イーレックス株式会社,,35900,24.0,当社の主力である事業用発電設備のエンドユーザーであり、当社がバイオマス発電所の建設・メンテナンス工事を行っております。取引関係の維持・強化を行い、建設事業の収益の安定および向上を目的に保有しております。,,
E00113,,,2024-03-31,000,電源開発株式会社,,10000,24.0,当社の主力である事業用発電設備のエンドユーザーであり、当社が発電所の建設・メンテナンス工事を行っております。取引関係の維持・強化を行い、建設事業の収益の安定および向上を目的に保有しております。,,
E00113,,,2024-03-31,000,北陸電力株式会社,,21100,16.0,当社の主力である事業用発電設備のエンドユーザーであり、当社が発電所の建設・メンテナンス工事を行っております。取引関係の維持・強化を行い、建設事業の収益の安定および向上を目的に保有しております。,,
E00113,,,2024-03-31,000,富士古河Ｅ＆Ｃ株式会社,,2600,15.0,当社と発電所の建設・メンテナンス工事に関する取引を行っております。取引関係の維持・強化を行い、建設事業の収益の安定および向上を目的に保有しております。,,
E00113,,,2024-03-31,000,ＪＦＥホールディングス株式会社,,5400,13.0,当社と発電所の建設・メンテナンス工事に関する取引を行っております。取引関係の維持・強化を行い、建設事業の収益の安定および向上を目的に保有しております。,,
E00113,,,2024-03-31,000,四国電力株式会社,,11200,13.0,当社の主力である事業用発電設備のエンドユーザーであり、当社が発電所のメンテナンス工事を行っております。取引関係の維持・強化を行い、建設事業の収益の安定および向上を目的に保有しております。,,
E00113,,,2024-03-31,000,大王製紙株式会社,,10000,11.0,当社とプラントのメンテナンス工事に関する取引を行っております。取引関係の維持・強化を行い、建設事業の収益の安定および向上を目的に保有しております。,,
E00113,,,2024-03-31,000,株式会社ＩＨＩ,,2700,11.0,当社と発電所の建設・メンテナンス工事に関する取引を行っております。取引関係の維持・強化を行い、建設事業の収益の安定および向上を目的に保有しております。,,
E00113,,,2024-03-31,000,日本製紙株式会社,,4874,5.0,当社とプラントのメンテナンス工事に関する取引を行っております。取引関係の維持・強化を行い、建設事業の収益の安定および向上を目的に保有しております。なお、取引先持株会加入により保有株式数が増加しております。,,
E04093,,,2025-03-31,000,スルガ銀行㈱,,1111167,1493408.0,(a)静岡エリアにおける安定的な金融取引や情報収集等、協力関係の構築。契約バス輸送等の営業取引の維持・強化。(b)8.03％(c)－,,
E04093,,,2025-03-31,000,㈱山梨中央銀行,,531536,1146523.0,(a)山梨エリアにおける安定的な金融取引や情報収集等、協力関係の構築。(b)8.75％(c)－,,
E04093,,,2025-03-31,000,住友不動産㈱,,128700,719819.0,(a)同社関連ビルへの契約バス輸送等、営業取引の維持・強化。当社不動産事業の価値向上に資する不動産情報の収集等、協力関係の構築。(b)8.32％(c)－,,
E04093,,,2025-03-31,000,㈱ＮＳＤ,,140300,469163.0,(a)システム・ソフト開発や情報サービス分野での情報収集等、協力関係の構築。(b)27.35％(c)－,,
E04093,,,2025-03-31,000,㈱ＴＡＫＡＲＡ＆ＣＯＭＰＡＮＹ,,89000,293700.0,(a)ディスクロージャー関連情報の収集等、協力関係の構築。(b)9.76％(c)－,,
E04093,,,2025-03-31,000,みずほリース㈱,,250000,260750.0,(a)当社各事業における安定的なリース取引や金融情報の収集等、協力関係の構築。(b)27.78％(c)－,,
E04093,,,2025-03-31,000,リオン㈱,,88300,216864.0,(a)遊戯機械探傷機器等の導入や安全確保に関する情報収集等、協力関係の構築。(b)8.21％(c)－,,
E04093,,,2025-03-31,000,㈱松屋,,200000,212800.0,(a)ＣＳ向上に資する情報収集や備品の購入等、協力関係の構築。(b)1.23％(c)－,,
E04093,,,2025-03-31,000,極東開発工業㈱,,66400,157301.0,(a)廃棄物処理業における機械式ごみ収集車等の導入や特装車両に関する情報収集等、協力関係の構築。(b)17.53％(c)－,,
E04093,,,2025-03-31,000,阪和興業㈱,,27200,133008.0,(a)当社事業への広告協賛等の営業取引の維持・強化。海外遊戯機械メーカー代理店である同社への発注取引や情報収集等、協力関係の構築。(b)16.81％(c)－,,
E04093,,,2025-03-31,000,㈱モスフードサービス,,31200,114192.0,(a)同社の展開するフードチェーン店とのテナント契約等、営業取引の維持・強化。(b)4.25％(c)－,,
E04093,,,2025-03-31,000,松井建設㈱,,121000,107690.0,(a)建設業を営む同社との情報交換等、協力関係の構築。(b)8.49％(c)－,,
E04093,,,2025-03-31,000,㈱ミライト・ワン,,42000,91476.0,(a)情報通信機器等の導入や情報通信分野での情報収集等、協力関係の構築。(b)11.61％(c)－,,
E04093,,,2025-03-31,000,㈱共和電業,,125000,58750.0,(a)バス安全訓練車システムの導入や当社運輸事業の安全性の向上に資する情報収集等、協力関係の構築。(b)2.52％(c)－,,
E04093,,,2025-03-31,000,㈱稲葉製作所,,34800,58568.0,(a)各事業所への物置設置やオフィス家具等に関する情報収集等、協力関係の構築。(b)3.98％(c)－,,
E04093,,,2025-03-31,000,東京汽船㈱,,74000,56314.0,(a)旅客船事業を営む同社との情報交換等、協力関係の構築。(b)2.95％(c)－,,
E04093,,,2025-03-31,000,㈱ヤクルト本社,,19400,55367.0,(a)飲料商品の安定的な仕入取引の維持・強化や情報収集等、協力関係の構築。(b)2.46％(c)－,,
E04093,,,2025-03-31,000,ビーブイゼットホールディング,,157,25634.0,(a)傘下のマッターホルン・ゴッタルド鉄道との姉妹鉄道提携関係の維持・強化。当社鉄道事業の発展に資する人材交流や情報交換等、協力関係の構築。(b)7.74％(c)－,,
E04093,,,2025-03-31,000,㈱みずほフィナンシャルグループ,,5952,24111.0,(a)傘下のみずほ銀行は当社のメインバンク。銀行・信託・証券等専門分野での安定的かつ幅広い金融取引や情報収集等、協力関係の構築。(b)22.70％(c)－,,
E04093,,,2025-03-31,000,東海汽船㈱,,5000,14570.0,(a)港運営受託等の営業取引の維持・強化や、旅客船事業を営む同社との情報交換等、協力関係の構築。(b)24.79％(c)－,,
E04093,,,2025-03-31,000,小田急電鉄㈱,,2000,2956.0,(a)首都圏で鉄道・バス事業等を営む同社との情報交換等、協力関係の構築。(b)700.08％(c)－,,
E04093,,,2025-03-31,000,㈱三菱ＵＦＪフィナンシャル・グループ,,1200,2413.0,(a)銀行・信託・証券等専門分野での安定的かつ幅広い金融取引や情報収集等、協力関係の構築。(b)23.99％(c)－,,
E02722,,,2024-11-20,000,ニチハ㈱,,33000,97218.0,主に、外壁材等の仕入を行っており事業活動の円滑化及び中長期的な企業価値の向上を図るため保有しております。,,
E02722,,,2024-11-20,000,アイカ工業㈱,,10000,33410.0,N/A,,
E02722,,,2024-11-20,000,住友不動産㈱,,7000,32781.0,主に、外構工事等の売上を行っており安定的取引の強化及び事業活動の円滑化、並びに中長期的な企業価値の向上を図るため保有しております。,,
E02722,,,2024-11-20,000,永大産業㈱,,100000,21300.0,主に、内装建材等の仕入を行っており事業活動の円滑化及び中長期的な企業価値の向上を図るため保有しております。,,
E02722,,,2024-11-20,000,㈱ノーリツ,,11300,19379.0,主に、給湯器等の仕入を行っており事業活動の円滑化及び中長期的な企業価値の向上を図るため保有しております。,,
E02722,,,2024-11-20,000,㈱三菱ＵＦＪフィナンシャル・グループ,,9980,18123.0,日々の業務支援実績及び円滑な資金調達などの財務面での安全性・安定性を高めるため保有しております。,,
E02722,,,2024-11-20,000,㈱ヤマダホールディングス,,19840,9247.0,N/A,,
E02722,,,2024-11-20,000,飯田グループホールディングス㈱,,4000,8796.0,主に、住宅設備機器等の販売を行っており安定的取引の強化及び事業活動の円滑化、並びに中長期的な企業価値の向上を図るため保有しております。,,
E02722,,,2024-11-20,000,㈱ＬＩＸＩＬ,,4598,8101.0,主に、住宅設備機器等の仕入を行っており事業活動の円滑化及び中長期的な企業価値の向上を図るため保有しております。,,
E02722,,,2024-11-20,000,㈱りそなホールディングス,,3350,4088.0,日々の業務支援実績及び円滑な資金調達などの財務面での安全性・安定性を高めるため保有しております。,,
E02722,,,2024-11-20,000,㈱ナガワ,,100,662.0,主に、外壁材等の販売を行っており安定的取引の強化及び事業活動の円滑化、並びに中長期的な企業価値の向上を図るため保有しておりますが、必要最低限の僅少な投資額で株式を保有しております。,,
E01643,,,2025-03-31,000,因幡電機産業㈱,,636968,2420.0,取引関係の維持・発展のために保有しており、熱交換器事業及びプロセスエンジニアリング事業にて取引を行っております。,,
E01643,,,2025-03-31,000,㈱酉島製作所,,619900,1266.0,取引関係の維持・発展のために保有しており、プロセスエンジニアリング事業にて取引を行っております。,,
E01643,,,2025-03-31,000,新日本空調㈱,,569400,994.0,取引関係の維持・発展のために保有しており、熱交換器事業にて取引を行っております。なお、同社は2024年3月31日付で１株につき２株の割合で株式分割を実施しております。,,
E01643,,,2025-03-31,000,㈱三菱ＵＦＪフィナンシャル・グループ,,478640,962.0,取引関係の維持・発展のために保有しており、金融取引等を行っております。,,
E01643,,,2025-03-31,000,ダイキン工業㈱,,50000,807.0,取引関係の維持・発展のために保有しており、熱交換器事業及びバルブ事業にて取引を行っております。コーポレートガバナンス・コードに基づく政策保有株式の見直しによる資産効率向上を図るため、当事業年度に一部株式を売却しております。,,
E01643,,,2025-03-31,000,㈱タクマ,,344000,631.0,取引関係の維持・発展のために保有しており、熱交換器事業にて取引を行っております。,,
E01643,,,2025-03-31,000,東テク㈱,,246000,599.0,取引関係の維持・発展のために保有しており、熱交換器事業、プロセスエンジニアリング事業及びバルブ事業にて取引を行っております。なお、同社は2024年3月31日付で１株につき３株の割合で株式分割を実施しております。,,
E01643,,,2025-03-31,000,ハウス食品グループ本社㈱,,196500,535.0,取引関係の維持・発展のために保有しており、熱交換器事業、プロセスエンジニアリング事業及びバルブ事業にて取引を行っております。,,
E01643,,,2025-03-31,000,ゼリア新薬工業㈱,,210000,473.0,取引関係の維持・発展のために保有しており、熱交換器事業にて取引を行っております。,,
E01643,,,2025-03-31,000,日本毛織㈱,,267000,414.0,取引関係の維持・発展のために保有しており、プロセスエンジニアリング事業にて取引を行っております。,,
E01643,,,2025-03-31,000,ロート製薬㈱,,154800,346.0,取引関係の維持・発展のために保有しており、プロセスエンジニアリング事業にて取引を行っております。,,
E01643,,,2025-03-31,000,㈱PILLAR,,100840,335.0,取引関係の維持・発展のために保有しており、熱交換器事業、プロセスエンジニアリング事業及びバルブ事業にて取引を行っております。,,
E01643,,,2025-03-31,000,㈱名村造船所,,140100,320.0,取引関係の維持・発展のために保有しており、熱交換器事業にて取引を行っております。,,
E01643,,,2025-03-31,000,日本製鉄㈱,,100000,319.0,取引関係の維持・発展のために保有しており、熱交換器事業、プロセスエンジニアリング事業及びバルブ事業にて取引を行っております。,,
E01643,,,2025-03-31,000,小松マテーレ㈱,,383500,301.0,取引関係の維持・発展のために保有しており、プロセスエンジニアリング事業にて取引を行っております。,,
E01643,,,2025-03-31,000,㈱進和,,60500,175.0,取引関係の維持・発展のために保有しており、熱交換器事業にて取引を行っております。,,
E01643,,,2025-03-31,000,㈱テクノスマート,,95000,158.0,取引関係の維持・発展のために保有しており、プロセスエンジニアリング事業にて取引を行っております。,,
E01643,,,2025-03-31,000,レイズネクスト㈱,,98700,149.0,取引関係の維持・発展のために保有しており、熱交換器事業及びバルブ事業にて取引を行っております。,,
E01643,,,2025-03-31,000,エスペック㈱,,46200,110.0,取引関係の維持・発展のために保有しており、熱交換器事業にて取引を行っております。,,
E01643,,,2025-03-31,000,旭松食品㈱,,42600,98.0,取引関係の維持・発展のために保有しており、プロセスエンジニアリング事業にて取引を行っております。,,
E01643,,,2025-03-31,000,セーレン㈱,,28166,69.0,取引関係の維持・発展のために保有しており、プロセスエンジニアリング事業にて取引を行っております。なお、株式数の増加理由は、取引先持株会での株式取得によるものであります。,,
E01643,,,2025-03-31,000,古林紙工㈱,,19100,39.0,取引関係の維持・発展のために保有しておりますが、取引状況等を勘案し、保有の継続を検討しております。,,
E01643,,,2025-03-31,000,㈱ソトー,,48000,32.0,取引関係の維持・発展のために保有しており、プロセスエンジニアリング事業にて取引を行っております。,,
E01643,,,2025-03-31,000,モリテックスチール㈱,,100000,17.0,取引関係の維持・発展のために保有しておりますが、取引状況等を勘案し、保有の継続を検討しております。,,
E01643,,,2025-03-31,000,㈱カネカ,,2499,9.0,取引関係の維持・発展のために保有しており、熱交換器事業、プロセスエンジニアリング事業及びバルブ事業にて取引を行っております。なお、株式数の増加理由は、取引先持株会での株式取得によるものであります。,,
E32951,,,2025-02-28,000,株式会社光陽社,,800,1166.0,取引関係維持強化に加え、印刷業界の動向や経営環境等の把握のために保有しております。定量的な保有効果について記載が困難なため、前述のaに基づいて検証しています。,,
E01408,,,2024-03-31,000,日本ペイントホールディングス㈱,,1233258,1323902.0,取引関係の維持、強化のため、同社株式を保有しております。取引先持株会を通じた株式の取得をしておりますが、当事業年度において一部株式を売却しております。,,
E01408,,,2024-03-31,000,明治ホールディングス㈱,,232224,786310.0,取引関係の維持、強化のため、同社株式を保有しております。当事業年度において一部株式を売却しております。,,
E01408,,,2024-03-31,000,㈱ＡＤＥＫＡ,,46084,148577.0,取引関係の維持、強化のため、同社株式を保有しております。取引先持株会を通じた株式の取得により、株式数が増加しております。,,
E01408,,,2024-03-31,000,㈱みずほフィナンシャルグループ,,39700,120926.0,金融取引や事業情報収集等、良好な取引関係の維持、強化のため同社株式を保有しております。,,
E01408,,,2024-03-31,000,昭和産業㈱,,31804,111316.0,取引関係の維持、強化のため、同社株式を保有しております。取引先持株会を通じた株式の取得により、株式数が増加しております。,,
E01408,,,2024-03-31,000,大日精化工業㈱,,8746,26106.0,取引関係の維持、強化のため、同社株式を保有しております。,,
E01408,,,2024-03-31,000,藤倉化成㈱,,33000,15840.0,取引関係の維持、強化のため、同社株式を保有しております。,,
E01408,,,2024-03-31,000,ＤＩＣ㈱,,2969,8574.0,取引関係の維持、強化のため、同社株式を保有しております。,,
E01408,,,2024-03-31,000,群栄化学工業㈱,,2128,8196.0,取引関係の維持、強化のため、同社株式を保有しております。取引先持株会を通じた株式の取得により、株式数が増加しております。,,
E01408,,,2024-03-31,000,日本製鉄㈱,,1908,6998.0,取引関係の維持、強化のため、同社株式を保有しております。,,
E01408,,,2024-03-31,000,大伸化学㈱,,3000,4650.0,取引関係の維持、強化のため、同社株式を保有しております。,,
E01408,,,2024-03-31,000,アトミクス㈱,,6000,4278.0,取引関係の維持、強化のため、同社株式を保有しております。,,
E01408,,,2024-03-31,000,関西ペイント㈱,,1047,2278.0,取引関係の維持、強化のため、同社株式を保有しております。,,
E01408,,,2024-03-31,000,㈱レゾナック・ホールディングス,,90,326.0,取引関係の維持、強化のため、同社株式を保有しております。,,
E01408,,,2024-03-31,000,神東塗料㈱,,1000,132.0,取引関係の維持、強化のため、同社株式を保有しております。,,
E05065,,,2025-03-31,000,東邦瓦斯(株),,11600,47977.0,当社の主要取引先であり、当社の主要な営業エリアである東海地区を中心として地域経済との関連性が強く、また、当社グループの主要得意先、設備機器の主要仕入先、また、ガス事業関連の業界動向や技術情報の提供先として、企業価値向上のため、さまざまな役割を担っていただいております。今後も同社との長期的で安定的な取引の維持を目的としております。,,
E05065,,,2025-03-31,000,(株)あいちフィナンシャルグループ,,6660,19020.0,当社の主要取引金融機関であり、当社の主要な営業エリアである東海地区を中心として地域経済との関連性が強く、また、当社グループの企業価値向上のため、資金調達、人材斡旋、不動産情報提供など、さまざまな役割を担っていただいております。今後も同行との長期的で安定的な取引の維持を目的としております。,,
E05065,,,2025-03-31,000,(株)三菱ＵＦＪフィナンシャル・グループ,,8840,17777.0,当社の主要取引金融機関であり、国内外の経済圏で事業展開しており、当社グループの営業エリアである東海地区以外でも地域経済と関連性が強く、また、企業価値向上のため、資金調達、人材斡旋、不動産情報など、情報量を最大限に利用して、さまざまな役割を担っていただいております。今後も同行との長期的で安定的な取引の維持を目的としております。,,
E05065,,,2025-03-31,000,(株)大垣共立銀行,,1400,3326.0,当社の主要取引金融機関であり、当社の主要な営業エリアである東海地区を中心として地域経済との関連性が強く、また、当社グループの企業価値向上のため、資金調達、取引先斡旋など、さまざまな役割を担っていただいております。今後も同行との長期的で安定的な取引の維持を目的としております。,,
E05065,,,2025-03-31,000,(株)名古屋銀行,,100,787.0,当社の主要取引金融機関であり、当社の主要な営業エリアである東海地区を中心として地域経済との関連性が強く、また、当社グループの企業価値向上のため、資金調達、取引先斡旋など、さまざまな役割を担っていただいております。今後も同行との長期的で安定的な取引の維持を目的としております。,,
E00304,,,2025-03-31,000,新日本空調株式会社,,291912,509678.0,環境システム事業における空調自動制御工事の受注活動及び管工機材事業における資機材の販売活動を円滑に進める目的から株式を保有しております。上記の目的から持株会で買付を行い前事業年度に比べて株式数が増加いたしました。また、株式分割により前事業年度に比べて株式数が増加しました。,,
E00304,,,2025-03-31,000,株式会社朝日工業社,,204851,397821.0,環境システム事業における空調自動制御工事の受注活動及び管工機材事業における資機材の販売活動を円滑に進める目的から株式を保有しております。上記の目的から持株会で買付を行い前事業年度に比べて株式数が増加いたしました。また、株式分割により前事業年度に比べて株式数が増加しました。,,
E00304,,,2025-03-31,000,株式会社ヤマト,,239058,354046.0,環境システム事業における空調自動制御工事の受注活動及び管工機材事業における資機材の販売活動を円滑に進める目的から株式を保有しております。また、上記の目的から持株会で買付を行い前事業年度に比べて株式数が増加いたしました。,,
E00304,,,2025-03-31,000,高砂熱学工業株式会社,,62826,348814.0,環境システム事業における空調自動制御工事の受注活動及び管工機材事業における資機材の販売活動を円滑に進める目的から株式を保有しております。また、上記の目的から持株会で買付を行い前事業年度に比べて株式数が増加いたしました。,,
E00304,,,2025-03-31,000,三機工業株式会社,,78828,266046.0,環境システム事業における空調自動制御工事の受注活動及び管工機材事業における資機材の販売活動を円滑に進める目的から株式を保有しております。また、上記の目的から持株会で買付を行い前事業年度に比べて株式数が増加いたしました。,,
E00304,,,2025-03-31,000,ダイダン株式会社,,64873,240679.0,環境システム事業における空調自動制御工事の受注活動及び管工機材事業における資機材の販売活動を円滑に進める目的から株式を保有しております。また、上記の目的から持株会で買付を行い前事業年度に比べて株式数が増加いたしました。,,
E00304,,,2025-03-31,000,株式会社テクノ菱和,,89778,235579.0,環境システム事業における空調自動制御工事の受注活動及び管工機材事業における資機材の販売活動を円滑に進める目的から株式を保有しております。また、上記の目的から持株会で買付を行い前事業年度に比べて株式数が増加いたしました。,,
E00304,,,2025-03-31,000,大成温調株式会社,,58600,216820.0,環境システム事業における空調自動制御工事の受注活動及び管工機材事業における資機材の販売活動を円滑に進める目的から株式を保有しております。また、上記の目的から持株会で買付を行い前事業年度に比べて株式数が増加いたしました。,,
E00304,,,2025-03-31,000,川崎設備工業株式会社,,200373,190355.0,環境システム事業における空調自動制御工事の受注活動及び管工機材事業における資機材の販売活動を円滑に進める目的から株式を保有しております。また、上記の目的から持株会で買付を行い前事業年度に比べて株式数が増加いたしました。,,
E00304,,,2025-03-31,000,株式会社大気社,,27594,126163.0,環境システム事業における空調自動制御工事の受注活動及び管工機材事業における資機材の販売活動を円滑に進める目的から株式を保有しております。また、上記の目的から持株会で買付を行い前事業年度に比べて株式数が増加いたしました。,,
E00304,,,2025-03-31,000,日比谷総合設備株式会社,,18942,59193.0,環境システム事業における空調自動制御工事の受注活動及び管工機材事業における資機材の販売活動を円滑に進める目的から株式を保有しております。,,
E00304,,,2025-03-31,000,橋本総業ホールディングス株式会社,,36300,43596.0,管工機材事業における、資機材の仕入れ活動及び販売活動を円滑に進めるほか、営業業務提携契約に基づく配送の協働化など関係強化の目的から株式を保有しております。,,
E00304,,,2025-03-31,000,株式会社三菱ＵＦＪフィナンシャル・グループ,,15000,30165.0,資金調達を行う上で円滑に取引を進める目的から株式を保有しております。,,
E00304,,,2025-03-31,000,株式会社コンコルディア・フィナンシャルグループ,,30296,29726.0,資金調達を行う上で円滑に取引を進める目的から株式を保有しております。,,
E00304,,,2025-03-31,000,アズビル株式会社,,24000,27636.0,環境システム事業の特約店として円滑に取引を進める目的から株式を保有しております。また、株式分割により前事業年度に比べて株式数が増加しました。,,
E00304,,,2025-03-31,000,日本空調サービス株式会社,,24000,23880.0,環境システム事業における空調自動制御工事の受注活動を円滑に進める目的から株式を保有しております。,,
E00304,,,2025-03-31,000,株式会社みずほフィナンシャルグループ,,3680,14907.0,資金調達を行う上で円滑に取引を進める目的から株式を保有しております。,,
E00304,,,2025-03-31,000,株式会社荏原製作所,,1435,3225.0,管工機材事業における資機材の仕入れ活動を円滑に進める目的から株式を保有しております。また、株式分割により前事業年度に比べて株式数が増加しました。,,
E01902,,,2024-03-31,000,㈱小糸製作所,,525000,1330.0,(保有目的)取引関係等の安定化・強化のため(業務提携等の概要)当社製品の販売の維持・強化(定量的な保有効果)(注)３,,
E01902,,,2024-03-31,000,㈱FUJI,,88548,236.0,(保有目的)取引関係等の安定化・強化のため(業務提携等の概要)当社製品の販売の維持・強化(定量的な保有効果)(注)３,,
E01902,,,2024-03-31,000,アルプスアルパイン㈱,,132536,158.0,(保有目的)取引関係等の安定化・強化のため(業務提携等の概要)当社製品の販売の維持・強化(定量的な保有効果)(注)３,,
E01902,,,2024-03-31,000,ニデック㈱,,21168,129.0,(保有目的)取引関係等の安定化・強化のため(業務提携等の概要)当社製品の販売の維持・強化(定量的な保有効果)(注)３,,
E01902,,,2024-03-31,000,SOMPOホールディングス㈱,,34903,111.0,(保有目的)取引関係等の安定化・強化のため(定量的な保有効果)(注)３,,
E01902,,,2024-03-31,000,㈱八十二銀行(注)４,,275295,286.0,(保有目的)取引金融機関としての取引の円滑化を図るため(定量的な保有効果)(注)３,,
E01902,,,2024-03-31,000,岡谷電機産業㈱,,256000,70.0,(保有目的)取引関係等の安定化・強化のため(業務提携等の概要)当社製品の販売の維持・強化(定量的な保有効果)(注)３,,
E01902,,,2024-03-31,000,㈱三菱UFJフィナンシャル・グループ,,197000,306.0,(保有目的)取引金融機関としての取引の円滑化を図るため(定量的な保有効果)(注)３,,
E01902,,,2024-03-31,000,㈱日立製作所,,21000,292.0,(保有目的)取引関係等の安定化・強化のため(業務提携等の概要)当社製品の販売の維持・強化(定量的な保有効果)(注)３,,
E01902,,,2024-03-31,000,㈱ナカヨ,,31200,36.0,(保有目的)取引関係等の安定化・強化のため(業務提携等の概要)当社製品の販売の維持・強化(定量的な保有効果)(注)３,,
E01902,,,2024-03-31,000,パナソニック　　 ホールディングス㈱,,37872,54.0,(保有目的)取引関係等の安定化・強化のため(業務提携等の概要)当社製品の販売の維持・強化(定量的な保有効果)(注)３,,
E01902,,,2024-03-31,000,㈱村田製作所,,9000,25.0,(保有目的)取引関係等の安定化・強化のため(業務提携等の概要)当社製品の販売の維持・強化(定量的な保有効果)(注)３,,
E01902,,,2024-03-31,000,ダイヤモンド電機㈱,,34566,25.0,(保有目的)取引関係等の安定化・強化のため(業務提携等の概要)当社製品の販売の維持・強化(定量的な保有効果)(注)３(株式数が増加した理由)持株会により増加,,
E01902,,,2024-03-31,000,㈱アルプス物流,,11000,32.0,(保有目的)取引関係等の安定化・強化のため(定量的な保有効果)(注)３,,
E01902,,,2024-03-31,000,アイホン㈱,,3168,9.0,(保有目的)取引関係等の安定化・強化のため(業務提携等の概要)当社製品の販売の維持・強化(定量的な保有効果)(注)３,,
E00570,,,2024-03-31,000,㈱ニッスイ,,2740000,2630.0,食品事業取引を行っており、関係強化を目的に保有しております。,,
E00570,,,2024-03-31,000,リケンテクノス㈱,,973415,977.0,資材事業取引を行っており、関係強化を目的に保有しております。,,
E00570,,,2024-03-31,000,東洋水産㈱,,97500,923.0,食品事業及び機械事業取引を行っており、関係強化を目的に保有しております。,,
E00570,,,2024-03-31,000,㈱みずほフィナンシャルグループ,,296549,903.0,金融取引を行っており、財務活動の円滑化を目的に保有しております。,,
E00570,,,2024-03-31,000,TOPPANホールディングス㈱,,65190,252.0,資材事業取引を行っており、関係強化を目的に保有しております。増加の理由は取引先持株会への参加による株式の配分であります。,,
E00570,,,2024-03-31,000,㈱ニチレイ,,53875,223.0,食品事業及び機械事業取引を行っており、関係強化を目的に保有しております。,,
E00570,,,2024-03-31,000,㈱極洋,,59500,222.0,食品事業及び海洋事業取引を行っており、関係強化を目的に保有しております。,,
E00570,,,2024-03-31,000,大日本印刷㈱,,47422,221.0,資材事業取引を行っており、関係強化を目的に保有しております。,,
E00570,,,2024-03-31,000,㈱大水,,450000,145.0,食品事業取引を行っており、関係強化を目的に保有しております。,,
E00570,,,2024-03-31,000,ケンコーマヨネーズ㈱,,32000,64.0,食品事業取引を行っており、関係強化を目的に保有しております。,,
E00570,,,2024-03-31,000,三井住友トラスト・ホールディングス㈱,,12450,41.0,金融取引を行っており、財務活動の円滑化を目的に保有しております。,,
E00570,,,2024-03-31,000,㈱ふくおかフィナンシャルグループ,,9979,40.0,金融取引を行っており、財務活動の円滑化を目的に保有しております。,,
E00570,,,2024-03-31,000,旭化成㈱,,35108,39.0,資材事業取引を行っており、関係強化を目的に保有しております。増加の理由は取引先持株会への参加による株式の配分であります。,,
E00570,,,2024-03-31,000,東京製綱㈱,,21488,31.0,海洋事業取引を行っており、関係強化を目的に保有しております。,,
E00570,,,2024-03-31,000,コスモ・バイオ㈱,,23700,24.0,事業戦略上の関係等を勘案し、良好な関係の維持・強化を図るため、継続して保有しております。,,
E00570,,,2024-03-31,000,ヤマエグループホールディングス㈱,,8100,22.0,食品事業取引を行っており、関係強化を目的に保有しております。,,
E00570,,,2024-03-31,000,一正蒲鉾㈱,,28000,21.0,機械事業取引を行っており、関係強化を目的に保有しております。,,
E00570,,,2024-03-31,000,ＳＯＭＰＯホールディングス㈱,,6350,20.0,保険取引を行っており、関係強化を目的に保有しております。,,
E00570,,,2024-03-31,000,㈱木曽路,,6655,17.0,食品事業取引を行っており、関係強化を目的に保有しております。増加の理由は取引先持株会への参加による株式の配分であります。,,
E00570,,,2024-03-31,000,㈱大光,,19483,12.0,食品事業取引を行っており、関係強化を目的に保有しております。増加の理由は取引先持株会への参加による株式の配分であります。,,
E00570,,,2024-03-31,000,マルハニチロ㈱,,2100,6.0,食品事業取引を行っており、関係強化を目的に保有しております。,,
E00570,,,2024-03-31,000,ユナイテッド・スーパーマーケット・ホールディングス㈱,,5100,5.0,食品事業取引を行っており、関係強化を目的に保有しております。,,
E03574,,,2024-03-31,000,トヨタ自動車株式会社,,35726000,135472.0,地域経済との関連性が深く、地域の成長・活性化に重要な役割を持つ同社との協力関係の維持・強化等による当行の中長期的な企業価値向上,,
E03574,,,2024-03-31,000,信越化学工業株式会社,,2592500,17069.0,保有に関する経済合理性を有し、業界内の有力企業である同社との協力関係の維持・向上を通じた、当行の中長期的な企業価値向上,,
E03574,,,2024-03-31,000,三菱地所株式会社,,4491000,12505.0,保有に関する経済合理性を有し、業界内の有力企業である同社との協力関係の維持・向上を通じた、当行の中長期的な企業価値向上,,
E03574,,,2024-03-31,000,ダイキン工業株式会社,,550000,11330.0,保有に関する経済合理性を有し、業界内の有力企業である同社との協力関係の維持・向上を通じた、当行の中長期的な企業価値向上,,
E03574,,,2024-03-31,000,イオン株式会社,,2135100,7675.0,地域経済との関連性が深く、地域の成長・活性化に重要な役割を持つ同社との協力関係の維持・強化等による当行の中長期的な企業価値向上,,
E03574,,,2024-03-31,000,東海旅客鉄道株式会社,,2000000,7452.0,地域経済との関連性が深く、地域の成長・活性化に重要な役割を持つ同社との協力関係の維持・強化等による当行の中長期的な企業価値向上（株式分割による株式数の増加）,,
E03574,,,2024-03-31,000,ロート製薬株式会社,,2000000,5934.0,当行営業エリア内に工場を有するなど、保有に関する経済合理性を有し、業界内の有力企業である同社との協力関係の維持・向上を通じた、当行の中長期的な企業価値向上,,
E03574,,,2024-03-31,000,株式会社デンソー,,1970000,5679.0,地域経済との関連性が深く、地域の成長・活性化に重要な役割を持つ同社との協力関係の維持・強化等による当行の中長期的な企業価値向上（株式分割による株式数の増加および一部売却による株式数の減少）,,
E03574,,,2024-03-31,000,ジャパンマテリアル株式会社,,2160000,5203.0,地域経済の成長・活性化に重要な役割を担う地場優良企業との協力関係の維持・強化等による当行の中長期的な企業価値向上,,
E03574,,,2024-03-31,000,三菱電機株式会社,,2000000,5024.0,保有に関する経済合理性を有し、業界内の有力企業である同社との協力関係の維持・向上を通じた、当行の中長期的な企業価値向上,,
E03574,,,2024-03-31,000,ＳＯＭＰＯホールディングス株式会社,,1507875,4810.0,業務提携を通じた協力関係の維持・強化等による当行の中長期的な企業価値向上（株式分割による株式数の増加）,,
E03574,,,2024-03-31,000,東京海上ホールディングス株式会社,,914100,4299.0,業務提携を通じた協力関係の維持・強化等による当行の中長期的な企業価値向上,,
E03574,,,2024-03-31,000,中部電力株式会社,,1872300,3724.0,地域経済との関連性が深く、地域の成長・活性化に重要な役割を持つ同社との協力関係の維持・強化等による当行の中長期的な企業価値向上,,
E03574,,,2024-03-31,000,株式会社三菱ＵＦＪフィナンシャル・グループ,,2363700,3680.0,業務提携等を通じた協力関係の維持・強化等による当行の中長期的な企業価値向上,,
E03574,,,2024-03-31,000,清水建設株式会社,,3015000,3016.0,当行の本店棟・店舗設計および施工の一部を担うなど、保有に関する経済合理性を有し、業界内の有力企業である同社との協力関係の維持・向上を通じた、当行の中長期的な企業価値向上,,
E03574,,,2024-03-31,000,日本碍子株式会社,,1391000,2837.0,地域経済との関連性が深く、地域の成長・活性化に重要な役割を持つ同社との協力関係の維持・強化等による当行の中長期的な企業価値向上,,
E03574,,,2024-03-31,000,三重交通グループホールディングス株式会社,,3987000,2511.0,地域経済の成長・活性化に重要な役割を担う地場優良企業との協力関係の維持・強化等による当行の中長期的な企業価値向上,,
E03574,,,2024-03-31,000,近鉄グループホールディングス株式会社,,556600,2477.0,地域経済との関連性が深く、地域の成長・活性化に重要な役割を持つ同社との協力関係の維持・強化等による当行の中長期的な企業価値向上,,
E03574,,,2024-03-31,000,東邦瓦斯株式会社,,623200,2158.0,地域経済との関連性が深く、地域の成長・活性化に重要な役割を持つ同社との協力関係の維持・強化等による当行の中長期的な企業価値向上,,
E03574,,,2024-03-31,000,株式会社大和証券グループ本社,,1731000,1992.0,金融関連業務における協力関係の維持・向上を通じた、当行の中長期的な企業価値向上,,
E03574,,,2024-03-31,000,株式会社フジクラ,,864000,1968.0,当行営業エリア内に工場を有するなど、保有に関する経済合理性を有し、業界内の有力企業である同社との協力関係の維持・向上を通じた、当行の中長期的な企業価値向上,,
E03574,,,2024-03-31,000,横浜ゴム株式会社,,469500,1890.0,当行営業エリア内に工場を有するなど、保有に関する経済合理性を有し、業界内の有力企業である同社との協力関係の維持・向上を通じた、当行の中長期的な企業価値向上,,
E03574,,,2024-03-31,000,日本トランスシティ株式会社,,2683000,1805.0,地域経済の成長・活性化に重要な役割を担う地場優良企業との協力関係の維持・強化等による当行の中長期的な企業価値向上。四日市港および尾鷲港の連携強化や地域貢献を目的に、同社と三重県産品の農水産物等の仲介、輸出入を担う合弁会社を設立,,
E03574,,,2024-03-31,000,株式会社いよぎんホールディングス,,1525000,1788.0,金融関連業務における協力関係の維持・向上を通じた、当行の中長期的な企業価値向上,,
E03574,,,2024-03-31,000,三菱商事株式会社,,496500,1731.0,保有に関する経済合理性を有し、業界内の有力企業である同社との協力関係の維持・向上を通じた、当行の中長期的な企業価値向上（株式分割による株式数の増加）,,
E03574,,,2024-03-31,000,三菱瓦斯化学株式会社,,662500,1715.0,当行営業エリア内に工場を有するなど、保有に関する経済合理性を有し、業界内の有力企業である同社との協力関係の維持・向上を通じた、当行の中長期的な企業価値向上,,
E03574,,,2024-03-31,000,株式会社島津製作所,,399000,1687.0,保有に関する経済合理性を有し、業界内の有力企業である同社との協力関係の維持・向上を通じた、当行の中長期的な企業価値向上,,
E03574,,,2024-03-31,000,住友電気工業株式会社,,657000,1542.0,同社子会社が当行営業エリア内に工場を有するなど、保有に関する経済合理性を有し、業界内の有力企業である同社との協力関係の維持・向上を通じた、当行の中長期的な企業価値向上,,
E03574,,,2024-03-31,000,井村屋グループ株式会社,,578500,1462.0,地域経済の成長・活性化に重要な役割を担う地場優良企業との協力関係の維持・強化等による当行の中長期的な企業価値向上,,
E03574,,,2024-03-31,000,株式会社日清製粉グループ本社,,680040,1427.0,保有に関する経済合理性を有し、業界内の有力企業である同社との協力関係の維持・向上を通じた、当行の中長期的な企業価値向上（一部売却による株式数の減少）,,
E03574,,,2024-03-31,000,HO CHI MINH CITY DEVELOPMENT JOINT STOCK COMMERCIAL BANK,,8449806,1282.0,当行取引先のベトナムビジネス支援のため、同行内ジャパンデスクに行員を派遣。同行との共同ビジネス展開・協力関係の強化等による当行の中長期的な企業価値向上（株式現物配当による株式数の増加）,,
E03574,,,2024-03-31,000,株式会社岡三証券グループ,,1569000,1281.0,金融関連業務における協力関係の維持・向上を通じた、当行の中長期的な企業価値向上,,
E03574,,,2024-03-31,000,東ソー株式会社,,621500,1281.0,当行営業エリア内に工場を有するなど、保有に関する経済合理性を有し、業界内の有力企業である同社との協力関係の維持・向上を通じた、当行の中長期的な企業価値向上,,
E03574,,,2024-03-31,000,株式会社パイロットコーポレーション,,320000,1273.0,同社子会社が当行営業エリア内に工場を有するなど、保有に関する経済合理性を有し、業界内の有力企業である同社との協力関係の維持・向上を通じた、当行の中長期的な企業価値向上,,
E03574,,,2024-03-31,000,マックスバリュ東海株式会社,,390757,1209.0,地域経済との関連性が深く、地域の成長・活性化に重要な役割を持つ同社との協力関係の維持・強化等による当行の中長期的な企業価値向上,,
E03574,,,2024-03-31,000,株式会社柿安本店,,373000,1186.0,地域経済の成長・活性化に重要な役割を担う地場優良企業との協力関係の維持・強化等による当行の中長期的な企業価値向上（追加買入による株式数の増加）増加理由：協力関係の維持・強化による当行の中長期的な企業価値向上、同社配当利回り等を勘案した収益増強,,
E03574,,,2024-03-31,000,住友金属鉱山株式会社,,257000,1178.0,保有に関する経済合理性を有し、業界内の有力企業である同社との協力関係の維持・向上を通じた、当行の中長期的な企業価値向上,,
E03574,,,2024-03-31,000,オリックス株式会社,,344000,1134.0,保有に関する経済合理性を有し、業界内の有力企業である同社との協力関係の維持・向上を通じた、当行の中長期的な企業価値向上。当行取引先の脱炭素への取組みに対する支援について業務提携を締結,,
E03574,,,2024-03-31,000,株式会社九州フィナンシャルグループ,,982350,1121.0,金融関連業務における協力関係の維持・向上を通じた、当行の中長期的な企業価値向上,,
E03574,,,2024-03-31,000,富士電機株式会社,,104600,1072.0,同社子会社が当行営業エリア内に工場を有するなど、保有に関する経済合理性を有し、業界内の有力企業である同社との協力関係の維持・向上を通じた、当行の中長期的な企業価値向上,,
E03574,,,2024-03-31,000,株式会社豊田自動織機,,66700,1043.0,地域経済との関連性が深く、地域の成長・活性化に重要な役割を持つ同社との協力関係の維持・強化等による当行の中長期的な企業価値向上,,
E03574,,,2024-03-31,000,岡谷鋼機株式会社,,60000,1014.0,地域経済との関連性が深く、地域の成長・活性化に重要な役割を持つ同社との協力関係の維持・強化等による当行の中長期的な企業価値向上,,
E03574,,,2024-03-31,000,株式会社ケーズホールディングス,,756960,1013.0,当行営業エリア内に店舗を有するなど、保有に関する経済合理性を有し、業界内の有力企業である同社との協力関係の維持・向上を通じた、当行の中長期的な企業価値向上,,
E03574,,,2024-03-31,000,株式会社滋賀銀行,,189400,794.0,金融関連業務における協力関係の維持・向上を通じた、当行の中長期的な企業価値向上,,
E03574,,,2024-03-31,000,住友ベークライト株式会社,,171200,792.0,保有に関する経済合理性を有し、業界内の有力企業である同社との協力関係の維持・向上を通じた、当行の中長期的な企業価値向上（株式分割による株式数の増加）,,
E03574,,,2024-03-31,000,サッポロホールディングス株式会社,,128000,771.0,保有に関する経済合理性を有し、業界内の有力企業である同社との協力関係の維持・向上を通じた、当行の中長期的な企業価値向上,,
E03574,,,2024-03-31,000,株式会社ノリタケカンパニーリミテド,,174800,749.0,地域経済との関連性が深く、地域の成長・活性化に重要な役割を持つ同社との協力関係の維持・強化等による当行の中長期的な企業価値向上（株式分割による株式数の増加）,,
E03574,,,2024-03-31,000,三井物産株式会社,,100000,710.0,保有に関する経済合理性を有し、業界内の有力企業である同社との協力関係の維持・向上を通じた、当行の中長期的な企業価値向上,,
E03574,,,2024-03-31,000,株式会社八十二銀行,,665000,691.0,金融関連業務における協力関係の維持・向上を通じた、当行の中長期的な企業価値向上,,
E03574,,,2024-03-31,000,太陽化学株式会社,,437800,685.0,地域経済の成長・活性化に重要な役割を担う地場優良企業との協力関係の維持・強化等による当行の中長期的な企業価値向上,,
E03574,,,2024-03-31,000,京阪ホールディングス株式会社,,200000,678.0,保有に関する経済合理性を有し、業界内の有力企業である同社との協力関係の維持・向上を通じた、当行の中長期的な企業価値向上,,
E03574,,,2024-03-31,000,イオンフィナンシャルサービス株式会社,,379500,533.0,保有に関する経済合理性を有し、業界内の有力企業である同社との協力関係の維持・向上を通じた、当行の中長期的な企業価値向上,,
E03574,,,2024-03-31,000,ＪＦＥホールディングス株式会社,,200000,508.0,保有に関する経済合理性を有し、業界内の有力企業である同社との協力関係の維持・向上を通じた、当行の中長期的な企業価値向上,,
E03574,,,2024-03-31,000,オーエスジー株式会社,,200000,437.0,地域経済との関連性が深く、地域の成長・活性化に重要な役割を持つ同社との協力関係の維持・強化等による当行の中長期的な企業価値向上,,
E03574,,,2024-03-31,000,富士紡ホールディングス株式会社,,90000,401.0,保有に関する経済合理性を有し、業界内の有力企業である同社との協力関係の維持・向上を通じた、当行の中長期的な企業価値向上,,
E03574,,,2024-03-31,000,三菱マテリアル株式会社,,128500,374.0,当行営業エリア内に工場を有するなど、保有に関する経済合理性を有し、業界内の有力企業である同社との協力関係の維持・向上を通じた、当行の中長期的な企業価値向上,,
E03574,,,2024-03-31,000,三菱倉庫株式会社,,75000,373.0,保有に関する経済合理性を有し、業界内の有力企業である同社との協力関係の維持・向上を通じた、当行の中長期的な企業価値向上,,
E03574,,,2024-03-31,000,株式会社ジェイテクト,,245700,350.0,地域経済との関連性が深く、地域の成長・活性化に重要な役割を持つ同社との協力関係の維持・強化等による当行の中長期的な企業価値向上,,
E03574,,,2024-03-31,000,日本精工株式会社,,381000,336.0,保有に関する経済合理性を有し、業界内の有力企業である同社との協力関係の維持・向上を通じた、当行の中長期的な企業価値向上,,
E03574,,,2024-03-31,000,株式会社ＩＨＩ,,79000,323.0,保有に関する経済合理性を有し、業界内の有力企業である同社との協力関係の維持・向上を通じた、当行の中長期的な企業価値向上,,
E03574,,,2024-03-31,000,株式会社第四北越フィナンシャルグループ,,70600,314.0,金融関連業務における協力関係の維持・向上を通じた、当行の中長期的な企業価値向上,,
E03574,,,2024-03-31,000,東亞合成株式会社,,194000,309.0,当行営業エリア内に工場を有するなど、保有に関する経済合理性を有し、業界内の有力企業である同社との協力関係の維持・向上を通じた、当行の中長期的な企業価値向上,,
E03574,,,2024-03-31,000,大同特殊鋼株式会社,,163500,296.0,地域経済との関連性が深く、地域の成長・活性化に重要な役割を持つ同社との協力関係の維持・強化等による当行の中長期的な企業価値向上,,
E03574,,,2024-03-31,000,ＴＯＹＯＴＩＲＥ株式会社,,100000,282.0,当行営業エリア内に工場を有するなど、保有に関する経済合理性を有し、業界内の有力企業である同社との協力関係の維持・向上を通じた、当行の中長期的な企業価値向上,,
E03574,,,2024-03-31,000,キクカワエンタープライズ株式会社,,55700,263.0,地域経済の成長・活性化に重要な役割を担う地場優良企業との協力関係の維持・強化等による当行の中長期的な企業価値向上,,
E03574,,,2024-03-31,000,中部日本放送株式会社,,355000,258.0,地域経済との関連性が深く、地域の成長・活性化に重要な役割を持つ同社との協力関係の維持・強化等による当行の中長期的な企業価値向上,,
E03574,,,2024-03-31,000,株式会社めぶきフィナンシャルグループ,,500000,255.0,金融関連業務における協力関係の維持・向上を通じた、当行の中長期的な企業価値向上,,
E03574,,,2024-03-31,000,関西ペイント株式会社,,116000,252.0,保有に関する経済合理性を有し、業界内の有力企業である同社との協力関係の維持・向上を通じた、当行の中長期的な企業価値向上,,
E03574,,,2024-03-31,000,株式会社バローホールディングス,,100000,250.0,地域経済との関連性が深く、地域の成長・活性化に重要な役割を持つ同社との協力関係の維持・強化等による当行の中長期的な企業価値向上,,
E03574,,,2024-03-31,000,電源開発株式会社,,100000,249.0,保有に関する経済合理性を有し、業界内の有力企業である同社との協力関係の維持・向上を通じた、当行の中長期的な企業価値向上,,
E03574,,,2024-03-31,000,株式会社名古屋銀行,,35400,235.0,金融関連業務における協力関係の維持・向上を通じた、当行の中長期的な企業価値向上,,
E03574,,,2024-03-31,000,シンポ株式会社,,150000,222.0,保有に関する経済合理性を有し、業界内の有力企業である同社との協力関係の維持・向上を通じた、当行の中長期的な企業価値向上,,
E03574,,,2024-03-31,000,株式会社大垣共立銀行,,98500,215.0,金融関連業務における協力関係の維持・向上を通じた、当行の中長期的な企業価値向上,,
E03574,,,2024-03-31,000,株式会社アイシン,,32400,201.0,地域経済との関連性が深く、地域の成長・活性化に重要な役割を持つ同社との協力関係の維持・強化等による当行の中長期的な企業価値向上,,
E04826,,,2025-03-31,000,㈱電算システムホールディングス,,257180,667.0,同社グループからの各種IT関連サービスの提供を通じ、当社グループの業務の効率化や事業活動の円滑化を図るため。,,
E04826,,,2025-03-31,000,㈱アインホールディングス,,109400,551.0,同社グループとの調剤事業における医療、医薬に係る情報の相互提供等を目的とした資本・業務提携を通じ、当社グループの効率的な事業展開や課題解決等を図るため。,,
E04826,,,2025-03-31,000,豊田通商㈱(注)３,,187335,467.0,同社グループからの各種商材の安定供給や同社のヘルスケア関連事業の知見等の利活用を通じ、共同でインドに設立した合弁会社を含む当社グループの事業活動の円滑化や事業基盤強化を図るため。,,
E04826,,,2025-03-31,000,㈱十六フィナンシャルグループ,,88243,426.0,同社グループからの安定的な資金調達や地銀グループならではの情報・ネットワークの利活用を通じ、当社グループの財務体質の健全化や効率的な事業展開を図るため。,,
E04826,,,2025-03-31,000,㈱三菱ＵＦＪフィナンシャル・グループ,,147070,295.0,同社グループからの安定的な資金調達や各種サービス・情報等の提供を通じ、当社グループの財務体質の健全化や効率的な事業展開を図るため。,,
E04826,,,2025-03-31,000,㈱大垣共立銀行,,83483,198.0,同行からの安定的な資金調達や地銀ならではの情報・ネットワークの利活用を通じ、当社グループの財務体質の健全化や効率的な事業展開を図るため。,,
E04826,,,2025-03-31,000,名糖産業㈱,,68000,135.0,同社からの食材や食品開発の情報提供等を通じ、当社グループの事業の維持・発展や商品開発力の向上を図るため。,,
E04826,,,2025-03-31,000,㈱ヒマラヤ,,150000,123.0,同社店舗に対する商品の提供や同社の店舗経営に関する知見等の活用を通じ、リースキン事業ほか、当社グループの商品やサービス、店舗運営の改善等を図るため。,,
E04826,,,2025-03-31,000,三菱ＨＣキャピタル㈱,,72000,72.0,同社との各種リース取引による安定的な資材・什器等の調達を通じ、当社グループの業務の効率化、資産の有効活用や事業活動の円滑化を図るため。,,
E04826,,,2025-03-31,000,キムラユニティー㈱(注)３,,84000,67.0,同社からの車両管理・交通事故防止等に関する各種サービス提供を通じ、当社グループの経営課題の解決や事業活動の円滑化を図るため。,,
E04826,,,2025-03-31,000,㈱ほくほくフィナンシャルグループ,,26184,67.0,同社グループからの安定的な資金調達や地銀グループならではの情報・ネットワークの利活用を通じ、当社グループの財務体質の健全化や効率的な事業展開を図るため。,,
E04826,,,2025-03-31,000,サンメッセ㈱,,44000,16.0,同社からの当社グループの事業ニーズに応じた商品やサービスの提案・提供を通じ、当社グループの業務の効率化や事業活動の円滑化を図るため。,,
E02580,,,2025-03-31,000,三菱倉庫㈱,,715000,691.0,・同社株式は、当社の情通・デバイスセグメントの事業活動の円滑化のため保有しております。・当社は保有株式について事業運営上の必要性及び保有の妥当性を取引状況等により検証し、保有リスク・資本コスト等を総合的に勘案して保有意義の有無を定期的に取締役会で精査した上で保有しております。定量的な保有効果については取引先との営業秘密との判断により記載しませんが、上記の方針に基づいた十分な定量的効果があると判断しております。・2024年11月１日付で株式分割（１株につき５株の割合）を実施しております。,,
E02580,,,2025-03-31,000,㈱安川電機,,170000,634.0,・同社株式は、当社の情通・デバイス/ＦＡシステムセグメントの事業活動の円滑化のため保有しております。・当社は保有株式について事業運営上の必要性及び保有の妥当性を取引状況等により検証し、保有リスク・資本コスト等を総合的に勘案して保有意義の有無を定期的に取締役会で精査した上で保有しております。定量的な保有効果については取引先との営業秘密との判断により記載しませんが、上記の方針に基づいた十分な定量的効果があると判断しております。,,
E02580,,,2025-03-31,000,横河電機㈱,,124306,359.0,・同社株式は、当社のＦＡシステム/情通・デバイスセグメントの事業活動の円滑化のため保有しております。・当社は保有株式について事業運営上の必要性及び保有の妥当性を取引状況等により検証し、保有リスク・資本コスト等を総合的に勘案して保有意義の有無を定期的に取締役会で精査した上で保有しております。定量的な保有効果については取引先との営業秘密との判断により記載しませんが、上記の方針に基づいた十分な定量的効果があると判断しております。・2024年度において、事業関係のより一層の強化のため保有株数が618株増加しております。,,
E02580,,,2025-03-31,000,東海旅客鉄道㈱,,114500,326.0,・同社株式は、当社インフラセグメントの事業活動の円滑化のため保有しております。・当社は保有株式について事業運営上の必要性及び保有の妥当性を取引状況等により検証し、保有リスク・資本コスト等を総合的に勘案して保有意義の有無を定期的に取締役会で精査した上で保有しております。定量的な保有効果については取引先との営業秘密との判断により記載しませんが、上記の方針に基づいた十分な定量的効果があると判断しております。,,
E02580,,,2025-03-31,000,九州旅客鉄道㈱,,55000,200.0,・同社株式は、当社のインフラセグメントの事業活動の円滑化のため保有しております。・当社は保有株式について事業運営上の必要性及び保有の妥当性を取引状況等により検証し、保有リスク・資本コスト等を総合的に勘案して保有意義の有無を定期的に取締役会で精査した上で保有しております。定量的な保有効果については取引先との営業秘密との判断により記載しませんが、上記の方針に基づいた十分な定量的効果があると判断しております。,,
E02580,,,2025-03-31,000,東日本旅客鉄道㈱,,67500,199.0,・同社株式は、当社のインフラセグメントの事業活動の円滑化のため保有しております。・当社は保有株式について事業運営上の必要性及び保有の妥当性を取引状況等により検証し、保有リスク・資本コスト等を総合的に勘案して保有意義の有無を定期的に取締役会で精査した上で保有しております。定量的な保有効果については取引先との営業秘密との判断により記載しませんが、上記の方針に基づいた十分な定量的効果があると判断しております。・2024年４月１日付で株式分割（１株につき３株の割合）を実施しております。,,
E02580,,,2025-03-31,000,西日本旅客鉄道㈱,,40000,116.0,・同社株式は、当社のインフラセグメントの事業活動の円滑化のため保有しております。・当社は保有株式について事業運営上の必要性及び保有の妥当性を取引状況等により検証し、保有リスク・資本コスト等を総合的に勘案して保有意義の有無を定期的に取締役会で精査した上で保有しております。定量的な保有効果については取引先との営業秘密との判断により記載しませんが、上記の方針に基づいた十分な定量的効果があると判断しております。・2024年４月１日付で株式分割（１株につき２株の割合）を実施しております。,,
E02580,,,2025-03-31,000,ＡＧＣ㈱,,22327,101.0,"・同社株式は、当社のＦＡシステムセグメントの事業活動の円滑化のため保有しております。・当社は保有株式について事業運営上の必要性及び保有の妥当性を取引状況等により検証し、保有リスク・資本コスト等を総合的に勘案して保有意義の有無を定期的に取締役会で精査した上で保有しております。定量的な保有効果については取引先との営業秘密との判断により記載しませんが、上記の方針に基づいた十分な定量的効果があると判断しております。・2024年度において、事業関係のより一層の強化のため保有株数が1,011株増加しております。",,
E02580,,,2025-03-31,000,北沢産業㈱,,287286,100.0,"・同社株式は、当社のビル設備セグメントの事業活動の円滑化のため保有しております。・当社は保有株式について事業運営上の必要性及び保有の妥当性を取引状況等により検証し、保有リスク・資本コスト等を総合的に勘案して保有意義の有無を定期的に取締役会で精査した上で保有しております。定量的な保有効果については取引先との営業秘密との判断により記載しませんが、上記の方針に基づいた十分な定量的効果があると判断しております。・2024年度において、事業関係のより一層の強化のため保有株数が5,866株増加しております。",,
E02580,,,2025-03-31,000,日本航空電子工業㈱,,38700,100.0,・同社株式は、当社のＦＡシステムセグメントの事業活動の円滑化のため保有しております。・当社は保有株式について事業運営上の必要性及び保有の妥当性を取引状況等により検証し、保有リスク・資本コスト等を総合的に勘案して保有意義の有無を定期的に取締役会で精査した上で保有しております。定量的な保有効果については取引先との営業秘密との判断により記載しませんが、上記の方針に基づいた十分な定量的効果があると判断しております。,,
E02580,,,2025-03-31,000,㈱三越伊勢丹ホールディングス,,41760,89.0,・同社株式は、当社のビル設備セグメントの事業活動の円滑化のため保有しております。・当社は保有株式について事業運営上の必要性及び保有の妥当性を取引状況等により検証し、保有リスク・資本コスト等を総合的に勘案して保有意義の有無を定期的に取締役会で精査した上で保有しております。定量的な保有効果については取引先との営業秘密との判断により記載しませんが、上記の方針に基づいた十分な定量的効果があると判断しております。・2024年度において、事業関係のより一層の強化のため保有株数が781株増加しております。,,
E02580,,,2025-03-31,000,㈱荏原製作所,,33000,74.0,・同社株式は、当社のＦＡシステムセグメントの事業活動の円滑化のため保有しております。・当社は保有株式について事業運営上の必要性及び保有の妥当性を取引状況等により検証し、保有リスク・資本コスト等を総合的に勘案して保有意義の有無を定期的に取締役会で精査した上で保有しております。定量的な保有効果については取引先との営業秘密との判断により記載しませんが、上記の方針に基づいた十分な定量的効果があると判断しております。・2024年６月30日付で株式分割（１株につき５株の割合）を実施しております。,,
E02580,,,2025-03-31,000,住友不動産㈱,,12000,67.0,・同社株式は、当社のビル設備セグメントの事業活動の円滑化のため保有しております。・当社は保有株式について事業運営上の必要性及び保有の妥当性を取引状況等により検証し、保有リスク・資本コスト等を総合的に勘案して保有意義の有無を定期的に取締役会で精査した上で保有しております。定量的な保有効果については取引先との営業秘密との判断により記載しませんが、上記の方針に基づいた十分な定量的効果があると判断しております。,,
E02580,,,2025-03-31,000,高砂熱学工業㈱,,6600,36.0,・同社株式は、当社のＦＡシステム/ビル設備セグメントの事業活動の円滑化のため保有しております。・当社は保有株式について事業運営上の必要性及び保有の妥当性を取引状況等により検証し、保有リスク・資本コスト等を総合的に勘案して保有意義の有無を定期的に取締役会で精査した上で保有しております。定量的な保有効果については取引先との営業秘密との判断により記載しませんが、上記の方針に基づいた十分な定量的効果があると判断しております。,,
E02580,,,2025-03-31,000,㈱リコー,,22000,34.0,・同社株式は、当社のインフラ/ＦＡシステム/情通・デバイスセグメントの事業活動の円滑化のため保有しております。・当社は保有株式について事業運営上の必要性及び保有の妥当性を取引状況等により検証し、保有リスク・資本コスト等を総合的に勘案して保有意義の有無を定期的に取締役会で精査した上で保有しております。定量的な保有効果については取引先との営業秘密との判断により記載しませんが、上記の方針に基づいた十分な定量的効果があると判断しております。,,
E02580,,,2025-03-31,000,京浜急行電鉄㈱,,18214,27.0,"・同社株式は、当社のインフラセグメントの事業活動の円滑化のため保有しております。・当社は保有株式について事業運営上の必要性及び保有の妥当性を取引状況等により検証し、保有リスク・資本コスト等を総合的に勘案して保有意義の有無を定期的に取締役会で精査した上で保有しております。定量的な保有効果については取引先との営業秘密との判断により記載しませんが、上記の方針に基づいた十分な定量的効果があると判断しております。・2024年度において、事業関係のより一層の強化のため保有株数が1,146株増加しております。",,
E02580,,,2025-03-31,000,㈱朝日工業社,,13600,26.0,・同社株式は、当社のビル設備セグメントの事業活動の円滑化のため保有しております。・当社は保有株式について事業運営上の必要性及び保有の妥当性を取引状況等により検証し、保有リスク・資本コスト等を総合的に勘案して保有意義の有無を定期的に取締役会で精査した上で保有しております。定量的な保有効果については取引先との営業秘密との判断により記載しませんが、上記の方針に基づいた十分な定量的効果があると判断しております。・2024年４月１日付で株式分割（１株につき2株の割合）を実施しております。,,
E02580,,,2025-03-31,000,近鉄グループホールディングス㈱,,7400,23.0,・同社株式は、当社のインフラセグメントの事業活動の円滑化のため保有しております。・当社は保有株式について事業運営上の必要性及び保有の妥当性を取引状況等により検証し、保有リスク・資本コスト等を総合的に勘案して保有意義の有無を定期的に取締役会で精査した上で保有しております。定量的な保有効果については取引先との営業秘密との判断により記載しませんが、上記の方針に基づいた十分な定量的効果があると判断しております。,,
E02580,,,2025-03-31,000,㈱カネカ,,5489,20.0,・同社株式は、当社のＦＡシステムセグメントの事業活動の円滑化のため保有しております。・当社は保有株式について事業運営上の必要性及び保有の妥当性を取引状況等により検証し、保有リスク・資本コスト等を総合的に勘案して保有意義の有無を定期的に取締役会で精査した上で保有しております。定量的な保有効果については取引先との営業秘密との判断により記載しませんが、上記の方針に基づいた十分な定量的効果があると判断しております。・2024年度において、事業関係のより一層の強化のため保有株数が42株増加しております。,,
E02580,,,2025-03-31,000,㈱ＳＵＢＡＲＵ,,6000,15.0,・同社株式は、当社のインフラセグメントの事業活動の円滑化のため保有しております。・当社は保有株式について事業運営上の必要性及び保有の妥当性を取引状況等により検証し、保有リスク・資本コスト等を総合的に勘案して保有意義の有無を定期的に取締役会で精査した上で保有しております。定量的な保有効果については取引先との営業秘密との判断により記載しませんが、上記の方針に基づいた十分な定量的効果があると判断しております。,,
E02580,,,2025-03-31,000,新コスモス電機㈱,,6000,15.0,・同社株式は、当社の情通・デバイス/ＦＡシステムセグメントの事業活動の円滑化のため保有しております。・当社は保有株式について事業運営上の必要性及び保有の妥当性を取引状況等により検証し、保有リスク・資本コスト等を総合的に勘案して保有意義の有無を定期的に取締役会で精査した上で保有しております。定量的な保有効果については取引先との営業秘密との判断により記載しませんが、上記の方針に基づいた十分な定量的効果があると判断しております。,,
E02580,,,2025-03-31,000,中野冷機㈱,,2400,12.0,・同社株式は、当社のビル設備セグメントの事業活動の円滑化のため保有しております。・当社は保有株式について事業運営上の必要性及び保有の妥当性を取引状況等により検証し、保有リスク・資本コスト等を総合的に勘案して保有意義の有無を定期的に取締役会で精査した上で保有しております。定量的な保有効果については取引先との営業秘密との判断により記載しませんが、上記の方針に基づいた十分な定量的効果があると判断しております。,,
E02580,,,2025-03-31,000,リックス㈱,,3600,10.0,・同社株式は、当社のＦＡシステムセグメントの事業活動の円滑化のため保有しております。・当社は保有株式について事業運営上の必要性及び保有の妥当性を取引状況等により検証し、保有リスク・資本コスト等を総合的に勘案して保有意義の有無を定期的に取締役会で精査した上で保有しております。定量的な保有効果については取引先との営業秘密との判断により記載しませんが、上記の方針に基づいた十分な定量的効果があると判断しております。,,
E02580,,,2025-03-31,000,森尾電機㈱,,4383,7.0,・同社株式は、当社のインフラセグメントの事業活動の円滑化のため保有しております。・当社は保有株式について事業運営上の必要性及び保有の妥当性を取引状況等により検証し、保有リスク・資本コスト等を総合的に勘案して保有意義の有無を定期的に取締役会で精査した上で保有しております。定量的な保有効果については取引先との営業秘密との判断により記載しませんが、上記の方針に基づいた十分な定量的効果があると判断しております。・2024年度において、事業関係のより一層の強化のため保有株数が249株増加しております。,,
E02580,,,2025-03-31,000,住友重機械工業㈱,,2200,6.0,・同社株式は、当社のインフラセグメントの事業活動の円滑化のため保有しております。・当社は保有株式について事業運営上の必要性及び保有の妥当性を取引状況等により検証し、保有リスク・資本コスト等を総合的に勘案して保有意義の有無を定期的に取締役会で精査した上で保有しております。定量的な保有効果については取引先との営業秘密との判断により記載しませんが、上記の方針に基づいた十分な定量的効果があると判断しております。,,
E02580,,,2025-03-31,000,京成電鉄㈱,,3444,4.0,・同社株式は、当社のインフラセグメントの事業活動の円滑化のため保有しております。・当社は保有株式について事業運営上の必要性及び保有の妥当性を取引状況等により検証し、保有リスク・資本コスト等を総合的に勘案して保有意義の有無を定期的に取締役会で精査した上で保有しております。定量的な保有効果については取引先との営業秘密との判断により記載しませんが、上記の方針に基づいた十分な定量的効果があると判断しております。・2024年12月26日付で株式分割（１株につき３株の割合）を実施しております。,,
E02580,,,2025-03-31,000,サノヤスホールディングス㈱,,31495,5.0,"・同社株式は、当社のＦＡシステムセグメントの事業活動の円滑化のため保有しております。・当社は保有株式について事業運営上の必要性及び保有の妥当性を取引状況等により検証し、保有リスク・資本コスト等を総合的に勘案して保有意義の有無を定期的に取締役会で精査した上で保有しております。定量的な保有効果については取引先との営業秘密との判断により記載しませんが、上記の方針に基づいた十分な定量的効果があると判断しております。・2024年度において、事業関係のより一層の強化のため保有株数が7,165株増加しております。",,
E02580,,,2025-03-31,000,東洋紡㈱,,2000,1.0,・同社株式は、当社のＦＡシステムセグメントの事業活動の円滑化のため保有しております。・当社は保有株式について事業運営上の必要性及び保有の妥当性を取引状況等により検証し、保有リスク・資本コスト等を総合的に勘案して保有意義の有無を定期的に取締役会で精査した上で保有しております。定量的な保有効果については取引先との営業秘密との判断により記載しませんが、上記の方針に基づいた十分な定量的効果があると判断しております。,,
E02580,,,2025-03-31,000,三菱マテリアル㈱,,700,1.0,・同社株式は、当社のＦＡシステムセグメントの事業活動の円滑化のため保有しております。・当社は保有株式について事業運営上の必要性及び保有の妥当性を取引状況等により検証し、保有リスク・資本コスト等を総合的に勘案して保有意義の有無を定期的に取締役会で精査した上で保有しております。定量的な保有効果については取引先との営業秘密との判断により記載しませんが、上記の方針に基づいた十分な定量的効果があると判断しております。,,
E02580,,,2025-03-31,000,月島ホールディングス㈱,,1000,1.0,・同社株式は、当社のビル設備/ＦＡシステムセグメントの事業活動の円滑化のため保有しております。・当社は保有株式について事業運営上の必要性及び保有の妥当性を取引状況等により検証し、保有リスク・資本コスト等を総合的に勘案して保有意義の有無を定期的に取締役会で精査した上で保有しております。定量的な保有効果については取引先との営業秘密との判断により記載しませんが、上記の方針に基づいた十分な定量的効果があると判断しております。,,
E02580,,,2025-03-31,000,ＤＡＩＫＯ　ＸＴＥＣＨ㈱,,1000,0.0,・同社株式は、当社の情通・デバイスセグメントの事業活動の円滑化のため保有しております。・当社は保有株式について事業運営上の必要性及び保有の妥当性を取引状況等により検証し、保有リスク・資本コスト等を総合的に勘案して保有意義の有無を定期的に取締役会で精査した上で保有しております。定量的な保有効果については取引先との営業秘密との判断により記載しませんが、上記の方針に基づいた十分な定量的効果があると判断しております。,,
E00534,,,2025-03-31,000,㈱りそなホールディングス,,538700,693306.0,主要取引金融機関として、金融取引の円滑化及び地域情報や各種機能の提供を享受することを目的に保有しております。定量的な保有効果につきましては、取引上の守秘義務等の観点から記載しておりませんが、保有によるリスクとリターン、資本コストとの比較検証に加え、経営戦略上の重要性等を総合的に判断し、保有の合理性があると判断しております。,,
E00534,,,2025-03-31,000,ＡＧＳ㈱,,268000,219760.0,営業取引の円滑化とともに、当社のシステムや情報処理における中核サポート先として紐帯強化を図ることを目的に保有しております。定量的な保有効果につきましては、取引上の守秘義務等の観点から記載しておりませんが、保有によるリスクとリターン、資本コストとの比較検証に加え、経営戦略上の重要性等を総合的に判断し、保有の合理性があると判断しております。,,
E00534,,,2025-03-31,000,㈱ムロコーポレーション,,122000,147010.0,繊維事業における継続的な営業取引の強化を図ることを目的に保有しております。定量的な保有効果につきましては、取引上の守秘義務等の観点から記載しておりませんが、保有によるリスクとリターン、資本コストとの比較検証に加え、経営戦略上の重要性等を総合的に判断し、保有の合理性があると判断しております。,,
E01111,,,2024-03-31,000,ショーボンドホールディングス㈱,,400000,2569.0,ゴム製品等の取引を行っており、土木・建築分野での協業により売上拡大を図る目的で継続保有しています。,,
E01111,,,2024-03-31,000,住友不動産(株),,255100,1478.0,当社はホース・チューブ製品や空調製品等の取引基盤の拡大を目指しており、株式を継続保有することで、円滑な関係の維持・強化を図っています。,,
E01111,,,2024-03-31,000,日本ゼオン(株),,948900,1253.0,主に石油系原材料の調達を行っており、定量的な効果は開示できませんが、株式を継続保有する事で取引関係の維持・強化を図り原材料の安定調達や情報収集を行っています。,,
E01111,,,2024-03-31,000,高砂熱学工業(株),,210000,1024.0,空調製品等の取引を行っており、グローバルでの協業等を行う為、安定した取引関係の維持・強化が必要であり、継続して保有しています。,,
E01111,,,2024-03-31,000,(株)三井住友フィナンシャルグループ,,100000,890.0,金融取引を中心とした円滑な取引関係の維持、強化を図り、M&Aや事業提携等の助言を得るため、継続して保有しています。,,
E01111,,,2024-03-31,000,(株)椿本チエイン,,147600,760.0,ベルト製品等の取引を行っており、伝動分野での協業等を目的に、継続して保有しています。,,
E01111,,,2024-03-31,000,(株)ダスキン,,210000,692.0,ベルト・ゴム製品等の取引を行っており、株式を継続保有する事で取引関係の維持・強化を図り、当社RFID製品の売上拡大を目指しています。,,
E01111,,,2024-03-31,000,倉敷紡績(株),,190000,665.0,ベルト・ゴム製品等の取引を行っており、ロボット関係などの新規事業分野での協業等を目的に、継続して保有しています。,,
E01111,,,2024-03-31,000,新田ゼラチン(株),,840014,602.0,ベルト製品、不動産関係等の取引を行っており、年2回の会合等により技術的な交流を行うとともに、新規事業分野での協業等を目的に継続して保有しています。,,
E01111,,,2024-03-31,000,(株)ヤクルト本社,,183200,571.0,空調製品等の取引を行っており、株式を継続保有する事で長期安定的な売上維持・拡大を目指しています。,,
E01111,,,2024-03-31,000,ダイダン(株),,192000,478.0,当社はホース・チューブ製品や空調製品等の取引基盤の拡大を目指しており、株式を継続保有することで、円滑な関係の維持・強化を図っています。,,
E01111,,,2024-03-31,000,(株)日伝,,146805,389.0,当社グループ製品全般の取引を行っており、売上拡大のために、同社との良好な関係の維持、強化が必要であり、継続して保有しています。取引先持株会での定期購入のため、株式数が増加しています。,,
E01111,,,2024-03-31,000,(株)朝日工業社,,90800,304.0,当社はホース・チューブ製品や空調製品等の取引基盤の拡大を目指しており、株式を継続保有することで、円滑な関係の維持・強化を図っています。,,
E01111,,,2024-03-31,000,オイレス工業(株),,106786,242.0,ゴム製品等の取引を行っており、土木・建築分野での協業により売上拡大を図る目的で継続して保有しています。取引先持株会での定期購入のため、株式数が増加しています。,,
E01111,,,2024-03-31,000,東海旅客鉄道(株),,50000,186.0,鉄道車両用部品等の取引を行っており、売上の維持・拡大や協業による新製品の開発等を図るため、継続して保有しています。,,
E01111,,,2024-03-31,000,DMG森精機(株),,45189,183.0,ベルト・ゴム製品等の取引を行っており、工作機械における技術要求に応えるため、同社との良好な関係の維持、強化が必須であり、同社の持株会に継続して加入しています。取引先持株会での定期購入のため、株式数が増加しています。,,
E01111,,,2024-03-31,000,CKD(株),,27232,82.0,当社はホース・チューブ製品の取引基盤の拡大を目指しており、株式を継続保有することで、円滑な関係の維持・強化を図っています。取引先持株会での定期購入のため、株式数が増加しています。,,
E01111,,,2024-03-31,000,グローリー(株),,26700,75.0,ベルト製品等の取引を行っており、同社との良好な関係の維持、強化を図ることで新たな分野での製品開発等が期待できるため、継続して保有しています。,,
E01111,,,2024-03-31,000,芦森工業(株),,15108,41.0,ベルト製品の原材料等の取引を行っており、同社との良好な関係の維持、強化を図ることで原材料の安定調達等が実現できるため、同社の持株会に継続して加入しています。取引先持株会での定期購入のため、株式数が増加しています。,,
E01111,,,2024-03-31,000,西日本旅客鉄道(株),,6000,37.0,鉄道車両用部品等の取引を行っており、売上の維持・拡大や協業による新製品の開発等を図るため、継続して保有しています。,,
E01111,,,2024-03-31,000,東日本旅客鉄道(株),,3000,26.0,鉄道車両用部品等の取引を行っており、売上の維持・拡大や協業による新製品の開発等を図るため、継続して保有しています。,,
E01111,,,2024-03-31,000,(株)三菱UFJフィナンシャル・グループ,,13230,20.0,金融取引を中心とした円滑な取引関係の維持、強化を図り、M&Aや事業提携等の助言を得るため、継続して保有しています。,,
E01111,,,2024-03-31,000,川崎重工業(株),,1000,5.0,鉄道車両用部品等の取引を行っており、売上の維持・拡大や協業による新製品の開発等を図るため、継続して保有しています。,,
E31612,,,2024-03-31,000,ＳＯＭＰＯホールディングス株式会社,,2980,9508.0,保有基準を全て充足。同社グループの保険商品窓口販売など事業上の連携関係の維持・強化を図るため、継続して保有しています。株式数増加の理由：株式分割による株式数増加。,,
E31612,,,2024-03-31,000,株式会社ふくおかフィナンシャルグループ,,1659,6713.0,保有基準を全て充足。ＡＴＭ利用手数料相互無料提携など同業種間でのアライアンスの維持・強化を図るため、継続して保有しています。,,
E31612,,,2024-03-31,000,九州電力株式会社,,2689,3702.0,保有基準を全て充足。当社グループの営業基盤である九州の主要企業であり地域活性化に資すること及び同社との銀行取引関係の維持・強化を図るため、継続して保有しています。,,
E31612,,,2024-03-31,000,平田機工株式会社,,456,3579.0,保有基準を全て充足。当社グループの営業基盤である熊本県の主要企業であり地域活性化に資すること及び同社との銀行取引関係の維持・強化を図るため、継続して保有しています。,,
E31612,,,2024-03-31,000,第一生命ホールディングス株式会社,,413,1592.0,保有基準を全て充足。同社グループの保険商品窓口販売など事業上の連携関係の維持・強化を図るため、継続して保有しています。,,
E31612,,,2024-03-31,000,東海カーボン株式会社,,1419,1414.0,保有基準を全て充足。当社グループの営業基盤である熊本県に主要拠点を有し地域活性化に資すること及び同社との銀行取引関係の維持・強化を図るため、継続して保有しています。,,
E31612,,,2024-03-31,000,アサヒグループホールディングス株式会社,,250,1395.0,保有基準を全て充足。当社グループの営業基盤である九州に主要拠点を有し地域活性化に資すること及び同社との銀行取引関係の維持・強化を図るため、継続して保有しています。,,
E31612,,,2024-03-31,000,九州旅客鉄道株式会社,,301,1068.0,保有基準を全て充足。当社グループの営業基盤である九州の主要企業であり地域活性化に資すること及び同社との銀行取引関係の維持・強化を図るため、継続して保有しています。,,
E31612,,,2024-03-31,000,株式会社宮崎銀行,,311,892.0,保有基準を全て充足。ＡＴＭ利用手数料相互無料提携など同業種間でのアライアンスの維持・強化を図るため、継続して保有しています。,,
E31612,,,2024-03-31,000,エクシオグループ株式会社,,522,845.0,保有基準を全て充足。同社グループの西部電気工業株式会社は当社グループの営業基盤である九州の主要企業であり地域活性化に資すること及び同社との銀行取引関係の維持・強化を図るため、継続して保有しています。株式数増加の理由：株式分割による株式数増加。,,
E31612,,,2024-03-31,000,株式会社佐賀銀行,,347,744.0,保有基準を全て充足。ＡＴＭ利用手数料相互無料提携など同業種間でのアライアンスの維持・強化を図るため、継続して保有しています。,,
E31612,,,2024-03-31,000,株式会社セブン＆アイ・ホールディングス,,300,661.0,保有基準を全て充足。同社との銀行取引関係の維持・強化を図るため、継続して保有しています。株式数増加の理由：株式分割による株式数増加。,,
E31612,,,2024-03-31,000,野村ホールディングス株式会社,,602,589.0,保有基準を全て充足。当社グループの市場運用など事業上の連携関係の維持・強化を図るため、継続して保有しています。,,
E31612,,,2024-03-31,000,ヤマエグループホールディングス株式会社,,196,547.0,保有基準を全て充足。当社グループの営業基盤である九州の主要企業であり地域活性化に資すること及び同社との銀行取引関係の維持・強化を図るため、継続して保有しています。,,
E31612,,,2024-03-31,000,出光興産株式会社,,456,475.0,保有基準を全て充足。同社との銀行取引関係の維持・強化を図るため、継続して保有しています。株式数増加の理由：株式分割による株式数増加。,,
E31612,,,2024-03-31,000,コムシスホールディングス株式会社,,124,442.0,保有基準を全て充足。同社グループの株式会社ＳＹＳＫＥＮは当社グループの営業基盤である熊本県の主要企業であり地域活性化に資すること及び同社との銀行取引関係の維持・強化を図るため、継続して保有しています。,,
E31612,,,2024-03-31,000,太平洋セメント株式会社,,123,433.0,保有基準を全て充足。同社との銀行取引関係の維持・強化を図るため、継続して保有しています。,,
E31612,,,2024-03-31,000,ＭＳ＆ＡＤインシュアランスグループホールディングス株式会社,,142,385.0,保有基準を全て充足。同社グループの保険商品窓口販売など事業上の連携関係の維持・強化を図るため、継続して保有しています。株式数増加の理由：株式分割による株式数増加。,,
E31612,,,2024-03-31,000,グリーンランドリゾート株式会社,,500,385.0,定量基準未充足ですが、当社グループの営業基盤である熊本県の主要企業であり地域活性化に資すること及び同社との銀行取引関係の維持・強化を図るため、継続して保有しています。,,
E31612,,,2024-03-31,000,ＴＯＴＯ株式会社,,90,384.0,保有基準を全て充足。当社グループの営業基盤である九州の主要企業であり地域活性化に資すること及び同社との銀行取引関係の維持・強化を図るため、継続して保有しています。,,
E31612,,,2024-03-31,000,安田倉庫株式会社,,300,364.0,保有基準を全て充足。同社との銀行取引関係の維持・強化を図るため、継続して保有しています。,,
E31612,,,2024-03-31,000,住友精化株式会社,,70,356.0,保有基準を全て充足。同社との銀行取引関係の維持・強化を図るため、継続して保有しています。,,
E31612,,,2024-03-31,000,長瀬産業株式会社,,129,330.0,保有基準を全て充足。同社との銀行取引関係の維持・強化を図るため、継続して保有しています。,,
E31612,,,2024-03-31,000,センコーグループホールディングス株式会社,,285,327.0,保有基準を全て充足。同社との銀行取引関係の維持・強化を図るため、継続して保有しています。,,
E31612,,,2024-03-31,000,株式会社ＲＫＢ毎日ホールディングス,,62,319.0,保有基準を全て充足。当社グループの営業基盤である九州の主要企業であり地域活性化に資すること及び同社との銀行取引関係の維持・強化を図るため、継続して保有しています。,,
E31612,,,2024-03-31,000,株式会社みずほフィナンシャルグループ,,99,302.0,保有基準を全て充足。同社グループとの経営戦略上の連携関係の維持・強化を図るため、継続して保有しています。,,
E31612,,,2024-03-31,000,三井倉庫ホールディングス株式会社,,64,301.0,保有基準を全て充足。同社との銀行取引関係の維持・強化を図るため、継続して保有しています。,,
E31612,,,2024-03-31,000,株式会社大和証券グループ本社,,243,280.0,保有基準を全て充足。当社グループの市場運用など事業上の連携関係の維持・強化を図るため、継続して保有しています。,,
E31612,,,2024-03-31,000,カヤバ株式会社,,50,258.0,保有基準を全て充足。同社との銀行取引関係の維持・強化を図るため、継続して保有しています。,,
E31612,,,2024-03-31,000,鹿島建設株式会社,,72,226.0,保有基準を全て充足。同社との銀行取引関係の維持・強化を図るため、継続して保有しています。,,
E31612,,,2024-03-31,000,リックス株式会社,,54,224.0,保有基準を全て充足。当社グループの営業基盤である九州の主要企業であり地域活性化に資すること及び同社との銀行取引関係の維持・強化を図るため、継続して保有しています。,,
E31612,,,2024-03-31,000,株式会社ヤマックス,,120,219.0,保有基準を全て充足。当社グループの営業基盤である熊本県の主要企業であり地域活性化に資すること及び同社との銀行取引関係の維持・強化を図るため、継続して保有しています。,,
E31612,,,2024-03-31,000,東京計器株式会社,,80,217.0,保有基準を全て充足。同社との銀行取引関係の維持・強化を図るため、継続して保有しています。,,
E31612,,,2024-03-31,000,小野建株式会社,,114,214.0,保有基準を全て充足。当社グループの営業基盤である九州の主要企業であり地域活性化に資すること及び同社との銀行取引関係の維持・強化を図るため、継続して保有しています。,,
E31612,,,2024-03-31,000,ＪＦＥホールディングス株式会社,,75,190.0,保有基準を全て充足。同社との銀行取引関係の維持・強化を図るため、継続して保有しています。,,
E31612,,,2024-03-31,000,株式会社九電工,,29,186.0,保有基準を全て充足。当社グループの営業基盤である九州の主要企業であり地域活性化に資すること及び同社との銀行取引関係の維持・強化を図るため、継続して保有しています。,,
E31612,,,2024-03-31,000,日本精工株式会社,,201,178.0,保有基準を全て充足。同社との銀行取引関係の維持・強化を図るため、継続して保有しています。,,
E31612,,,2024-03-31,000,株式会社セブン銀行,,600,177.0,保有基準を全て充足。ＡＴＭの提携などアライアンスの維持・強化を図るため、継続して保有しています。,,
E31612,,,2024-03-31,000,株式会社Ｍｉｓｕｍｉ,,86,148.0,保有基準を全て充足。当社グループの営業基盤である鹿児島県の主要企業であり地域活性化に資すること及び同社との銀行取引関係の維持・強化を図るため、継続して保有しています。,,
E31612,,,2024-03-31,000,ＤＩＣ株式会社,,50,144.0,保有基準を全て充足。同社との銀行取引関係の維持・強化を図るため、継続して保有しています。,,
E31612,,,2024-03-31,000,株式会社大分銀行,,40,121.0,保有基準を全て充足。ＡＴＭ利用手数料相互無料提携など同業種間でのアライアンスの維持・強化を図るため、継続して保有しています。,,
E31612,,,2024-03-31,000,コニカミノルタ株式会社,,240,119.0,保有基準を全て充足。同社との銀行取引関係の維持・強化を図るため、継続して保有しています。,,
E31612,,,2024-03-31,000,沖電気工業株式会社,,73,84.0,保有基準を全て充足。同社との銀行取引関係の維持・強化を図るため、継続して保有しています。,,
E31612,,,2024-03-31,000,株式会社トーホー,,26,80.0,保有基準を全て充足。同社との銀行取引関係の維持・強化を図るため、継続して保有しています。,,
E31612,,,2024-03-31,000,ＴＰＲ株式会社,,30,72.0,保有基準を全て充足。同社との銀行取引関係の維持・強化を図るため、継続して保有しています。,,
E31612,,,2024-03-31,000,日本製紙株式会社,,60,71.0,保有基準を全て充足。当社グループの営業基盤である熊本県に主要拠点を有し地域活性化に資すること及び同社との銀行取引関係の維持・強化を図るため、継続して保有しています。,,
E31612,,,2024-03-31,000,株式会社明電舎,,21,61.0,保有基準を全て充足。同社との銀行取引関係の維持・強化を図るため、継続して保有しています。,,
E31612,,,2024-03-31,000,日立造船株式会社,,32,43.0,保有基準を全て充足。当社グループの営業基盤である熊本県に主要拠点を有し地域活性化に資すること及び同社との銀行取引関係の維持・強化を図るため、継続して保有しています。,,
E31612,,,2024-03-31,000,昭和鉄工株式会社,,7,18.0,保有基準を全て充足。当社グループの営業基盤である九州の主要企業であり地域活性化に資すること及び同社との銀行取引関係の維持・強化を図るため、継続して保有しています。,,
E31612,,,2024-03-31,000,不二サッシ株式会社,,111,10.0,保有基準を全て充足。同社グループの不二ライトメタル株式会社は当社グループの営業基盤である熊本県の主要企業であり地域活性化に資すること及び同社との銀行取引関係の維持・強化を図るため、継続して保有しています。,,
E31612,,,2024-03-31,000,日本銀行,,0,6.0,保有基準を全て充足。同行との取引関係の維持・強化を図るため、継続して保有しています。,,
E31612,,,2024-03-31,000,株式会社ふくおかフィナンシャルグループ,,2980,9508.0,保有基準を全て充足。同社グループの保険商品窓口販売など事業上の連携関係の維持・強化を図るため、継続して保有しています。株式数増加の理由：株式分割による株式数増加。,,
E31612,,,2024-03-31,000,東海旅客鉄道株式会社,,1659,6713.0,保有基準を全て充足。ＡＴＭ利用手数料相互無料提携など同業種間でのアライアンスの維持・強化を図るため、継続して保有しています。,,
E31612,,,2024-03-31,000,三菱地所株式会社,,2689,3702.0,保有基準を全て充足。当社グループの営業基盤である九州の主要企業であり地域活性化に資すること及び同社との銀行取引関係の維持・強化を図るため、継続して保有しています。,,
E31612,,,2024-03-31,000,森永乳業株式会社,,456,3579.0,保有基準を全て充足。当社グループの営業基盤である熊本県の主要企業であり地域活性化に資すること及び同社との銀行取引関係の維持・強化を図るため、継続して保有しています。,,
E31612,,,2024-03-31,000,株式会社宮崎銀行,,413,1592.0,保有基準を全て充足。同社グループの保険商品窓口販売など事業上の連携関係の維持・強化を図るため、継続して保有しています。,,
E31612,,,2024-03-31,000,ヤマエグループホールディングス株式会社,,1419,1414.0,保有基準を全て充足。当社グループの営業基盤である熊本県に主要拠点を有し地域活性化に資すること及び同社との銀行取引関係の維持・強化を図るため、継続して保有しています。,,
E31612,,,2024-03-31,000,ＢＩＰＲＯＧＹ株式会社,,250,1395.0,保有基準を全て充足。当社グループの営業基盤である九州に主要拠点を有し地域活性化に資すること及び同社との銀行取引関係の維持・強化を図るため、継続して保有しています。,,
E31612,,,2024-03-31,000,株式会社アクシーズ,,301,1068.0,保有基準を全て充足。当社グループの営業基盤である九州の主要企業であり地域活性化に資すること及び同社との銀行取引関係の維持・強化を図るため、継続して保有しています。,,
E31612,,,2024-03-31,000,株式会社アルバック,,311,892.0,保有基準を全て充足。ＡＴＭ利用手数料相互無料提携など同業種間でのアライアンスの維持・強化を図るため、継続して保有しています。,,
E31612,,,2024-03-31,000,平田機工株式会社,,522,845.0,保有基準を全て充足。同社グループの西部電気工業株式会社は当社グループの営業基盤である九州の主要企業であり地域活性化に資すること及び同社との銀行取引関係の維持・強化を図るため、継続して保有しています。株式数増加の理由：株式分割による株式数増加。,,
E31612,,,2024-03-31,000,セコム株式会社,,347,744.0,保有基準を全て充足。ＡＴＭ利用手数料相互無料提携など同業種間でのアライアンスの維持・強化を図るため、継続して保有しています。,,
E31612,,,2024-03-31,000,株式会社山梨中央銀行,,300,661.0,保有基準を全て充足。同社との銀行取引関係の維持・強化を図るため、継続して保有しています。株式数増加の理由：株式分割による株式数増加。,,
E31612,,,2024-03-31,000,九州旅客鉄道株式会社,,602,589.0,保有基準を全て充足。当社グループの市場運用など事業上の連携関係の維持・強化を図るため、継続して保有しています。,,
E31612,,,2024-03-31,000,株式会社Ｍｉｓｕｍｉ,,196,547.0,保有基準を全て充足。当社グループの営業基盤である九州の主要企業であり地域活性化に資すること及び同社との銀行取引関係の維持・強化を図るため、継続して保有しています。,,
E31612,,,2024-03-31,000,株式会社大分銀行,,456,475.0,保有基準を全て充足。同社との銀行取引関係の維持・強化を図るため、継続して保有しています。株式数増加の理由：株式分割による株式数増加。,,
E31612,,,2024-03-31,000,株式会社東邦銀行,,124,442.0,保有基準を全て充足。同社グループの株式会社ＳＹＳＫＥＮは当社グループの営業基盤である熊本県の主要企業であり地域活性化に資すること及び同社との銀行取引関係の維持・強化を図るため、継続して保有しています。,,
E31612,,,2024-03-31,000,ヤマウホールディングス株式会社,,123,433.0,保有基準を全て充足。同社との銀行取引関係の維持・強化を図るため、継続して保有しています。,,
E31612,,,2024-03-31,000,ＪＦＥホールディングス株式会社,,142,385.0,保有基準を全て充足。同社グループの保険商品窓口販売など事業上の連携関係の維持・強化を図るため、継続して保有しています。株式数増加の理由：株式分割による株式数増加。,,
E31612,,,2024-03-31,000,スターゼン株式会社,,500,385.0,定量基準未充足ですが、当社グループの営業基盤である熊本県の主要企業であり地域活性化に資すること及び同社との銀行取引関係の維持・強化を図るため、継続して保有しています。,,
E31612,,,2024-03-31,000,第一交通産業株式会社,,90,384.0,保有基準を全て充足。当社グループの営業基盤である九州の主要企業であり地域活性化に資すること及び同社との銀行取引関係の維持・強化を図るため、継続して保有しています。,,
E31612,,,2024-03-31,000,電源開発株式会社,,300,364.0,保有基準を全て充足。同社との銀行取引関係の維持・強化を図るため、継続して保有しています。,,
E31612,,,2024-03-31,000,株式会社九電工,,70,356.0,保有基準を全て充足。同社との銀行取引関係の維持・強化を図るため、継続して保有しています。,,
E31612,,,2024-03-31,000,株式会社昴,,129,330.0,保有基準を全て充足。同社との銀行取引関係の維持・強化を図るため、継続して保有しています。,,
E31612,,,2024-03-31,000,矢作建設工業株式会社,,285,327.0,保有基準を全て充足。同社との銀行取引関係の維持・強化を図るため、継続して保有しています。,,
E31612,,,2024-03-31,000,ソフトマックス株式会社,,62,319.0,保有基準を全て充足。当社グループの営業基盤である九州の主要企業であり地域活性化に資すること及び同社との銀行取引関係の維持・強化を図るため、継続して保有しています。,,
E31612,,,2024-03-31,000,株式会社佐賀銀行,,99,302.0,保有基準を全て充足。同社グループとの経営戦略上の連携関係の維持・強化を図るため、継続して保有しています。,,
E31612,,,2024-03-31,000,株式会社ヒガシマル,,64,301.0,保有基準を全て充足。同社との銀行取引関係の維持・強化を図るため、継続して保有しています。,,
E31612,,,2024-03-31,000,昭和パックス株式会社,,243,280.0,保有基準を全て充足。当社グループの市場運用など事業上の連携関係の維持・強化を図るため、継続して保有しています。,,
E31612,,,2024-03-31,000,株式会社みずほフィナンシャルグループ,,50,258.0,保有基準を全て充足。同社との銀行取引関係の維持・強化を図るため、継続して保有しています。,,
E31612,,,2024-03-31,000,コーアツ工業株式会社,,72,226.0,保有基準を全て充足。同社との銀行取引関係の維持・強化を図るため、継続して保有しています。,,
E31612,,,2024-03-31,000,株式会社南日本銀行,,54,224.0,保有基準を全て充足。当社グループの営業基盤である九州の主要企業であり地域活性化に資すること及び同社との銀行取引関係の維持・強化を図るため、継続して保有しています。,,
E31612,,,2024-03-31,000,サンケイ化学株式会社,,120,219.0,保有基準を全て充足。当社グループの営業基盤である熊本県の主要企業であり地域活性化に資すること及び同社との銀行取引関係の維持・強化を図るため、継続して保有しています。,,
E31612,,,2024-03-31,000,三菱製鋼株式会社,,80,217.0,保有基準を全て充足。同社との銀行取引関係の維持・強化を図るため、継続して保有しています。,,
E31612,,,2024-03-31,000,株式会社宮崎太陽銀行,,114,214.0,保有基準を全て充足。当社グループの営業基盤である九州の主要企業であり地域活性化に資すること及び同社との銀行取引関係の維持・強化を図るため、継続して保有しています。,,
E31612,,,2024-03-31,000,昭和鉄工株式会社,,75,190.0,保有基準を全て充足。同社との銀行取引関係の維持・強化を図るため、継続して保有しています。,,
E31612,,,2024-03-31,000,九州電力株式会社,,29,186.0,保有基準を全て充足。当社グループの営業基盤である九州の主要企業であり地域活性化に資すること及び同社との銀行取引関係の維持・強化を図るため、継続して保有しています。,,
E34722,,,2024-03-31,000,イオンディライト㈱,,1976,6996.0,警備業の同業者として円滑な取引関係を維持するため、取引先持株会に加入し、定期買付により増加しております。また、警備業務の請負を行っており、毎期一定の取引規模を維持しております。当期において、当保有株数調整のため、一部を売却しております。,,
E34722,,,2024-03-31,000,日本管財ホールディングス㈱,,5703,14634.0,警備業の同業者として円滑な取引関係を維持するため、取引先持株会に加入し、定期買付により増加しております。また、警備業務の請負を行っており、毎期一定の取引規模を維持しております。,,
E02934,,,2024-12-31,000,㈱セブン＆アイ・ホールディングス,,583842,1452017.0,当社の重要販売先であり、主に米穀の販売を行っております。良好な関係維持・強化を図るため継続保有しております。また、取引量の維持、拡大を目的として取引先持株会に加入し保有しており、定期的な買付けにより株式数が増加しております。,,
E02934,,,2024-12-31,000,わらべや日洋ホールディングス㈱,,193412,392820.0,当社の重要販売先である、わらべや日洋食品㈱等の親会社であり、良好な関係維持・強化を図るため継続保有しております。また、取引量の維持、拡大を目的として取引先持株会に加入し保有しており、定期的な買付けにより株式数が増加しております。,,
E02934,,,2024-12-31,000,ヤマエグループホールディングス㈱,,69964,138108.0,当社の重要販売先である、ヤマエ久野㈱の親会社であり、良好な関係維持・強化を図るため継続保有しております。また、取引量の維持、拡大を目的として取引先持株会に加入し保有しており、定期的な買付けにより株式数が増加しております。,,
E02934,,,2024-12-31,000,㈱吉野家ホールディングス,,42280,131448.0,当社の重要販売先であり、主に米穀の販売を行っております。良好な関係維持・強化を図るため継続保有しております。また、取引量の維持、拡大を目的として取引先持株会に加入し保有しており、定期的な買付けにより株式数が増加しております。,,
E02934,,,2024-12-31,000,㈱ニップン,,52154,114009.0,当社の仕入先であり、飼料等の取引を行っております。良好な関係維持・強化を図るため継続保有しております。また、取引量の維持、拡大を目的として取引先持株会に加入し保有しており、定期的な買付けにより株式数が増加しております。,,
E02934,,,2024-12-31,000,㈱三菱UFJフィナンシャル・グループ,,44420,81999.0,当社の主要取引銀行である、㈱三菱UFJ銀行の親会社であり、運転資金のための短期借入れや設備投資のための長期借入れを行っております。資金需要時に円滑な調達が実現できるよう、関係強化のため保有しております。なお、2024年に合併した被合併会社が本株式を所有していたため、その分が増加しております。,,
E02934,,,2024-12-31,000,三井物産㈱,,22600,74828.0,当社の海外事業における重要パートナーとして、良好な関係の維持・強化を図るため継続保有しております。,,
E02934,,,2024-12-31,000,ヱスビー食品㈱,,10000,52600.0,当社の販売先であり、米穀の販売を行っております。良好な関係維持・強化を図るため継続保有しております。,,
E02934,,,2024-12-31,000,㈱松屋フーズホールディングス,,5200,33904.0,当社の重要販売先である、㈱松屋フーズの親会社であり、良好な関係維持・強化を図るため継続保有しております。,,
E02934,,,2024-12-31,000,㈱コンコルディア・フィナンシャルグループ,,29000,25261.0,当社の主要取引銀行である、㈱横浜銀行の親会社であり、運転資金のための短期借入れや設備投資のための長期借入れを行っております。資金需要時に円滑な調達が実現できるよう、関係強化のため保有しております。,,
E02934,,,2024-12-31,000,日本マクドナルドホールディングス㈱,,4000,24760.0,当社の被合併会社が過去に不動産賃貸をしていた関係で持株会に加入しておりました。現在は退会しておりますが、継続保有しております。,,
E02934,,,2024-12-31,000,㈱三井住友フィナンシャルグループ,,5400,20325.0,当社の主要取引銀行である、㈱三井住友銀行の親会社であり、運転資金のための短期借入れや設備投資のための長期借入れを行っております。資金需要時に円滑な調達が実現できるよう、関係強化のため保有しております。,,
E02934,,,2024-12-31,000,㈱天満屋ストア,,17690,17938.0,取引量の維持、拡大を目的として取引先持株会に加入し保有しております。定期的な買付けにより株式数が増加しております。,,
E02934,,,2024-12-31,000,兼松㈱,,6200,16324.0,当社の飼料事業における重要パートナーとして、良好な関係の維持・強化を図るため継続保有しております。,,
E02934,,,2024-12-31,000,亀田製菓㈱,,3193,13330.0,当社の販売先であり、米穀の販売を行っております。取引量の維持、拡大を目的として取引先持株会に加入し保有しております。定期的な買付けにより株式数が増加しております。,,
E02934,,,2024-12-31,000,マルハニチロ㈱,,1810,5496.0,米穀事業の取引における関係維持、強化を目的に保有しています。なお、2024年に合併した被合併会社が本株式を所有していたため、その分が増加しております。,,
E02934,,,2024-12-31,000,フィード・ワン㈱,,6120,4889.0,飼料等の取引を行っており、良好な関係維持・強化を図るため継続保有しております。,,
E02934,,,2024-12-31,000,ロイヤルホールディングス㈱,,1500,3591.0,当社の重要販売先である、ロイヤル㈱の親会社であり、良好な関係維持・強化を図るため継続保有しております。,,
E02934,,,2024-12-31,000,㈱ちゅうぎんフィナンシャルグループ,,1800,2950.0,同社のグループ会社である、㈱中国銀行と金融取引を行っており、良好な関係の維持、強化を目的に保有しております。,,
E02934,,,2024-12-31,000,㈱あかつき本社,,5450,2441.0,当社の取引先である、あかつき証券㈱の親会社であり、長期にわたり当社有価証券の管理を行っております。同社との良好な関係維持のため継続保有しております。,,
E02934,,,2024-12-31,000,AN GIANG IMPORT-EXPORT COMPANY,,100000,2067.0,同社はベトナム子会社における合弁パートナーであり、協力関係の維持、強化を目的に保有しています。,,
E02934,,,2024-12-31,000,尾家産業㈱,,1000,2010.0,当社の主力事業である米穀の取引を行っており、良好な関係維持・強化を図るため継続保有しております。,,
E02934,,,2024-12-31,000,昭和産業㈱,,600,1701.0,当社の販売先であり、飼料の販売を行っております。良好な関係維持・強化を図るため継続保有しております。,,
E02934,,,2024-12-31,000,中部飼料㈱,,1000,1328.0,飼料等の取引を行っており、良好な関係維持・強化を図るため継続保有しております。,,
E02934,,,2024-12-31,000,シノブフーズ㈱,,400,364.0,米穀事業の取引における関係維持、強化を目的に保有しています。,,
E01570,,,2024-03-31,000,住友不動産㈱,,8367000,48503.0,同社は当社の空調事業における販売先であり、相互の事業拡大や取引関係の強化を目的に株式を保有しております。なお、同社とは、「空調設備の脱炭素に向けた包括連携協定」を締結し、脱酸素・循環型社会の実現に向け、共同で取り組んでおります。,,
E01570,,,2024-03-31,000,東テク㈱,,1000000,9690.0,同社は当社の空調製品の販売取引において協力関係にある取引先であり、相互の事業拡大や取引関係の強化を目的に株式を保有しております。,,
E01570,,,2024-03-31,000,住友林業㈱,,1934900,9508.0,同社は当社の空調製品の販売取引において協力関係にある取引先であり、相互の事業拡大や取引関係の強化を目的に株式を保有しております。,,
E01570,,,2024-03-31,000,キヤノン㈱,,1569500,7064.0,同社は当社の空調事業における販売先であり、相互の事業拡大や取引関係の強化を目的に株式を保有しております。,,
E01570,,,2024-03-31,000,㈱三井住友フィナンシャルグループ,,684574,6098.0,同社グループには当社の主力取引銀行の一つが属しており、当社の財務活動円滑化のため、株式を保有しております。,,
E01570,,,2024-03-31,000,新晃工業㈱,,1350000,5224.0,同社は当社の空調事業における仕入先であり、また当社空調製品の製造・販売で業務提携関係にある取引先であります。相互の事業拡大や取引関係の強化を目的に株式を保有しております。,,
E01570,,,2024-03-31,000,小野薬品工業㈱,,1850000,4540.0,同社は当社の空調事業における販売先であり、相互の事業拡大や取引関係の強化を目的に株式を保有しております。,,
E01570,,,2024-03-31,000,積水ハウス㈱,,1070400,3762.0,同社は当社の空調製品の販売取引において協力関係にある取引先であり、相互の事業拡大や取引関係の強化を目的に株式を保有しております。,,
E01570,,,2024-03-31,000,ローム㈱,,1547800,3758.0,同社は当社の空調事業における仕入先であり、相互の事業拡大や取引関係の強化を目的に株式を保有しております。（注３）,,
E01570,,,2024-03-31,000,京セラ㈱,,1650000,3337.0,同社は当社の空調事業における仕入先であり、相互の事業拡大や取引関係の強化を目的に株式を保有しております。（注４）,,
E01570,,,2024-03-31,000,シンフォニアテクノロジー㈱,,1017000,3295.0,同社は当社の空調事業における販売先であり、相互の事業拡大や取引関係の強化を目的に株式を保有しております。,,
E01570,,,2024-03-31,000,三井住友トラスト・ホールディングス㈱,,824010,2725.0,同社グループには当社の主力取引銀行の一つが属しており、当社の財務活動円滑化のため、株式を保有しております。（注５）,,
E01570,,,2024-03-31,000,NOK㈱,,1300600,2722.0,同社は、当社の空調事業、化学事業における販売先であり、相互の事業拡大や取引関係の強化を目的に株式を保有しております。,,
E01570,,,2024-03-31,000,エア・ウォーター㈱,,1024000,2452.0,同社は当社の化学事業における販売先であり、相互の事業拡大や取引関係の強化を目的に株式を保有しております。,,
E01570,,,2024-03-31,000,東レ㈱,,3013000,2229.0,同社は当社の空調事業、化学事業における仕入先であり、相互の事業拡大や取引関係の強化を目的に株式を保有しております。,,
E01570,,,2024-03-31,000,㈱住友倉庫,,790400,2028.0,同社は当社の物流業務の委託をしている会社であり、相互の事業拡大や取引関係の強化を目的に株式を保有しております。,,
E01570,,,2024-03-31,000,大阪瓦斯㈱,,588700,1996.0,同社は当社の空調製品の販売取引において協力関係にある取引先であり、相互の事業拡大や取引関係の強化を目的に株式を保有しております。,,
E01570,,,2024-03-31,000,レンゴー㈱,,1455500,1702.0,同社は当社の空調事業における仕入先であり、相互の事業拡大や取引関係の強化を目的に株式を保有しております。,,
E01570,,,2024-03-31,000,日本ピラー工業㈱,,250857,1600.0,同社は当社の化学事業における販売先であり、相互の事業拡大や取引関係の強化を目的に株式を保有しております。,,
E01570,,,2024-03-31,000,㈱きんでん,,564500,1521.0,同社は当社の空調製品の販売取引において協力関係にある取引先であり、相互の事業拡大や取引関係の強化を目的に株式を保有しております。,,
E01570,,,2024-03-31,000,㈱京都フィナンシャルグループ,,551200,1521.0,同社グループには当社の取引銀行の一つが属しており、当社の財務活動円滑化のため、株式を保有しております。（注６）,,
E01570,,,2024-03-31,000,㈱バルカー,,285151,1462.0,同社は当社の化学事業における販売先であり、相互の事業拡大や取引関係の強化を目的に株式を保有しております。,,
E01570,,,2024-03-31,000,住友電気工業㈱,,532500,1250.0,同社は当社の空調事業、化学事業における仕入及び販売先であり、相互の事業拡大や取引関係の強化を目的に株式を保有しております。,,
E01570,,,2024-03-31,000,上新電機㈱,,432792,1007.0,同社は当社の空調製品の販売取引において協力関係にある取引先であり、相互の事業拡大や取引関係の強化を目的に株式を保有しております。,,
E01570,,,2024-03-31,000,MS&ADインシュアランスグループホールディングス㈱,,120200,977.0,同社グループには当社の主力取引保険会社が属しており、当社の財務活動円滑化のため、株式を保有しております。,,
E01570,,,2024-03-31,000,㈱山善,,685884,923.0,同社は当社の空調製品の販売取引において協力関係にある取引先であり、相互の事業拡大や取引関係の強化を目的に株式を保有しております。,,
E01570,,,2024-03-31,000,日油㈱,,135000,844.0,同社は当社の特機事業における仕入先であり、相互の事業拡大や取引関係の強化を目的に株式を保有しております。,,
E01570,,,2024-03-31,000,因幡電機産業㈱,,239000,837.0,同社は当社の空調製品の販売取引において協力関係にある取引先であり、相互の事業拡大や取引関係の強化を目的に株式を保有しております。,,
E01570,,,2024-03-31,000,㈱ツガミ,,717000,824.0,同社は当社の油機事業における販売先であり、相互の事業拡大や取引関係の強化を目的に株式を保有しております。,,
E01570,,,2024-03-31,000,㈱いよぎんホールディングス,,544000,638.0,同社グループには当社の取引銀行の一つが属しており、当社の財務活動円滑化のため、株式を保有しております。,,
E01570,,,2024-03-31,000,㈱みずほフィナンシャルグループ,,204032,621.0,同社グループには当社の取引銀行の一つが属しており、当社の財務活動円滑化のため、株式を保有しております。,,
E01570,,,2024-03-31,000,阪急阪神ホールディングス㈱,,126000,554.0,同社は当社の空調事業における販売先であり、相互の事業拡大や取引関係の強化を目的に株式を保有しております。,,
E01570,,,2024-03-31,000,京阪神ビルディング㈱,,323926,529.0,同社は当社の空調事業における販売先であり、相互の事業拡大や取引関係の強化を目的に株式を保有しております。,,
E01570,,,2024-03-31,000,㈱島津製作所,,122000,516.0,同社は当社の空調事業における仕入及び販売先であり、相互の事業拡大や取引関係の強化を目的に株式を保有しております。,,
E01570,,,2024-03-31,000,㈱ダイセル,,325000,492.0,同社は当社の化学事業及び特機事業における仕入先であり、相互の事業拡大や取引関係の強化を目的に株式を保有しております。,,
E01570,,,2024-03-31,000,㈱三菱UFJフィナンシャル・グループ,,247400,385.0,同社グループには当社の主力取引銀行の一つが属しており、当社の財務活動円滑化のため、株式を保有しております。,,
E01570,,,2024-03-31,000,㈱トミタ,,250000,381.0,同社は当社の油機製品の販売取引において協力関係にある取引先であり、相互の事業拡大や取引関係の強化を目的に株式を保有しております。,,
E01570,,,2024-03-31,000,日本空調サービス㈱,,392000,367.0,同社は当社の油機製品の販売取引において協力関係にある取引先であり、相互の事業拡大や取引関係の強化を目的に株式を保有しております。,,
E01570,,,2024-03-31,000,コクヨ㈱,,142100,353.0,同社は当社の空調事業における販売先であり、相互の事業拡大や取引関係の強化を目的に株式を保有しております。,,
E01570,,,2024-03-31,000,㈱日阪製作所,,340000,346.0,同社は当社の空調事業における仕入先であり、相互の事業拡大や取引関係の強化を目的に株式を保有しております。,,
E01570,,,2024-03-31,000,ユアサ商事㈱,,63300,338.0,同社は当社の空調製品の販売取引において協力関係にある取引先であり、相互の事業拡大や取引関係の強化を目的に株式を保有しております。,,
E01570,,,2024-03-31,000,平和不動産㈱,,73800,301.0,同社は当社の空調事業における販売先であり、相互の事業拡大や取引関係の強化を目的に株式を保有しております。,,
E01570,,,2024-03-31,000,日比谷総合設備㈱,,96624,287.0,同社は当社の空調製品の販売取引において協力関係にある取引先であり、相互の事業拡大や取引関係の強化を目的に株式を保有しております。,,
E01570,,,2024-03-31,000,㈱しずおかフィナンシャルグループ,,194775,281.0,同社グループには当社の取引銀行の一つが属しており、当社の財務活動円滑化のため、株式を保有しております。,,
E01570,,,2024-03-31,000,美津濃㈱,,44000,279.0,同社は当社の空調事業における販売先であり、相互の事業拡大や取引関係の強化を目的に株式を保有しております。,,
E01570,,,2024-03-31,000,㈱滋賀銀行,,63800,267.0,同行は当社の取引銀行の一つであり、当社の財務活動円滑化のため、株式を保有しております。,,
E01570,,,2024-03-31,000,極東開発工業㈱,,100290,260.0,同社は当社の油機事業における販売先であり、相互の事業拡大や取引関係の強化を目的に株式を保有しております。,,
E01570,,,2024-03-31,000,ライオン㈱,,190000,258.0,同社は当社の空調事業における販売先であり、相互の事業拡大や取引関係の強化を目的に株式を保有しております。,,
E01570,,,2024-03-31,000,南海電気鉄道㈱,,71200,227.0,同社は当社の空調事業における販売先であり、相互の事業拡大や取引関係の強化を目的に株式を保有しております。,,
E01570,,,2024-03-31,000,㈱JDSC,,233100,224.0,同社は空調事業での協力取引先であり、デジタルを活用した業務効率化や新サービス創出のため、株式を保有しております。,,
E01570,,,2024-03-31,000,TOPPANホールディングス㈱,,56825,220.0,同社グループは当社の空調事業における販売先であり、相互の事業拡大や取引関係の強化を目的に株式を保有しております。,,
E01570,,,2024-03-31,000,鴻池運輸㈱,,100000,219.0,同社は当社の物流業務の委託をしている会社であり、相互の事業拡大や取引関係の強化を目的に株式を保有しております。,,
E01570,,,2024-03-31,000,住友重機械工業㈱,,41600,196.0,同社は当社の油機事業における販売先であり、相互の事業拡大や取引関係の強化を目的に株式を保有しております。,,
E01570,,,2024-03-31,000,長瀬産業㈱,,74669,190.0,同社は当社の化学事業における仕入及び販売先であり、相互の事業拡大や取引関係の強化を目的に株式を保有しております。,,
E01570,,,2024-03-31,000,㈱商船三井,,34065,157.0,同社グループは当社の低温事業における販売先、かつ物流業務の委託をしている取引先であり、相互の事業拡大や取引関係の強化を目的に株式を保有しております。,,
E01570,,,2024-03-31,000,㈱TOKAIホールディングス,,150000,148.0,同社は当社の空調製品の販売取引において協力関係にある取引先であり、相互の事業拡大や取引関係の強化を目的に株式を保有しております。,,
E01570,,,2024-03-31,000,あすか製薬ホールディングス㈱,,60000,133.0,同社は当社の空調事業における販売先であり、相互の事業拡大や取引関係の強化を目的に株式を保有しております。,,
E01570,,,2024-03-31,000,三谷産業㈱,,319220,130.0,同社は当社の空調製品の販売取引において協力関係にある取引先であり、相互の事業拡大や取引関係の強化を目的に株式を保有しております。,,
E01570,,,2024-03-31,000,ハウス食品グループ本社㈱,,41261,127.0,同社は当社の空調事業における販売先であり、相互の事業拡大や取引関係の強化を目的に株式を保有しております。,,
E01570,,,2024-03-31,000,㈱吉野家ホールディングス,,36000,122.0,同社は当社の空調事業における販売先であり、相互の事業拡大や取引関係の強化を目的に株式を保有しております。,,
E01266,,,2024-03-31,000,合同製鐵株式会社,,514400,2942.0,同社は当社の中核事業である鉄鋼事業を主体として営んでおり、また、当社の持分法適用関連会社である中山鋼業株式会社に共同出資している関係にあり、事業関係の円滑化を目的として保有しています。,,
E01266,,,2024-03-31,000,岡谷鋼機株式会社,,62000,1048.0,同社は当社のネジ部品を含む製品販売先および主原料購入先であり、取引協力関係の維持・構築やカーボンニュートラルの取り組みで重要性を増している鉄スクラップの安定調達を目的として保有しています。,,
E01266,,,2024-03-31,000,中外炉工業株式会社,,110000,343.0,同社は工業炉およびバーナー等に関する高い技術力を有しており、鉄鋼製造時の副産物のリサイクル等に関する技術交流を目的として保有しています。,,
E01266,,,2024-03-31,000,株式会社三菱ＵＦＪフィナンシャル・グループ,,200000,311.0,同社グループには当社の主力取引銀行である株式会社三菱ＵＦＪ銀行が属しており、事業戦略に応じた安定的かつ機動的な資金調達および同社グループとの良好な関係の維持・強化を目的として保有しています。,,
E01266,,,2024-03-31,000,株式会社りそなホールディングス,,276300,263.0,同社グループには当社の主力取引銀行である株式会社りそな銀行が属しており、事業戦略に応じた安定的かつ機動的な資金調達および同社グループとの良好な関係の維持・強化を目的として保有しています。,,
E01266,,,2024-03-31,000,株式会社三井住友フィナンシャルグループ,,6100,54.0,同社グループには当社の主力取引銀行である株式会社三井住友銀行が属しており、事業戦略に応じた安定的かつ機動的な資金調達および同社グループとの良好な関係の維持・強化を目的として保有しています。,,
E01266,,,2024-03-31,000,清和中央ホールディングス株式会社,,20000,31.0,同社グループには当社製品の販売先である清和鋼業株式会社が属しており、取引協力関係の維持・構築を目的として保有しています。,,
E01266,,,2024-03-31,000,コンドーテック株式会社,,13800,18.0,同社には商社を介して当社製品の構造用棒鋼を販売しており、取引協力関係の維持・構築を目的として保有しています。,,
E01266,,,2024-03-31,000,神鋼商事株式会社,,441,3.0,同社は当社の製品販売先および主原料、副原料の購入先であり、取引協力関係の維持・構築やカーボンニュートラルの取り組みで重要性を増している鉄スクラップと副原料の安定調達を目的として保有しています。,,
E24512,,,2025-02-28,000,東京建物㈱,,79000,188770.0,オフィスの改装工事等の取引があり、今後の事業展開に向けた情報収集や企業間取引における関係維持・強化を図るため株式を保有しております。,,
E24512,,,2025-02-28,000,㈱乃村工藝社,,141400,121321.0,当社と同社は、相互の情報交換、円滑な事業推進を目的とした契約を締結しており、今後の事業展開に向けた情報収集や企業間取引における関係維持・強化を図るため株式を保有しております。,,
E24512,,,2025-02-28,000,住友不動産㈱,,10000,52060.0,音響・照明設備工事等の取引を行っており、今後の事業展開に向けた情報収集や企業間取引における関係維持・強化を図るため株式を保有しております。,,
E24512,,,2025-02-28,000,東武鉄道㈱,,15800,41032.0,各種情報交換を通じ工事関連の受注機会の増加を目的とし、また同社との良好な関係の維持強化を図るため株式を保有しています。,,
E24512,,,2025-02-28,000,㈱乃村工藝社,,79000,188770.0,オフィスの改装工事等の取引があり、今後の事業展開に向けた情報収集や企業間取引における関係維持・強化を図るため株式を保有しております。,,
E24512,,,2025-02-28,000,㈱丹青社,,141400,121321.0,当社と同社は、相互の情報交換、円滑な事業推進を目的とした契約を締結しており、今後の事業展開に向けた情報収集や企業間取引における関係維持・強化を図るため株式を保有しております。,,
E24512,,,2025-02-28,000,㈱スペース,,10000,52060.0,音響・照明設備工事等の取引を行っており、今後の事業展開に向けた情報収集や企業間取引における関係維持・強化を図るため株式を保有しております。,,
E00311,,,2024-08-31,000,松井建設株式会社,,190000,149530.0,当社子会社で行うマンション事業における取引先であり、取引関係の維持強化を目的として保有しております。（定量的な保有効果）（注）１,,
E00311,,,2024-08-31,000,三井住友トラスト・ホールディングス株式会社(注)２,,6000,21618.0,当社における金融・資金取引及び事業運営上の安定的かつ継続的な関係強化を目的として保有しております。（定量的な保有効果）（注）１,,
E00311,,,2024-08-31,000,株式会社十六フィナンシャルグループ,,4000,17060.0,当社における金融・資金取引及び事業運営上の安定的かつ継続的な関係強化を目的として保有しております。（定量的な保有効果）（注）１,,
E00311,,,2024-08-31,000,株式会社三菱ＵＦＪフィナンシャル・グループ,,10000,15280.0,当社における金融・資金取引及び事業運営上の安定的かつ継続的な関係強化を目的として保有しております。（定量的な保有効果）（注）１,,
E00311,,,2024-08-31,000,株式会社あいちフィナンシャルグループ,,5328,12947.0,当社における金融・資金取引及び事業運営上の安定的かつ継続的な関係強化を目的として保有しております。（定量的な保有効果）（注）１,,
E00311,,,2024-08-31,000,株式会社名古屋銀行,,200,1408.0,当社における金融・資金取引及び事業運営上の安定的かつ継続的な関係強化を目的として保有しております。（定量的な保有効果）（注）１,,
E00221,,,2025-03-31,000,㈱千葉銀行,,701587,981.0,（保有目的）上記に記載のとおりであります。（業務提携等の概要）物件紹介、金融取引等（定量的な保有効果）上記に記載のとおりであります。（株式数が増加した理由）取引関係を強化するための株式累積投資による取得であります。,,
E00221,,,2025-03-31,000,㈱京葉銀行,,135004,121.0,（保有目的）上記に記載のとおりであります。（業務提携等の概要）物件紹介、金融取引等（定量的な保有効果）上記に記載のとおりであります。,,
E00221,,,2025-03-31,000,㈱千葉興業銀行,,79600,103.0,（保有目的）上記に記載のとおりであります。（業務提携等の概要）物件紹介、金融取引等（定量的な保有効果）上記に記載のとおりであります。,,
E00221,,,2025-03-31,000,㈱三菱ＵＦＪフィナンシャル・グループ,,12871,25.0,（保有目的）上記に記載のとおりであります。（業務提携等の概要）物件紹介、金融取引等（定量的な保有効果）上記に記載のとおりであります。,,
E00221,,,2025-03-31,000,㈱オリエンタルランド,,8000,23.0,（保有目的）上記に記載のとおりであります。（業務提携等の概要）工事発注（定量的な保有効果）上記に記載のとおりであります。,,
E02380,,,2025-03-31,000,倉敷紡績株式会社,,174000,1037.0,当社製品製造に係る業務の円滑な推進及び化成品領域などでの購買・開発を含めたグローバルビジネスパートナーとして、同社との協業体制強化のため。,,
E02380,,,2025-03-31,000,株式会社三菱UFJフィナンシャル・グループ,,410540,825.0,金融取引をはじめ、財務・総務に関する有益な情報提供など、各種業務を円滑に推進するため。,,
E02380,,,2025-03-31,000,株式会社パイオラックス,,309000,736.0,当社製品製造に係る業務の円滑な推進及び内装品ファスナー部品領域などでの購買・開発を含めたグローバルビジネスパートナーとして、同社との協業体制強化のため。,,
E02380,,,2025-03-31,000,いすゞ自動車株式会社,,345412,696.0,当社製品の重要な販売先として、製品製造に係る業務の円滑な推進及び営業情報の入手並びに取引関係の維持・強化のため。株式数の増加は、製品販売強化を目的とした取引先持株会による株式取得のため。,,
E02380,,,2025-03-31,000,オイレス工業株式会社,,293700,662.0,当社製品製造に係る業務の円滑な推進及びベアリング・ダンパー部品領域などでの購買・開発を含めたグローバルビジネスパートナーとして、同社との協業体制強化のため。,,
E02380,,,2025-03-31,000,スズキ株式会社,,357200,646.0,当社製品の重要な販売先として、製品製造に係る業務の円滑な推進及び営業情報の入手並びに取引の関係維持・強化のため。,,
E02380,,,2025-03-31,000,株式会社オーハシテクニカ,,260000,478.0,当社製品製造に係る業務の円滑な推進及びシートフレーム締結部品領域などでの購買・開発を含めたグローバルビジネスパートナーとして、同社との協業体制強化のため。,,
E02380,,,2025-03-31,000,オカモト株式会社,,84600,428.0,当社製品製造に係る業務の円滑な推進及び表皮材領域などでの購買・開発を含めたグローバルビジネスパートナーとして、同社との協業体制強化のため。,,
E02380,,,2025-03-31,000,川崎重工業株式会社,,20725,185.0,当社製品の重要な販売先として、製品製造に係る業務の円滑な推進及び営業情報の入手並びに取引関係の維持・強化のため。株式数の増加は、製品販売強化を目的とした取引先持株会による株式取得のため。,,
E02380,,,2025-03-31,000,株式会社T&Dホールディングス,,52470,166.0,保険業務取引をはじめ、財務・総務に関する有益な情報提供など、各種業務を円滑に推進するため。,,
E02380,,,2025-03-31,000,株式会社三井住友フィナンシャルグループ,,37209,141.0,金融取引をはじめ、財務・総務に関する有益な情報提供など、各種業務を円滑に推進するため。株式数の増加は、株式分割実施のため。,,
E02380,,,2025-03-31,000,株式会社SUBARU,,41700,110.0,当社製品の重要な販売先として、製品製造に係る業務の円滑な推進及び営業情報の入手並びに取引の関係維持・強化のため。,,
E02686,,,2025-03-31,000,㈱大阪ソーダ,,1217900,1977.0,同社は化成品事業の仕入先であります。事業上の関係維持・強化を図るため同社株式を継続して保有していますが、当事業年度中に一部売却いたしました。同社は2024年９月30日付で普通株式１株を５株とする株式分割を行ったため、保有株数は増加しております。,,
E02686,,,2025-03-31,000,大和ハウス工業㈱,,337925,1668.0,同社はボンド事業の住関連分野の接着剤、シーリング材の顧客であります。事業上の関係維持・強化を図るため同社株式を追加購入し継続して保有しています。,,
E02686,,,2025-03-31,000,日東電工㈱,,270000,738.0,同社は化成品事業の顧客であります。事業上の関係維持・強化を図るため同社株式を継続して保有していますが、当事業年度中に一部売却いたしました。同社は2024年９月30日付で普通株式１株を５株とする株式分割を行ったため、保有株数は増加しております。,,
E02686,,,2025-03-31,000,東亞合成㈱,,253643,357.0,同社はボンド事業の接着剤「ボンド アロンアルフア」の仕入先であります。事業上の関係維持・強化を図るため同社株式を継続して保有しています。,,
E02686,,,2025-03-31,000,稲畑産業㈱,,100000,317.0,同社はボンド事業の原材料の仕入先であります。事業上の関係維持・強化を図るため同社株式を継続して保有しています。,,
E02686,,,2025-03-31,000,㈱カネカ,,53000,201.0,同社はボンド事業の原材料の仕入先であり、化成品事業の仕入先および顧客であります。事業上の関係維持・強化を図るため同社株式を継続して保有しています。,,
E02686,,,2025-03-31,000,㈱日本ピグメントホールディングス,,49716,153.0,同社はボンド事業の原材料の仕入先であります。事業上の関係維持・強化を図るため同社株式を追加購入し継続して保有しています。,,
E02686,,,2025-03-31,000,荒川化学工業㈱,,99360,109.0,同社はボンド事業の原材料の仕入先であります。事業上の関係維持・強化を図るため同社株式を継続して保有しています。,,
E02686,,,2025-03-31,000,㈱キムラ,,199122,92.0,同社はボンド事業の顧客であります。事業上の関係維持・強化を図るため同社株式を追加購入し継続して保有しています。,,
E02686,,,2025-03-31,000,高圧ガス工業㈱,,100000,88.0,同社はボンド事業の原材料の仕入先であります。事業上の関係維持・強化を図るため同社株式を継続して保有しています。,,
E02686,,,2025-03-31,000,信越化学工業㈱,,15500,65.0,同社はボンド事業のシーリング材、原材料の仕入先であり、化成品事業の仕入先であります。事業上の関係維持・強化を図るため同社株式を継続して保有しています。,,
E02686,,,2025-03-31,000,トラスコ中山㈱,,31944,63.0,同社はボンド事業の顧客であります。事業上の関係維持・強化を図るため同社株式を継続して保有しています。,,
E02686,,,2025-03-31,000,ニホンフラッシュ㈱,,58515,46.0,同社はボンド事業の顧客であります。事業上の関係維持・強化を図るため同社株式を追加購入し継続して保有しています。,,
E02686,,,2025-03-31,000,イサム塗料㈱,,10400,33.0,同社は化成品事業の顧客であります。事業上の関係維持・強化を図るため同社株式を継続して保有しています。,,
E02686,,,2025-03-31,000,ＯＣＨＩホールディングス㈱,,14850,20.0,同社はボンド事業の顧客であります。事業上の関係維持・強化を図るため同社株式を継続して保有しています。,,
E02686,,,2025-03-31,000,アルテック㈱,,50000,11.0,同社は化成品事業の仕入先であります。事業上の関係維持・強化を図るため同社株式を継続して保有しています。,,
E00957,,,2024-03-31,000,ゼリア新薬工業㈱,,172700,368.0,（保有目的）医薬品事業における取引先であり、良好な取引関係の維持・強化を図るため（定量的な保有効果）（注）２,,
E00957,,,2024-03-31,000,Delta-Fly Pharma㈱,,430300,362.0,（保有目的）関係強化を通じた医薬品開発の推進を図るため（定量的な保有効果）（注）２（株式数が増加した理由）第三者割当増資の引受による株式の取得,,
E00957,,,2024-03-31,000,㈱朝日工業社,,95200,319.0,（保有目的）設備の新設・維持等における取引の円滑化を図るため（定量的な保有効果）（注）２,,
E00957,,,2024-03-31,000,㈱東京きらぼしフィナンシャルグループ,,60892,296.0,（保有目的）主要金融機関として良好な関係の維持、取引の円滑化を図るため（定量的な保有効果）（注）２,,
E00957,,,2024-03-31,000,アルフレッサホールディングス㈱,,58000,128.0,（保有目的）医薬品事業における取引先であり、良好な取引関係の維持・強化を図るため（定量的な保有効果）（注）２,,
E00957,,,2024-03-31,000,㈱みずほフィナンシャルグループ,,23100,70.0,（保有目的）主要金融機関として良好な関係の維持、取引の円滑化を図るため（定量的な保有効果）（注）２,,
E00957,,,2024-03-31,000,アステナホールディングス㈱,,100000,49.0,（保有目的）医薬品事業における取引先であり、良好な取引関係の維持・強化を図るため（定量的な保有効果）（注）２,,
E00957,,,2024-03-31,000,㈱ほくやく・竹山ホールディングス,,36002,31.0,（保有目的）医薬品事業における取引先であり、良好な取引関係の維持・強化を図るため（定量的な保有効果）（注）２,,
E00957,,,2024-03-31,000,サスメド㈱,,58800,31.0,（保有目的）関係強化を通じた医薬品開発の促進・効率化を図るため（定量的な保有効果）（注）２,,
E00957,,,2024-03-31,000,㈱ほくほくフィナンシャルグループ,,15100,29.0,（保有目的）主要金融機関として良好な関係の維持、取引の円滑化を図るため（定量的な保有効果）（注）２,,
E00957,,,2024-03-31,000,東邦ホールディングス㈱,,7890,28.0,（保有目的）医薬品事業における取引先であり、良好な取引関係の維持・強化を図るため（定量的な保有効果）（注）２,,
E00957,,,2024-03-31,000,三井住友トラスト・ホールディングス㈱,,3630,12.0,（保有目的）主要金融機関として良好な関係の維持、取引の円滑化を図るため（定量的な保有効果）（注）２,,
E00848,,,2025-03-31,000,ゼリア新薬工業株式会社,,272100,614.0,医薬品関係で取引があり、同社との営業上の関係強化のため、同社株式を保有しております。,,
E00848,,,2025-03-31,000,あすか製薬ホールディングス株式会社,,150000,345.0,医薬品関係で取引があり、同社との関係強化のため、同社株式を保有しております。,,
E00848,,,2025-03-31,000,住友商事株式会社,,73000,246.0,アミノ酸関係、化成品関係、医薬品関係で取引があり、同社との関係強化のため、同社株式を保有しております。,,
E00848,,,2025-03-31,000,株式会社三菱UFJフィナンシャル・グループ,,113400,228.0,融資等で取引があり、同社との関係強化のため、同社株式を保有しております。,,
E00848,,,2025-03-31,000,株式会社大阪ソーダ,,119500,194.0,医薬品関係で取引があり、同社との営業上の関係強化のため、同社株式を保有しております。また、株式分割により保有株式数が増加しております。（注）,,
E00848,,,2025-03-31,000,ニプロ株式会社,,100000,135.0,医薬品関係で取引があり、同社との業務提携及び資本提携のため、同社株式を保有しております。,,
E00848,,,2025-03-31,000,株式会社クレハ,,46500,128.0,当社常磐工場における生産活動において取引があり、同社との営業上の関係強化のため、同社株式を保有しております。,,
E00848,,,2025-03-31,000,株式会社めぶきフィナンシャルグループ,,112320,81.0,融資等で取引があり、同社との関係強化のため、同社株式を保有しております。,,
E00848,,,2025-03-31,000,久光製薬株式会社,,13700,55.0,医薬品関係で取引があり、同社との関係強化のため、同社株式を保有しております。,,
E00848,,,2025-03-31,000,株式会社東京きらぼしフィナンシャルグループ,,3219,18.0,融資等で取引があり、同社との関係強化のため、同社株式を保有しております。,,
E00866,,,2024-05-31,000,本田技研工業㈱,,11593,20.0,保有目的：当社の取引先であり、取引関係の維持・強化のため。株式数増加理由：取引先持株会による買い増し及び株式分割による増加。,,
E01377,,,2024-11-30,000,オークマ㈱,,727800,2241.0,当社の販売先及び設備の調達先であり、取引関係の維持・強化のため株式を保有。株式の分割により株式数が増加。,,
E01377,,,2024-11-30,000,㈱山善,,666786,858.0,当社の販売先及び仕入先であり、取引関係の維持・強化のため株式を保有。取引先持株会を通じた株式の取得。,,
E01377,,,2024-11-30,000,㈱アストロスケールホールディングス,,600000,523.0,持続可能な社会の実現に貢献することを目的として保有。保有していた非上場株式の新規上場により株式数が増加。,,
E01377,,,2024-11-30,000,新東工業㈱,,251000,233.0,当社製品のユーザー及び仕入先であり、取引関係の維持・強化のため株式を保有。,,
E01377,,,2024-11-30,000,旭ダイヤモンド工業㈱,,132000,105.0,当社の仕入先であり、取引関係の維持・強化のため株式を保有。,,
E01377,,,2024-11-30,000,ミクロン精密㈱,,30000,46.0,当社の仕入先であり、取引関係の維持・強化のため株式を保有。,,
E01377,,,2024-11-30,000,岡谷鋼機㈱,,2000,13.0,当社の販売先及び仕入先であり、取引関係の維持・強化のため株式を保有。株式の分割により株式数が増加。,,
E30728,,,2025-03-31,000,㈱コンコルディア・フィナンシャルグループ,,1317600,1292.0,安定的な資金調達先として良好な関係を維持・強化することを目的として保有しております。,,
E30728,,,2025-03-31,000,ケイヒン㈱,,465300,1094.0,畜産飼料事業における倉庫保管、陸上運送等に係る取引を行っており、良好な関係を維持・強化することを目的として相互保有しております。,,
E30728,,,2025-03-31,000,スターゼン㈱,,884400,823.0,畜産飼料事業における取引先であり、㈱南部ファーム及び㈱美保野ポークの共同経営者として良好な関係を維持・強化することを目的として相互保有しております。なお、スターゼン㈱は2025年３月31日付で普通株式１株につき３株の割合で株式分割を行っております。,,
E30728,,,2025-03-31,000,㈱ヨンキュウ,,350000,749.0,水産飼料事業における資本業務提携先であり、良好な関係を維持・強化することを目的として相互保有しております。,,
E30728,,,2025-03-31,000,㈱みずほフィナンシャルグループ,,41005,166.0,安定的な資金調達先として良好な関係を維持・強化することを目的として保有しております。,,
E30728,,,2025-03-31,000,丸全昭和運輸㈱,,25947,155.0,配合飼料の配送業務に係る取引先として良好な関係を維持・強化することを目的として相互保有しております。なお、同社株式の一部は取引先持株会名義で保有しており、取引関係の維持・強化の観点から定期取得しております。,,
E30728,,,2025-03-31,000,㈱しずおかフィナンシャルグループ,,44100,71.0,安定的な資金調達先として良好な関係を維持・強化することを目的として保有しております。,,
E30728,,,2025-03-31,000,㈱山口フィナンシャルグループ,,14000,24.0,安定的な資金調達先として良好な関係を維持・強化することを目的として保有しております。,,
E01475,,,2025-03-31,000,㈱しずおかフィナンシャルグループ,,561846,911876.0,事業において必要となる資金の供給、手形決済や経費支払い等の金融取引を中心とした安定的な取引関係の維持・強化。,,
E01475,,,2025-03-31,000,㈱ジャパンエンジンコーポレーション(注)３,,225000,767250.0,当社製品の販売及び製造に必要となる部品等の仕入取引を中心とした安定的な取引関係の維持・強化。また、２ストロークディーゼル機関のライセンサーとして製造・販売に関する実施権の維持。,,
E01475,,,2025-03-31,000,飯野海運㈱,,240608,239886.0,当社製品の販売取引を中心とした安定的な取引関係の維持・強化。株式数の増加は、取引先持株会の購入による増加であり、海運業界に関する知見を販売活動に活用しております。,,
E01475,,,2025-03-31,000,シンフォニアテクノロジー㈱,,20000,119600.0,当社製品の販売取引を中心とした安定的な取引関係の維持・強化。,,
E01475,,,2025-03-31,000,㈱ＴＯＫＡＩホールディングス,,101443,99718.0,当社製品の販売及び製造に必要となる部品等の仕入取引を中心とした安定的な取引関係の維持・強化。,,
E01475,,,2025-03-31,000,㈱名村造船所,,25600,58496.0,製造に必要となる部品等の仕入取引を中心とした安定的な取引関係の維持・強化。,,
E01475,,,2025-03-31,000,㈱みずほフィナンシャルグループ,,7788,31549.0,事業において必要となる資金の供給、手形決済や経費支払い等の金融取引を中心とした安定的な取引関係の維持・強化。,,
E01475,,,2025-03-31,000,ＮＳユナイテッド海運㈱,,4075,16320.0,当社製品の販売取引を中心とした安定的な取引関係の維持・強化。,,
E01475,,,2025-03-31,000,㈱清水銀行,,10065,15127.0,事業において必要となる資金の供給や経費の支払い等の金融取引を中心とした安定的な取引関係の維持・強化。,,
E01475,,,2025-03-31,000,リケンＮＰＲ㈱,,1156,2881.0,製造に必要となる部品等の仕入取引を中心とした安定的な取引関係の維持・強化。,,
E04291,,,2025-03-31,000,東京海上ホールディングス株式会社,,2903000,16651.0,"不動産部門で取引を行っており、同社との良好な関係の維持、強化、金融取引の円滑化を目的に、配当利回り等の定量的効果を検証の上保有しておりましたが、段階的に売却をすすめております。同社株式は2025年２月１日付の吸収合併に伴い720,000株が当社に移管されました。",,
E04291,,,2025-03-31,000,清水建設株式会社,,394000,521.0,"物流部門並びに不動産部門で取引を行っており、同社との良好な関係の維持、強化を目的に、配当利回り等の定量的効果を検証の上保有しております。の定量的効果を検証の上保有しております。同社株式は2025年２月１日付の吸収合併に伴い156,000株が当社に移管されました。",,
E04291,,,2025-03-31,000,東京ガス,,85200,405.0,物流部門で取引を行っており、同社との良好な関係の維持、強化を目的に、配当利回り等の定量的効果を検証の上保有しております。同社株式は2025年２月１日付の吸収合併に伴い当社に移管されました。,,
E04291,,,2025-03-31,000,森永製菓株式会社,,158000,395.0,物流部門で取引を行っており、同社との良好な関係の維持、強化を目的に、配当利回り等の定量的効果を検証の上保有しております。,,
E04291,,,2025-03-31,000,株式会社三井住友フィナンシャルグループ,,95400,362.0,借入等の金融取引を行っており、同社との良好な関係の維持、強化を目的に、配当利回り等の定量的効果を検証の上保有しております。,,
E04291,,,2025-03-31,000,江崎グリコ株式会社,,78317,362.0,物流部門で取引を行っており、同社との良好な関係の維持、強化を目的に、配当利回り等の定量的効果を検証の上保有しております。また、加入している持株会における定期的な拠出金により株式数は増加しております。,,
E04291,,,2025-03-31,000,乾汽船,,154000,207.0,同社株式は2025年２月１日付の吸収合併に伴い当社に移管されました。同社との取引に特段の影響はないと判断したため、売却の方針であります。,,
E04291,,,2025-03-31,000,丸三証券株式会社,,115700,104.0,食品部門で取引を行っており、同社との良好な関係の維持、強化を目的に、配当利回り等の定量的効果を検証の上保有しております。,,
E04291,,,2025-03-31,000,イオン株式会社,,27900,104.0,食品部門並びに情報部門で取引を行っており、同社との良好な関係の維持、強化を目的に、配当利回り等の定量的効果を検証の上保有しております。,,
E04291,,,2025-03-31,000,北越コーポレーション株式会社,,83706,102.0,物流部門で取引を行っており、同社との良好な関係の維持、強化を目的に、配当利回り等の定量的効果を検証の上保有しております。また、加入している持株会における定期的な拠出金により株式数は増加しております。,,
E04291,,,2025-03-31,000,きんでん,,30000,100.0,同社株式は2025年２月１日付の吸収合併に伴い当社に移管されました。不動産部門で取引を行っておりますが、同社との取引に特段の影響はないと判断したため、売却方針であります。,,
E04291,,,2025-03-31,000,エンチョー,,116000,95.0,同社株式は2025年２月１日付の吸収合併に伴い当社に移管されました。不動産部門で取引を行っておりましたが、同社との取引に特段の影響はないと判断したため、売却の方針であります。,,
E04291,,,2025-03-31,000,株式会社三十三フィナンシャルグループ,,14800,35.0,借入等の金融取引を行っており、同社との良好な関係の維持、強化を目的に、配当利回り等の定量的効果を検証の上保有しております。,,
E04291,,,2025-03-31,000,イトーキ,,6000,9.0,同社株式は2025年２月１日付の吸収合併に伴い当社に移管されました。物流部門で取引を行っており、同社との良好な関係の維持、強化を目的に、配当利回り等の定量的効果を検証の上保有しております。,,
E01444,,,2025-03-31,000,㈱第四北越フィナンシャルグループ,,228086,719.0,当社の主要取引金融機関であり、長期安定的な金融取引関係の維持・強化を図るため。2024年９月30日を基準日として１株につき２株の割合で株式が分割されたため保有株数が増加。,,
E01444,,,2025-03-31,000,㈱ミツウロコグループホールディングス,,242681,434.0,当社の製品の販売先であり、良好な販売取引関係の維持・強化により企業価値の向上を図るため。取引先持株会に加入しているため保有株数が増加。,,
E01444,,,2025-03-31,000,大和ハウス工業㈱,,61740,304.0,当社の製品の販売先であり、良好な販売取引関係の維持・強化により企業価値の向上を図るため。,,
E01444,,,2025-03-31,000,㈱山善,,185826,244.0,当社の製品の販売先であり、良好な販売取引関係の維持・強化により企業価値の向上を図るため。取引先持株会に加入しているため保有株数が増加。,,
E01444,,,2025-03-31,000,上新電機㈱,,75000,159.0,当社の製品の販売先であり、良好な販売取引関係の維持・強化により企業価値の向上を図るため。,,
E01444,,,2025-03-31,000,住友商事㈱,,41680,140.0,当社の原材料の仕入先であり、原材料の安定調達などを目的とした良好な仕入取引関係の維持・強化を図ることが企業価値の向上に資するため。,,
E01444,,,2025-03-31,000,㈱コメリ,,30492,90.0,当社の製品の販売先であり、良好な販売取引関係の維持・強化により企業価値の向上を図るため。,,
E01444,,,2025-03-31,000,㈱ノジマ,,34980,88.0,当社の製品の販売先であり、良好な販売取引関係の維持・強化により企業価値の向上を図るため。,,
E01444,,,2025-03-31,000,アークランズ㈱,,30000,49.0,当社の製品の販売先であり、良好な販売取引関係の維持・強化により企業価値の向上を図るため。,,
E01444,,,2025-03-31,000,㈱ロジネットジャパン,,15000,46.0,当社の物流業務に関する取引先であり、販売先への製品の安定供給などを目的とした良好な物流取引関係の維持・強化を図ることが企業価値の向上に資するため。,,
E01444,,,2025-03-31,000,ダイヤモンドエレクトリックホールディングス㈱,,68000,40.0,当社の部品の仕入先であり、部品の安定調達などを目的とした良好な仕入取引関係の維持・強化を図ることが企業価値の向上に資するため。,,
E01444,,,2025-03-31,000,㈱エディオン,,10000,18.0,当社の製品の販売先であり、良好な販売取引関係の維持・強化により企業価値の向上を図るため。,,
E01444,,,2025-03-31,000,ОＣＨＩホールディングス㈱,,13851,18.0,当社の製品の販売先であり、良好な販売取引関係の維持・強化により企業価値の向上を図るため。取引先持株会に加入しているため保有株数が増加。,,
E01444,,,2025-03-31,000,㈱コジマ,,12000,12.0,当社の製品の販売先であり、良好な販売取引関係の維持・強化により企業価値の向上を図るため。,,
E01444,,,2025-03-31,000,三相電機㈱,,11000,8.0,当社の部品の仕入先であり、部品の安定調達などを目的とした良好な仕入取引関係の維持・強化を図ることが企業価値の向上に資するため。,,
E01444,,,2025-03-31,000,㈱キムラ,,9919,4.0,当社の製品の販売先であり、良好な販売取引関係の維持・強化により企業価値の向上を図るため。取引先持株会に加入しているため保有株数が増加。,,
E01444,,,2025-03-31,000,トナミホールディングス㈱,,435,4.0,当社の物流業務に関する取引先であり、販売先への製品の安定供給などを目的とした良好な物流取引関係の維持・強化を図ることが企業価値の向上に資するため。,,
E01444,,,2025-03-31,000,㈱デンキョーグループホールディングス,,3232,3.0,当社の製品の販売先であり、良好な販売取引関係の維持・強化により企業価値の向上を図るため。取引先持株会に加入しているため保有株数が増加。,,
E01444,,,2025-03-31,000,タカラスタンダード㈱,,944,1.0,当社の製品の販売先であり、良好な販売取引関係の維持・強化により企業価値の向上を図るため。取引先持株会に加入しているため保有株数が増加。,,
E01444,,,2025-03-31,000,㈱ヤマダホールディングス,,3780,1.0,当社の製品の販売先であり、良好な販売取引関係の維持・強化により企業価値の向上を図るため。,,
E01444,,,2025-03-31,000,橋本総業ホールディングス㈱,,1196,1.0,当社の製品の販売先であり、良好な販売取引関係の維持・強化により企業価値の向上を図るため。取引先持株会に加入しているため保有株数が増加。,,
E02522,,,2025-03-31,000,㈱神戸製鋼所,,1578200,2730.0,取引先として、事業上の関係を維持・強化し、製品販売の維持拡大と、製品・原材料等の安定調達を通じて企業基盤の安定化を図り、中長期的に企業価値の向上を図るため。主として取引高をもとに保有の合理性を検討しております。,,
E02522,,,2025-03-31,000,シンフォニアテクノロジー㈱,,400000,2392.0,取引先として、事業上の関係を維持・強化し、製品販売の維持拡大と、製品・原材料等の安定調達を通じて企業基盤の安定化を図り、中長期的に企業価値の向上を図るため。主として取引高をもとに保有の合理性を検討しております。,,
E02522,,,2025-03-31,000,三櫻工業㈱,,2212525,1460.0,取引先として、事業上の関係を維持・強化し、製品販売の維持拡大と、製品・原材料等の安定調達を通じて企業基盤の安定化を図り、中長期的に企業価値の向上を図るため。主として取引高をもとに保有の合理性を検討しております。,,
E02522,,,2025-03-31,000,因幡電機産業㈱,,298400,1133.0,取引先として、事業上の関係を維持・強化し、製品販売の維持拡大を通じて企業基盤の安定化を図り、中長期的に企業価値の向上を図るため。主として取引高をもとに保有の合理性を検討しております。,,
E02522,,,2025-03-31,000,フルサト・マルカホールディングス㈱,,386800,922.0,取引先として、事業上の関係を維持・強化し、製品販売の維持拡大を通じて企業基盤の安定化を図り、中長期的に企業価値の向上を図るため。主として取引高をもとに保有の合理性を検討しております。,,
E02522,,,2025-03-31,000,㈱淀川製鋼所,,152800,851.0,取引先として、事業上の関係を維持・強化し、製品販売の維持拡大を通じて企業基盤の安定化を図り、中長期的に企業価値の向上を図るため。主として取引高をもとに保有の合理性を検討しております。,,
E02522,,,2025-03-31,000,木村工機㈱,,100000,797.0,取引先として、事業上の関係を維持・強化し、製品販売の維持拡大を通じて企業基盤の安定化を図り、中長期的に企業価値の向上を図るため。主として取引高をもとに保有の合理性を検討しております。,,
E02522,,,2025-03-31,000,共英製鋼㈱,,360000,677.0,取引先として、事業上の関係を維持・強化し、製品販売の維持拡大を通じて企業基盤の安定化を図り、中長期的に企業価値の向上を図るため。主として取引高をもとに保有の合理性を検討しております。,,
E02522,,,2025-03-31,000,三和ホールディングス㈱,,124500,593.0,取引先として、事業上の関係を維持・強化し、製品販売の維持拡大を通じて企業基盤の安定化を図り、中長期的に企業価値の向上を図るため。主として取引高をもとに保有の合理性を検討しております。,,
E02522,,,2025-03-31,000,川岸工業㈱,,141700,529.0,取引先として、事業上の関係を維持・強化し、製品販売の維持拡大を通じて企業基盤の安定化を図り、中長期的に企業価値の向上を図るため。主として取引高をもとに保有の合理性を検討しております。,,
E02522,,,2025-03-31,000,小池酸素工業㈱,,49220,310.0,取引先として、事業上の関係を維持・強化し、製品販売の維持拡大を通じて企業基盤の安定化を図り、中長期的に企業価値の向上を図るため。主として取引高をもとに保有の合理性を検討しております。,,
E02522,,,2025-03-31,000,モリ工業㈱,,50000,249.0,取引先として、事業上の関係を維持・強化し、製品販売の維持拡大を通じて企業基盤の安定化を図り、中長期的に企業価値の向上を図るため。主として取引高をもとに保有の合理性を検討しております。,,
E02522,,,2025-03-31,000,㈱ヤマックス,,100000,140.0,取引先として、事業上の関係を維持・強化し、製品販売の維持拡大を通じて企業基盤の安定化を図り、中長期的に企業価値の向上を図るため。主として取引高をもとに保有の合理性を検討しております。,,
E02522,,,2025-03-31,000,神鋼鋼線工業㈱,,100000,135.0,取引先として、事業上の関係を維持・強化し、製品販売の維持拡大を通じて企業基盤の安定化を図り、中長期的に企業価値の向上を図るため。主として取引高をもとに保有の合理性を検討しております。,,
E02522,,,2025-03-31,000,川田テクノロジーズ㈱,,45600,132.0,取引先として、事業上の関係を維持・強化し、製品販売の維持拡大を通じて企業基盤の安定化を図り、中長期的に企業価値の向上を図るため。主として取引高をもとに保有の合理性を検討しております。株式の増加は、株式の分割のためです。,,
E02522,,,2025-03-31,000,東邦アセチレン㈱,,297000,106.0,取引先として、事業上の関係を維持・強化し、製品販売の維持拡大を通じて企業基盤の安定化を図り、中長期的に企業価値の向上を図るため。主として取引高をもとに保有の合理性を検討しております。,,
E02522,,,2025-03-31,000,㈱駒井ハルテック,,21100,33.0,取引先として、事業上の関係を維持・強化し、製品販売の維持拡大を通じて企業基盤の安定化を図り、中長期的に企業価値の向上を図るため。主として取引高をもとに保有の合理性を検討しております。,,
E02522,,,2025-03-31,000,大同工業㈱,,32000,27.0,取引先として、事業上の関係を維持・強化し、製品販売の維持拡大を通じて企業基盤の安定化を図り、中長期的に企業価値の向上を図るため。主として取引高をもとに保有の合理性を検討しております。,,
E02522,,,2025-03-31,000,高圧ガス工業㈱,,23488,20.0,取引先として、事業上の関係を維持・強化し、製品販売の維持拡大を通じて企業基盤の安定化を図り、中長期的に企業価値の向上を図るため。主として取引高をもとに保有の合理性を検討しております。株式の増加は、持株会による買付のためです。,,
E02522,,,2025-03-31,000,双葉電子工業㈱,,11600,6.0,取引先として、事業上の関係を維持・強化し、製品販売の維持拡大を通じて企業基盤の安定化を図り、中長期的に企業価値の向上を図るため。主として取引高をもとに保有の合理性を検討しております。,,
E02522,,,2025-03-31,000,特殊電極㈱,,2451,5.0,取引先として、事業上の関係を維持・強化し、製品販売の維持拡大を通じて企業基盤の安定化を図り、中長期的に企業価値の向上を図るため。主として取引高をもとに保有の合理性を検討しております。株式の増加は、持株会による買付のためです。,,
E02522,,,2025-03-31,000,日本高周波鋼業㈱,,15000,5.0,取引先として、事業上の関係を維持・強化し、製品販売の維持拡大と、製品・原材料等の安定調達を通じて企業基盤の安定化を図り、中長期的に企業価値の向上を図るため。主として取引高をもとに保有の合理性を検討しております。,,
E02522,,,2025-03-31,000,㈱SUBARU,,2000,5.0,取引先として、事業上の関係を維持・強化し、製品販売の維持拡大を通じて企業基盤の安定化を図り、中長期的に企業価値の向上を図るため。主として取引高をもとに保有の合理性を検討しております。,,
E02522,,,2025-03-31,000,㈱ダイヘン,,202,1.0,取引先として、事業上の関係を維持・強化し、製品・原材料等の安定調達を通じて企業基盤の安定化を図り、中長期的に企業価値の向上を図るため。主として取引高をもとに保有の合理性を検討しております。株式の増加は、持株会による買付のためです。,,
E03004,,,2025-01-31,000,㈱コナカ（旧㈱サマンサタバサジャパンリミテッド）,,325,73.0,"取引の安定的、長期的な維持・強化のため保有しております。定量的な保有効果は秘密保持の観点から記載いたしませんが、保有の便益と当社資本コストの比較により経済合理性を検証しております。なお、当事業年度において㈱サマンサタバサジャパンリミテッドは㈱コナカの完全子会社となり、㈱サマンサタバサジャパンリミテッド2,100株に対して㈱コナカ325株を株式交換で取得しており、実質的に株式数は増加しておりません。",,
E01570,,,2025-03-31,000,住友不動産㈱,,8367000,46796.0,同社は当社の空調事業における販売先であり、相互の事業拡大や取引関係の強化を目的に株式を保有しております。なお、同社とは、「空調設備の脱炭素に向けた包括連携協定」を締結し、脱炭素・循環型社会の実現に向け、共同で取り組んでおります。,,
E01570,,,2025-03-31,000,三浦工業㈱,,5400000,15965.0,同社は当社の製品や技術・サービスおいて協業関係にある取引先であり、資本業務提携に基づき相互の事業拡大や取引関係の強化を目的に株式を保有しております。なお、資本業務提携に基づき、当期に株式を取得しております。,,
E01570,,,2025-03-31,000,住友林業㈱,,1934900,8724.0,同社は当社の空調製品の販売取引において協力関係にある取引先であり、相互の事業拡大や取引関係の強化を目的に株式を保有しております。,,
E01570,,,2025-03-31,000,東テク㈱,,3000000,7314.0,同社は当社の空調製品の販売取引において協力関係にある取引先であり、相互の事業拡大や取引関係の強化を目的に株式を保有しております。（注２）,,
E01570,,,2025-03-31,000,キヤノン㈱,,1569500,7290.0,同社は当社の空調事業における販売先であり、相互の事業拡大や取引関係の強化を目的に株式を保有しております。,,
E01570,,,2025-03-31,000,㈱三井住友フィナンシャルグループ,,1711722,6495.0,同社グループには当社の主力取引銀行の一つが属しており、当社の財務活動円滑化のため、株式を保有しております。（注３）,,
E01570,,,2025-03-31,000,シンフォニアテクノロジー㈱,,1017000,6081.0,同社は当社の空調事業における販売先であり、相互の事業拡大や取引関係の強化を目的に株式を保有しております。,,
E01570,,,2025-03-31,000,新晃工業㈱,,4050000,4876.0,同社は当社の空調事業における仕入先であり、また当社空調製品の製造・販売で業務提携関係にある取引先であります。相互の事業拡大や取引関係の強化を目的に株式を保有しております。（注４）,,
E01570,,,2025-03-31,000,NOK㈱,,1300600,2847.0,同社は、当社の空調事業、化学事業における販売先であり、相互の事業拡大や取引関係の強化を目的に株式を保有しております。,,
E01570,,,2025-03-31,000,三井住友トラストグループ㈱,,686710,2554.0,同社グループには当社の主力取引銀行の一つが属しており、当社の財務活動円滑化のため、株式を保有しております。,,
E01570,,,2025-03-31,000,小野薬品工業㈱,,1480000,2371.0,同社は当社の空調事業における販売先であり、相互の事業拡大や取引関係の強化を目的に株式を保有しております。,,
E01570,,,2025-03-31,000,ローム㈱,,1547800,2211.0,同社は当社の空調事業における仕入先であり、相互の事業拡大や取引関係の強化を目的に株式を保有しております。,,
E01570,,,2025-03-31,000,㈱住友倉庫,,790400,2183.0,同社は当社の物流業務の委託をしている会社であり、相互の事業拡大や取引関係の強化を目的に株式を保有しております。,,
E01570,,,2025-03-31,000,エア・ウォーター㈱,,1024000,1933.0,同社は当社の化学事業における販売先であり、相互の事業拡大や取引関係の強化を目的に株式を保有しております。,,
E01570,,,2025-03-31,000,㈱きんでん,,564500,1891.0,同社は当社の空調製品の販売取引において協力関係にある取引先であり、相互の事業拡大や取引関係の強化を目的に株式を保有しております。,,
E01570,,,2025-03-31,000,㈱ツガミ,,717000,1304.0,同社は当社の油機事業における販売先であり、相互の事業拡大や取引関係の強化を目的に株式を保有しております。,,
E01570,,,2025-03-31,000,㈱京都フィナンシャルグループ,,551200,1254.0,同社グループには当社の取引銀行の一つが属しており、当社の財務活動円滑化のため、株式を保有しております。,,
E01570,,,2025-03-31,000,レンゴー㈱,,1455500,1153.0,同社は当社の空調事業における仕入先であり、相互の事業拡大や取引関係の強化を目的に株式を保有しております。,,
E01570,,,2025-03-31,000,㈱いよぎんホールディングス,,544000,956.0,同社グループには当社の取引銀行の一つが属しており、当社の財務活動円滑化のため、株式を保有しております。,,
E01570,,,2025-03-31,000,因幡電機産業㈱,,239000,908.0,同社は当社の空調製品の販売取引において協力関係にある取引先であり、相互の事業拡大や取引関係の強化を目的に株式を保有しております。,,
E01570,,,2025-03-31,000,㈱バルカー,,285151,885.0,同社は当社の化学事業における販売先であり、相互の事業拡大や取引関係の強化を目的に株式を保有しております。,,
E01570,,,2025-03-31,000,日油㈱,,405000,818.0,同社は当社の特機事業における仕入先であり、相互の事業拡大や取引関係の強化を目的に株式を保有しております。（注８）,,
E01570,,,2025-03-31,000,大阪瓦斯㈱,,235500,796.0,同社は当社の空調製品の販売取引において協力関係にある取引先であり、相互の事業拡大や取引関係の強化を目的に株式を保有しております。,,
E01570,,,2025-03-31,000,上新電機㈱,,298592,636.0,同社は当社の空調製品の販売取引において協力関係にある取引先であり、相互の事業拡大や取引関係の強化を目的に株式を保有しております。,,
E01570,,,2025-03-31,000,㈱山善,,457584,602.0,同社は当社の空調製品の販売取引において協力関係にある取引先であり、相互の事業拡大や取引関係の強化を目的に株式を保有しております。,,
E01570,,,2025-03-31,000,阪急阪神ホールディングス㈱,,126000,507.0,同社は当社の空調事業における販売先であり、相互の事業拡大や取引関係の強化を目的に株式を保有しております。,,
E01570,,,2025-03-31,000,㈱ダイセル,,325000,421.0,同社は当社の化学事業及び特機事業における仕入先であり、相互の事業拡大や取引関係の強化を目的に株式を保有しております。,,
E01570,,,2025-03-31,000,㈱PILLAR,,125457,417.0,同社は当社の化学事業における販売先であり、相互の事業拡大や取引関係の強化を目的に株式を保有しております。,,
E01570,,,2025-03-31,000,㈱三菱UFJフィナンシャル・グループ,,206200,414.0,同社グループには当社の主力取引銀行の一つが属しており、当社の財務活動円滑化のため、株式を保有しております。,,
E01570,,,2025-03-31,000,日本空調サービス㈱,,392000,390.0,同社は当社の空調製品の販売取引において協力関係にある取引先であり、相互の事業拡大や取引関係の強化を目的に株式を保有しております。,,
E01570,,,2025-03-31,000,平和不動産㈱,,73800,346.0,同社は当社の空調事業における販売先であり、相互の事業拡大や取引関係の強化を目的に株式を保有しております。,,
E01570,,,2025-03-31,000,美津濃㈱,,44000,342.0,同社は当社の空調事業における販売先であり、相互の事業拡大や取引関係の強化を目的に株式を保有しております。,,
E01570,,,2025-03-31,000,㈱トミタ,,250000,339.0,同社は当社の油機製品の販売取引において協力関係にある取引先であり、相互の事業拡大や取引関係の強化を目的に株式を保有しております。,,
E01570,,,2025-03-31,000,㈱日阪製作所,,340000,336.0,同社は当社の空調事業における仕入先であり、相互の事業拡大や取引関係の強化を目的に株式を保有しております。,,
E01570,,,2025-03-31,000,㈱滋賀銀行,,63800,335.0,同行は当社の取引銀行の一つであり、当社の財務活動円滑化のため、株式を保有しております。,,
E01570,,,2025-03-31,000,㈱しずおかフィナンシャルグループ,,194775,316.0,同社グループには当社の取引銀行の一つが属しており、当社の財務活動円滑化のため、株式を保有しております。,,
E01570,,,2025-03-31,000,日比谷総合設備㈱,,96624,301.0,同社は当社の空調製品の販売取引において協力関係にある取引先であり、相互の事業拡大や取引関係の強化を目的に株式を保有しております。,,
E01570,,,2025-03-31,000,ユアサ商事㈱,,63300,286.0,同社は当社の空調製品の販売取引において協力関係にある取引先であり、相互の事業拡大や取引関係の強化を目的に株式を保有しております。,,
E01570,,,2025-03-31,000,鴻池運輸㈱,,100000,268.0,同社は当社の物流業務の委託をしている会社であり、相互の事業拡大や取引関係の強化を目的に株式を保有しております。,,
E01570,,,2025-03-31,000,京阪神ビルディング㈱,,155726,211.0,同社は当社の空調事業における販売先であり、相互の事業拡大や取引関係の強化を目的に株式を保有しております。,,
E01570,,,2025-03-31,000,長瀬産業㈱,,74669,198.0,同社は当社の化学事業における仕入及び販売先であり、相互の事業拡大や取引関係の強化を目的に株式を保有しております。,,
E01570,,,2025-03-31,000,㈱JDSC,,233100,190.0,同社は空調事業での協力取引先であり、デジタルを活用した業務効率化や新サービス創出のため、株式を保有しております。,,
E01570,,,2025-03-31,000,㈱商船三井,,34065,176.0,同社グループは当社の低温事業における販売先、かつ物流業務の委託をしている取引先であり、相互の事業拡大や取引関係の強化を目的に株式を保有しております。,,
E01570,,,2025-03-31,000,南海電気鉄道㈱,,71200,174.0,同社は当社の空調事業における販売先であり、相互の事業拡大や取引関係の強化を目的に株式を保有しております。,,
E01570,,,2025-03-31,000,㈱めぶきフィナンシャルグループ,,215096,156.0,同社グループには当社の取引銀行の一つが属しており、当社の財務活動円滑化のため、株式を保有しております。,,
E01570,,,2025-03-31,000,㈱TOKAIホールディングス,,150000,147.0,同社グループは当社の空調製品の販売取引において協力関係にある取引先であり、相互の事業拡大や取引関係の強化を目的に株式を保有しております。,,
E01570,,,2025-03-31,000,シナネンホールディングス㈱,,24270,144.0,同社は当社の空調製品の販売取引において協力関係にある取引先であり、相互の事業拡大や取引関係の強化を目的に株式を保有しております。,,
E01570,,,2025-03-31,000,あすか製薬ホールディングス㈱,,60000,138.0,同社グループは当社の空調事業における販売先であり、相互の事業拡大や取引関係の強化を目的に株式を保有しております。,,
E01570,,,2025-03-31,000,住友重機械工業㈱,,41600,126.0,同社は当社の油機事業における販売先であり、相互の事業拡大や取引関係の強化を目的に株式を保有しております。,,
E01570,,,2025-03-31,000,㈱UACJ,,25268,120.0,同社は当社の空調事業における仕入先であり、相互の事業拡大や取引関係の強化を目的に株式を保有しております。,,
E01570,,,2025-03-31,000,㈱八十二銀行,,110000,116.0,同行は当社の取引銀行の一つであり、当社の財務活動円滑化のため、株式を保有しております。,,
E01570,,,2025-03-31,000,ハウス食品グループ本社㈱,,41261,112.0,同社グループは当社の空調事業における販売先であり、相互の事業拡大や取引関係の強化を目的に株式を保有しております。,,
E01570,,,2025-03-31,000,三谷産業㈱,,319220,105.0,同社は当社の空調製品の販売取引において協力関係にある取引先であり、相互の事業拡大や取引関係の強化を目的に株式を保有しております。,,
E01570,,,2025-03-31,000,橋本総業ホールディングス㈱,,72600,87.0,同社は当社の空調製品の販売取引において協力関係にある取引先であり、相互の事業拡大や取引関係の強化を目的に株式を保有しております。,,
E01570,,,2025-03-31,000,㈱百五銀行,,103000,75.0,同行は当社の取引銀行の一つであり、当社の財務活動円滑化のため、株式を保有しております。,,
E01570,,,2025-03-31,000,ナイス㈱,,43600,68.0,同社は当社の空調製品の販売取引において協力関係にある取引先であり、相互の事業拡大や取引関係の強化を目的に株式を保有しております。,,
E01570,,,2025-03-31,000,㈱みずほフィナンシャルグループ,,13732,55.0,同社グループには当社の取引銀行の一つが属しており、当社の財務活動円滑化のため、株式を保有しております。,,
E01570,,,2025-03-31,000,㈱群馬銀行,,45000,55.0,同行は当社の取引銀行の一つであり、当社の財務活動円滑化のため、株式を保有しております。,,
E01570,,,2025-03-31,000,㈱西日本フィナンシャルホールディングス,,22600,47.0,同社グループには当社の取引銀行の一つが属しており、当社の財務活動円滑化のため、株式を保有しております。,,
E01570,,,2025-03-31,000,近鉄グループホールディングス㈱,,14750,47.0,同社は当社の空調事業における販売先であり、相互の事業拡大や取引関係の強化を目的に株式を保有しております。,,
E05312,,,2025-03-31,000,富士通(株),,138188,407.0,当社グループの事業における主要取引先として、良好な取引関係の維持・継続、動向把握および情報収集のために保有。良好な関係構築を目的とした取引先持株会における累積投資により増加。上記「株式の保有状況」に記載のとおり、保有意義の妥当性を確認しております。,,
E05312,,,2025-03-31,000,(株)トリプルアイズ,,300000,316.0,資本・業務提携先としての関係強化による取引の拡大を目的として保有。上記「株式の保有状況」に記載のとおり、保有意義の妥当性を確認しております。,,
E05312,,,2025-03-31,000,(株)野村総合研究所,,58463,282.0,業務提携先との株式持合および、当社グループの事業における主要取引先として、関係の強化によるマーケット拡大のために保有。上記「株式の保有状況」に記載のとおり、保有意義の妥当性を確認しております。,,
E05312,,,2025-03-31,000,イオン(株),,50245,188.0,当社グループの事業における主要取引先の親会社として、良好な取引関係の維持・継続、動向把握および情報収集のために保有。良好な関係構築を目的とした取引先持株会における累積投資により増加。上記「株式の保有状況」に記載のとおり、保有意義の妥当性を確認しております。,,
E05312,,,2025-03-31,000,(株)東邦システムサイエンス,,3000,3.0,同業他社の情報収集および、ビジネスモデルや事業戦略、財務指標等のベンチマークとして保有。上記「株式の保有状況」に記載のとおり、保有意義の妥当性を確認しております。,,
E05312,,,2025-03-31,000,(株)みずほフィナンシャルグループ,,800,3.0,当社グループの事業における主要取引先として、良好な取引関係の維持・継続、動向把握および情報収集のために保有。上記「株式の保有状況」に記載のとおり、保有意義の妥当性を確認しております。,,
E05312,,,2025-03-31,000,(株)ハイマックス,,2400,3.0,同業他社の情報収集および、ビジネスモデルや事業戦略、財務指標等のベンチマークとして保有。上記「株式の保有状況」に記載のとおり、保有意義の妥当性を確認しております。,,
E05312,,,2025-03-31,000,(株)かんぽ生命保険,,1000,3.0,当社グループの事業における主要取引先の親会社として、良好な取引関係の維持・継続、動向把握および情報収集のために保有。上記「株式の保有状況」に記載のとおり、保有意義の妥当性を確認しております。,,
E05312,,,2025-03-31,000,(株)ＮＴＴデータグループ,,500,1.0,当社グループの事業における主要取引先として、良好な取引関係の維持・継続、動向把握および情報収集のために保有。上記「株式の保有状況」に記載のとおり、保有意義の妥当性を確認しております。,,
E05312,,,2025-03-31,000,(株)ＤＴＳ,,200,0.0,同業他社の情報収集および、ビジネスモデルや事業戦略、財務指標等のベンチマークとして保有。上記「株式の保有状況」に記載のとおり、保有意義の妥当性を確認しております。,,
E05312,,,2025-03-31,000,(株)ＮＳＤ,,200,0.0,同業他社の情報収集および、ビジネスモデルや事業戦略、財務指標等のベンチマークとして保有。上記「株式の保有状況」に記載のとおり、保有意義の妥当性を確認しております。,,
E05312,,,2025-03-31,000,(株)クレスコ（注）,,400,0.0,同業他社の情報収集および、ビジネスモデルや事業戦略、財務指標等のベンチマークとして保有。上記「株式の保有状況」に記載のとおり、保有意義の妥当性を確認しております。,,
E05312,,,2025-03-31,000,コムチュア（株）,,200,0.0,同業他社の情報収集および、ビジネスモデルや事業戦略、財務指標等のベンチマークとして保有。上記「株式の保有状況」に記載のとおり、保有意義の妥当性を確認しております。,,
E02143,,,2025-03-31,000,トヨタ自動車株式会社,,25478500,66651.0,商用事業を基盤に、ＣＡＳＥの社会実装・普及に向けた加速と、輸送業の課題解決やＣＮ社会の実現に貢献することを目指し、資本提携による強固な関係を背景に業務提携を効果的に進めることを目的として保有を継続。,,
E02143,,,2025-03-31,000,ＳＧホールディングス株式会社,,19800000,29620.0,新車及び保有事業の収益、配当収入など保有銘柄に関する利益が当社資本コストに見合うことを確認。中長期的な関係の維持と更なる発展を図ることを目的とし保有を継続。,,
E02143,,,2025-03-31,000,ニッコンホールディングス株式会社,,3385970,9115.0,新車及び保有事業の収益、配当収入など保有銘柄に関する利益が当社資本コストに見合うことを確認。中長期的な関係の維持と更なる発展を図ることを目的とし保有を継続。,,
E02143,,,2025-03-31,000,センコーグループホールディングス株式会社,,4039689,6091.0,新車及び保有事業の収益、配当収入など保有銘柄に関する利益が当社資本コストに見合うことを確認。中長期的な関係の維持と更なる発展を図ることを目的とし保有を継続。,,
E02143,,,2025-03-31,000,プレス工業株式会社,,10151185,5674.0,複数の車両用部品の最大取引先。同部品の安定調達、グローバルでのＱＣＤへの貢献期待を目的とし保有を継続。（注）１,,
E02143,,,2025-03-31,000,日本発条株式会社,,2347499,3770.0,複数の車両用部品の最大取引先。同部品の安定調達、グローバルでのＱＣＤへの貢献期待を目的とし保有を継続。（注）１,,
E02143,,,2025-03-31,000,京成電鉄株式会社,,1916250,2582.0,新車及び保有事業の収益、配当収入など保有銘柄に関する利益が当社資本コストに見合うことを確認。中長期的な関係の維持と更なる発展を図ることを目的とし保有を継続。,,
E02143,,,2025-03-31,000,福山通運株式会社,,614078,2219.0,新車及び保有事業の収益、配当収入など保有銘柄に関する利益が当社資本コストに見合うことを確認。中長期的な関係の維持と更なる発展を図ることを目的とし保有を継続。（持株会による増加）,,
E02143,,,2025-03-31,000,佐藤商事株式会社,,1451077,2154.0,鉄鋼の大手取引商社。同社を通じた鉄鋼の安定調達、グローバルでのＱＣＤへの貢献期待を目的とし保有を継続。（注）１,,
E02143,,,2025-03-31,000,トナミホールディングス株式会社,,196643,2007.0,新車及び保有事業の収益、配当収入など保有銘柄に関する利益が当社資本コストに見合うことを確認。中長期的な関係の維持と更なる発展を図ることを目的とし保有を継続。,,
E02143,,,2025-03-31,000,株式会社アイチコーポレーション,,1274473,1607.0,新車及び保有事業の収益、配当収入など保有銘柄に関する利益が当社資本コストに見合うことを確認。中長期的な関係の維持と更なる発展を図ることを目的とし保有を継続。,,
E02143,,,2025-03-31,000,山崎製パン株式会社,,520064,1497.0,新車及び保有事業の収益、配当収入など保有銘柄に関する利益が当社資本コストに見合うことを確認。中長期的な関係の維持と更なる発展を図ることを目的とし保有を継続。,,
E02143,,,2025-03-31,000,日立建機株式会社,,364870,1440.0,産業用エンジン及び保有事業の収益、配当収入など保有銘柄に関する利益が当社資本コストに見合うことを確認。中長期的な関係の維持、発展を図ることを目的とし保有を継続。,,
E02143,,,2025-03-31,000,曙ブレーキ工業株式会社,,12111104,1295.0,特定の車両用部品の最大取引先。同部品の安定調達、グローバルでのＱＣＤへの貢献期待を目的とし保有を継続。（注）１,,
E02143,,,2025-03-31,000,日本精工株式会社,,1689000,1077.0,複数の車両用部品の最大取引先。同部品の安定調達、グローバルでのＱＣＤへの貢献期待を目的とし保有を継続。（注）１,,
E02143,,,2025-03-31,000,西尾レントオール株式会社,,202092,844.0,新車及び保有事業の収益、配当収入など保有銘柄に関する利益が当社資本コストに見合うことを確認。中長期的な関係の維持と更なる発展を図ることを目的とし保有を継続。,,
E02143,,,2025-03-31,000,株式会社ＴＢＫ,,2798002,831.0,複数の車両用部品の最大取引先。同部品の安定調達、グローバルでのＱＣＤへの貢献期待を目的とし保有を継続。（注）１,,
E02143,,,2025-03-31,000,澁澤倉庫株式会社,,213000,690.0,新車及び保有事業の収益、配当収入など保有銘柄に関する利益が当社資本コストに見合うことを確認。中長期的な関係の維持と更なる発展を図ることを目的とし保有を継続。,,
E02143,,,2025-03-31,000,東京ラヂエーター製造株式会社,,675000,610.0,複数の車両用部品の最大取引先。同部品の安定調達、グローバルでのＱＣＤへの貢献期待を目的とし保有を継続。（注）１,,
E02143,,,2025-03-31,000,デンヨー株式会社,,211000,514.0,産業用エンジン及び保有事業の収益、配当収入など保有銘柄に関する利益が当社資本コストに見合うことを確認。中長期的な関係の維持、発展を図ることを目的とし保有を継続。,,
E02143,,,2025-03-31,000,西日本鉄道株式会社,,220000,473.0,新車及び保有事業の収益、配当収入など保有銘柄に関する利益が当社資本コストに見合うことを確認。中長期的な関係の維持と更なる発展を図ることを目的とし保有を継続。,,
E02143,,,2025-03-31,000,三重交通グループホールディングス株式会社,,653038,328.0,新車及び保有事業の収益、配当収入など保有銘柄に関する利益が当社資本コストに見合うことを確認。中長期的な関係の維持と更なる発展を図ることを目的とし保有を継続。,,
E02143,,,2025-03-31,000,新潟交通株式会社,,155000,321.0,新車及び保有事業の収益、配当収入など保有銘柄に関する利益が当社資本コストに見合うことを確認。中長期的な関係の維持と更なる発展を図ることを目的とし保有を継続。,,
E02143,,,2025-03-31,000,大同メタル工業株式会社,,593000,292.0,特定の車両用部品の最大取引先。同部品の安定調達、グローバルでのＱＣＤへの貢献期待を目的とし保有を継続。（注）１,,
E02143,,,2025-03-31,000,丸全昭和運輸株式会社,,45293,272.0,新車及び保有事業の収益、配当収入など保有銘柄に関する利益が当社資本コストに見合うことを確認。中長期的な関係の維持と更なる発展を図ることを目的とし保有を継続。,,
E02143,,,2025-03-31,000,株式会社西武ホールディングス,,61900,204.0,新車及び保有事業の収益、配当収入など保有銘柄に関する利益が当社資本コストに見合うことを確認。中長期的な関係の維持と更なる発展を図ることを目的とし保有を継続。,,
E02143,,,2025-03-31,000,株式会社ＡＩＲＭＡＮ,,101900,193.0,産業用エンジン及び保有事業の収益、配当収入など保有銘柄に関する利益が当社資本コストに見合うことを確認。中長期的な関係の維持、発展を図ることを目的とし保有を継続。,,
E02143,,,2025-03-31,000,広島電鉄株式会社,,300000,181.0,新車及び保有事業の収益、配当収入など保有銘柄に関する利益が当社資本コストに見合うことを確認。中長期的な関係の維持と更なる発展を図ることを目的とし保有を継続。,,
E02143,,,2025-03-31,000,株式会社カナモト,,48145,155.0,新車及び保有事業の収益、配当収入など保有銘柄に関する利益が当社資本コストに見合うことを確認。中長期的な関係の維持と更なる発展を図ることを目的とし保有を継続。,,
E02143,,,2025-03-31,000,富士急行株式会社,,65000,145.0,新車及び保有事業の収益、配当収入など保有銘柄に関する利益が当社資本コストに見合うことを確認。中長期的な関係の維持と更なる発展を図ることを目的とし保有を継続。,,
E02143,,,2025-03-31,000,株式会社上組,,41000,143.0,新車及び保有事業の収益、配当収入など保有銘柄に関する利益が当社資本コストに見合うことを確認。中長期的な関係の維持と更なる発展を図ることを目的とし保有を継続。,,
E02143,,,2025-03-31,000,株式会社伊藤園,,40000,127.0,新車及び保有事業の収益、配当収入など保有銘柄に関する利益が当社資本コストに見合うことを確認。中長期的な関係の維持と更なる発展を図ることを目的とし保有を継続。,,
E02143,,,2025-03-31,000,株式会社クロップス,,100000,96.0,本社及び工場の受付、警備、設備メンテナンス、清掃など幅広い業務を同社へ委託。中長期的な安定取引の維持を目的とし保有を継続。（注）１,,
E02143,,,2025-03-31,000,相鉄ホールディングス,,32882,71.0,新車及び保有事業の収益、配当収入など保有銘柄に関する利益が当社資本コストに見合うことを確認。中長期的な関係の維持と更なる発展を図ることを目的とし保有を継続。,,
E02143,,,2025-03-31,000,京王電鉄株式会社,,16400,62.0,新車及び保有事業の収益、配当収入など保有銘柄に関する利益が当社資本コストに見合うことを確認。中長期的な関係の維持と更なる発展を図ることを目的とし保有を継続。,,
E02143,,,2025-03-31,000,株式会社ユーグレナ,,86800,43.0,次世代の代替エネルギー開発等の協業を目的とし保有を継続。（注）１,,
E02143,,,2025-03-31,000,株式会社ロジネットジャパン,,10800,33.0,新車及び保有事業の収益、配当収入など保有銘柄に関する利益が当社資本コストに見合うことを確認。中長期的な関係の維持と更なる発展を図ることを目的とし保有を継続。,,
E02143,,,2025-03-31,000,株式会社伊藤園（第１種優先株式）,,12000,22.0,新車及び保有事業の収益、配当収入など保有銘柄に関する利益が当社資本コストに見合うことを確認。中長期的な関係の維持と更なる発展を図ることを目的とし保有を継続。,,
E02143,,,2025-03-31,000,岡山県貨物運送株式会社,,5000,17.0,新車及び保有事業の収益、配当収入など保有銘柄に関する利益が当社資本コストに見合うことを確認。中長期的な関係の維持と更なる発展を図ることを目的とし保有を継続。,,
E02143,,,2025-03-31,000,ダイナミックマップ基盤株式会社,,10000,14.0,新車及び保有事業の収益、配当収入など保有銘柄に関する利益が当社資本コストに見合うことを確認。中長期的な関係の維持と更なる発展を図ることを目的とし保有を継続。,,
E05042,,,2024-08-31,000,㈱京都フィナンシャルグループ,,28800,66528.0,円滑な金融取引の維持のため保有しております。なお、株式数の増加は株式分割によるものです。定量的な保有効果は記載が困難であるため記載しておりません。保有の合理性はイ.で記載の方法により検証しております。,,
E05042,,,2024-08-31,000,㈱カプコン,,8000,25384.0,デジタルエンタテインメント事業の業界動向の把握のため保有しております。なお、株式数の増加は株式分割によるものです。定量的な保有効果は記載が困難であるため記載しておりません。保有の合理性はイ.で記載の方法により検証しております。,,
E05042,,,2024-08-31,000,monoAItechnology㈱,,8080,4177.0,協業によるデジタルエンタテインメント事業の強化といった事業シナジーのため保有しております。定量的な保有効果は記載が困難であるため記載しておりません。保有の合理性はイ.で記載の方法により検証しております。,,
E26914,,,2025-03-31,000,株式会社阿波銀行,,56094,160429.0,メインバンクとして資金調達や金融取引の安定的な協力関係の維持・強化を図るため、保有しております。株式数の増加は株式累積投資によるものです。,,
E26914,,,2025-03-31,000,エイケン工業株式会社,,800,2520.0,自動車関連資材における主要取引先であり、営業活動の円滑化及び維持強化により将来的な企業価値向上のため、保有しております。,,
E26914,,,2025-03-31,000,トモニホールディングス株式会社,,2300,1237.0,資金調達や金融取引の安定的な協力関係の維持・強化を図るため、保有しております。,,
E01904,,,2025-03-31,000,ニデック株式会社,,2329600,5805.0,コンデンサ事業およびNECST事業において製品販売・原材料仕入等を行っている重要な取引先で、安定的および長期的な取引関係の維持・強化を通じて、当社の中長期的な企業価値の向上に資すると判断し、同社株式を保有しています。,,
E01904,,,2025-03-31,000,株式会社京都フィナンシャルグループ,,1743600,3967.0,当社の主要取引銀行の１つであり、京都に本社を置く当社にとって、地域密着型金融に取り組む同行との関係維持・強化が地域社会に貢献すると判断し、同行株式を保有しています。,,
E01904,,,2025-03-31,000,芙蓉総合リース株式会社,,191000,2211.0,取引関係の維持・強化を通じ、主にリース取引等の財務面における安全性・安定性を高めるため、同社株式を保有しています。,,
E01904,,,2025-03-31,000,株式会社三菱ＵＦＪフィナンシャル・グループ,,1090570,2193.0,資金調達等金融取引関係の維持・強化を通じて企業基盤の安定化を図り、中長期的な企業価値向上のために同社株式を保有しています。,,
E01904,,,2025-03-31,000,ホシデン株式会社,,475600,945.0,コンデンサ事業およびNECST事業において製品販売・原材料仕入等を行っている重要な取引先で、安定的および長期的な取引関係の維持・強化を通じて、当社の中長期的な企業価値の向上に資すると判断し、同社株式を保有しています。,,
E01904,,,2025-03-31,000,ダイキン工業株式会社,,50000,807.0,コンデンサ事業およびNECST事業において製品販売等を行っている重要な取引先で、安定的および長期的な取引関係の維持・強化を通じて、当社の中長期的な企業価値の向上に資すると判断し、同社株式を保有しています。,,
E01904,,,2025-03-31,000,因幡電機産業株式会社,,208582,792.0,コンデンサ事業およびNECST事業において製品販売・原材料仕入等を行っている重要な取引先で、安定的および長期的な取引関係の維持・強化を通じて、当社の中長期的な企業価値の向上に資すると判断し、同社株式を保有しています。,,
E01904,,,2025-03-31,000,岡谷鋼機株式会社,,100200,699.0,コンデンサ事業およびNECST事業において製品販売・原材料仕入等を行っている重要な取引先で、安定的および長期的な取引関係の維持・強化を通じて、当社の中長期的な企業価値の向上に資すると判断し、同社株式を保有しています。,,
E01904,,,2025-03-31,000,ローム株式会社,,442400,631.0,コンデンサ事業およびNECST事業において製品販売・原材料仕入等を行っている重要な取引先で、安定的および長期的な取引関係の維持・強化を通じて、当社の中長期的な企業価値の向上に資すると判断し、同社株式を保有しています。,,
E01904,,,2025-03-31,000,ＥＩＺＯ株式会社,,259200,540.0,コンデンサ事業において製品販売等を行っている重要な取引先で、安定的および長期的な取引関係の維持・強化を通じて、当社の中長期的な企業価値の向上に資すると判断し、同社株式を保有しています。,,
E01904,,,2025-03-31,000,株式会社三井住友フィナンシャルグループ,,114300,433.0,資金調達等金融取引関係の維持・強化を通じて企業基盤の安定化を図り、中長期的な企業価値向上のために同社株式を保有しています。,,
E01904,,,2025-03-31,000,サンワテクノス株式会社,,169700,360.0,コンデンサ事業およびNECST事業において製品販売・原材料仕入等を行っている重要な取引先で、安定的および長期的な取引関係の維持・強化を通じて、当社の中長期的な企業価値の向上に資すると判断し、同社株式を保有しています。,,
E01904,,,2025-03-31,000,ＳＯＭＰＯホールディングス株式会社,,78750,356.0,取引関係の維持・強化を通じ、主に保険の安定利用等による事業活動の円滑化により企業価値の向上を図るため同社株式を保有しています。,,
E01904,,,2025-03-31,000,キヤノン電子株式会社,,141000,350.0,コンデンサ事業およびNECST事業において製品販売等を行っている重要な取引先で、安定的および長期的な取引関係の維持・強化を通じて、当社の中長期的な企業価値の向上に資すると判断し、同社株式を保有しています。,,
E01904,,,2025-03-31,000,加賀電子株式会社,,100500,271.0,コンデンサ事業およびNECST事業において製品販売・原材料仕入等を行っている重要な取引先で、安定的および長期的な取引関係の維持・強化を通じて、当社の中長期的な企業価値の向上に資すると判断し、同社株式を保有しています。当事業年度中に一部売却しました。,,
E01904,,,2025-03-31,000,株式会社みずほフィナンシャルグループ,,53856,218.0,資金調達等金融取引関係の維持・強化を通じて企業基盤の安定化を図り、中長期的な企業価値向上のために同社株式を保有しています。,,
E01904,,,2025-03-31,000,新光商事株式会社,,134000,120.0,コンデンサ事業およびNECST事業において製品販売・原材料仕入等を行っている重要な取引先で、安定的および長期的な取引関係の維持・強化を通じて、当社の中長期的な企業価値の向上に資すると判断し、同社株式を保有しています。,,
E01904,,,2025-03-31,000,オプテックスグループ株式会社,,54400,94.0,コンデンサ事業において原材料仕入等を行っている重要な取引先で、安定的および長期的な取引関係の維持・強化を通じて、当社の中長期的な企業価値の向上に資すると判断し、同社株式を保有しています。,,
E01904,,,2025-03-31,000,萩原電気ホールディングス株式会社,,18750,61.0,コンデンサ事業およびNECST事業において製品販売等を行っている重要な取引先で、安定的および長期的な取引関係の維持・強化を通じて、当社の中長期的な企業価値の向上に資すると判断し、同社株式を保有しています。,,
E34486,,,2025-03-31,000,株式会社長谷工コーポレーション,,123139,241968.0,N/A,,
E00502,,,2025-03-31,000,日清食品ホールディングス㈱,,87900,268.0,当該会社の子会社の味日本㈱は食品事業における仕入取引先であり、取引関係の維持・強化及び今後の事業発展を目的として保有しております。,,
E00502,,,2025-03-31,000,㈱ヨンキュウ,,39502,84.0,水産事業における販売取引先であり、取引関係の維持・強化及び今後の事業発展を目的として相互保有しております。株式数の増加は、取引先持株会を通じた定期取得によるものです。,,
E00502,,,2025-03-31,000,ヤマエグループホールディングス㈱,,46064,110.0,当該会社の子会社のヤマエ久野㈱は当社事業における仕入・販売取引先であり、取引関係の維持・強化及び今後の事業発展を目的として保有しております。株式数の増加は、取引先持株会を通じた定期取得によるものです。,,
E00502,,,2025-03-31,000,㈱九州フィナンシャルグループ,,136242,100.0,当該会社の子会社の㈱鹿児島銀行との間で資金借入取引を行っており、今後の資金調達の安定化及び取引関係の維持・強化を図るために保有しております。株式数の増加は、株式累積投資による取得によるものです。,,
E00502,,,2025-03-31,000,鳥越製粉㈱,,40600,33.0,食品事業における仕入取引先であり、取引関係の維持・強化及び今後の事業発展を目的として相互保有しております。,,
E00502,,,2025-03-31,000,第一生命ホールディングス㈱,,1200,1.0,当該会社の子会社の第一生命保険㈱との間で保険取引等を行っており、取引関係の維持・強化を図るため保有しております。株式数の増加は、株式分割によるものです。,,
E00502,,,2025-03-31,000,㈱三井住友フィナンシャルグループ,,333,1.0,当該会社の子会社の㈱三井住友銀行との間で資金借入取引等を行っており、今後の資金調達の安定化及び取引関係の維持・強化を図るために保有しております。株式数の増加は、株式分割によるものです。,,
E00502,,,2025-03-31,000,伊藤忠食品㈱,,100,0.0,食品事業における得意先であり、取引関係の維持・強化及び今後の事業発展を目的として保有しております。,,
E35587,,,2025-03-31,000,コーナン商事㈱,,42679,159619.0,取引関係の維持強化持株会を通じた取得により増加,,
E35587,,,2025-03-31,000,㈱三菱UFJフィナンシャル・グループ,,31200,62743.0,取引関係の維持強化,,
E35587,,,2025-03-31,000,タカラスタンダード㈱,,28656,50348.0,取引関係の維持強化持株会を通じた取得により増加,,
E35587,,,2025-03-31,000,大和ハウス工業㈱,,3000,14814.0,取引関係の維持強化,,
E35587,,,2025-03-31,000,㈱ジュンテンドー,,12858,6686.0,取引関係の維持強化,,
E35587,,,2025-03-31,000,橋本総業ホールディングス㈱,,4454,5349.0,取引関係の維持強化持株会を通じた取得により増加,,
E35587,,,2025-03-31,000,サンエツ金属㈱,,591,2251.0,取引関係の維持強化持株会を通じた取得により増加,,
E35587,,,2025-03-31,000,㈱コメリ,,405,1198.0,取引関係の維持強化,,
E35587,,,2025-03-31,000,クリナップ㈱,,1000,655.0,取引関係の維持強化,,
E03160,,,2025-03-20,000,㈱三菱ＵＦＪフィナンシャル・グループ,,28100,59164.0,取引関係の維持、強化を目的に保有しております。（注）,,
E03160,,,2025-03-20,000,㈱みずほフィナンシャルグループ,,11686,50682.0,取引関係の維持、強化を目的に保有しております。（注）,,
E03160,,,2025-03-20,000,㈱ストリーム,,114000,11514.0,取引関係の維持、強化を目的に保有しております。（注）,,
E03160,,,2025-03-20,000,㈱東和銀行,,3189,2091.0,取引関係の維持、強化を目的に保有しております。（注）,,
E03160,,,2025-03-20,000,㈱コンコルディア・フィナンシャルグループ,,635,635.0,取引関係の維持、強化を目的に保有しております。（注）,,
E01656,,,2024-12-31,000,コクヨ㈱,,61313,171492.0,取引関係の維持のためであり、持株会を通じて株式が増加しております。,,
E01656,,,2024-12-31,000,㈱山善,,21087,29438.0,取引関係の維持のためであり、持株会を通じて株式が増加しております。,,
E01656,,,2024-12-31,000,㈱高島屋,,6589,8329.0,取引関係の維持のためであり、持株会を通じて株式が増加しております。,,
E01656,,,2024-12-31,000,中山福㈱,,6935,2531.0,取引関係の維持のためであり、持株会を通じた株式が増加しております。,,
E01656,,,2024-12-31,000,㈱ヤマノホールディングス,,2000,130.0,取引関係強化のためであります。,,
E04979,,,2024-10-31,000,日本信号㈱,,158500,148.0,駐車場設備発注先との関係強化,,
E04979,,,2024-10-31,000,アマノ㈱,,20000,88.0,駐車場設備発注先との関係強化,,
E04223,,,2025-03-31,000,㈱千葉銀行,,88530,123853.0,保有目的:同社は当社の主要取引銀行であり、良好な取引関係維持、地域情報入手のため。定量的保有効果:同社からの配当金収入。,,
E04223,,,2025-03-31,000,NIPPON EXPRESSホールディングス㈱,,46642,126866.0,保有目的:営業上の取引関係強化のため。定量的保有効果:同社からの売上及び配当金収入。株式数が増加した理由:同社の持株会における買付の結果。なお、同社は、2025年１月１日に普通株式１株につき３株の割合で株式分割しております。,,
E04223,,,2025-03-31,000,旭ダイヤモンド工業㈱,,10000,8320.0,保有目的:営業上の取引関係強化のため。定量的保有効果:同社からの売上及び配当金収入。,,
E04223,,,2025-03-31,000,㈱伊藤園,,10000,31970.0,保有目的:営業上の取引関係強化のため。定量的保有効果:同社からの売上及び配当金収入。,,
E04223,,,2025-03-31,000,㈱京葉銀行,,11025,9889.0,保有目的:同社は当社の主要取引銀行であり、良好な取引関係維持、地域情報入手のため。定量的保有効果:同社からの配当金収入。,,
E04223,,,2025-03-31,000,㈱千葉興業銀行,,10700,13845.0,保有目的:地域社会との関係維持、地域情報入手のため。定量的保有効果:同社からの配当金収入。,,
E04223,,,2025-03-31,000,㈱オートウェーブ,,3000,444.0,保有目的:営業上の取引関係強化のため。定量的保有効果:同社からの売上及び配当金収入。,,
E27305,,,2024-05-31,000,グリーンランドリゾート㈱,,70000,49.0,業務遂行上の関係の維持・強化のため,,
E27305,,,2024-05-31,000,積水ハウス㈱,,100,0.0,当社が属する業界及び同業他社の情報収集,,
E27305,,,2024-05-31,000,飯田グループホールディングス㈱,,100,0.0,当社が属する業界及び同業他社の情報収集,,
E02163,,,2025-03-31,000,トヨタ自動車㈱,,41466500,108476.0,自動車関連業務提携の維持強化「第一部　企業情報　第２　事業の状況　５　重要な契約等」をご参照ください,,
E02163,,,2025-03-31,000,ダイキョーニシカワ㈱,,3541800,2118.0,自動車部品取引の関係維持強化,,
E02163,,,2025-03-31,000,㈱三井住友フィナンシャルグループ,,471300,1789.0,金融関連取引の関係円滑化,,
E02163,,,2025-03-31,000,ダイナミックマッププラットフォーム㈱,,10000,15.0,自動車関連情報取引の関係維持,,
E02114,,,2025-03-31,000,㈱八十二銀行,,50000,52800.0,保有目的は、取引関係の開拓・維持であります。銀行業である㈱八十二銀行と事業実態の観点から定量的な保有効果を示すことは困難でありますが、中長期的な資金調達計画の観点からメインバンクである同行の経営情報を把握する必要があります。また、保有金額も少額で当社財務への影響は軽微であります。,,
E02574,,,2025-03-31,000,㈱セブン＆アイ・ホールディングス,,666407,1441.0,・総合小売・食料品小売業界の大手であり、営業取引関係維持・強化のため保有しています。・業務上の提携その他これらに類する事項はございません。・持株会取引により株式数が増加しております。,,
E02574,,,2025-03-31,000,イオン㈱,,263544,988.0,・総合小売・食料品小売業界の大手であり、営業取引関係維持・強化のため保有しています。・業務上の提携その他これらに類する事項はございません。・持株会取引により株式数が増加しています。,,
E02574,,,2025-03-31,000,東洋水産㈱,,110895,975.0,・食品製造業界の大手であり、営業取引関係維持・強化のため保有しています。・業務上の提携その他これらに類する事項はございません。,,
E02574,,,2025-03-31,000,㈱三菱ＵＦＪフィナンシャル・グループ,,354620,713.0,・安定的な金融取引の維持・強化、情報収集のため保有しています。,,
E02574,,,2025-03-31,000,㈱三井住友フィナンシャルグループ,,136200,516.0,・安定的な金融取引の維持・強化、情報収集のため保有しています。・同社の株式分割により株式数が増加しています。,,
E02574,,,2025-03-31,000,日本マクドナルドホールディングス㈱,,57620,329.0,・飲食店業界の大手であり、営業取引関係維持・強化のため保有しています。・業務上の提携その他これらに類する事項はございません。・持株会取引により株式数が増加しています。,,
E02574,,,2025-03-31,000,フィード・ワン㈱,,334816,292.0,・飼料製造業界の大手であり、営業取引関係維持・強化のため保有しています。・業務上の提携その他これらに類する事項はございません。,,
E02574,,,2025-03-31,000,横浜冷凍㈱,,300000,254.0,・食品製造・冷蔵倉庫業界の大手であり、営業取引関係維持・強化のため保有しています。・業務上の提携その他これらに類する事項はございません。,,
E02574,,,2025-03-31,000,SOMPOホールディングス㈱,,54000,244.0,・安定的な保険取引の維持・強化のため保有しています。・同社の株式分割により株式数が増加しています。,,
E02574,,,2025-03-31,000,㈱ベルク,,22000,149.0,・総合小売・食料品小売業界の大手であり、営業取引関係維持・強化のため保有しています。・業務上の提携その他これらに類する事項はございません。,,
E02574,,,2025-03-31,000,㈱ハイデイ日高,,53600,147.0,・飲食店業界の大手であり、営業取引関係維持・強化のため保有しています。・業務上の提携その他これらに類する事項はございません。・市場からの買付けにより株式数が増加しています。,,
E02574,,,2025-03-31,000,㈱リテールパートナーズ,,102289,137.0,・総合小売・食料品小売業界の大手であり、営業取引関係維持・強化のため保有しています。・業務上の提携その他これらに類する事項はございません。・持株会取引により株式数が増加しています。,,
E02574,,,2025-03-31,000,アクシアルリテイリング㈱,,119669,115.0,・総合小売・食料品小売業界の大手であり、営業取引関係維持・強化のため保有しています。・業務上の提携その他これらに類する事項はございません。・同社の株式分割及び持株会取引により株式数が増加しています。,,
E02574,,,2025-03-31,000,㈱千葉銀行,,80000,111.0,・安定的な金融取引の維持・強化のため保有しています。,,
E02574,,,2025-03-31,000,ワタミ㈱,,103400,108.0,・飲食店業界の大手であり、営業取引関係維持・強化のため保有しています。・業務上の提携その他これらに類する事項はございません。,,
E02574,,,2025-03-31,000,㈱ヤオコー,,11000,101.0,・総合小売・食料品小売業界の大手であり、営業取引関係維持・強化のため保有しています。・業務上の提携その他これらに類する事項はございません。,,
E02574,,,2025-03-31,000,㈱みずほフィナンシャルグループ,,22668,91.0,・安定的な金融取引の維持・強化のため保有しています。,,
E02574,,,2025-03-31,000,ユナイテッド・スーパーマーケット・ホールディングス㈱,,103844,85.0,・総合小売・食料品小売業界の大手であり、営業取引関係維持・強化のため保有しています。・業務上の提携その他これらに類する事項はございません。・㈱いなげやの完全子会社化に伴う株式交換により株式数が増加しています。,,
E02574,,,2025-03-31,000,エスビー食品㈱,,13200,70.0,・食品製造業界の大手であり、営業取引関係維持・強化のため保有しています。・業務上の提携その他これらに類する事項はございません。,,
E02574,,,2025-03-31,000,㈱アークス,,21468,62.0,・総合小売・食料品小売業界の大手であり、営業取引関係維持・強化のため保有しています。・業務上の提携その他これらに類する事項はございません。・持株会取引により株式数が増加しています。,,
E02574,,,2025-03-31,000,㈱トライアルホールディングス,,20000,43.0,・総合小売・食料品小売業界の大手であり、営業取引関係維持・強化のため保有しています。・業務上の提携その他これらに類する事項はございません。,,
E02574,,,2025-03-31,000,㈱ゼンショーホールディングス,,5000,40.0,・飲食店業界の大手であり、営業取引関係維持・強化のため保有しています。・業務上の提携その他これらに類する事項はございません。,,
E02574,,,2025-03-31,000,イオン九州㈱,,14031,33.0,・総合小売・食料品小売業界の大手であり、営業取引関係維持・強化のため保有しています。・業務上の提携その他これらに類する事項はございません。・持株会取引により株式数が増加しています。,,
E02574,,,2025-03-31,000,㈱ブロンコビリー,,8000,30.0,・飲食店業界の大手であり、営業取引関係維持・強化のため保有しています。・業務上の提携その他これらに類する事項はございません。,,
E02574,,,2025-03-31,000,㈱九州フィナンシャルグループ,,33300,24.0,・安定的な金融取引の維持・強化のため保有しています。,,
E02574,,,2025-03-31,000,㈱エコス,,11000,23.0,・総合小売・食料品小売業界の大手であり、営業取引関係維持・強化のため保有しています。・業務上の提携その他これらに類する事項はございません。,,
E02574,,,2025-03-31,000,㈱アトム,,29040,18.0,・飲食店業界の大手であり、営業取引関係維持・強化のため保有しています。・業務上の提携その他これらに類する事項はございません。,,
E02574,,,2025-03-31,000,㈱ダイイチ,,12000,16.0,・総合小売・食料品小売業界の大手であり、営業取引関係維持・強化のため保有しています。・業務上の提携その他これらに類する事項はございません。,,
E02574,,,2025-03-31,000,㈱トーホー,,4000,13.0,・食品卸業界の大手であり、営業取引関係維持・強化のため保有しています。・業務上の提携その他これらに類する事項はございません。,,
E02574,,,2025-03-31,000,㈱柿安本店,,4055,12.0,・食品製造業界の大手であり、営業取引関係維持・強化のため保有しています。・業務上の提携その他これらに類する事項はございません。・持株会取引により株式数が増加しています。,,
E02574,,,2025-03-31,000,エスフーズ㈱,,3801,9.0,・食品製造業界の大手であり、営業取引関係維持・強化のため保有しています。・業務上の提携その他これらに類する事項はございません。,,
E02574,,,2025-03-31,000,㈱大和証券グループ本社,,4000,3.0,・安定的な金融取引の維持・強化のため保有しています。,,
E02574,,,2025-03-31,000,㈱G-７ホールディングス,,2000,2.0,・食品卸業界の大手であり、営業取引関係維持・強化のため保有しています。・業務上の提携その他これらに類する事項はございません。,,
E02574,,,2025-03-31,000,㈱イズミ,,560,1.0,・総合小売・食料品小売業界の大手であり、営業取引関係維持・強化のため保有しています。・業務上の提携その他これらに類する事項はございません。,,
E02574,,,2025-03-31,000,㈱南日本銀行,,2000,1.0,・安定的な金融取引の維持・強化、地域の情報収集のため保有しています。,,
E02167,,,2025-03-31,000,トヨタ自動車㈱,,30948300,80960.0,業務提携の維持・発展のために保有。社会課題の解決及び自動車社会の健全で持続的な発展に貢献していくことを念頭に、両社で2016年に業務提携に向けた検討を開始して協業に取り組み、2019年に、従来どおり競争者であり続けつつも新たなフィールドでの協力を進めていくために、長期的なパートナー関係の構築・推進を目指すべく資本提携。,,
E02167,,,2025-03-31,000,㈱三菱ＵＦＪフィナンシャル・グループ,,9931630,19972.0,主に資金調達等の取引関係の維持・強化のために保有。,,
E02167,,,2025-03-31,000,㈱しずおかフィナンシャルグループ,,7000800,11362.0,主に資金調達等の取引関係の維持・強化のために保有。,,
E02167,,,2025-03-31,000,Subros Ltd.,,7800000,7693.0,主にインドにおける自動車関連部品の取引関係の維持・強化のため。1985年に合弁会社として設立された際に出資。,,
E02167,,,2025-03-31,000,住友不動産㈱,,1362000,7617.0,主にイベント施設の賃借や拠点用地の仲介取引関係の維持・強化のために保有。,,
E02167,,,2025-03-31,000,㈱みずほフィナンシャルグループ,,1107701,4487.0,主に資金調達等の取引関係の維持・強化のために保有。,,
E02167,,,2025-03-31,000,㈱りそなホールディングス,,2313450,2977.0,主に資金調達等の取引関係の維持・強化のために保有。,,
E02167,,,2025-03-31,000,ＮＯＫ㈱,,1012300,2216.0,主に自動車関連部品・材料に関する取引関係の維持・強化・機会創出のために保有。,,
E02167,,,2025-03-31,000,㈱大気社,,417900,1910.0,主に自動車関連部品・材料に関する取引関係の維持・強化・機会創出のために保有。,,
E02167,,,2025-03-31,000,㈱三井住友フィナンシャルグループ,,478656,1816.0,主に資金調達等の取引関係の維持・強化のために保有。(株式数の増加は株式分割によるもの),,
E02167,,,2025-03-31,000,カヤバ㈱,,540040,1587.0,主に自動車関連部品・材料に関する取引関係の維持・強化・機会創出のために保有。(株式数の増加は株式分割によるもの),,
E02167,,,2025-03-31,000,イビデン㈱,,386100,1540.0,主に自動車関連部品・材料に関する取引関係の維持・強化・機会創出のために保有。,,
E02167,,,2025-03-31,000,スタンレー電気㈱,,518364,1454.0,主に自動車関連部品・材料に関する取引関係の維持・強化・機会創出のために保有。,,
E02167,,,2025-03-31,000,㈱マキタ,,283800,1397.0,主に作業用工具に関する取引関係の維持・強化・機会創出のために保有。,,
E02167,,,2025-03-31,000,三井住友トラスト・ホールディングス㈱,,292500,1088.0,主に資金調達等の取引関係の維持・強化のために保有。,,
E02167,,,2025-03-31,000,日本精工㈱,,1702650,1086.0,主に自動車関連部品・材料に関する取引関係の維持・強化・機会創出のために保有。,,
E02167,,,2025-03-31,000,ユシロ化学工業㈱,,549000,1057.0,主に自動車関連部品・材料に関する取引関係の維持・強化・機会創出のために保有。,,
E02167,,,2025-03-31,000,三櫻工業㈱,,1600000,1056.0,主に自動車関連部品・材料に関する取引関係の維持・強化・機会創出のために保有。,,
E02167,,,2025-03-31,000,㈱ヨロズ,,800000,808.0,主に自動車関連部品・材料に関する取引関係の維持・強化・機会創出のために保有。,,
E02167,,,2025-03-31,000,㈱ユニバンス,,1937200,738.0,主に自動車関連部品・材料に関する取引関係の維持・強化・機会創出のために保有。,,
E02167,,,2025-03-31,000,ＳＯＭＰＯホールディングス㈱,,157500,712.0,主に保険の取引関係の維持・強化のために保有。(株式数の増加は株式分割によるもの),,
E02167,,,2025-03-31,000,ヤマトホールディングス㈱,,348080,682.0,主に物流業務に関する取引関係の維持・強化・機会創出のために保有。,,
E02167,,,2025-03-31,000,㈱ispace,,873960,659.0,自動車開発で培ってきた技術で同社の挑戦に貢献すること及び当社の技術向上に資することから保有。,,
E02167,,,2025-03-31,000,㈱エクセディ,,127050,557.0,主に自動車関連部品・材料に関する取引関係の維持・強化・機会創出のために保有。,,
E02167,,,2025-03-31,000,東海東京フィナンシャル・ホールディングス㈱,,1118090,541.0,主に金融取引等における関係の維持・強化のために保有。,,
E02167,,,2025-03-31,000,㈱アイシン,,300000,486.0,主に自動車関連部品・材料に関する取引関係の維持・強化・機会創出のために保有。(株式数の増加は株式分割によるもの),,
E02167,,,2025-03-31,000,㈱小糸製作所,,200000,367.0,主に自動車関連部品・材料に関する取引関係の維持・強化・機会創出のために保有。,,
E02167,,,2025-03-31,000,㈱アーレスティ,,565767,366.0,主に自動車関連部品・材料に関する取引関係の維持・強化・機会創出のために保有。,,
E02167,,,2025-03-31,000,フタバ産業㈱,,459000,357.0,主に自動車関連部品・材料に関する取引関係の維持・強化・機会創出のために保有。,,
E02167,,,2025-03-31,000,㈱ミクニ,,1007365,306.0,主に自動車関連部品・材料に関する取引関係の維持・強化・機会創出のために保有。,,
E02167,,,2025-03-31,000,リケンＮＰＲ㈱,,120000,299.0,主に自動車関連部品・材料に関する取引関係の維持・強化・機会創出のために保有。,,
E02167,,,2025-03-31,000,㈱ハイレックスコーポレーション,,154187,242.0,主に自動車関連部品・材料に関する取引関係の維持・強化・機会創出のために保有。,,
E02167,,,2025-03-31,000,トピー工業㈱,,109621,233.0,主に自動車関連部品・材料に関する取引関係の維持・強化・機会創出のために保有。,,
E02167,,,2025-03-31,000,曙ブレーキ工業㈱,,1751000,187.0,主に自動車関連部品・材料に関する取引関係の維持・強化・機会創出のために保有。,,
E02167,,,2025-03-31,000,西川ゴム工業㈱,,30750,150.0,主に自動車関連部品・材料に関する取引関係の維持・強化・機会創出のために保有。,,
E02167,,,2025-03-31,000,㈱河合楽器製作所,,47000,134.0,地域経済との関係を維持・強化するために保有。,,
E02167,,,2025-03-31,000,㈱東海理化電機製作所,,50000,111.0,主に自動車関連部品・材料に関する取引関係の維持・強化・機会創出のために保有。,,
E02167,,,2025-03-31,000,戸田建設㈱,,124185,109.0,主に施設・拠点の建築に関する取引関係の維持・強化・機会創出のために保有。,,
E02167,,,2025-03-31,000,豊田合成㈱,,38573,103.0,主に自動車関連部品・材料に関する取引関係の維持・強化・機会創出のために保有。,,
E02167,,,2025-03-31,000,岡谷鋼機㈱,,14400,100.0,主に自動車関連部品・材料に関する取引関係の維持・強化・機会創出のために保有。(株式数の増加は株式分割によるもの),,
E02167,,,2025-03-31,000,リョービ㈱,,44000,98.0,主に自動車関連部品・材料に関する取引関係の維持・強化・機会創出のために保有。,,
E02167,,,2025-03-31,000,中央発條㈱,,38484,64.0,主に自動車関連部品・材料に関する取引関係の維持・強化・機会創出のために保有。,,
E02167,,,2025-03-31,000,ニチアス㈱,,6050,27.0,主に自動車関連部品・材料に関する取引関係の維持・強化・機会創出のために保有。,,
E02167,,,2025-03-31,000,㈱清水銀行,,11248,16.0,地域経済との関係を維持・強化するために保有。,,
E02167,,,2025-03-31,000,ダイナミックマッププラットフォーム㈱,,10000,14.0,主に自動運転技術の開発に関する取引関係の維持・強化・機会創出のために保有。(上場により非上場株式から区分変更),,
E26301,,,2024-06-30,000,株式会社ハウスオブローゼ,,260000,412.0,株式会社ハウス オブ ローゼのプライベート化粧品の海外拡販とアイスタイルグループの海外販路の拡大を目指していくにあたり、両社の連携を一層深めるため、株式を取得いたしました。定量的な保有効果の記載は困難でありますが、保有の合理性はa.で記載の方法により検証しております。,,
E03992,,,2025-03-31,000,トモニホールディングス株式会社,,82482,44.0,（保有目的）当社は、同社連結子会社の㈱徳島大正銀行から借入を行っており、当社グループの安定的な資金調達において有用性があると考えております。（定量的な保有効果）配当金収入　１百万円簿価配当利回り　2.3％,,
E03992,,,2025-03-31,000,エスコンジャパンリート投資法人,,16894,1936.0,（保有目的）同法人は当社子会社である株式会社エスコンアセットマネジメントが資産運用を行う投資法人であり、同法人の収益の長期安定性と成長のサポートのため、本銘柄を保有しております。（定量的な保有効果）配当金収入　109百万円簿価配当利回り　5.8％,,
E03229,,,2025-03-31,000,㈱ＫＹＯＲＩＴＳＵ,,1000000,162.0,通販事業を中心にカタログ等、媒体の印刷を通じ、取引を継続しており、関係の維持・強化のために同社株式を保有しております。,,
E03229,,,2025-03-31,000,㈱マリオン,,450000,157.0,保有している一部の不動産管理を通じ、取引を継続しており、関係の維持・強化のために同社株式を保有しております。,,
E03229,,,2025-03-31,000,ＢＩＰＲＯＧＹ㈱,,1000,4.0,通販事業のシステム開発を通じ、取引を継続しており、関係の維持・強化のために同社株式を保有しております。,,
E35489,,,2025-03-31,000,株式会社リソー教育,,61200,16095.0,N/A,,
E04975,,,2025-03-31,000,イオン㈱,,39100,146625.0,保有目的：取引関係の円滑化および維持・強化による将来的な企業価値向上を行うため、継続して保有しております。定量的保有効果：（注）,,
E04975,,,2025-03-31,000,ユアサ・フナショク㈱,,28600,116545.0,保有目的：取引関係の円滑化および維持・強化による将来的な企業価値向上を行うため、継続して保有しております。定量的保有効果：（注）,,
E04975,,,2025-03-31,000,㈱三菱UFJフィナンシャル・グループ,,35030,70445.0,保有目的：財務活動の円滑化および将来的な事業拡大に向けた資金の調達先として取引関係を強化していくため、継続して保有しております。定量的保有効果：（注）,,
E04975,,,2025-03-31,000,上新電機㈱,,1500,3199.0,保有目的：取引関係の円滑化および維持・強化による将来的な企業価値向上を行うため、継続して保有しております。定量的保有効果：（注）,,
E04975,,,2025-03-31,000,㈱コスモス薬品,,400,3007.0,保有目的：取引関係の円滑化および維持・強化による将来的な企業価値向上を行うため、継続して保有しております。2024年９月１日付の株式分割により保有株式数が増加しております。定量的保有効果：（注）,,
E04975,,,2025-03-31,000,ジャパンクラフトホールディングス㈱,,5200,811.0,保有目的：取引関係の円滑化および維持・強化による将来的な企業価値向上を行うため、継続して保有しております。定量的保有効果：（注）,,
E00759,,,2025-03-31,000,日油㈱,,1578000,3187.0,主に化学品・機能性材料セグメントにおける営業取引関係の維持・発展を保有目的としております。,,
E00759,,,2025-03-31,000,小野薬品工業㈱,,1453600,2329.0,主にヘルスケアセグメントにおける営業取引関係の維持・発展を保有目的としております。,,
E00759,,,2025-03-31,000,東ソー㈱,,734000,1507.0,主に化学品セグメントにおける営業取引関係の維持・発展を保有目的としております。,,
E00759,,,2025-03-31,000,日本化薬㈱,,597600,843.0,主に化学品・農業化学品セグメントにおける営業取引関係の維持・発展を保有目的としております。,,
E00759,,,2025-03-31,000,㈱大阪ソーダ,,474000,769.0,主に化学品セグメントにおける営業取引関係の維持・発展を保有目的としており、当事業年度は株式分割により保有株式数が増加いたしました。,,
E00759,,,2025-03-31,000,クミアイ化学工業㈱,,722330,598.0,主に農業化学品セグメントにおける営業取引関係の維持・発展を保有目的としております。,,
E00759,,,2025-03-31,000,日本曹達㈱,,200000,580.0,主に化学品・機能性材料・農業化学品におけるセグメント営業取引関係の維持・発展を保有目的としており、当事業年度は株式分割により保有株式数が増加いたしました。,,
E00759,,,2025-03-31,000,SOMPOホールディングス㈱,,123600,558.0,金融取引関係の維持・発展を保有目的としております。,,
E00759,,,2025-03-31,000,四国化成ホールディングス㈱,,268000,492.0,主に化学品セグメントにおける営業取引関係の維持・発展を保有目的としております。,,
E00759,,,2025-03-31,000,日清オイリオグループ㈱,,89800,432.0,主に化学品セグメントにおける営業取引関係の維持・発展を保有目的としております。,,
E00759,,,2025-03-31,000,東京応化工業㈱,,135300,419.0,主に機能性材料セグメントにおける営業取引関係の維持・発展を保有目的としております。,,
E00759,,,2025-03-31,000,三菱瓦斯化学㈱,,162625,378.0,主に化学品・機能性材料セグメントにおける営業取引関係の維持・発展を保有目的としております。,,
E00759,,,2025-03-31,000,科研製薬㈱,,83800,375.0,主に農業化学品セグメントにおける営業取引関係の維持・発展を保有目的としております。,,
E00759,,,2025-03-31,000,㈱クレハ,,114900,316.0,主に農業化学品セグメントにおける営業取引関係の維持・発展を保有目的としております。,,
E00759,,,2025-03-31,000,保土谷化学工業㈱,,200000,312.0,主に化学品・農業化学品セグメントにおける営業取引関係の維持・発展を保有目的としており、当事業年度は株式分割により保有株式数が増加いたしました。,,
E00759,,,2025-03-31,000,北興化学工業㈱,,242000,310.0,主に農業化学品セグメントにおける営業取引関係の維持・発展を保有目的としております。,,
E00759,,,2025-03-31,000,カネコ種苗㈱,,134310,188.0,主に農業化学品セグメントにおける営業取引関係の維持・発展を保有目的としております。,,
E00759,,,2025-03-31,000,稲畑産業㈱,,41000,129.0,主に化学品・機能性材料セグメントにおける営業取引関係の維持・発展を保有目的としております。,,
E00759,,,2025-03-31,000,東邦化学工業㈱,,150000,101.0,主に化学品・機能性材料セグメントにおける営業取引関係の維持・発展を保有目的としております。,,
E00759,,,2025-03-31,000,三井住友トラストグループ㈱,,22460,83.0,金融取引関係の維持・発展を保有目的としております。,,
E00759,,,2025-03-31,000,ソーダニッカ㈱,,50000,51.0,主に化学品・機能性材料セグメントにおける営業取引関係の維持・発展を保有目的としております。,,
E00759,,,2025-03-31,000,スガイ化学工業㈱,,20200,48.0,主に化学品・農業化学品セグメントにおける営業取引関係の維持・発展を保有目的としております。,,
E00759,,,2025-03-31,000,三谷産業㈱,,66000,21.0,主に化学品・農業化学品セグメントにおける営業取引関係の維持・発展を保有目的としております。,,
E00759,,,2025-03-31,000,北陸電力㈱,,12495,10.0,主に化学品セグメントにおける営業取引関係の維持・発展を保有目的としております。,,
E37304,,,2024-12-31,000,コタ㈱,,279,452.0,N/A,,
E37304,,,2024-12-31,000,㈱ビューティガレージ,,200,263.0,N/A,,
E37304,,,2024-12-31,000,㈱フルキャストホールディングス,,100,148.0,N/A,,
E37304,,,2024-12-31,000,㈱田谷,,100,30.0,N/A,,
E37304,,,2024-12-31,000,㈱エム・エイチ・グループ,,100,19.0,N/A,,
E04290,,,2025-03-31,000,ヒューリック㈱,,28431800,40856.0,（保有目的）当社物流事業の取引関係維持、持続的成長のため（定量的な保有効果）（注）１,,
E04290,,,2025-03-31,000,テルモ㈱,,1680000,4698.0,（保有目的）当社物流事業の取引関係維持、持続的成長のため（定量的な保有効果）（注）１,,
E04290,,,2025-03-31,000,芙蓉総合リース㈱,,915000,3530.0,（保有目的）当社事業の取引関係維持、持続的成長のため（業務提携の概要）ＢＰＯサービス事業分野における業務提携（定量的な保有効果）（注）１,,
E04290,,,2025-03-31,000,ＳＯＭＰＯホールディングス㈱,,483750,2187.0,（保有目的）当社事業の取引関係維持、持続的成長及び安定的、継続的な資金調達のため（定量的な保有効果）（注）１,,
E04290,,,2025-03-31,000,東京海上ホールディングス㈱,,369000,2116.0,（保有目的）当社事業の取引関係維持、持続的成長及び安定的、継続的な資金調達のため（定量的な保有効果）（注）１,,
E04290,,,2025-03-31,000,三井倉庫ホールディングス㈱,,180000,1432.0,（保有目的）当社物流事業の取引関係維持、持続的成長のため（定量的な保有効果）（注）１,,
E04290,,,2025-03-31,000,東京建物㈱,,552000,1394.0,（保有目的）当社物流事業の取引関係維持、持続的成長のため（定量的な保有効果）（注）１,,
E04290,,,2025-03-31,000,㈱中央倉庫,,800000,1137.0,（保有目的）当社物流事業の取引関係維持、持続的成長のため（業務提携の概要）物流事業に関する業務提携（定量的な保有効果）（注）１,,
E04290,,,2025-03-31,000,キヤノン㈱,,210000,975.0,（保有目的）当社物流事業の取引関係維持、持続的成長のため（定量的な保有効果）（注）１,,
E04290,,,2025-03-31,000,ＪＢＣＣホールディングス㈱,,800000,880.0,（保有目的）当社物流事業の取引関係維持、持続的成長のため（定量的な保有効果）（注）１,,
E04290,,,2025-03-31,000,丸紅㈱,,330300,785.0,（保有目的）当社事業の取引関係維持、持続的成長のため（定量的な保有効果）（注）１,,
E04290,,,2025-03-31,000,帝国繊維㈱,,250000,642.0,（保有目的）当社物流事業の取引関係維持、持続的成長のため（定量的な保有効果）（注）１,,
E04290,,,2025-03-31,000,ＴＰＲ㈱,,242926,563.0,（保有目的）当社物流事業の取引関係維持、持続的成長のため（定量的な保有効果）（注）１,,
E04290,,,2025-03-31,000,乾汽船㈱,,350000,471.0,（保有目的）当社事業の取引関係維持、持続的成長のため（定量的な保有効果）（注）１,,
E04290,,,2025-03-31,000,㈱ニチレイ,,212000,376.0,（保有目的）当社事業の取引関係維持、持続的成長のため（定量的な保有効果）（注）１,,
E04290,,,2025-03-31,000,㈱みずほフィナンシャルグループ,,75600,306.0,（保有目的）当社事業の取引関係維持、持続的成長及び安定的、継続的な資金調達のため（定量的な保有効果）（注）１,,
E04290,,,2025-03-31,000,高千穂交易㈱,,50000,196.0,（保有目的）当社物流事業の取引関係維持、持続的成長のため（定量的な保有効果）（注）１,,
E04290,,,2025-03-31,000,㈱千葉興業銀行,,104700,135.0,（保有目的）当社事業の持続的成長のための安定的、継続的な資金調達のため（定量的な保有効果）（注）１,,
E04290,,,2025-03-31,000,サッポロホールディングス㈱,,17400,132.0,（保有目的）当社物流事業の取引関係維持、持続的成長のため（定量的な保有効果）（注）１,,
E04290,,,2025-03-31,000,キヤノンマーケティングジャパン㈱,,21500,109.0,（保有目的）当社物流事業の取引関係維持、持続的成長のため（定量的な保有効果）（注）１,,
E04290,,,2025-03-31,000,㈱九州フィナンシャルグループ,,112000,82.0,（保有目的）当社事業の取引関係維持、持続的成長及び安定的、継続的な資金調達のため（定量的な保有効果）（注）１,,
E04290,,,2025-03-31,000,㈱四国銀行,,60118,72.0,（保有目的）当社事業の持続的成長のための安定的、継続的な資金調達のため（定量的な保有効果）（注）１,,
E04290,,,2025-03-31,000,ＯＫＩ,,51300,50.0,（保有目的）当社事業の取引関係維持、持続的成長のため（業務提携の概要）医療機器サポート事業分野における業務提携（注）２（定量的な保有効果）（注）１,,
E04290,,,2025-03-31,000,㈱プロクレアホールディングス,,27646,46.0,（保有目的）当社事業の持続的成長のための安定的、継続的な資金調達のため（定量的な保有効果）（注）１,,
E04290,,,2025-03-31,000,カシオ計算機㈱,,24900.000,30.0,（保有目的）当社物流事業の取引関係維持、持続的成長のため（定量的な保有効果）（注）１（株式数が増加した理由）取引先持株会を通じた株式の取得,,
E04290,,,2025-03-31,000,㈱大垣共立銀行,,8300,19.0,（保有目的）当社事業の持続的成長のための安定的、継続的な資金調達のため（定量的な保有効果）（注）１,,
E04290,,,2025-03-31,000,フィデアホールディングス㈱,,9400,14.0,（保有目的）当社事業の持続的成長のための安定的、継続的な資金調達のため（定量的な保有効果）（注）１,,
E00501,,,2025-03-31,000,ヤマエグループホールディングス㈱,,18607,44.0,当社製品の販売先であり、良好な営業関係の維持及び取引関係の強化を目的として保有しております。（増加理由）持株会株式の購入,,
E00501,,,2025-03-31,000,㈱フジ,,19099,41.0,当社製品の販売先であり、良好な営業関係の維持及び取引関係の強化を目的として保有しております。（増加理由）持株会株式の購入,,
E00501,,,2025-03-31,000,㈱ピー・ビーシステムズ,,64000,33.0,当社基幹システムの開発委託先であり、システムの安定稼働及び将来的な企業価値向上を目的として保有しております。,,
E00501,,,2025-03-31,000,イオン九州㈱,,12874,31.0,当社製品の販売先であり、良好な営業関係の維持及び取引関係の強化を目的として保有しております。（増加理由）持株会株式の購入,,
E00501,,,2025-03-31,000,㈱リテールパートナーズ,,22130,29.0,当社製品の販売先であり、良好な営業関係の維持及び取引関係の強化を目的として保有しております。,,
E00501,,,2025-03-31,000,丸大食品㈱,,15832,26.0,当社製品の販売先であり、良好な営業関係の維持及び取引関係の強化を目的として保有しております。（増加理由）持株会株式の購入,,
E00501,,,2025-03-31,000,㈱ヤマナカ,,26666,14.0,当社製品の販売先であり、良好な営業関係の維持及び取引関係の強化を目的として保有しております。（増加理由）持株会株式の購入,,
E00501,,,2025-03-31,000,セントラルフォレストグループ㈱,,4329,13.0,当社製品の販売先であり、良好な営業関係の維持及び取引関係の強化を目的として保有しております。（増加理由）持株会株式の購入,,
E00501,,,2025-03-31,000,滝沢ハム㈱,,3791,10.0,当社製品の販売先であり、良好な営業関係の維持及び取引関係の強化を目的として保有しております。（増加理由）持株会株式の購入,,
E00501,,,2025-03-31,000,㈱オークワ,,10682,9.0,当社製品の販売先であり、良好な営業関係の維持及び取引関係の強化を目的として保有しております。（増加理由）持株会株式の購入,,
E00501,,,2025-03-31,000,㈱イズミ,,440,1.0,当社製品の販売先であり、良好な営業関係の維持及び取引関係の強化を目的として保有しております。,,
E00501,,,2025-03-31,000,アルビス㈱,,413,1.0,当社製品の販売先であり、良好な営業関係の維持及び取引関係の強化を目的として保有しております。（増加理由）持株会株式の購入,,
E00501,,,2025-03-31,000,㈱マルイチ産商,,1000,1.0,当社製品の販売先であり、良好な営業関係の維持及び取引関係の強化を目的として保有しております。,,
E00501,,,2025-03-31,000,㈱ライフフーズ,,400,0.0,当社製品の販売先であり、良好な営業関係の維持及び取引関係の強化を目的として保有しております。,,
E00386,,,2025-03-31,000,WANT WANT CHINA HOLDINGS LIMITED.,,608434480,57301142.0,米菓製造の技術提携を行っており、良好な協力関係の維持および強化による経営効率・企業価値向上を図るため株式を保有しております。,,
E00386,,,2025-03-31,000,アクシアル　リテイリング株式会社,,400000,386000.0,当社の販売先であり、取引関係の維持および強化を図り企業価値向上のため、株式を保有しております。,,
E00386,,,2025-03-31,000,株式会社第四北越フィナンシャルグループ,,96959,305905.0,当社の主要取引金融機関であり、継続的な取引関係の維持および強化を図り企業価値向上のため、株式を保有しております。また、同社は2024年10月１日付で普通株式１株につき２株の割合で株式分割を行っており、それに伴い株式数が増加しております。加えて、累積投資による株式の取得も行っております。,,
E00386,,,2025-03-31,000,株式会社キッツ,,249000,289836.0,良好な協力関係の維持および強化により、経営効率・企業価値向上を図るため株式を保有しております。,,
E00386,,,2025-03-31,000,株式会社リンガ－ハット,,47000,108053.0,良好な協力関係の維持および強化により、経営効率・企業価値向上を図るため株式を保有しております。,,
E00386,,,2025-03-31,000,株式会社セブン＆アイ・ホールディングス,,40800,88250.0,当社の販売先であり、取引関係の維持および強化を図り企業価値向上のため、株式を保有しております。,,
E00386,,,2025-03-31,000,株式会社岡三証券グループ,,127200,84333.0,当社の主要取引金融機関であり、取引関係の維持および強化を図り企業価値向上のため、株式を保有しております。,,
E00386,,,2025-03-31,000,マックスバリュ東海株式会社,,23341,70373.0,当社の販売先であり、取引関係の維持および強化を図り企業価値向上のため、株式を保有しております。,,
E00386,,,2025-03-31,000,オイレス工業株式会社,,31104,70139.0,良好な協力関係の維持および強化により、経営効率・企業価値向上を図るため株式を保有しております。,,
E00386,,,2025-03-31,000,株式会社プロネクサス,,54040,67550.0,良好な協力関係の維持および強化により、経営効率・企業価値向上を図るため株式を保有しております。,,
E00386,,,2025-03-31,000,株式会社紀文食品,,50000,53500.0,良好な協力関係の維持および強化により、経営効率・企業価値向上を図るため株式を保有しております。,,
E00386,,,2025-03-31,000,株式会社大光銀行,,35500,50871.0,当社の主要取引金融機関であり、継続的な取引関係の維持および強化を図り企業価値向上のため、株式を保有しております。,,
E00386,,,2025-03-31,000,株式会社アークス,,16814,48896.0,当社の販売先であり、取引関係の維持および強化を図り企業価値向上のため、株式を保有しております。また、取引先持株会により株式を取得しております。,,
E00386,,,2025-03-31,000,イオン株式会社,,12600,47250.0,当社の販売先であり、取引関係の維持および強化を図り企業価値向上のため、株式を保有しております。,,
E00386,,,2025-03-31,000,横河電機株式会社,,10000,28930.0,良好な協力関係の維持および強化により、経営効率・企業価値向上を図るため株式を保有しております。,,
E00386,,,2025-03-31,000,バンドー化学株式会社,,10250,16892.0,良好な協力関係の維持および強化により、経営効率・企業価値向上を図るため株式を保有しております。,,
E00386,,,2025-03-31,000,クリナップ株式会社,,20260,13270.0,良好な協力関係の維持および強化により、経営効率・企業価値向上を図るため株式を保有しております。,,
E00386,,,2025-03-31,000,株式会社ノザワ,,13125,11090.0,良好な協力関係の維持および強化により、経営効率・企業価値向上を図るため株式を保有しております。,,
E00386,,,2025-03-31,000,新東工業株式会社,,12075,10046.0,良好な協力関係の維持および強化により、経営効率・企業価値向上を図るため株式を保有しております。,,
E00386,,,2025-03-31,000,株式会社指月電機製作所,,12550,5183.0,良好な協力関係の維持および強化により、経営効率・企業価値向上を図るため株式を保有しております。,,
E00386,,,2025-03-31,000,ユナイテッド・スーパーマーケット・ホールディングス株式会社,,1761,1452.0,当社の販売先であり、取引関係の維持および強化を図り企業価値向上のため、株式を保有しております。,,
E00386,,,2025-03-31,000,阪神内燃機工業株式会社,,400,928.0,良好な協力関係の維持および強化により、経営効率・企業価値向上を図るため株式を保有しております。,,
E01747,,,2025-03-31,000,㈱佐賀銀行,,54542,125882.0,当社の主要取引金融機関であり、安定した取引関係を維持するため,,
E01747,,,2025-03-31,000,因幡電機産業㈱,,43200,164160.0,主に産業用配電機器事業の取引先であり、安定した取引関係を維持するため,,
E01747,,,2025-03-31,000,㈱かわでん,,20900,83495.0,業界動向の把握及び同業他社の情報収集のため,,
E01747,,,2025-03-31,000,スズデン㈱,,22290,42172.0,主に産業用配電機器事業の取引先であり、安定した取引関係を維持するため,,
E01747,,,2025-03-31,000,㈱ダイヘン,,11000,69630.0,業界動向の把握及び同業他社の情報収集のため,,
E01747,,,2025-03-31,000,㈱三井住友フィナンシャルグループ,,16311,61900.0,同社子会社である㈱三井住友銀行は、当社の主要取引金融機関であり、安定した取引関係を維持するため,,
E01747,,,2025-03-31,000,野村ホールディングス㈱,,46000,41777.0,同子会社である野村證券㈱は、当社の主要取引金融機関であり、安定した取引関係を維持するため,,
E01747,,,2025-03-31,000,九州電力㈱,,100000,130550.0,主に産業用配電機器事業の取引先であり、安定した取引関係を維持するため,,
E01747,,,2025-03-31,000,㈱三菱ＵＦＪフィナンシャル・グループ,,8800,17696.0,同子会社である三菱UFJ信託銀行㈱は、当社の証券代行会社であり、安定した取引関係を維持するため,,
E01747,,,2025-03-31,000,コスモエネルギーホールディングス㈱,,1000,6405.0,主に産業用配電機器事業の取引先であり、安定した取引関係を維持するため,,
E01747,,,2025-03-31,000,パナソニック㈱,,1644,2912.0,主に産業用配電機器事業の取引先であり、安定した取引関係を維持するため,,
E01747,,,2025-03-31,000,明治電機工業㈱,,3000,4515.0,主に産業用配電機器事業の取引先及び設備等の仕入先であり、安定した取引関係を維持するため,,
E03228,,,2025-02-28,000,㈱山形銀行,,61050,83.0,金融取引や事業情報収集等、良好な取引関係の維持・強化を図るため,,
E03228,,,2025-02-28,000,㈱七十七銀行,,22000,98.0,金融取引や事業情報収集等、良好な取引関係の維持・強化を図るため,,
E03228,,,2025-02-28,000,フィデアホールディングス㈱,,7154,10.0,金融取引や事業情報収集等、良好な取引関係の維持・強化を図るため,,
E03228,,,2025-02-28,000,㈱みずほフィナンシャルグループ,,3682,15.0,金融取引や事業情報収集等、良好な取引関係の維持・強化を図るため,,
E03228,,,2025-02-28,000,㈱秋田銀行,,834,1.0,金融取引や事業情報収集等、良好な取引関係の維持・強化を図るため,,
E30898,,,2024-12-31,000,㈱ニップン,,15000,32790.0,当社グループにおける主要な原材料の調達取引を行っており、良好な関係維持・強化を図るため、継続保有しております。,,
E30898,,,2024-12-31,000,㈱群馬銀行,,3000,3198.0,当社グループのメインバンクの一つとしても重要な取引先であり、同社グループとの良好な関係の維持・強化のため、継続して保有しております。,,
E30898,,,2024-12-31,000,㈱コシダカホールディングス,,283000,320073.0,業務資本提携に基づく飲食・アミューズメント分野において相互の強みを生かし事業上のシナジーを創出するために継続保有をしております。株式数増加の理由は、同社との協業関係を維持強化することを目的としたものであります。,,
E01740,,,2025-03-31,000,富士通㈱,,21548,63589.0,・インダストリー部門の事業活動上の関係維持・強化等を目的として保有しています。・2024年度においては受取配当金が671百万円あり、取引額については守秘のため記載いたしませんが、上記保有方針等に基づき定量的効果があると判断しています。・なお、株式数の増加は、同社の株式分割によるものです。,,
E01740,,,2025-03-31,000,ファナック㈱,,3593,14587.0,・半導体部門の事業活動上の関係維持・強化等を目的として保有しています。・2024年度においては受取配当金が317百万円あり、取引額については守秘のため記載いたしませんが、上記保有方針等に基づき定量的効果があると判断しています。,,
E01740,,,2025-03-31,000,東海旅客鉄道㈱,,1105,3153.0,・インダストリー部門の事業活動上の関係維持・強化等を目的として保有しています。・2024年度においては受取配当金が33百万円あり、取引額については守秘のため記載いたしませんが、上記保有方針等に基づき定量的効果があると判断しています。,,
E01740,,,2025-03-31,000,古河機械金属㈱,,431,900.0,・インダストリー部門の事業活動上の関係維持・強化等を目的として保有しています。・2024年度においては受取配当金が36百万円あり、取引額については守秘のため記載いたしませんが、上記保有方針等に基づき定量的効果があると判断しています。,,
E01740,,,2025-03-31,000,古河電気工業㈱,,150,739.0,・インダストリー部門の事業活動上の関係維持・強化等を目的として保有しています。・2024年度においては受取配当金が９百万円あり、取引額については守秘のため記載いたしませんが、上記保有方針等に基づき定量的効果があると判断しています。,,
E01740,,,2025-03-31,000,京成電鉄㈱,,452,609.0,・インダストリー部門の事業活動上の関係維持・強化等を目的として保有しています。・2024年度においては受取配当金が６百万円あり、取引額については守秘のため記載いたしませんが、上記保有方針等に基づき定量的効果があると判断しています。・なお、株式数の増加は、同社の株式分割によるものです。,,
E01417,,,2025-03-31,000,㈱ミツウロコグループホールディングス,,2694064,4825.0,当社グループの事業活動に係る友好的な関係の維持、拡充を目的に株式を保有しております。定量的な保有効果については記載は困難でありますが、当社事業における同社との関係性を踏まえ検証した結果、販売先としての関係の維持、拡充のために保有する合理性があると判断しております。,,
E01417,,,2025-03-31,000,東京瓦斯㈱,,540560,2574.0,当社グループの事業活動に係る友好的な関係の維持、拡充を目的に株式を保有しております。定量的な保有効果については記載は困難でありますが、当社事業における同社との関係性を踏まえ検証した結果、販売先としての関係の維持、拡充のために保有する合理性があると判断しております。,,
E01417,,,2025-03-31,000,シナネンホールディングス㈱,,374419,2231.0,当社グループの事業活動に係る友好的な関係の維持、拡充を目的に株式を保有しております。定量的な保有効果については記載は困難でありますが、当社事業における同社との関係性を踏まえ検証した結果、販売先としての関係の維持、拡充のために保有する合理性があると判断しております。,,
E01417,,,2025-03-31,000,㈱ヤクルト本社,,522720,1491.0,当社グループの事業活動に係る友好的な関係の維持、拡充を目的に株式を保有しております。定量的な保有効果については記載は困難でありますが、当社事業における同社との関係性を踏まえ検証した結果、調達先としての関係の維持、拡充のために保有する合理性があると判断しております。,,
E01417,,,2025-03-31,000,岩谷産業㈱（注）３,,800000,1195.0,当社グループの事業活動に係る友好的な関係の維持、拡充を目的に株式を保有しております。定量的な保有効果については記載は困難でありますが、当社事業における同社との関係性を踏まえ検証した結果、販売先としての関係の維持、拡充のために保有する合理性があると判断しております。株数増加の理由は、株式分割によるものです。,,
E01417,,,2025-03-31,000,タカラスタンダード㈱,,569092,999.0,当社グループの事業活動に係る友好的な関係の維持、拡充を目的に株式を保有しております。定量的な保有効果については記載は困難でありますが、当社事業における同社との関係性を踏まえ検証した結果、販売先としての関係の維持、拡充のために保有する合理性があると判断しております。株数増加の理由は、取引先持株会での定期買付によるものです。,,
E01417,,,2025-03-31,000,アイホン㈱,,305000,793.0,当社グループの事業活動に係る友好的な関係の維持、拡充を目的に株式を保有しております。定量的な保有効果については記載は困難でありますが、当社事業における同社との関係性を踏まえ検証した結果、調達先としての関係の維持、拡充のために保有する合理性があると判断しております。,,
E01417,,,2025-03-31,000,新コスモス電機㈱,,251500,635.0,当社グループの事業活動に係る友好的な関係の維持、拡充を目的に株式を保有しております。定量的な保有効果については記載は困難でありますが、当社事業における同社との関係性を踏まえ検証した結果、調達先としての関係の維持、拡充のために保有する合理性があると判断しております。,,
E01417,,,2025-03-31,000,㈱ＴＯＫＡＩホールディングス,,570656,560.0,当社グループの事業活動に係る友好的な関係の維持、拡充を目的に株式を保有しております。定量的な保有効果については記載は困難でありますが、当社事業における同社との関係性を踏まえ検証した結果、販売先としての関係の維持、拡充のために保有する合理性があると判断しております。,,
E01417,,,2025-03-31,000,㈱マキタ,,96800,476.0,当社グループの事業活動に係る友好的な関係の維持、拡充を目的に株式を保有しております。定量的な保有効果については記載は困難でありますが、当社事業における同社との関係性を踏まえ検証した結果、調達先としての関係の維持、拡充のために保有する合理性があると判断しております。,,
E01417,,,2025-03-31,000,サンリン㈱,,712000,465.0,当社グループの事業活動に係る友好的な関係の維持、拡充を目的に株式を保有しております。定量的な保有効果については記載は困難でありますが、当社事業における同社との関係性を踏まえ検証した結果、販売先としての関係の維持、拡充のために保有する合理性があると判断しております。,,
E01417,,,2025-03-31,000,㈱あいちフィナンシャルグループ,,141525,404.0,当社グループの事業活動に係る友好的な関係の維持、拡充を目的に株式を保有しております。定量的な保有効果については記載は困難でありますが、当社事業における同社との関係性を踏まえ検証した結果、金融関係の取引先としての関係の維持、拡充のために保有する合理性があると判断しております。,,
E01417,,,2025-03-31,000,大阪瓦斯㈱,,101978,344.0,当社グループの事業活動に係る友好的な関係の維持、拡充を目的に株式を保有しております。定量的な保有効果については記載は困難でありますが、当社事業における同社との関係性を踏まえ検証した結果、販売先としての関係の維持、拡充のために保有する合理性があると判断しております。,,
E01417,,,2025-03-31,000,エア・ウォーター㈱,,169590,320.0,当社グループの事業活動に係る友好的な関係の維持、拡充を目的に株式を保有しております。定量的な保有効果については記載は困難でありますが、当社事業における同社との関係性を踏まえ検証した結果、販売先としての関係の維持、拡充のために保有する合理性があると判断しております。株数増加の理由は、取引先持株会での定期買付によるものです。,,
E01417,,,2025-03-31,000,ユアサ商事㈱,,62500,283.0,当社グループの事業活動に係る友好的な関係の維持、拡充を目的に株式を保有しております。定量的な保有効果については記載は困難でありますが、当社事業における同社との関係性を踏まえ検証した結果、販売先としての関係の維持、拡充のために保有する合理性があると判断しております。,,
E01417,,,2025-03-31,000,野村ホールディングス㈱,,239800,217.0,当社グループの事業活動に係る友好的な関係の維持、拡充を目的に株式を保有しております。定量的な保有効果については記載は困難でありますが、当社事業における同社との関係性を踏まえ検証した結果、金融関係の取引先としての関係の維持、拡充のために保有する合理性があると判断しております。,,
E01417,,,2025-03-31,000,大和ハウス工業㈱,,40806,201.0,当社グループの事業活動に係る友好的な関係の維持、拡充を目的に株式を保有しております。定量的な保有効果については記載は困難でありますが、当社事業における同社との関係性を踏まえ検証した結果、販売先としての関係の維持、拡充のために保有する合理性があると判断しております。株数増加の理由は、取引先持株会での定期買付によるものです。,,
E01417,,,2025-03-31,000,東邦瓦斯㈱,,45670,188.0,当社グループの事業活動に係る友好的な関係の維持、拡充を目的に株式を保有しております。定量的な保有効果については記載は困難でありますが、当社事業における同社との関係性を踏まえ検証した結果、販売先としての関係の維持、拡充のために保有する合理性があると判断しております。,,
E01417,,,2025-03-31,000,カメイ㈱,,51700,102.0,当社グループの事業活動に係る友好的な関係の維持、拡充を目的に株式を保有しております。定量的な保有効果については記載は困難でありますが、当社事業における同社との関係性を踏まえ検証した結果、販売先としての関係の維持、拡充のために保有する合理性があると判断しております。,,
E01417,,,2025-03-31,000,㈱山善,,75900,99.0,当社グループの事業活動に係る友好的な関係の維持、拡充を目的に株式を保有しております。定量的な保有効果については記載は困難でありますが、当社事業における同社との関係性を踏まえ検証した結果、販売先としての関係の維持、拡充のために保有する合理性があると判断しております。株数増加の理由は、取引先持株会での定期買付によるものです。,,
E01417,,,2025-03-31,000,㈱ＬＩＸＩＬ,,57718,99.0,当社グループの事業活動に係る友好的な関係の維持、拡充を目的に株式を保有しております。定量的な保有効果については記載は困難でありますが、当社事業における同社との関係性を踏まえ検証した結果、販売先としての関係の維持、拡充のために保有する合理性があると判断しております。,,
E01417,,,2025-03-31,000,Ｋ＆Ｏエナジーグループ㈱,,30904,92.0,当社グループの事業活動に係る友好的な関係の維持、拡充を目的に株式を保有しております。定量的な保有効果については記載は困難でありますが、当社事業における同社との関係性を踏まえ検証した結果、販売先としての関係の維持、拡充のために保有する合理性があると判断しております。,,
E01417,,,2025-03-31,000,㈱サーラコーポレーション,,87768,75.0,当社グループの事業活動に係る友好的な関係の維持、拡充を目的に株式を保有しております。定量的な保有効果については記載は困難でありますが、当社事業における同社との関係性を踏まえ検証した結果、販売先としての関係の維持、拡充のために保有する合理性があると判断しております。株数増加の理由は、取引先持株会での定期買付によるものです。,,
E01417,,,2025-03-31,000,三愛オブリ㈱,,31500,54.0,当社グループの事業活動に係る友好的な関係の維持、拡充を目的に株式を保有しております。定量的な保有効果については記載は困難でありますが、当社事業における同社との関係性を踏まえ検証した結果、販売先としての関係の維持、拡充のために保有する合理性があると判断しております。,,
E01417,,,2025-03-31,000,㈱デンキョーグループホールディングス,,45000,52.0,当社グループの事業活動に係る友好的な関係の維持、拡充を目的に株式を保有しております。定量的な保有効果については記載は困難でありますが、当社事業における同社との関係性を踏まえ検証した結果、販売先としての関係の維持、拡充のために保有する合理性があると判断しております。,,
E01417,,,2025-03-31,000,橋本総業ホールディングス㈱,,40298,48.0,当社グループの事業活動に係る友好的な関係の維持、拡充を目的に株式を保有しております。定量的な保有効果については記載は困難でありますが、当社事業における同社との関係性を踏まえ検証した結果、販売先としての関係の維持、拡充のために保有する合理性があると判断しております。株数増加の理由は、取引先持株会での定期買付によるものです。,,
E01417,,,2025-03-31,000,クリナップ㈱,,58300,38.0,当社グループの事業活動に係る友好的な関係の維持、拡充を目的に株式を保有しております。定量的な保有効果については記載は困難でありますが、当社事業における同社との関係性を踏まえ検証した結果、販売先としての関係の維持、拡充のために保有する合理性があると判断しております。,,
E01417,,,2025-03-31,000,上新電機㈱,,15000,31.0,当社グループの事業活動に係る友好的な関係の維持、拡充を目的に株式を保有しております。定量的な保有効果については記載は困難でありますが、当社事業における同社との関係性を踏まえ検証した結果、販売先としての関係の維持、拡充のために保有する合理性があると判断しております。,,
E01417,,,2025-03-31,000,㈱ミクニ,,100409,30.0,当社グループの事業活動に係る友好的な関係の維持、拡充を目的に株式を保有しております。定量的な保有効果については記載は困難でありますが、当社事業における同社との関係性を踏まえ検証した結果、調達先としての関係の維持、拡充のために保有する合理性があると判断しております。,,
E01417,,,2025-03-31,000,京葉瓦斯㈱（注）４,,27000,29.0,当社グループの事業活動に係る友好的な関係の維持、拡充を目的に株式を保有しております。定量的な保有効果については記載は困難でありますが、当社事業における同社との関係性を踏まえ検証した結果、販売先としての関係の維持、拡充のために保有する合理性があると判断しております。株数増加の理由は、株式分割によるものです。,,
E01417,,,2025-03-31,000,サンメッセ㈱,,76500,28.0,当社グループの事業活動に係る友好的な関係の維持、拡充を目的に株式を保有しております。定量的な保有効果については記載は困難でありますが、当社事業における同社との関係性を踏まえ検証した結果、調達先としての関係の維持、拡充のために保有する合理性があると判断しております。,,
E01417,,,2025-03-31,000,㈱御園座,,16000,27.0,当社グループの事業活動に係る友好的な関係の維持、拡充を目的に株式を保有しております。定量的な保有効果については秘密保持の観点から記載は困難でありますが、地域の成長・活性化に重要な役割を担う同社との関係性を踏まえ検証した結果、当社グループの企業価値向上のために保有する合理性があると判断しております。,,
E01417,,,2025-03-31,000,㈱交換できるくん,,10000,27.0,当社グループの事業活動に係る友好的な関係の維持、拡充を目的に株式を保有しております。定量的な保有効果については記載は困難でありますが、当社事業における同社との関係性を踏まえ検証した結果、販売先としての関係の維持、拡充のために保有する合理性があると判断しております。,,
E01417,,,2025-03-31,000,北海道瓦斯㈱（注）５,,48833,24.0,当社グループの事業活動に係る友好的な関係の維持、拡充を目的に株式を保有しております。定量的な保有効果については記載は困難でありますが、当社事業における同社との関係性を踏まえ検証した結果、販売先としての関係の維持、拡充のために保有する合理性があると判断しております。株数増加の理由は、取引先持株会での定期買付によるもの及び株式分割によるものです。,,
E01417,,,2025-03-31,000,新東工業㈱,,29100,24.0,当社グループの事業活動に係る友好的な関係の維持、拡充を目的に株式を保有しております。定量的な保有効果については記載は困難でありますが、当社事業における同社との関係性を踏まえ検証した結果、調達先としての関係の維持、拡充のために保有する合理性があると判断しております。,,
E01417,,,2025-03-31,000,東邦アセチレン㈱,,50000,18.0,当社グループの事業活動に係る友好的な関係の維持、拡充を目的に株式を保有しております。定量的な保有効果については記載は困難でありますが、当社事業における同社との関係性を踏まえ検証した結果、販売先としての関係の維持、拡充のために保有する合理性があると判断しております。株数増加の理由は、株式分割によるものです。,,
E01417,,,2025-03-31,000,岡谷鋼機㈱（注）６,,2000,13.0,当社グループの事業活動に係る友好的な関係の維持、拡充を目的に株式を保有しております。定量的な保有効果については記載は困難でありますが、当社事業における同社との関係性を踏まえ検証した結果、調達先としての関係の維持、拡充のために保有する合理性があると判断しております。株数増加の理由は、株式分割によるものです。,,
E01417,,,2025-03-31,000,㈱Ｍｉｓｕｍｉ,,3000,5.0,当社グループの事業活動に係る友好的な関係の維持、拡充を目的に株式を保有しております。定量的な保有効果については記載は困難でありますが、当社事業における同社との関係性を踏まえ検証した結果、販売先としての関係の維持、拡充のために保有する合理性があると判断しております。,,
E01417,,,2025-03-31,000,ＡＭＧホールディングス㈱,,1200,2.0,当社グループの事業活動に係る友好的な関係の維持、拡充を目的に株式を保有しております。定量的な保有効果については記載は困難でありますが、当社事業における同社との関係性を踏まえ検証した結果、販売先としての関係の維持、拡充のために保有する合理性があると判断しております。,,
E01417,,,2025-03-31,000,㈱ジュンテンドー,,2858,1.0,当社グループの事業活動に係る友好的な関係の維持、拡充を目的に株式を保有しております。定量的な保有効果については記載は困難でありますが、当社事業における同社との関係性を踏まえ検証した結果、販売先としての関係の維持、拡充のために保有する合理性があると判断しております。,,
E25282,,,2025-03-31,000,新日本空調㈱,,684000,1194264.0,空調設備と消火設備の関連事業における協業等を目的とした資本業務提携契約を締結しており、良好な関係維持のため保有しております。株式数が増加した理由は株式分割によるものです。,,
E25282,,,2025-03-31,000,綜合警備保障㈱,,175000,196350.0,営業協力体制の構築及び両社のシナジーによる市場シェア拡大等を目的とした資本業務提携契約を締結しており、良好な関係維持のため保有しております。,,
E25282,,,2025-03-31,000,沖電気工業㈱,,90000,88560.0,主として防災通信分野における共同研究開発を実施しており、良好な関係維持のため保有しております。,,
E25282,,,2025-03-31,000,櫻護謨㈱,,34600,65601.0,主として仕入の取引関係があり、良好な関係維持のため保有しております。,,
E25282,,,2025-03-31,000,第一生命ホールディングス㈱,,4900,22206.0,保険取引等を行っており、取引の円滑化を図るため保有しております。,,
E25282,,,2025-03-31,000,デンヨー㈱,,6000,14640.0,主として販売の取引関係があり、良好な関係維持のため保有しております。,,
E34720,,,2025-03-31,000,ブリッジコンサルティンググループ株式会社,,23100,25895.0,中長期的な協力関係の維持・発展や企業価値の向上のために株式を保有しております。,,
E00569,,,2025-03-31,000,日本毛織株式会社,,1288000,2000264.0,（保有目的）当社グループの染色加工、テキスタイル事業に係る業務のより円滑な推進,,
E00569,,,2025-03-31,000,株式会社ダイドーリミテッド,,1595000,1376485.0,（保有目的）当社グループの染色加工、テキスタイル事業に係る業務のより円滑な推進,,
E00569,,,2025-03-31,000,タキヒヨー株式会社,,99808,140729.0,（保有目的）当社グループの染色加工に係る業務のより円滑な推進,,
E00569,,,2025-03-31,000,株式会社三菱UFJフィナンシャル・グループ,,314720,632901.0,（保有目的）財務・経理・総務に係る業務のより円滑な推進,,
E00569,,,2025-03-31,000,MS＆ADインシュアランスグループホールディングス株式会社,,124929,402896.0,（保有目的）財務・経理・総務に係る業務のより円滑な推進,,
E00569,,,2025-03-31,000,株式会社十六フィナンシャルグループ,,48550,234496.0,（保有目的）財務・経理・総務に係る業務のより円滑な推進,,
E00569,,,2025-03-31,000,東陽倉庫株式会社,,47200,70280.0,（保有目的）地域経済との関係維持,,
E00569,,,2025-03-31,000,株式会社りそなホールディングス,,73350,94401.0,（保有目的）財務・経理・総務に係る業務のより円滑な推進,,
E00569,,,2025-03-31,000,株式会社トーア紡コーポレーション,,548300,216030.0,（保有目的）当社グループの染色加工、テキスタイル事業に係る業務のより円滑な推進,,
E01287,,,2025-03-31,000,モリ工業㈱,,629000,627742.0,当社設備の部材として使用する同社のステンレス配管等を問屋経由で購入しており、取引関係の維持・強化のため保有。株式分割により株式数が増加。,,
E01287,,,2025-03-31,000,合同製鐵㈱,,118600,458389.0,主原料である線材の安定調達を行うとともに、同社のグループ会社を窓口商社として当社の線材製品の販売を行っており、取引関係の維持・強化のため保有。,,
E01287,,,2025-03-31,000,㈱池田泉州ホールディングス,,638591,277787.0,同社グループには当社グループの主要取引銀行が属しており、資金調達等金融取引の円滑化のため保有。,,
E01287,,,2025-03-31,000,㈱りそなホールディングス,,193538,249083.0,同社グループには当社グループの主要取引銀行が属しており、資金調達等金融取引の円滑化のため保有。,,
E01287,,,2025-03-31,000,コンドーテック㈱,,124200,176860.0,鋲螺線材製品販売の維持・強化のため保有。,,
E01287,,,2025-03-31,000,阪和興業㈱,,29800,145722.0,同社を窓口商社として当社の線材製品の販売及び主原料である線材の購入を行っており、取引関係の維持・強化のため保有。,,
E01287,,,2025-03-31,000,トルク㈱,,557400,137677.0,鋲螺線材製品販売の維持・強化のため保有。,,
E01287,,,2025-03-31,000,フルサト・マルカホールディングス㈱,,48315,115182.0,同社のグループ会社へ鋲螺線材製品を販売しており、取引関係の維持・強化のため保有。,,
E01287,,,2025-03-31,000,三井金属鉱業㈱,,10000,43450.0,副原料である亜鉛等の安定調達及び同社グループへの普通線材製品販売の維持・強化のため保有。,,
E01287,,,2025-03-31,000,日建工学㈱,,25000,34400.0,普通線材製品及び鋲螺線材製品の販売の維持・強化のため保有。,,
E01287,,,2025-03-31,000,モリテックスチール㈱,,100000,17500.0,同社を窓口として特殊線材製品を販売しており、取引関係の維持・強化のため保有。,,
E01287,,,2025-03-31,000,岡谷鋼機㈱,,2000,13960.0,同社を窓口商社として鋲螺線材製品及び普通線材製品を販売しており、取引関係の維持・強化のため保有。株式分割により株式数が増加。,,
E02097,,,2024-12-20,000,㈱紀陽銀行,,110000,234190.0,（保有目的）取引金融機関として円滑な取引関係の維持（定量的な保有効果）注．３,,
E02097,,,2024-12-20,000,㈱りそなホールディングス,,64176,71010.0,（保有目的）取引金融機関として円滑な取引関係の維持（定量的な保有効果）注．３（株式数が増加した理由）注．４,,
E02097,,,2024-12-20,000,㈱立花エレテック,,100,259.0,（保有目的）主に産機システム事業における得意先であり、業界動向等の情報収集（定量的な保有効果）注．３,,
E02097,,,2024-12-20,000,㈱サイバーリンクス,,220,171.0,（保有目的）地元企業の情報収集（定量的な保有効果）注．３,,
E02097,,,2024-12-20,000,㈱島精機製作所,,100,99.0,（保有目的）主に産機システム事業における得意先であり、地元企業の情報収集（定量的な保有効果）注．３,,
E02097,,,2024-12-20,000,㈱タカショー,,100,44.0,（保有目的）地元企業の情報収集（定量的な保有効果）注．３,,
E04256,,,2024-12-31,000,東京汽船㈱,,326000,258518.0,久里浜営業所の代理店契約を締結している、東京湾フェリー株式会社の親会社にあたり、今後の東京湾周辺への営業の拡大に向けた取引関係の維持・強化を図るため。（注１）,,
E04256,,,2024-12-31,000,藤田観光㈱,,22729,182968.0,当社グループのホテル事業における連携関係の維持・強化を図るため。（注１）,,
E04256,,,2024-12-31,000,富士急行㈱,,5000,11185.0,熱海営業所の代理店契約を締結している、株式会社富士急マリンリゾートの親会社にあたり、今後の伊豆半島周辺への営業の拡大に向けた取引関係の維持・強化を図るため。（注１）,,
E00752,,,2025-03-31,000,住友ベークライト株式会社,,9251779,30818.0,顧客並びに事業運営上の提携先として良好な関係を維持・強化していくことの重要性に加え、資本コストを勘案した配当・取引額等の定量的な評価を通じて、総合的に判断し保有しております。なお、当事業年度において持分法適用会社株式から異動しております。,,
E00752,,,2025-03-31,000,稲畑産業株式会社,,5591400,17725.0,顧客並びに事業運営上の提携先として良好な関係を維持・強化していくことの重要性に加え、資本コストを勘案した配当・取引額等の定量的な評価を通じて、総合的に判断し保有しております。なお、前事業年度において持分法適用会社株式から異動しております。,,
E00752,,,2025-03-31,000,株式会社日本触媒,,5455600,9504.0,エッセンシャル＆グリーンマテリアルズ部門における顧客並びに事業運営上の提携先として良好な関係を維持・強化していくことの重要性等に加え、資本コストを勘案した配当・取引額等の定量的な評価の実施を通じて、総合的に判断し保有しております。なお、株式分割により株式数が増加しております。,,
E00752,,,2025-03-31,000,大倉工業株式会社,,674600,2624.0,エッセンシャル＆グリーンマテリアルズ部門における顧客並びに事業運営上の提携先として良好な関係を維持・強化していくことの重要性等に加え、資本コストを勘案した配当・取引額等の定量的な評価の実施を通じて、総合的に判断し保有しております。,,
E00752,,,2025-03-31,000,北興化学工業株式会社,,1968000,2529.0,アグロ＆ライフソリューション部門の顧客として良好な関係を維持・強化していくことの重要性等に加え、資本コストを勘案した配当・取引額等の定量的な評価の実施を通じて、総合的に判断し保有しております。,,
E00752,,,2025-03-31,000,三協立山株式会社,,1565278,952.0,エッセンシャル＆グリーンマテリアルズ部門の顧客として良好な関係を維持・強化していくことの重要性等に加え、資本コストを勘案した配当・取引額等の定量的な評価の実施を通じて、総合的に判断し保有しております。,,
E00752,,,2025-03-31,000,フマキラー株式会社,,433500,471.0,アグロ＆ライフソリューション部門の顧客として良好な関係を維持・強化していくことの重要性等に加え、資本コストを勘案した配当・取引額等の定量的な評価の実施を通じて、総合的に判断し保有しております。,,
E00752,,,2025-03-31,000,ドンバン アグロコーポレーション,,718619,442.0,アグロ＆ライフソリューション部門の顧客として良好な関係を維持・強化していくことの重要性等に加え、資本コストを勘案した配当・取引額等の定量的な評価の実施を通じて、総合的に判断し保有しております。,,
E00752,,,2025-03-31,000,サンケイ化学株式会社,,117200,143.0,アグロ＆ライフソリューション部門の顧客として良好な関係を維持・強化していくことの重要性等に加え、資本コストを勘案した配当・取引額等の定量的な評価の実施を通じて、総合的に判断し保有しております。,,
E00752,,,2025-03-31,000,カネコ種苗株式会社,,74000,104.0,アグロ＆ライフソリューション部門の顧客として良好な関係を維持・強化していくことの重要性等に加え、資本コストを勘案した配当・取引額等の定量的な評価の実施を通じて、総合的に判断し保有しております。,,
E00752,,,2025-03-31,000,ダイトーケミックス株式会社,,163000,100.0,ICT＆モビリティソリューション部門の運営上の提携先として良好な関係を維持・強化していくことの重要性等に加え、資本コストを勘案した配当・取引額等の定量的な評価の実施を通じて、総合的に判断し保有しております。,,
E01051,,,2025-03-31,000,㈱千葉銀行,,146626,205.0,発行会社との資金調達等金融取引の円滑化および地域情報の収集のため保有しており、当社の短期運転資金、長期運転資金および設備投資資金の調達等に対して、十分な効果を発揮していると判断しております。,,
E01051,,,2025-03-31,000,㈱東京きらぼしフィナンシャルグループ,,17835,103.0,発行会社傘下の金融機関との資金調達等の金融取引の円滑化および地域情報の収集のため保有しており、当社の短期運転資金、長期運転資金および設備投資資金の調達等に対して、十分な効果を発揮していると判断しております。,,
E01051,,,2025-03-31,000,㈱みずほフィナンシャルグループ,,18138,73.0,発行会社傘下の金融機関との資金調達等の金融取引の円滑化および国内外情報の収集のため保有しており、当社の短期運転資金、長期運転資金および設備投資資金の調達等に対して、十分な効果を発揮していると判断しております。,,
E01051,,,2025-03-31,000,ＭＳ＆ＡＤインシュアランス グループ ホールディングス㈱,,16320,52.0,発行会社グループと当社との保険取引の円滑化のため保有しており、当社が想定している様々なリスクへの備えに対して、十分な効果を発揮していると判断しております。,,
E01051,,,2025-03-31,000,日本ゼオン㈱,,13006,19.0,当社化成品事業の取引先である発行会社との取引関係の維持・強化のため保有しており、効果を発揮していると判断しております。なお、継続した取引関係強化を図るため、株式を追加取得しております。,,
E01051,,,2025-03-31,000,第一生命ホールディングス㈱,,4000,4.0,発行会社グループと当社との保険取引の円滑化のため保有しており、当社が想定している様々なリスクへの備えに対して、十分な効果を発揮していると判断しております。2025年3月31日を基準日として、1株につき4株の割合で株式分割を行ったため、株式数が増加しております。,,
E01051,,,2025-03-31,000,㈱三井住友フィナンシャルグループ,,900,3.0,発行会社傘下の金融機関との資金調達等の金融取引の円滑化および国内外情報の収集のため保有しており、当社の短期運転資金、長期運転資金および設備投資資金の調達等に対して、十分な効果を発揮していると判断しております。2024年9月30日を基準日として、1株につき3株の割合で株式分割を行ったため、株式数が増加しております。,,
E01864,,,2024-10-31,000,日清紡ホールディングス株式会社,,13312,12977.0,（保有目的）取引先との関係強化のため（定量的な保有効果）（注）,,
E01864,,,2024-10-31,000,株式会社りそなホールディングス,,50,51.0,（保有目的）取引先との関係強化のため（定量的な保有効果）（注）,,
E00112,,,2025-03-31,000,日本電設工業㈱,,672631,1413.0,JR東日本関連の鉄道電気設備会社として工事で連携しており、良好な関係を維持することで、施工技術に関する情報交換等による当社施工力の強化を図るため及び安定株主確保のため、継続して保有しています。,,
E00112,,,2025-03-31,000,第一建設工業㈱,,511760,1338.0,当社と同じJR東日本管内の鉄道工事会社として良好な関係を維持することで、施工技術に関する情報交換等による当社施工力の強化を図るため及び安定株主確保のため、継続して保有しています。,,
E00112,,,2025-03-31,000,㈱みずほフィナンシャルグループ,,170771,691.0,当社の主要な取引金融機関として事業資金の借入等を行っており、良好な関係を維持することで、当社の事業基盤の強化を図るため及び安定株主確保のため、継続して保有しています。,,
E00112,,,2025-03-31,000,名工建設㈱,,524658,679.0,JR東海の鉄道工事会社として良好な関係を維持することで、施工技術に関する情報交換等による当社施工力の強化を図るため及び安定株主確保のため、継続して保有しています。,,
E00112,,,2025-03-31,000,セントラル警備保障㈱,,30000,84.0,当社と同じJR東日本に関連する会社として警備業務を発注しており、良好な関係を維持することで、当社施工力の強化を図るため及び安定株主確保のため、継続して保有しています。,,
E00112,,,2025-03-31,000,鉄建建設㈱,,33315,83.0,当社と同じ鉄道工事会社として良好な関係を維持することで、施工技術に関する情報交換等による当社施工力の強化を図るため及び安定株主確保のため、継続して保有しています。,,
E00112,,,2025-03-31,000,日本坩堝㈱,,100000,60.0,建設工事を受注しており、営業戦略上の関係等を勘案し、良好な関係の維持・強化を図るため、継続して保有しています。,,
E00112,,,2025-03-31,000,㈱カワチ薬品,,20000,56.0,建設工事を受注しており、営業戦略上の関係等を勘案し、良好な関係の維持・強化を図るため、継続して保有しています。,,
E00112,,,2025-03-31,000,㈱りそなホールディングス,,30158,38.0,当社の取引金融機関として事業資金の借入等を行っており、良好な関係を維持することで、当社の事業基盤の強化を図るため及び安定株主確保のため、継続して保有しています。,,
E00112,,,2025-03-31,000,東急㈱,,5000,8.0,建設工事を受注しており、営業戦略上の関係等を勘案し、良好な関係の維持・強化を図るため、継続して保有しています。,,
E00112,,,2025-03-31,000,相鉄ホールディングス㈱,,2617,5.0,建設工事を受注しており、営業戦略上の関係等を勘案し、良好な関係の維持・強化を図るため、継続して保有しています。,,
E00065,,,2025-03-31,000,東海旅客鉄道㈱,,2100000,5993.0,建設工事を受注しており、良好な取引関係の維持、発展を図るため、株式を継続して保有しています。定量的な保有効果の記載は困難ですが、建設工事の発注者として、過去の受注実績や今後の営業案件が期待できることにより保有の合理性があることを確認しています。,,
E00065,,,2025-03-31,000,ヒューリック㈱,,1530000,2198.0,建設工事を受注しており、良好な取引関係の維持、発展を図るため、株式を継続して保有しています。定量的な保有効果の記載は困難ですが、建設工事の発注者として、過去の受注実績や今後の営業案件が期待できることにより保有の合理性があることを確認しています。,,
E00065,,,2025-03-31,000,九州旅客鉄道㈱,,533000,1945.0,建設工事を受注しており、良好な取引関係の維持、発展を図るため、株式を継続して保有しています。定量的な保有効果の記載は困難ですが、建設工事の発注者として、過去の受注実績や今後の営業案件が期待できることにより保有の合理性があることを確認しています。,,
E00065,,,2025-03-31,000,鹿島建設㈱,,600000,1828.0,建設工事の共同企業体の構成員として共同で工事の施工をおこなっており、良好な取引関係の維持、発展を図るため、株式を継続して保有しています。定量的な保有効果の記載は困難ですが、建設工事の共同企業体としての実績があることにより保有の合理性があることを確認しています。,,
E00065,,,2025-03-31,000,西日本旅客鉄道㈱,,598000,1744.0,建設工事を受注しており、良好な取引関係の維持、発展を図るため、株式を継続して保有しています。定量的な保有効果の記載は困難ですが、建設工事の発注者として、過去の受注実績や今後の営業案件が期待できることにより保有の合理性があることを確認しています。なお、株式数の増加は株式分割によるものです。,,
E00065,,,2025-03-31,000,東鉄工業㈱,,385000,1176.0,建設工事の共同企業体の構成員として共同で工事の施工をおこなっており、良好な取引関係の維持、発展を図るため、株式を継続して保有しています。定量的な保有効果の記載は困難ですが、建設工事の共同企業体としての実績があることにより保有の合理性があることを確認しています。,,
E00065,,,2025-03-31,000,㈱三菱ＵＦＪフィナンシャル・グループ,,472510,950.0,当社の取引金融機関として、事業資金の借入等をおこなっており、良好な取引関係を維持し、当社の事業基盤の充実、強化を図るため、株式を継続して保有しています。定量的な保有効果の記載は困難ですが、営業情報取得など多岐に渡り取引の実績があることにより保有の合理性があることを確認しています。,,
E00065,,,2025-03-31,000,阪急阪神ホールディングス㈱,,204994,825.0,建設工事を受注しており、良好な取引関係の維持、発展を図るため、株式を継続して保有しています。定量的な保有効果の記載は困難ですが、建設工事の発注者として、過去の受注実績や今後の営業案件が期待できることにより保有の合理性があることを確認しています。,,
E00065,,,2025-03-31,000,片倉工業㈱,,316000,698.0,建設工事を受注しており、良好な取引関係の維持、発展を図るため、株式を継続して保有しています。定量的な保有効果の記載は困難ですが、建設工事の発注者として、過去の受注実績や今後の営業案件が期待できることにより保有の合理性があることを確認しています。,,
E00065,,,2025-03-31,000,住友不動産㈱,,122000,682.0,建設工事を受注しており、良好な取引関係の維持、発展を図るため、株式を継続して保有しています。定量的な保有効果の記載は困難ですが、建設工事の発注者として、過去の受注実績や今後の営業案件が期待できることにより保有の合理性があることを確認しています。,,
E00065,,,2025-03-31,000,京成電鉄㈱,,358498,483.0,建設工事を受注しており、良好な取引関係の維持、発展を図るため、株式を継続して保有しています。定量的な保有効果の記載は困難ですが、建設工事の発注者として、過去の受注実績や今後の営業案件が期待できることにより保有の合理性があることを確認しています。なお、株式数の増加は株式分割によるものと、当社が同社の持株会に加入していることによるものです。,,
E00065,,,2025-03-31,000,名工建設㈱,,340061,440.0,建設工事の共同企業体の構成員として共同で工事の施工を行っており、良好な取引関係の維持、発展を図るため、株式を継続して保有しています。定量的な保有効果の記載は困難ですが、建設工事の共同企業体としての実績があることにより保有の合理性があることを確認しています。,,
E00065,,,2025-03-31,000,日本電設工業㈱,,124716,262.0,建設工事を受注しており、良好な取引関係の維持、発展を図るため、株式を継続して保有しています。定量的な保有効果の記載は困難ですが、建設工事の発注者として、過去の受注実績や今後の営業案件が期待できることにより保有の合理性があることを確認しています。,,
E00065,,,2025-03-31,000,南海電気鉄道㈱,,100000,245.0,建設工事を受注しており、良好な取引関係の維持、発展を図るため、株式を継続して保有しています。定量的な保有効果の記載は困難ですが、建設工事の発注者として、過去の受注実績や今後の営業案件が期待できることにより保有の合理性があることを確認しています。,,
E00065,,,2025-03-31,000,京阪ホールディングス㈱,,72400,235.0,建設工事を受注しており、良好な取引関係の維持、発展を図るため、株式を継続して保有しています。定量的な保有効果の記載は困難ですが、建設工事の発注者として、過去の受注実績や今後の営業案件が期待できることにより保有の合理性があることを確認しています。,,
E00065,,,2025-03-31,000,㈱みずほフィナンシャルグループ,,55448,224.0,当社の取引金融機関として、事業資金の借入等をおこなっており、良好な取引関係を維持し、当社の事業基盤の充実、強化を図るため、株式を継続して保有しています。定量的な保有効果の記載は困難ですが、営業情報取得など多岐に渡り取引の実績があることにより保有の合理性があることを確認しています。,,
E00065,,,2025-03-31,000,京浜急行電鉄㈱,,109408,165.0,建設工事を受注しており、良好な取引関係の維持、発展を図るため、株式を継続して保有しています。定量的な保有効果の記載は困難ですが、建設工事の発注者として、過去の受注実績や今後の営業案件が期待できることにより保有の合理性があることを確認しています。なお、当社は同社の持株会に加入しているため、株式数が増加しています。,,
E00065,,,2025-03-31,000,㈱三井住友フィナンシャルグループ,,37800,143.0,当社の取引金融機関として、事業資金の借入等をおこなっており、良好な取引関係を維持し、当社の事業基盤の充実、強化を図るため、株式を継続して保有しています。定量的な保有効果の記載は困難ですが、営業情報取得など多岐に渡り取引の実績があることにより保有の合理性があることを確認しています。なお、株式数の増加は株式分割によるものです。,,
E00065,,,2025-03-31,000,東急㈱,,45000,75.0,建設工事を受注しており、良好な取引関係の維持、発展を図るため、株式を継続して保有しています。定量的な保有効果の記載は困難ですが、建設工事の発注者として、過去の受注実績や今後の営業案件が期待できることにより保有の合理性があることを確認しています。,,
E00065,,,2025-03-31,000,京王電鉄㈱,,13618,51.0,建設工事を受注しており、良好な取引関係の維持、発展を図るため、株式を継続して保有しています。定量的な保有効果の記載は困難ですが、建設工事の発注者として、過去の受注実績や今後の営業案件が期待できることにより保有の合理性があることを確認しています。なお、当社は同社の持株会に加入しているため、株式数が増加しています。,,
E00065,,,2025-03-31,000,日本リーテック㈱,,32917,48.0,建設工事を受注しており、良好な取引関係の維持、発展を図るため、株式を継続して保有しています。定量的な保有効果の記載は困難ですが、建設工事の発注者として、過去の受注実績や今後の営業案件が期待できることにより保有の合理性があることを確認しています。,,
E00065,,,2025-03-31,000,小田急電鉄㈱,,21640,31.0,建設工事を受注しており、良好な取引関係の維持、発展を図るため、株式を継続して保有しています。定量的な保有効果の記載は困難ですが、建設工事の発注者として、過去の受注実績や今後の営業案件が期待できることにより保有の合理性があることを確認しています。,,
E02201,,,2025-03-31,000,いすゞ自動車株式会社,,1453496,2930.0,（保有目的）当社グループ最大の販売先であり、ブレーキ・ポンプ等の製品供給を行っており、営業取引の円滑化を図るために保有（定量的な保有効果）（注）１（株式数が増加した理由）取引先持株会を通じた株式の取得,,
E02201,,,2025-03-31,000,日本パーカライジング株式会社,,176000,208.0,（保有目的）当社グループの主力製品であるブレーキ・ポンプ製造に必要なギヤ部品の熱処理や表面処理を行っており、営業取引等の円滑化を図るために保有（定量的な保有効果）（注）１,,
E02201,,,2025-03-31,000,株式会社ヨロズ,,118300,119.0,（保有目的）当社グループの主力製品であるブレーキ製造に必要なプレス加工部品を仕入れており、営業取引の円滑化を図るために保有（定量的な保有効果）（注）１,,
E02201,,,2025-03-31,000,ＮＯＫ株式会社,,38500,84.0,（保有目的）当社グループの主力製品であるブレーキ・ポンプ製造に必要なシールの仕入を行っており、営業取引の円滑化を図るために保有（定量的な保有効果）（注）１,,
E02201,,,2025-03-31,000,三菱自動車工業株式会社,,40000,16.0,（保有目的）当社グループの販売先であり、ブレーキ・ポンプ等の製品供給を行っており、営業取引の円滑化を図るために保有（定量的な保有効果）（注）１,,
E01657,,,2025-03-31,000,ダイキン工業株式会社,,138000,2227320.0,油圧機器の主要な仕入先であり、仕入関係の維持・発展のため保有しております。業務提携：該当なし,,
E01657,,,2025-03-31,000,コムシスホールディングス株式会社,,506354,1607673.0,当社製品の主要な販売先であり、販売取引関係の維持・強化のため保有しております。業務提携：該当なし,,
E01657,,,2025-03-31,000,株式会社ミライト・ワン,,288499,628350.0,当社製品の主要な販売先であり、販売取引関係の維持・強化のため保有しております。業務提携：該当なし,,
E01657,,,2025-03-31,000,株式会社カナモト,,104114,337329.0,当社製品の主要な販売先であり、販売取引関係の維持・強化のため保有しております。業務提携：該当なし,,
E01657,,,2025-03-31,000,カヤバ株式会社,,47000,138133.0,油圧機器、電子機器の主要な仕入先であり、仕入関係の維持・発展のため保有しております。業務提携：該当なし株式数が増加した理由：2024年12月に株式分割（１株→２株）を行ったため,,
E01657,,,2025-03-31,000,東京計器株式会社,,31000,103695.0,油圧機器、電子機器の主要な仕入先であり、仕入関係の維持・発展のため保有しております。業務提携：該当なし,,
E01657,,,2025-03-31,000,いすゞ自動車株式会社,,11000,22181.0,シャシの主要な仕入先であり、仕入関係の維持・発展のため保有しております。業務提携：該当なし,,
E01657,,,2025-03-31,000,東北電力株式会社,,10000,10320.0,当社製品の主要な販売先であり、販売取引関係の維持・強化のため保有しております。業務提携：該当なし,,
E01015,,,2024-12-31,000,㈱マツキヨココカラ＆カンパニー,,780000,1798.0,当社製品の販売を行っており、安定的・中長期的な営業取引関係の維持・強化を目的に保有しております。,,
E01015,,,2024-12-31,000,大幸薬品㈱,,1311400,434.0,業務提携先であり、共同研究や業務委託等、幅広い領域での関係維持・強化を目的に保有しております。,,
E01015,,,2024-12-31,000,藤田観光㈱,,46300,372.0,安定的・中長期的な取引関係の維持・強化を目的に取得・保有しております。,,
E01015,,,2024-12-31,000,㈱ちゅうぎんフィナンシャルグループ,,160200,262.0,当社の取引金融機関であり、安定的・中長期的な営業取引関係の維持・強化を目的に保有しております。,,
E01015,,,2024-12-31,000,大木ヘルスケアホールディングス㈱,,200000,163.0,当社製品の卸売を行っており、安定的・中長期的な営業取引関係の維持・強化を目的に保有しております。,,
E01015,,,2024-12-31,000,コーナン商事㈱,,20000,72.0,当社製品の販売を行っており、安定的・中長期的な営業取引関係の維持・強化を目的に保有しております。,,
E01015,,,2024-12-31,000,㈱プラネット,,12000,15.0,当社が利用しているEDIサービスを担う取引先であり、安定的・中長期的な取引関係の維持・強化を目的に保有しております。,,
E01015,,,2024-12-31,000,㈱エンチョー,,15500,13.0,当社製品の販売を行っており、安定的・中長期的な営業取引関係の維持・強化を目的に保有しております。,,
E01015,,,2024-12-31,000,ハリマ共和物産㈱,,6600,12.0,当社製品の卸売を行っており、安定的・中長期的な営業取引関係の維持・強化を目的に保有しております。,,
E01015,,,2024-12-31,000,㈱クスリのアオキホールディングス,,3000,9.0,当社製品の販売を行っており、安定的・中長期的な営業取引関係の維持・強化を目的に保有しております。,,
E01015,,,2024-12-31,000,イオン㈱,,2000,7.0,当社製品の販売を行っており、安定的・中長期的な営業取引関係の維持・強化を目的に保有しております。,,
E01015,,,2024-12-31,000,ウエルシアホールディングス㈱,,2000,4.0,当社製品の販売を行っており、安定的・中長期的な営業取引関係の維持・強化を目的に保有しております。,,
E01109,,,2025-03-31,000,㈱鳥羽洋行,,20425,71.0,・精密機器事業において取引関係にあり、精密機器事業製品全般の販売代理店として継続的な販売体制構築を目的として保有しております。・定量的効果を含む総合的な保有判断基準を満たしております。・取引先持株会を通じた株式取得のため株式数が増加しております。,,
E01109,,,2025-03-31,000,㈱りそなホールディングス,,30000,38.0,・主力銀行として継続的な借入取引があり、財務活動の円滑化を目的として保有しております。・定量的効果を含む総合的な保有判断基準を満たしております。,,
E01109,,,2025-03-31,000,㈱日伝,,12268,35.0,・精密機器事業において取引関係にあり、精密機器事業製品全般の販売代理店として継続的な販売体制構築を目的として保有しております。・定量的効果を含む総合的な保有判断基準を満たしております。・取引先持株会を通じた株式取得のため株式数が増加しております。,,
E01109,,,2025-03-31,000,オカモト㈱,,6800,34.0,・医療機器事業において取引関係にあり、業界の情報収集等を目的として保有しております。・定量的効果を含む総合的な保有判断基準を満たしております。,,
E01109,,,2025-03-31,000,大木ヘルスケアホールディングス㈱,,6250,5.0,・医療機器事業において取引関係にあり、医療衛生卸と異なる販路を有していることから販売機会の増大を目的として保有しております。・定量的効果を含む総合的な保有判断基準を満たしております。,,
E01109,,,2025-03-31,000,ウエルシアホールディングス㈱,,1073,2.0,・医療機器事業において取引関係にあり、製品開発及び販売機会の増大を目的として保有しております。・定量的効果を含む総合的な保有判断基準を満たしております。・取引先持株会を通じた株式取得のため株式数が増加しております。,,
E05647,,,2025-03-31,000,株式会社ソラコム,,962400,872896.0,当社既存事業との親和性があり、取引関係の維持・強化のため保有しています。,,
E00021,,,2025-03-31,000,株式会社三菱総合研究所,,554600,2603.0,社会・経済情勢等に係る知見を有するシンクタンクの同社と良好な関係等を構築・維持・強化するため。,,
E00021,,,2025-03-31,000,住友電気工業株式会社,,750000,1849.0,金属事業等において取引関係がある事業戦略上重要な相手先であり、当該関係等を維持・強化するため。,,
E00021,,,2025-03-31,000,Western Copper and Gold Corporation,,8091390,1386.0,銅鉱山関連事業における事業戦略上重要な相手先であり、当該関係等を維持・強化するため。,,
E01127,,,2025-03-31,000,三谷セキサン㈱,,999553,6437.0,セメントおよび建材製品販売において取引があり、また当社の関連会社である滋賀セキサン㈱の共同出資関係にあることから主要な取引先の一つであります。取引関係の維持・強化を通じて、当社の中長期的な企業価値向上に資するとの判断から、保有しております。,,
E01127,,,2025-03-31,000,㈱ヨータイ,,3230709,5488.0,セメント製造設備の資材調達における主要取引先の一つであり、取引関係の維持・強化を通じて、当社セメント工場の中長期的な安定操業に資するとの判断から、保有しております。,,
E01127,,,2025-03-31,000,三谷商事㈱,,1719100,3393.0,セメントおよび建材製品販売における主要取引先の一つであり、取引関係の維持・強化を通じて、当社の中長期的な企業価値向上に資するとの判断から保有しております。また、同社は当社の特約販売店であります。,,
E01127,,,2025-03-31,000,住友不動産㈱,,565370,3162.0,当社事業において不動産関連の取引があり、取引関係の維持・強化を通じて、当社の中長期的な企業価値向上に資するとの判断から保有しております。,,
E01127,,,2025-03-31,000,住友林業㈱,,525987,2371.0,セメント販売およびセメント生産にかかる資材調達において取引があり、また発電事業における業務提携関係にあることから主要な取引先の一つであります。取引関係の維持・強化を通じて、当社の中長期的な企業価値向上に資するとの判断から、保有しております。,,
E01127,,,2025-03-31,000,ショーボンドホールディングス㈱,,445600,2126.0,建材製品販売における主要取引先の一つであり、取引関係の維持・強化を通じて、当社の中長期的な企業価値向上に資するとの判断から、保有しております。,,
E01127,,,2025-03-31,000,日鉄鉱業㈱,,258360,1700.0,セメント原材料調達における主要取引先の一つであり、取引関係の維持・強化を通じて当社セメントの中長期的な安定生産に資するとの判断から、保有しております。,,
E01127,,,2025-03-31,000,住友ベークライト㈱,,426488,1420.0,セメント事業において取引があり、取引関係の維持・強化を通じて、当社の中長期的な企業価値向上に資するとの判断から、保有しております。,,
E01127,,,2025-03-31,000,㈱明電舎,,326665,1409.0,セメント製造設備の機材・工事発注において取引があり、取引関係の維持・強化を通じて、当社セメント工場の中長期的な安定操業に資するとの判断から、保有しております。,,
E01127,,,2025-03-31,000,住友重機械工業㈱,,370198,1129.0,セメント製造設備の機材・工事発注において取引があり、取引関係の維持・強化を通じて、当社セメント工場の中長期的な安定操業に資するとの判断から、保有しております。,,
E01127,,,2025-03-31,000,ニチハ㈱,,343640,1022.0,セメント販売における主要取引先の一つであり、取引関係の維持・強化を通じて、当社の中長期的な企業価値向上に資するとの判断から、保有しております。,,
E01127,,,2025-03-31,000,㈱住友倉庫,,151500,418.0,当社事業において不動産関連の取引があり、取引関係の維持・強化を通じて、当社の中長期的な企業価値向上に資するとの判断から保有しております。,,
E01127,,,2025-03-31,000,住友電気工業㈱,,167059,411.0,光電子事業において取引があり、取引関係の維持・強化を通じて、当社の中長期的な企業価値向上に資するとの判断から、保有しております。,,
E01127,,,2025-03-31,000,ナラサキ産業㈱,,109000,312.0,セメントおよび建材製品販売における主要取引先の一つであり、取引関係の維持・強化を通じて、当社の中長期的な企業価値向上に資するとの判断から保有しております。また、同社は当社の特約販売店であります。,,
E01127,,,2025-03-31,000,㈱ナカボーテック,,10000,50.0,電気防食事業における主要取引先の一つであり、取引関係の維持・強化を通じて、当社の中長期的な企業価値向上に資するとの判断から、保有しております。,,
E01127,,,2025-03-31,000,㈱テノックス,,12320,13.0,固化材販売における主要取引先の一つであり、取引関係の維持・強化を通じて、当社の中長期的な企業価値向上に資するとの判断から、保有しております。,,
E01127,,,2025-03-31,000,アジアパイルホールディングス㈱,,7600,6.0,セメントおよび建材製品販売における主要取引先の一つであり、取引関係の維持・強化を通じて、当社の中長期的な企業価値向上に資するとの判断から、保有しております。,,
E03723,,,2025-03-31,000,三井住友トラストグループ㈱,,163000,606360.0,発行会社傘下の金融機関との資金調達等金融取引の円滑化及びＭ＆Ａ関連他情報収集のため,,
E03723,,,2025-03-31,000,リゾートトラスト㈱,,138800,402936.0,継続的な取引関係の維持及び情報収集のため取得後、継続保有,,
E03723,,,2025-03-31,000,㈱ナガホリ,,81000,112428.0,継続的な取引関係の維持及び情報収集のため取得後、継続保有,,
E03723,,,2025-03-31,000,東洋証券㈱,,115000,58650.0,副幹事証券会社として継続的な取引関係の維持及び情報収集のため取得後、継続保有,,
E03723,,,2025-03-31,000,㈱りそなホールディングス,,45500,58558.0,発行会社傘下の金融機関との資金調達等金融取引の円滑化及びＭ＆Ａ関連他情報収集のため,,
E03723,,,2025-03-31,000,日本管財ホールディングス㈱,,11000,29205.0,当社所有の賃貸等不動産設備管理に係る業務の円滑な推進,,
E02048,,,2025-03-31,000,象印マホービン㈱,,62842,94.0,（保有目的）取引先との関係強化。（定量的な保有効果）（注）２（株式数が増加した理由）持株会による定期購入。,,
E02048,,,2025-03-31,000,ダイヤモンドエレクトリックホールディングス㈱,,26639,15.0,（保有目的）取引先との関係強化。（定量的な保有効果）（注）２（株式数が増加した理由）持株会による定期購入。,,
E02048,,,2025-03-31,000,㈱三菱ＵＦＪフィナンシャル・グループ,,40000,80.0,（保有目的）金融政策上の目的。（定量的な保有効果）（注）２,,
E02048,,,2025-03-31,000,竹田iPホールディングス㈱,,40000,37.0,（保有目的）取引先との関係強化。（定量的な保有効果）（注）２,,
E02048,,,2025-03-31,000,㈱ＳＣＲＥＥＮホールディングス,,6116,58.0,（保有目的）取引先との関係強化。（定量的な保有効果）（注）２（株式数が増加した理由）持株会による定期購入。,,
E02048,,,2025-03-31,000,㈱UNIVA・Oakホールディングス,,1870,0.0,（保有目的）金融政策上の目的。（定量的な保有効果）（注）２,,
E02048,,,2025-03-31,000,山洋電気㈱,,8400,78.0,（保有目的）取引先との関係強化。（定量的な保有効果）（注）２,,
E02048,,,2025-03-31,000,㈱メイコー,,33300,227.0,（業務提携等の概要）それぞれが得意とするプリント配線板分野等の生産・販売、並びに設計・技術・購買面での相互協力等。（保有目的）取引先との関係強化。（定量的な保有効果）（注）２,,
E34644,,,2024-05-31,000,日本電信電話㈱,,130000,20059.0,（保有目的）取引関係の維持・強化（定量的な保有効果）(注),,
E34644,,,2024-05-31,000,㈱高知銀行,,8000,7264.0,（保有目的）取引関係(金融機関)の維持・強化（定量的な保有効果）(注),,
E34644,,,2024-05-31,000,㈱三菱UFJフィナンシャル・グループ,,3840,6366.0,（保有目的）子会社吸収合併により引き継ぎ、継続保有（定量的な保有効果）(注),,
E34644,,,2024-05-31,000,沖電気工業㈱,,2157,2316.0,（保有目的）取引関係の維持・強化（定量的な保有効果）(注),,
E34644,,,2024-05-31,000,サクサホールディングス㈱,,348,899.0,（保有目的）取引関係の維持・強化（定量的な保有効果）(注),,
E03179,,,2025-02-28,000,ＤＣＭホールディングス㈱,,783530,1071869.0,資本業務提携契約に基づき、仕入、商品開発、販売促進、物流体制の強化など関係強化を目的に保有しております。,,
E03179,,,2025-02-28,000,㈱神戸物産,,219800,733033.0,専門店事業（業務スーパー）における安定的な取引関係を維持継続するため、継続保有しております。,,
E03179,,,2025-02-28,000,㈱イエローハット,,188400,530534.0,安定的な取引関係を維持継続するため、継続保有しております。,,
E03179,,,2025-02-28,000,藤井産業㈱,,25200,63025.0,地元企業の情報収集及び安定的な取引関係を維持継続するため、継続保有しております。,,
E03179,,,2025-02-28,000,㈱アサヒペン,,26310.962,48412.0,ホームセンター事業における安定的な取引関係を維持継続するため、継続保有しております。株式増加は取引先持株会拠出による定期な取得によるものであります。,,
E03179,,,2025-02-28,000,アレンザホールディングス㈱,,19425,19968.0,同業他社の情報収集のため、継続して保有しております。,,
E03179,,,2025-02-28,000,㈱めぶきフィナンシャルグループ,,30000,18984.0,取引金融機関としての安定的な関係を維持継続するため、継続保有しております。,,
E03179,,,2025-02-28,000,㈱栃木銀行,,51000,14076.0,取引金融機関としての安定的な関係を維持継続するため、継続して保有しております。,,
E03179,,,2025-02-28,000,㈱Genki Global Dining Concepts,,1000,3285.0,地元企業の情報取集のため、継続して保有しております。,,
E03179,,,2025-02-28,000,㈱ハードオフコーポレーション,,1000,1861.0,専門店事業（オフハウス）における安定的な取引関係を維持継続するため、継続保有しております。,,
E03179,,,2025-02-28,000,㈱カワチ薬品,,200,533.0,地元企業の情報取集のため、継続して保有しております。,,
E03179,,,2025-02-28,000,㈱コジマ,,500,493.0,地元企業の情報取集のため、継続して保有しております。,,
E03179,,,2025-02-28,000,㈱明光ネットワークジャパン,,100,74.0,情報取集のため、継続して保有しております。,,
E03907,,,2025-03-31,000,ダイキン工業㈱,,3591200,57961.0,（保有目的）工事発注および賃貸事業、販売事業ほか各事業に関する取引関係の維持・強化を通じて、当社の中長期的な企業価値向上に資するため。なお、同社とは、「空調設備の脱炭素に向けた包括連携協定」を締結しており、ESGの取組みについても協力して進めております,,
E03907,,,2025-03-31,000,㈱大林組,,13301000,26389.0,（保有目的）工事発注および賃貸事業、販売事業ほか各事業に関する取引関係の維持・強化を通じて、当社の中長期的な企業価値向上に資するため,,
E03907,,,2025-03-31,000,㈱住友倉庫,,7854420,21701.0,（保有目的）賃貸事業および販売事業ほか各事業に関する取引関係の維持・強化を通じて、当社の中長期的な企業価値向上に資するため,,
E03907,,,2025-03-31,000,ユニ・チャーム㈱,,16656300,19812.0,（保有目的・増加理由）賃貸事業および販売事業ほか各事業に関する取引関係の維持・強化を通じて、当社の中長期的な企業価値向上に資するため。株式数の増加は株式分割によるもの,,
E03907,,,2025-03-31,000,㈱長谷工コーポレーション,,9916200,19485.0,（保有目的）工事発注および賃貸事業、販売事業ほか各事業に関する取引関係の維持・強化を通じて、当社の中長期的な企業価値向上に資するため,,
E03907,,,2025-03-31,000,三井住友トラストグループ㈱,,4994458,18579.0,（保有目的・減少理由）財務取引および賃貸事業、販売事業ほか各事業に関する取引関係の維持・強化を通じて、当社の中長期的な企業価値向上に資するため。なお、当事業年度中に一部売却した,,
E03907,,,2025-03-31,000,三和ホールディングス㈱,,3810900,18174.0,（保有目的）工事発注および賃貸事業、販売事業ほか各事業に関する取引関係の維持・強化を通じて、当社の中長期的な企業価値向上に資するため,,
E03907,,,2025-03-31,000,住友商事㈱,,5271925,17776.0,（保有目的）工事発注および賃貸事業、販売事業ほか各事業に関する取引関係の維持・強化を通じて、当社の中長期的な企業価値向上に資するため,,
E03907,,,2025-03-31,000,㈱西武ホールディングス,,4738300,15645.0,（保有目的）賃貸事業および販売事業ほか各事業に関する取引関係の維持・強化を通じて、当社の中長期的な企業価値向上に資するため,,
E03907,,,2025-03-31,000,清水建設㈱,,10738000,14211.0,（保有目的）工事発注および賃貸事業、販売事業ほか各事業に関する取引関係の維持・強化を通じて、当社の中長期的な企業価値向上に資するため,,
E03907,,,2025-03-31,000,住友金属鉱山㈱,,3745055,12152.0,（保有目的）工事発注および賃貸事業、販売事業ほか各事業に関する取引関係の維持・強化を通じて、当社の中長期的な企業価値向上に資するため,,
E03907,,,2025-03-31,000,鹿島建設㈱,,3813000,11622.0,（保有目的）工事発注および賃貸事業、販売事業ほか各事業に関する取引関係の維持・強化を通じて、当社の中長期的な企業価値向上に資するため,,
E03907,,,2025-03-31,000,スズキ㈱,,5966400,10799.0,（保有目的・増加理由）賃貸事業および販売事業ほか各事業に関する取引関係の維持・強化を通じて、当社の中長期的な企業価値向上に資するため。株式数の増加は株式分割によるもの,,
E03907,,,2025-03-31,000,インフロニア・ホールディングス㈱,,8695768,10500.0,（保有目的）工事発注および賃貸事業、販売事業ほか各事業に関する取引関係の維持・強化を通じて、当社の中長期的な企業価値向上に資するため,,
E03907,,,2025-03-31,000,日東紡績㈱,,2383400,9914.0,（保有目的）賃貸事業および販売事業ほか各事業に関する取引関係の維持・強化を通じて、当社の中長期的な企業価値向上に資するため,,
E03907,,,2025-03-31,000,富士フイルムホールディングス㈱,,3160200,8989.0,（保有目的・増加理由）賃貸事業および販売事業ほか各事業に関する取引関係の維持・強化を通じて、当社の中長期的な企業価値向上に資するため。株式数の増加は株式分割によるもの,,
E03907,,,2025-03-31,000,㈱三井住友フィナンシャルグループ,,2106270,7993.0,（保有目的・増加理由）財務取引および賃貸事業、販売事業ほか各事業に関する取引関係の維持・強化を通じて、当社の中長期的な企業価値向上に資するため。株式数の増加は株式分割によるもの,,
E03907,,,2025-03-31,000,住友林業㈱,,1669100,7525.0,（保有目的）工事発注および賃貸事業、販売事業ほか各事業に関する取引関係の維持・強化を通じて、当社の中長期的な企業価値向上に資するため,,
E03907,,,2025-03-31,000,北越コーポレーション㈱,,6066400,7413.0,（保有目的）賃貸事業および販売事業ほか各事業に関する取引関係の維持・強化を通じて、当社の中長期的な企業価値向上に資するため,,
E03907,,,2025-03-31,000,エクシオグループ㈱,,4163200,6994.0,（保有目的・増加理由）工事発注および賃貸事業、販売事業ほか各事業に関する取引関係の維持・強化を通じて、当社の中長期的な企業価値向上に資するため。株式数の増加は株式分割によるもの,,
E03907,,,2025-03-31,000,アサヒグループホールディングス㈱,,3321000,6349.0,（保有目的・増加理由）賃貸事業および販売事業ほか各事業に関する取引関係の維持・強化を通じて、当社の中長期的な企業価値向上に資するため。株式数の増加は株式分割によるもの,,
E03907,,,2025-03-31,000,東日本旅客鉄道㈱,,1901700,5613.0,（保有目的・増加理由）賃貸事業および販売事業ほか各事業に関する取引関係の維持・強化を通じて、当社の中長期的な企業価値向上に資するため。株式数の増加は株式分割によるもの,,
E03907,,,2025-03-31,000,コムシスホールディングス㈱,,1661900,5276.0,（保有目的）工事発注および賃貸事業、販売事業ほか各事業に関する取引関係の維持・強化を通じて、当社の中長期的な企業価値向上に資するため,,
E03907,,,2025-03-31,000,㈱大氣社,,1134800,5188.0,（保有目的）工事発注および賃貸事業、販売事業ほか各事業に関する取引関係の維持・強化を通じて、当社の中長期的な企業価値向上に資するため,,
E03907,,,2025-03-31,000,㈱千葉銀行,,3651254,5108.0,（保有目的）財務取引および賃貸事業、販売事業ほか各事業に関する取引関係の維持・強化を通じて、当社の中長期的な企業価値向上に資するため,,
E03907,,,2025-03-31,000,大成建設㈱,,764000,5049.0,（保有目的）工事発注および賃貸事業、販売事業ほか各事業に関する取引関係の維持・強化を通じて、当社の中長期的な企業価値向上に資するため,,
E03907,,,2025-03-31,000,フジテック㈱,,852900,5038.0,（保有目的）賃貸事業および販売事業ほか各事業に関する取引関係の維持・強化を通じて、当社の中長期的な企業価値向上に資するため,,
E03907,,,2025-03-31,000,東洋製罐グループホールディングス㈱,,1930000,4718.0,（保有目的）賃貸事業および販売事業ほか各事業に関する取引関係の維持・強化を通じて、当社の中長期的な企業価値向上に資するため,,
E03907,,,2025-03-31,000,カシオ計算機㈱,,3712900,4535.0,（保有目的）賃貸事業および販売事業ほか各事業に関する取引関係の維持・強化を通じて、当社の中長期的な企業価値向上に資するため,,
E03907,,,2025-03-31,000,㈱マキタ,,882000,4343.0,（保有目的）賃貸事業および販売事業ほか各事業に関する取引関係の維持・強化を通じて、当社の中長期的な企業価値向上に資するため,,
E03907,,,2025-03-31,000,住友電気工業㈱,,1463200,3608.0,（保有目的）工事発注および賃貸事業、販売事業ほか各事業に関する取引関係の維持・強化を通じて、当社の中長期的な企業価値向上に資するため,,
E03907,,,2025-03-31,000,㈱バンダイナムコホールディングス,,695700,3481.0,（保有目的）賃貸事業および販売事業ほか各事業に関する取引関係の維持・強化を通じて、当社の中長期的な企業価値向上に資するため,,
E03907,,,2025-03-31,000,㈱サンゲツ,,1170000,3402.0,（保有目的）賃貸事業および販売事業ほか各事業に関する取引関係の維持・強化を通じて、当社の中長期的な企業価値向上に資するため,,
E03907,,,2025-03-31,000,スルガ銀行㈱,,2380000,3198.0,（保有目的）財務取引および賃貸事業、販売事業ほか各事業に関する取引関係の維持・強化を通じて、当社の中長期的な企業価値向上に資するため,,
E03907,,,2025-03-31,000,日本電気㈱,,202382,3182.0,（保有目的・増加理由）工事発注および賃貸事業、販売事業ほか各事業に関する取引関係の維持・強化を通じて、当社の中長期的な企業価値向上に資するため,,
E03907,,,2025-03-31,000,大豊建設㈱,,850000,3000.0,（保有目的）工事発注および賃貸事業、販売事業ほか各事業に関する取引関係の維持・強化を通じて、当社の中長期的な企業価値向上に資するため,,
E03907,,,2025-03-31,000,㈱ニトリホールディングス,,200300,2970.0,（保有目的）賃貸事業および販売事業ほか各事業に関する取引関係の維持・強化を通じて、当社の中長期的な企業価値向上に資するため,,
E03907,,,2025-03-31,000,西松建設㈱,,612600,2940.0,（保有目的）工事発注および賃貸事業、販売事業ほか各事業に関する取引関係の維持・強化を通じて、当社の中長期的な企業価値向上に資するため,,
E03907,,,2025-03-31,000,東京瓦斯㈱,,613600,2922.0,（保有目的）賃貸事業および販売事業ほか各事業に関する取引関係の維持・強化を通じて、当社の中長期的な企業価値向上に資するため,,
E03907,,,2025-03-31,000,日比谷総合設備㈱,,920000,2875.0,（保有目的）工事発注および賃貸事業、販売事業ほか各事業に関する取引関係の維持・強化を通じて、当社の中長期的な企業価値向上に資するため,,
E03907,,,2025-03-31,000,㈱西松屋チェーン,,1420700,2834.0,（保有目的）賃貸事業および販売事業ほか各事業に関する取引関係の維持・強化を通じて、当社の中長期的な企業価値向上に資するため,,
E03907,,,2025-03-31,000,㈱ＴＳＩホールディングス,,2552000,2832.0,（保有目的）賃貸事業および販売事業ほか各事業に関する取引関係の維持・強化を通じて、当社の中長期的な企業価値向上に資するため,,
E03907,,,2025-03-31,000,久光製薬㈱,,688100,2784.0,（保有目的）賃貸事業および販売事業ほか各事業に関する取引関係の維持・強化を通じて、当社の中長期的な企業価値向上に資するため,,
E03907,,,2025-03-31,000,日本製鉄㈱,,862320,2755.0,（保有目的）工事発注および賃貸事業、販売事業ほか各事業に関する取引関係の維持・強化を通じて、当社の中長期的な企業価値向上に資するため,,
E03907,,,2025-03-31,000,五洋建設㈱,,3837800,2729.0,（保有目的）工事発注および賃貸事業、販売事業ほか各事業に関する取引関係の維持・強化を通じて、当社の中長期的な企業価値向上に資するため,,
E03907,,,2025-03-31,000,㈱ダスキン,,749600,2727.0,（保有目的）賃貸事業および販売事業ほか各事業に関する取引関係の維持・強化を通じて、当社の中長期的な企業価値向上に資するため,,
E03907,,,2025-03-31,000,㈱オカムラ,,1373000,2700.0,（保有目的）工事発注および賃貸事業、販売事業ほか各事業に関する取引関係の維持・強化を通じて、当社の中長期的な企業価値向上に資するため,,
E03907,,,2025-03-31,000,全国保証㈱,,455000,2695.0,（保有目的）賃貸事業および販売事業ほか各事業に関する取引関係の維持・強化を通じて、当社の中長期的な企業価値向上に資するため,,
E03907,,,2025-03-31,000,東海旅客鉄道㈱,,926500,2644.0,（保有目的）賃貸事業および販売事業ほか各事業に関する取引関係の維持・強化を通じて、当社の中長期的な企業価値向上に資するため,,
E03907,,,2025-03-31,000,新明和工業㈱,,1837800,2574.0,（保有目的）工事発注および賃貸事業、販売事業ほか各事業に関する取引関係の維持・強化を通じて、当社の中長期的な企業価値向上に資するため,,
E03907,,,2025-03-31,000,㈱群馬銀行,,2041000,2513.0,（保有目的）財務取引および賃貸事業、販売事業ほか各事業に関する取引関係の維持・強化を通じて、当社の中長期的な企業価値向上に資するため,,
E03907,,,2025-03-31,000,新日本空調㈱,,1407200,2456.0,（保有目的・増加理由）賃貸事業および販売事業ほか各事業に関する取引関係の維持・強化を通じて、当社の中長期的な企業価値向上に資するため。株式数の増加は株式分割によるもの,,
E03907,,,2025-03-31,000,㈱めぶきフィナンシャルグループ,,3274291,2376.0,（保有目的）財務取引および賃貸事業、販売事業ほか各事業に関する取引関係の維持・強化を通じて、当社の中長期的な企業価値向上に資するため,,
E03907,,,2025-03-31,000,㈱巴コ－ポレ－ション,,1978500,2364.0,（保有目的）賃貸事業および販売事業ほか各事業に関する取引関係の維持・強化を通じて、当社の中長期的な企業価値向上に資するため,,
E03907,,,2025-03-31,000,太平電業㈱,,484300,2314.0,（保有目的）賃貸事業および販売事業ほか各事業に関する取引関係の維持・強化を通じて、当社の中長期的な企業価値向上に資するため,,
E03907,,,2025-03-31,000,ニチハ㈱,,772900,2300.0,（保有目的）賃貸事業および販売事業ほか各事業に関する取引関係の維持・強化を通じて、当社の中長期的な企業価値向上に資するため,,
E03907,,,2025-03-31,000,㈱京葉銀行,,2509500,2251.0,（保有目的）財務取引および賃貸事業、販売事業ほか各事業に関する取引関係の維持・強化を通じて、当社の中長期的な企業価値向上に資するため,,
E03907,,,2025-03-31,000,日本毛織㈱,,1400000,2174.0,（保有目的）賃貸事業および販売事業ほか各事業に関する取引関係の維持・強化を通じて、当社の中長期的な企業価値向上に資するため,,
E03907,,,2025-03-31,000,イーレックス㈱,,2488000,2002.0,（保有目的）賃貸事業および販売事業ほか各事業に関する取引関係の維持・強化を通じて、当社の中長期的な企業価値向上に資するため,,
E03907,,,2025-03-31,000,㈱明電舎,,461000,1989.0,（保有目的）工事発注および賃貸事業、販売事業ほか各事業に関する取引関係の維持・強化を通じて、当社の中長期的な企業価値向上に資するため,,
E03907,,,2025-03-31,000,西川ゴム工業㈱,,400000,1960.0,（保有目的）賃貸事業および販売事業ほか各事業に関する取引関係の維持・強化を通じて、当社の中長期的な企業価値向上に資するため,,
E03907,,,2025-03-31,000,㈱東京きらぼしフィナンシャルグループ,,334100,1947.0,（保有目的）財務取引および賃貸事業、販売事業ほか各事業に関する取引関係の維持・強化を通じて、当社の中長期的な企業価値向上に資するため,,
E03907,,,2025-03-31,000,京王電鉄㈱,,500000,1903.0,（保有目的）賃貸事業および販売事業ほか各事業に関する取引関係の維持・強化を通じて、当社の中長期的な企業価値向上に資するため,,
E03907,,,2025-03-31,000,㈱ＦＵＪＩ,,906300,1896.0,（保有目的）賃貸事業および販売事業ほか各事業に関する取引関係の維持・強化を通じて、当社の中長期的な企業価値向上に資するため,,
E03907,,,2025-03-31,000,コクヨ㈱,,661800,1888.0,（保有目的）賃貸事業および販売事業ほか各事業に関する取引関係の維持・強化を通じて、当社の中長期的な企業価値向上に資するため,,
E03907,,,2025-03-31,000,アマノ㈱,,466600,1858.0,（保有目的）工事発注および賃貸事業、販売事業ほか各事業に関する取引関係の維持・強化を通じて、当社の中長期的な企業価値向上に資するため,,
E03907,,,2025-03-31,000,芙蓉総合リース㈱,,158000,1829.0,（保有目的）賃貸事業および販売事業ほか各事業に関する取引関係の維持・強化を通じて、当社の中長期的な企業価値向上に資するため,,
E03907,,,2025-03-31,000,大阪瓦斯㈱,,538200,1820.0,（保有目的）賃貸事業および販売事業ほか各事業に関する取引関係の維持・強化を通じて、当社の中長期的な企業価値向上に資するため,,
E03907,,,2025-03-31,000,ＭＳ＆ＡＤインシュアランスグループホールディングス㈱,,560190,1806.0,（保有目的・増加理由）賃貸事業および販売事業ほか各事業に関する取引関係の維持・強化を通じて、当社の中長期的な企業価値向上に資するため。株式数の増加は株式分割によるもの,,
E03907,,,2025-03-31,000,㈱西日本フィナンシャルホールディングス,,851600,1779.0,（保有目的）財務取引および賃貸事業、販売事業ほか各事業に関する取引関係の維持・強化を通じて、当社の中長期的な企業価値向上に資するため,,
E03907,,,2025-03-31,000,関西電力㈱,,1000300,1773.0,（保有目的）賃貸事業および販売事業ほか各事業に関する取引関係の維持・強化を通じて、当社の中長期的な企業価値向上に資するため,,
E03907,,,2025-03-31,000,㈱マツキヨココカラ＆カンパニー,,747000,1748.0,（保有目的）賃貸事業および販売事業ほか各事業に関する取引関係の維持・強化を通じて、当社の中長期的な企業価値向上に資するため,,
E03907,,,2025-03-31,000,㈱中電工,,510000,1680.0,（保有目的）工事発注および賃貸事業、販売事業ほか各事業に関する取引関係の維持・強化を通じて、当社の中長期的な企業価値向上に資するため,,
E03907,,,2025-03-31,000,日本空港ビルデング㈱,,400000,1644.0,（保有目的）賃貸事業および販売事業ほか各事業に関する取引関係の維持・強化を通じて、当社の中長期的な企業価値向上に資するため,,
E03907,,,2025-03-31,000,戸田建設㈱,,1768000,1559.0,（保有目的）工事発注および賃貸事業、販売事業ほか各事業に関する取引関係の維持・強化を通じて、当社の中長期的な企業価値向上に資するため,,
E03907,,,2025-03-31,000,㈱ノーリツ,,877100,1546.0,（保有目的）工事発注および賃貸事業、販売事業ほか各事業に関する取引関係の維持・強化を通じて、当社の中長期的な企業価値向上に資するため,,
E03907,,,2025-03-31,000,㈱きんでん,,451970,1514.0,（保有目的）工事発注および賃貸事業、販売事業ほか各事業に関する取引関係の維持・強化を通じて、当社の中長期的な企業価値向上に資するため,,
E03907,,,2025-03-31,000,日機装㈱,,1170000,1491.0,（保有目的）賃貸事業および販売事業ほか各事業に関する取引関係の維持・強化を通じて、当社の中長期的な企業価値向上に資するため,,
E03907,,,2025-03-31,000,㈱あいちフィナンシャルグループ,,520479,1486.0,（保有目的）財務取引および賃貸事業、販売事業ほか各事業に関する取引関係の維持・強化を通じて、当社の中長期的な企業価値向上に資するため,,
E03907,,,2025-03-31,000,因幡電機産業㈱,,390500,1483.0,（保有目的）工事発注および賃貸事業、販売事業ほか各事業に関する取引関係の維持・強化を通じて、当社の中長期的な企業価値向上に資するため,,
E03907,,,2025-03-31,000,㈱山口フィナンシャルグループ,,840500,1476.0,（保有目的）財務取引および賃貸事業、販売事業ほか各事業に関する取引関係の維持・強化を通じて、当社の中長期的な企業価値向上に資するため,,
E03907,,,2025-03-31,000,㈱オリエンタルコンサルタンツホールディングス,,292600,1441.0,（保有目的）工事発注および賃貸事業、販売事業ほか各事業に関する取引関係の維持・強化を通じて、当社の中長期的な企業価値向上に資するため,,
E03907,,,2025-03-31,000,ゼリア新薬工業㈱,,621500,1402.0,（保有目的）賃貸事業および販売事業ほか各事業に関する取引関係の維持・強化を通じて、当社の中長期的な企業価値向上に資するため,,
E03907,,,2025-03-31,000,日本航空電子工業㈱,,533000,1390.0,（保有目的）賃貸事業および販売事業ほか各事業に関する取引関係の維持・強化を通じて、当社の中長期的な企業価値向上に資するため,,
E03907,,,2025-03-31,000,阪和興業㈱,,281600,1377.0,（保有目的）賃貸事業および販売事業ほか各事業に関する取引関係の維持・強化を通じて、当社の中長期的な企業価値向上に資するため,,
E03907,,,2025-03-31,000,㈱関電工,,500000,1339.0,（保有目的）工事発注および賃貸事業、販売事業ほか各事業に関する取引関係の維持・強化を通じて、当社の中長期的な企業価値向上に資するため,,
E03907,,,2025-03-31,000,極東開発工業㈱,,556200,1317.0,（保有目的）賃貸事業および販売事業ほか各事業に関する取引関係の維持・強化を通じて、当社の中長期的な企業価値向上に資するため,,
E03907,,,2025-03-31,000,㈱淺沼組,,1830000,1277.0,（保有目的・増加理由）工事発注および賃貸事業、販売事業ほか各事業に関する取引関係の維持・強化を通じて、当社の中長期的な企業価値向上に資するため。株式数の増加は株式分割によるもの,,
E03907,,,2025-03-31,000,月島ホールディングス㈱,,746000,1275.0,（保有目的）賃貸事業および販売事業ほか各事業に関する取引関係の維持・強化を通じて、当社の中長期的な企業価値向上に資するため,,
E03907,,,2025-03-31,000,㈱河合楽器製作所,,441500,1259.0,（保有目的）賃貸事業および販売事業ほか各事業に関する取引関係の維持・強化を通じて、当社の中長期的な企業価値向上に資するため,,
E03907,,,2025-03-31,000,㈱ナガワ,,208800,1252.0,（保有目的）賃貸事業および販売事業ほか各事業に関する取引関係の維持・強化を通じて、当社の中長期的な企業価値向上に資するため,,
E01585,,,2025-03-31,000,カヤバ株式会社,,1784000,5243.0,・保有目的：資材の安定調達・定量的な保有効果：安定的な部品供給の結果、提出会社の売上収益に一定の効果がみられた。※ 2024年12月３日を効力発生日として普通株式１株につき２株の割合で株式分割,,
E01585,,,2025-03-31,000,株式会社ワキタ,,1200000,2075.0,・保有目的：販売先の強化・定量的な保有効果：販売の拡充の結果、提出会社の売上収益に一定の効果がみられた。,,
E01585,,,2025-03-31,000,Envirosuite Ltd.,,172413793,1345.0,・保有目的：協業先としての関係強化・定量的な保有効果：当事業年度より新規に取得したため、定量的な保有効果の記述は困難ですが、相互連携の強化を進めております。・株式数が増加した理由当事業年度より新規に取得したため,,
E01585,,,2025-03-31,000,株式会社カナモト,,344581,1116.0,・保有目的：販売先の強化・定量的な保有効果：販売の拡充の結果、提出会社の売上収益に一定の効果がみられた。,,
E01585,,,2025-03-31,000,日本鋳造株式会社,,718921,600.0,・保有目的：資材の安定調達・定量的な保有効果：安定的な部品供給の結果、提出会社の売上収益に一定の効果がみられた。,,
E01585,,,2025-03-31,000,鉱研工業株式会社,,783000,362.0,・保有目的：地中掘削機器のサービス対応力の強化・定量的な保有効果：相互連携強化の結果、提出会社の売上収益に一定の効果がみられた。,,
E01585,,,2025-03-31,000,ニシオホールディングス株式会社,,66000,276.0,・保有目的：販売先の強化・定量的な保有効果：販売の拡充の結果、提出会社の売上収益に一定の効果がみられた。,,
E01585,,,2025-03-31,000,株式会社南陽,,145200,168.0,・保有目的：販売先の強化・定量的な保有効果：販売の拡充の結果、提出会社の売上収益に一定の効果がみられた。※ 2024年４月１日を効力発生日として普通株式１株につき２株の割合で株式分割,,
E01403,,,2025-03-31,000,㈱山善,,270344,356043.0,保有目的：取引先との関係維持・強化による収益拡大のため保有しており、主に金属製品事業における販売取引を行っております。定量的な保有効果：（注１）株式数が増加した理由：取引先持株会を通じた株式の取得。,,
E01403,,,2025-03-31,000,杉本商事㈱,,78000,98358.0,保有目的：取引先との関係維持・強化による収益拡大のため保有しており、主に金属製品事業における販売取引を行っております。定量的な保有効果：（注１）株式数が増加した理由：株式分割（1株➝2株）による増加。,,
E01403,,,2025-03-31,000,トラスコ中山㈱,,42454,84313.0,保有目的：取引先との関係維持・強化による収益拡大のため保有しており、主に金属製品事業における販売取引を行っております。定量的な保有効果：（注１）,,
E01403,,,2025-03-31,000,㈱三井住友フィナンシャルグループ,,20400,77418.0,保有目的：主要取引金融機関であり、安定した資金調達、グローバルな情報提供等による金融取引円滑化のため保有しております。定量的な保有効果：（注１）株式数が増加した理由：株式分割（1株➝3株）による増加。,,
E01403,,,2025-03-31,000,㈱立花エレテック,,5270,12663.0,保有目的：取引先との関係維持・強化による収益拡大のため保有しており、主に金属製品事業において子会社を通じて購買取引を行っております。定量的な保有効果：（注１）,,
E00584,,,2025-03-31,000,三菱鉛筆㈱,,19010,48191.0,テクノ製品事業の取引先として相互の情報交換や技術交流を通じた新規案件の獲得や開発力の強化を図るために保有しております。定量的な保有効果については、同業他社が極めて限られているため、経営戦略上の観点から詳細は記載出来ませんが、保有の合理性はあると判断しております。なお、同社の持株会へ加入しております。,,
E00584,,,2025-03-31,000,若築建設㈱,,11000,41745.0,同社は当社の主要株主であり、取締役１名（社外取締役）の派遣を受けております。定量的な保有効果については記載が困難でありますが、当社の意思決定の妥当性や適正性を確保するための提言等を行っていただいていることから、保有の合理性はあると判断しております。,,
E00584,,,2025-03-31,000,㈱パイロットコーポレーション,,5000,20735.0,テクノ製品事業の取引先として相互の情報交換や技術交流を通じた新規案件の獲得や開発力の強化を図るために保有しております。定量的な保有効果については、同業他社が極めて限られているため、経営戦略上の観点から詳細は記載出来ませんが、保有の合理性はあると判断しております。,,
E00094,,,2025-03-31,000,住友不動産㈱,,647000,3618.0,同社株式は、同社の保有する不動産やテナント、再開発案件に係る案件の受注等、都市インフラ事業の円滑化のため、保有しております。,,
E00094,,,2025-03-31,000,㈱インターネットイニシアティブ,,960000,2495.0,同社株式は、通信ネットワークやコミュニケーション基盤の構築や保守等に係る案件の受注等、システムソリューション事業及び都市インフラ事業の円滑化のため、保有しております。,,
E00094,,,2025-03-31,000,㈱ＤＴＳ,,514000,2053.0,同社株式は、システムソリューション事業の円滑化のため、DXやIoTなど両社のソリューションの連携に向けた検討や情報交換等行う目的で保有しております。,,
E00094,,,2025-03-31,000,日比谷総合設備㈱,,530161,1656.0,同社株式は、主として空調・衛生工事に係るパートナーとして、都市インフラ事業の円滑化のため、保有しております。,,
E00094,,,2025-03-31,000,ヒューリック㈱,,922900,1326.0,同社株式は、都市インフラ事業の円滑化のため、再開発案件、事務所・商業ビル等に係る案件の受注拡大を図る目的で保有しております。,,
E00094,,,2025-03-31,000,京王電鉄㈱,,158800,604.0,同社株式は、鉄道通信設備や監視システム等に係る案件の受注や情報交換等、都市インフラ事業の円滑化のため、保有しております。,,
E00094,,,2025-03-31,000,セカンドサイトアナリティカ㈱,,1275000,441.0,同社株式は、当社グループのAIを活用した事業の重要なパートナーであり、通信建設工事におけるAIを活用した安全品質管理をはじめ、ローカル５Gを活用したシステム構築等の協業によるシステムソリューション事業の円滑化のため、保有しております。,,
E00094,,,2025-03-31,000,日本電設工業㈱,,164500,345.0,同社株式は、鉄道設備工事に係るパートナーとして、都市インフラ事業の円滑化のため、保有しております。,,
E00094,,,2025-03-31,000,ＫＤＤＩ㈱,,136800,322.0,同社株式は、通信キャリア事業における電気通信回線に係る工事や無線通信関連の工事及びシステムソリューション事業におけるネットワークの構築やシステムの構築に係る案件の受注等、各セグメントにおける事業の円滑化のため、保有しております。なお、当事業年度において一部株式を売却しております。また、株式分割により株式数が増加しております。,,
E00094,,,2025-03-31,000,東急㈱,,140000,235.0,同社株式は、鉄道通信設備や監視システム等に係る案件の受注や情報交換等、都市インフラ事業の円滑化のため、保有しております。,,
E00094,,,2025-03-31,000,㈱三井住友フィナンシャルグループ,,57102,216.0,同社株式は、当社事業における金融取引の円滑化のため保有しております。なお、株式分割により株式数が増加しております。,,
E00094,,,2025-03-31,000,PicoCELA㈱,,1727820,147.0,同社株式は、通信キャリア事業の円滑化のため、Wi-Fiシステムの構築等における相互協力を行う目的で保有しております。2025年１月16日付でNASDAQ Capital Marketへ新規上場をしております。,,
E00094,,,2025-03-31,000,㈱みずほフィナンシャルグループ,,35302,143.0,同社株式は、当社事業における金融取引の円滑化のため保有しております。,,
E00094,,,2025-03-31,000,電気興業㈱,,22000,39.0,同社株式は、無線系・放送系官公庁案件での協力・情報交換等、都市インフラ事業の円滑化のため、保有しております。,,
E00094,,,2025-03-31,000,三井住友トラスト・ホールディングス㈱,,10184,37.0,同社株式は、当社事業における金融取引の円滑化のため保有しております。,,
E00094,,,2025-03-31,000,㈱エヌ・ティ・ティ・データ,,5000,13.0,同社株式は、システムの受託開発等、ビジネスパートナーとしての関係を強化するとともにネットワークの構築やシステムの構築に係る案件の受注等、各セグメントにおける事業の円滑化のため、保有しております。,,
E00094,,,2025-03-31,000,住友電気工業㈱,,5000,12.0,同社株式は、通信キャリア事業及び都市インフラ事業の円滑化のため、情報交換等協業の機会を探る目的で保有しております。,,
E00094,,,2025-03-31,000,小田急電鉄㈱,,7137,10.0,同社株式は、鉄道通信設備や監視システム等に係る案件の受注や情報交換等、都市インフラ事業の円滑化のため、保有しております。,,
E00094,,,2025-03-31,000,日本電信電話㈱,,39000,5.0,同社株式は、通信キャリア事業における電気通信回線に係る工事や無線通信関連の工事及びシステムソリューション事業におけるネットワークの構築やシステムの構築に係る案件の受注等、各セグメントにおける事業の円滑化のため、保有しております。,,
E00094,,,2025-03-31,000,相鉄ホールディングス㈱,,1246,2.0,同社株式は、鉄道通信設備や監視システム等に係る案件の受注や情報交換等、都市インフラ事業の円滑化のため、保有しております。,,
E00147,,,2025-03-31,000,㈱村田製作所,,16231608,37421.0,主要取引先であり、保有により取引関係が強化され、主に建築セグメントにおける中長期的な工場等の工事受注量の確保等に資するため、保有継続が適当と判断しております。,,
E00147,,,2025-03-31,000,三菱地所㈱,,4000000,9728.0,主要取引先であり、保有により取引関係が強化され、主に建築セグメントにおける中長期的な住宅・事務所ビル等の工事受注量の確保等に資するため、保有継続が適当と判断しております。当事業年度において保有株式の一部を売却しております。,,
E00147,,,2025-03-31,000,㈱三菱ＵＦＪフィナンシャル・グループ,,4748778,9549.0,主要取引先、かつ金融取引先であり、保有により取引関係が強化され、主に建築セグメントにおける中長期的な事務所等の工事受注量の確保や、金融取引の円滑化等に資するため、保有継続が適当と判断しております。当事業年度において保有株式の一部を売却しております。,,
E00147,,,2025-03-31,000,㈱ヤクルト本社,,2957712,8439.0,主要取引先であり、保有により取引関係が強化され、主に建築セグメントにおける中長期的な工場等の工事受注量の確保等に資するため、保有継続が適当と判断しております。当事業年度においては取引先持株会にて株式を追加購入しております。,,
E00147,,,2025-03-31,000,オリンパス㈱,,3800000,7400.0,主要取引先であり、保有により取引関係が強化され、主に建築セグメントにおける中長期的な工場等の工事受注量の確保等に資するため、保有継続が適当と判断しております。当事業年度において保有株式の一部を売却しております。,,
E00147,,,2025-03-31,000,住友不動産㈱,,1200400,6713.0,主要取引先であり、保有により取引関係が強化され、主に建築セグメントにおける中長期的な住宅・事務所ビル等の工事受注量の確保等に資するため、保有継続が適当と判断しております。,,
E00147,,,2025-03-31,000,本田技研工業㈱,,4500000,6041.0,主要取引先であり、保有により取引関係が強化され、主に建築セグメントにおける中長期的な工場等の工事受注量の確保等に資するため、保有継続が適当と判断しております。当事業年度において保有株式の一部を売却しております。,,
E00147,,,2025-03-31,000,三菱倉庫㈱,,5387500,5209.0,主要取引先であり、保有により取引関係が強化され、主に建築セグメントにおける中長期的な物流施設等の工事受注量の確保等に資するため、保有継続が適当と判断しております。株式数の増加は株式分割によるものです。,,
E00147,,,2025-03-31,000,スズキ㈱,,2688000,4865.0,主要取引先であり、保有により取引関係が強化され、主に建築セグメントにおける中長期的な工場等の工事受注量の確保等に資するため、保有継続が適当と判断しております。株式数の増加は株式分割によるものです。,,
E00147,,,2025-03-31,000,東京海上ホールディングス㈱,,803025,4606.0,主要取引先であり、保有により取引関係が強化され、主に建築セグメントにおける中長期的な事務所ビル等の工事受注量の確保等に資するため、保有継続が適当と判断しております。,,
E00147,,,2025-03-31,000,京成電鉄㈱,,3237166,4362.0,主要取引先であり、保有により取引関係が強化され、主に土木セグメントにおける中長期的な鉄道関連の工事受注量の確保等に資するため、保有継続が適当と判断し、かつ当事業年度では取引先持株会等にて株式の追加購入をしております。株式数の増加には追加購入による増加の他、株式分割による増加も含まれております。,,
E00147,,,2025-03-31,000,㈱牧野フライス製作所,,354600,4138.0,主要取引先であり、保有により取引関係が強化され、主に建築セグメントにおける中長期的な工場等の工事受注量の確保等に資するため、保有継続が適当と判断しております。,,
E00147,,,2025-03-31,000,イーレックス㈱,,4391400,3535.0,環境・エネルギーセグメントにて、将来における協業の可能性が見込まれることから、より強固で長期的なパートナーシップを構築することにより、当社の海外再生可能エネルギー事業の拡大に資するため、当事業年度にて株式の新規購入及び業務提携契約を締結しております。国内外の発電事業及び燃料開発事業への参画、並びに土木建設分野における協業、その他両社が合意する事業分野での協業等を対象に、相互の持続的成長と企業価値向上を目指して、協議しております。,,
E00147,,,2025-03-31,000,コムシスホールディングス㈱,,1012000,3213.0,主要取引先であり、保有により取引関係が強化され、主に建築セグメントにおける中長期的な事務所ビル等の工事受注量の確保等に資するため、保有継続が適当と判断しております。,,
E00147,,,2025-03-31,000,㈱ニチレイ,,754500,2682.0,主要取引先であり、保有により取引関係が強化され、主に建築セグメントにおける中長期的な工場等の工事受注量の確保等に資するため、保有継続が適当と判断しております。,,
E00147,,,2025-03-31,000,日本特殊陶業㈱,,500000,2260.0,主要取引先であり、保有により取引関係が強化され、主に建築セグメントにおける中長期的な工場等の工事受注量の確保等に資するため、保有継続が適当と判断しております。当事業年度において保有株式の一部を売却しております。,,
E00147,,,2025-03-31,000,㈱オカムラ,,1013200,1992.0,主要取引先であり、保有により取引関係が強化され、主に建築セグメントにおける中長期的な工場等の工事受注量の確保等に資するため、保有継続が適当と判断しております。,,
E00147,,,2025-03-31,000,東海旅客鉄道㈱,,500000,1427.0,主要取引先であり、保有により取引関係が強化され、主に土木セグメントにおける中長期的な鉄道関連の工事受注量の確保等に資するため、保有継続が適当と判断しております。,,
E00147,,,2025-03-31,000,京浜急行電鉄㈱,,940251,1422.0,主要取引先であり、保有により取引関係が強化され、主に土木セグメントにおける中長期的な鉄道関連の工事受注量の確保等に資するため、保有継続が適当と判断し、かつ、当事業年度では取引先持株会にて株式を追加購入しております。,,
E00147,,,2025-03-31,000,フジテック㈱,,215300,1271.0,昇降機設備等における主要取引先であり、保有により取引関係が強化され、主に建築セグメントにおける中長期的な事務所等の工事受注量の確保等に資するため、保有継続が適当と判断しております。,,
E00147,,,2025-03-31,000,㈱千葉銀行,,810000,1133.0,主要取引先、かつ金融取引先であり、保有により取引関係が強化され、主に建築セグメントにおける中長期的な事務所等の工事受注量の確保や、金融取引の円滑化等に資するため、保有継続が適当と判断しております。,,
E00147,,,2025-03-31,000,ショーボンドホールディングス㈱,,200000,954.0,保有により企業関係強化に伴うシナジー効果を得られ、主に土木セグメントにおける中長期的な工事受注量の確保等に資するため、保有継続が適当と判断しております。,,
E00147,,,2025-03-31,000,トナミホールディングス㈱,,90800,927.0,主要取引先であり、保有により取引関係が強化され、主に建築セグメントにおける中長期的な物流施設等の工事受注量の確保等に資するため、保有継続が適当と判断しております。,,
E00147,,,2025-03-31,000,ヒューリック㈱,,637800,916.0,主要取引先であり、保有により取引関係が強化され、主に建築セグメントにおける中長期的な事務所ビル等の工事受注量の確保等に資するため、保有継続が適当と判断しております。,,
E00147,,,2025-03-31,000,日清食品ホールディングス㈱,,300000,915.0,主要取引先であり、保有により取引関係が強化され、主に建築セグメントにおける中長期的な工場等の工事受注量の確保等に資するため、保有継続が適当と判断しております。当事業年度において保有株式の一部を売却しております。,,
E00147,,,2025-03-31,000,㈱ナガワ,,147900,887.0,主要取引先であり、保有により取引関係が強化され、主に建築セグメントにおける中長期的な工場等の工事受注量の確保等に資するため、保有継続が適当と判断しております。,,
E00147,,,2025-03-31,000,京阪神ビルディング㈱,,641300,872.0,主要取引先であり、保有により取引関係が強化され、主に建築セグメントにおける中長期的な事務所ビル等の工事受注量の確保等に資するため、保有継続が適当と判断しております。,,
E00147,,,2025-03-31,000,㈱ワコールホールディングス,,165000,840.0,主要取引先であり、保有により取引関係が強化され、主に建築セグメントにおける中長期的な工場等の工事受注量の確保等に資するため、保有継続が適当と判断しております。,,
E00147,,,2025-03-31,000,㈱中央倉庫,,545103,775.0,主要取引先であり、保有により取引関係が強化され、主に建築セグメントにおける中長期的な物流施設等の工事受注量の確保等に資するため、保有継続が適当と判断しております。,,
E00147,,,2025-03-31,000,東京建物㈱,,286600,724.0,主要取引先であり、保有により取引関係が強化され、主に建築セグメントにおける中長期的な事務所ビル等の工事受注量の確保等に資するため、保有継続が適当と判断しております。,,
E00147,,,2025-03-31,000,阪和興業㈱,,144500,706.0,鉄鋼製品の取引等における当社の主要取引先であり、保有により取引関係が強化され、主に建築セグメントにおける中長期的な工事受注量の確保等に資するため、保有継続が適当と判断しております。,,
E00147,,,2025-03-31,000,ヱスビー食品㈱,,126000,672.0,主要取引先であり、保有により取引関係が強化され、主に建築セグメントにおける中長期的な工場等の工事受注量の確保等に資するため、保有継続が適当と判断しております。,,
E00147,,,2025-03-31,000,阪急阪神ホールディングス㈱,,162258,653.0,主要取引先であり、保有により取引関係が強化され、主に土木セグメントにおける中長期的な鉄道関連の工事受注量の確保等に資するため、保有継続が適当と判断しております。,,
E00147,,,2025-03-31,000,㈱パイロットコーポレーション,,150000,622.0,主要取引先であり、保有により取引関係が強化され、主に建築セグメントにおける中長期的な工場等の工事受注量の確保等に資するため、保有継続が適当と判断しております。,,
E00147,,,2025-03-31,000,㈱みずほフィナンシャルグループ,,150000,607.0,主要取引先、かつ金融取引先であり、保有により取引関係が強化され、主に建築セグメントにおける中長期的な事務所等の工事受注量の確保や、金融取引の円滑化等に資するため、保有継続が適当と判断しております。当事業年度において保有株式の一部を売却しております。,,
E00147,,,2025-03-31,000,味の素㈱,,100000,591.0,主要取引先であり、保有により取引関係が強化され、主に建築セグメントにおける中長期的な工場等の工事受注量の確保等に資するため、保有継続が適当と判断しております。,,
E00147,,,2025-03-31,000,㈱三井住友フィナンシャルグループ,,150000,569.0,主要取引先、かつ金融取引先であり、保有により取引関係が強化され、主に建築セグメントにおける中長期的な事務所等の工事受注量の確保や、金融取引の円滑化等に資するため、保有継続が適当と判断しております。当事業年度において保有株式の一部を売却しております。株式数の増加は株式分割によるものです。,,
E00147,,,2025-03-31,000,㈱丸井グループ,,200000,539.0,主要取引先であり、保有により取引関係が強化され、主に建築セグメントにおける中長期的な商業施設等の工事受注量の確保等に資するため、保有継続が適当と判断しております。当事業年度において保有株式の一部を売却しております。,,
E00147,,,2025-03-31,000,住友商事㈱,,148200,499.0,主要取引先であり、保有により取引関係が強化され、主に建築セグメントにおける中長期的な事務所ビル等の工事受注量の確保等に資するため、保有継続が適当と判断しております。,,
E00147,,,2025-03-31,000,㈱協和日成,,336000,452.0,主要取引先であり、保有により取引関係が強化され、主に建築セグメントにおける中長期的な工場等の工事受注量の確保等に資するため、保有継続が適当と判断しております。,,
E00147,,,2025-03-31,000,あすか製薬ホールディングス㈱,,194100,447.0,主要取引先であり、保有により取引関係が強化され、主に建築セグメントにおける中長期的な工場等の工事受注量の確保等に資するため、保有継続が適当と判断しております。,,
E00147,,,2025-03-31,000,ＥＩＺＯ㈱,,206000,429.0,主要取引先であり、保有により取引関係が強化され、主に建築セグメントにおける中長期的な工場等の工事受注量の確保等に資するため、保有継続が適当と判断しております。株式数の増加は株式分割によるものです。,,
E00147,,,2025-03-31,000,㈱クボタ,,226000,413.0,主要取引先であり、保有により取引関係が強化され、主に建築セグメントにおける中長期的な工場等の工事受注量の確保等に資するため、保有継続が適当と判断しております。,,
E00147,,,2025-03-31,000,グローブライド㈱,,210000,403.0,主要取引先であり、保有により取引関係が強化され、主に建築セグメントにおける中長期的な工場等の工事受注量の確保等に資するため、保有継続が適当と判断しております。,,
E00147,,,2025-03-31,000,三井不動産㈱,,300000,399.0,主要取引先であり、保有により取引関係が強化され、主に建築セグメントにおける中長期的な住宅・事務所ビル等の工事受注量の確保等に資するため、保有継続が適当と判断しております。当事業年度において保有株式の一部を売却しております。株式数の増加は株式分割によるものです。,,
E00147,,,2025-03-31,000,京阪ホールディングス㈱,,120000,390.0,主要取引先であり、保有により取引関係が強化され、主に土木セグメントにおける中長期的な鉄道関連の工事受注量の確保等に資するため、保有継続が適当と判断しております。,,
E00147,,,2025-03-31,000,オリエンタル白石㈱,,990000,362.0,保有により企業関係強化に伴うシナジー効果を得られ、主に土木セグメントにおける中長期的な工事受注量の確保等に資するため、保有継続が適当と判断しております。,,
E00147,,,2025-03-31,000,前澤給装工業㈱,,271600,348.0,給水装置、埋設配管事業等、当社に近しい事業に強みを持つ取引先であり、保有により企業関係強化に伴うシナジー効果を得られ、主に建築セグメントにおける中長期的な工事受注量の確保等に資するため、保有継続が適当と判断しております。,,
E00147,,,2025-03-31,000,ＡＮＡホールディングス㈱,,120295,331.0,主要取引先であり、保有により取引関係が強化され、主に建築セグメントにおける中長期的な宿泊施設等の工事受注量の確保等に資するため、保有継続が適当と判断しております。,,
E00147,,,2025-03-31,000,コニカミノルタ㈱,,600000,301.0,主要取引先であり、保有により取引関係が強化され、主に建築セグメントにおける中長期的な工場等の工事受注量の確保等に資するため、保有継続が適当と判断しております。,,
E00147,,,2025-03-31,000,南海電気鉄道㈱,,118240,289.0,主要取引先であり、保有により取引関係が強化され、主に土木セグメントにおける中長期的な鉄道関連の工事受注量の確保等に資するため、保有継続が適当と判断しております。,,
E00147,,,2025-03-31,000,㈱タクマ,,151900,278.0,プラント・バイオマス発電施設工場等、当社に近しい事業に強みを持つ取引先であり、保有により企業関係強化に伴うシナジー効果を得られ、主に建築、環境・エネルギーセグメントに置ける中長期的な工事受注量の確保等に資するため、保有継続が適当と判断しております。,,
E00147,,,2025-03-31,000,㈱ロジネットジャパン,,88500,276.0,主要取引先であり、保有により取引関係が強化され、主に建築セグメントにおける中長期的な物流施設等の工事受注量の確保等に資するため、保有継続が適当と判断しております。,,
E00147,,,2025-03-31,000,セイノーホールディングス㈱,,110000,253.0,主要取引先であり、保有により取引関係が強化され、主に建築セグメントにおける中長期的な物流施設等の工事受注量の確保等に資するため、保有継続が適当と判断しております。,,
E00147,,,2025-03-31,000,東北電力㈱,,209108,215.0,主要取引先であり、保有により取引関係が強化され、主に土木セグメントにおける中長期的な発電施設等の工事受注量の確保等に資するため、保有継続が適当と判断しております。,,
E00147,,,2025-03-31,000,京王電鉄㈱,,54955,209.0,主要取引先であり、保有により取引関係が強化され、主に土木セグメントにおける中長期的な鉄道関連の工事受注量の確保等に資するため、保有継続が適当と判断し、かつ、当事業年度では取引先持株会にて株式を追加購入しております。,,
E00147,,,2025-03-31,000,関西電力㈱,,113186,200.0,主要取引先であり、保有により取引関係が強化され、主に土木セグメントにおける中長期的な発電施設等の工事受注量の確保等に資するため、保有継続が適当と判断しております。,,
E00147,,,2025-03-31,000,オリックス㈱,,60000,185.0,主要取引先であり、保有により取引関係が強化され、主に建築セグメントにおける中長期的な物流施設等の工事受注量の確保等に資するため、保有継続が適当と判断しております。,,
E00147,,,2025-03-31,000,日本パーカライジング㈱,,145700,172.0,主要取引先であり、保有により取引関係が強化され、主に建築セグメントにおける中長期的な工場等の工事受注量の確保等に資するため、保有継続が適当と判断しております。,,
E00147,,,2025-03-31,000,三菱製鋼㈱,,100000,163.0,主要取引先であり、保有により取引関係が強化され、主に建築セグメントにおける中長期的な工場等の工事受注量の確保等に資するため、保有継続が適当と判断しております。,,
E01200,,,2025-03-31,000,積水樹脂㈱,,180000,344520.0,1997年４月に締結の企業提携基本契約に基づき提携関係を維持・発展させるため保有しております。企業提携基本契約の概要は、５[重要な契約等]に記載のとおりであります。当社グループは同社および同社関係会社と、第５[経理の状況]１[連結財務諸表等]の[注記事項]の[関連当事者情報]に記載の通り、当社製品の販売、同社商品の仕入および同社関係会社からの資金借入など、多岐にわたる取引を行っているほか、現在、同社の取締役兼常務執行役員１名を当社の取締役に、同じく同社常勤監査役１名を当社監査役に選任するなど、当社事業において欠くことのできない重要なパートナーとして、今後も、同社株式の保有を通じて、総合的な関係強化による当社経営基盤安定・強化を図るべく保有しております。,,
E01200,,,2025-03-31,000,㈱伊予銀行,,105000,184590.0,同社は当社の主要取引金融機関であり、良好な取引関係の維持を通じて当社の経営基盤の安定・強化を図るべく同社株式を保有しております。なお、当事業年度における同社からの借入額は13億30百万円であります。,,
E01200,,,2025-03-31,000,トモニホールディングス㈱,,71000,38198.0,同社の関係会社である㈱香川銀行は当社の主要取引金融機関のひとつであり、良好な取引関係の維持を通じて当社の経営基盤の安定・強化を図るべく株式を保有しております。なお、当事業年度における㈱香川銀行からの借入額は５億64百万円であります。,,
E01200,,,2025-03-31,000,㈱三菱UFJフィナンシャル・グループ,,4240,8526.0,同社の関係会社である三菱ＵＦＪ信託銀行㈱は当社の株主名簿管理人であり、当社株主総会を始めコーポレートガバナンス全般に係る貴重な助言・支援をいただいていることから、定量的な保有効果の記載は困難であるものの、当社のコーポレートガバナンスへの多大な貢献を踏まえ、今後も良好な取引関係の維持を通じて当社の経営基盤の安定・強化を図るべく株式を保有しております。,,
E01200,,,2025-03-31,000,㈱みずほフィナンシャルグループ,,1480,5995.0,同社の関係会社である㈱みずほ銀行は当社の主要取引金融機関のひとつであり、また同じく同社の関係会社であるみずほ証券㈱は当社の主幹事証券会社として株式実務に支援いただいていることから、良好な取引関係の維持を通じて当社の経営基盤の安定・強化を図るべく株式を保有しております。なお、当事業年度における㈱みずほ銀行からの借入額は２億円であります。,,
E02806,,,2025-03-31,000,㈱セブン＆アイ・ホールディングス,,134808,291589.0,取引先との関係保持。株式を保有することにより相互の信頼関係が深まり、商品の安定供給が出来ております。,,
E02806,,,2025-03-31,000,中央魚類㈱,,12800,42368.0,取引先との関係保持。電算機業務の結びつきから始まった両社の親密な関係が株式の相互保有によりさらに発展し、商取引の拡大等につながっております。,,
E02806,,,2025-03-31,000,東急㈱,,18000,30330.0,取引先との関係保持。株式を保有することにより相互の信頼関係が深まり、商品の安定供給が出来ております。,,
E02806,,,2025-03-31,000,㈱コンコルディア・フィナンシャルグループ,,40000,39248.0,取引先との関係保持。株式を相互保有することにより信頼関係が深まり、安定的な資金提供を受けております。,,
E02806,,,2025-03-31,000,一正蒲鉾㈱,,33000,24816.0,取引先との関係保持。株式を保有することにより相互の信頼関係が深まり、商品の安定的集荷が出来ております。,,
E02806,,,2025-03-31,000,三井住友トラストグループ㈱,,7000,26040.0,取引先との関係保持。株式を保有することにより信頼関係が深まり、安定的な資金提供を受けております。,,
E02806,,,2025-03-31,000,相鉄ホールディングス㈱,,5000,10945.0,取引先との関係保持。株式を保有することにより相互の信頼関係が深まり、商品の安定供給が出来ております。,,
E02806,,,2025-03-31,000,㈱ニッスイ,,10000,9027.0,取引先との関係保持。株式の相互保有により信頼関係が深まり、安定的な商取引につながっております。,,
E02806,,,2025-03-31,000,マルハニチロ㈱,,2715,8853.0,取引先との関係保持。株式の相互保有により信頼関係が深まり、安定的な商取引につながっております。,,
E02806,,,2025-03-31,000,㈱大水,,4600,1458.0,取引先との関係保持。株式の相互保有により信頼関係が深まり、安定的な商取引につながっております。,,
E00858,,,2025-03-31,000,住友林業㈱,,150000,676.0,保有目的は取引関係の維持・強化であります。定量的な保有効果の詳細は、営業上の機密に関係することもあり記載は困難ですが、定性面・定量面の保有効果について取締役会において検証いたしました。,,
E00858,,,2025-03-31,000,クミアイ化学工業㈱,,188400,155.0,保有目的は取引関係の維持・強化であります。定量的な保有効果の詳細は、営業上の機密に関係することもあり記載は困難ですが、定性面・定量面の保有効果について取締役会において検証いたしました。,,
E00858,,,2025-03-31,000,ヤマエグループホールディングス㈱,,14037,33.0,保有目的は取引関係の維持・強化であります。定量的な保有効果の詳細は、営業上の機密に関係することもあり記載は困難ですが、定性面・定量面の保有効果について取締役会において検証いたしました。株式の増加は持株会を通じた定期取得によります。,,
E00858,,,2025-03-31,000,日本電気硝子㈱,,8607,30.0,保有目的は取引関係の維持・強化であります。定量的な保有効果の詳細は、営業上の機密に関係することもあり記載は困難ですが、定性面・定量面の保有効果について取締役会において検証いたしました。株式の増加は持株会を通じた定期取得によります。,,
E00858,,,2025-03-31,000,ダイナパック㈱,,4030,7.0,保有目的は取引関係の維持・強化であります。定量的な保有効果の詳細は、営業上の機密に関係することもあり記載は困難ですが、定性面・定量面の保有効果について取締役会において検証いたしました。,,
E02979,,,2024-12-31,000,ＮＯＫ㈱,,178514,442002.0,（保有目的）産業資材事業の販売拡大を目的に仕入取引関係の維持・強化し、安定的に製品を確保する為。（株式数が増加した理由）仕入取引関係の維持・強化を目的として取引先持株会で定期買付（定量的な保有効果）定量的な保有効果については、個別の取引内容等を踏まえた評価となり、秘密保持の必要性から記載していませんが、産業資材事業の売上と発展に寄与しています。（注）1,,
E02979,,,2024-12-31,000,イーグル工業㈱,,127000,262128.0,（保有目的）産業資材事業の販売拡大を目的に仕入取引関係の維持・強化し、安定的に製品を確保する為。（定量的な保有効果）定量的な保有効果については、個別の取引内容等を踏まえた評価となり、秘密保持の必要性から記載していませんが、産業資材事業の売上と発展に寄与しています。（注）1,,
E02979,,,2024-12-31,000,㈱オーハシテクニカ,,128563,255712.0,（保有目的）産業資材事業の販売拡大を目的に販売取引関係の維持・強化を図る為。（株式数が増加した理由）販売取引関係の維持・強化を目的として取引先持株会で定期買付（定量的な保有効果）定量的な保有効果については、個別の取引内容等を踏まえた評価となり、秘密保持の必要性から記載していませんが、産業資材事業の売上と発展に寄与しています。（注）1,,
E02979,,,2024-12-31,000,タイガースポリマー㈱,,163007,120299.0,（保有目的）産業資材事業及び北米資材事業の販売拡大を目的に仕入取引関係の維持・強化し、安定的に製品を確保する為。（株式数が増加した理由）仕入取引関係の維持・強化を目的として取引先持株会で定期買付（定量的な保有効果）定量的な保有効果については、個別の取引内容等を踏まえた評価となり、秘密保持の必要性から記載していませんが、産業資材事業及び北米資材事業の売上と発展に寄与しています。（注）1,,
E02979,,,2024-12-31,000,三菱重工業㈱,,44596,99137.0,（保有目的）産業資材事業の販売拡大を目的に販売取引関係の維持・強化を図る為。（株式数が増加した理由）販売取引関係の維持・強化を目的として取引先持株会で定期買付（注）５（定量的な保有効果）定量的な保有効果については、個別の取引内容等を踏まえた評価となり、秘密保持の必要性から記載していませんが、産業資材事業の売上と発展に寄与しています。（注）1,,
E02979,,,2024-12-31,000,㈱ビジネスブレイン太田昭和,,40000,85680.0,（保有目的）情報システム強化とシステム運用の安定化を図る為（定量的な保有効果）定量的な保有効果については、個別の取引内容等を踏まえた評価となり、秘密保持の必要性から記載していませんが、産業資材事業及びスポーツ・建設資材事業の発展に貢献しています。（注）1,,
E02979,,,2024-12-31,000,㈱三菱ＵＦＪフィナンシャル・グループ,,38400,70886.0,（保有目的）産業資材事業、スポーツ・建設資材事業、北米事業及び欧州・南米・オセアニア事業の販売拡大を目的に事業用資金を円滑に調達すべく、財務取引関係の維持・強化を図る為。（定量的な保有効果）定量的な保有効果については、個別の取引内容等を踏まえた評価となり、秘密保持の必要性から記載していませんが、産業資材事業、スポーツ・建設資材事業、北米事業及び欧州・南米・オセアニア事業の発展及び事業継続に寄与しています。（注）1,,
E02979,,,2024-12-31,000,木村化工機㈱,,58900,51066.0,（保有目的）産業資材事業の販売拡大を目的に将来的に販売又は仕入取引関係が期待できる為。（定量的な保有効果）定量的な保有効果については、個別の取引内容等を踏まえた評価となり、秘密保持の必要性から記載していませんが、同社と当社連結子会社はプラント系事業を営んでいることから将来的に販売又は仕入取引関係の発展に繋がることが期待されます。（注）1,,
E02979,,,2024-12-31,000,㈱ＵＡＣＪ,,9566,50988.0,（保有目的）スポーツ・建設資材事業の販売拡大を目的に販売取引関係の維持・強化を図る為。（株式数が増加した理由）販売取引関係の維持・強化を目的として取引先持株会で定期買付（定量的な保有効果）定量的な保有効果については、個別の取引内容等を踏まえた評価となり、秘密保持の必要性から記載していませんが、スポーツ・建設資材事業の売上と発展に寄与しています。（注）1,,
E02979,,,2024-12-31,000,㈱いよぎんホールディングス,,32000,49120.0,（保有目的）産業資材事業及びスポーツ・建設資材事業の販売拡大を目的に事業用資金を円滑に調達すべく、財務取引関係の維持・強化を図る為。（定量的な保有効果）定量的な保有効果については、個別の取引内容等を踏まえた評価となり、秘密保持の必要性から記載していませんが、産業資材事業及びスポーツ・建設資材事業の発展及び事業継続に寄与しています。（注）1,,
E02979,,,2024-12-31,000,㈱三井住友フィナンシャルグループ,,11883,44727.0,（保有目的）産業資材事業、スポーツ・建設資材事業、北米事業及び欧州・南米・オセアニア事業の販売拡大を目的に事業用資金を円滑に調達すべく、財務取引関係の維持・強化を図る為。（注）６（定量的な保有効果）定量的な保有効果については、個別の取引内容等を踏まえた評価となり、秘密保持の必要性から記載していませんが、産業資材事業及びスポーツ・建設資材事業、北米事業、欧州・南米・オセアニア事業の発展及び事業継続に寄与しています。（注）1,,
E02979,,,2024-12-31,000,東ソー㈱,,18000,38115.0,（保有目的）産業資材事業の販売拡大を目的に販売取引関係の維持・強化を図る為。（定量的な保有効果）定量的な保有効果については、個別の取引内容等を踏まえた評価となり、秘密保持の必要性から記載していませんが、産業資材事業の売上と発展に寄与しています。（注）1,,
E02979,,,2024-12-31,000,㈱大林組,,15000,31395.0,（保有目的）スポーツ・建設資材事業の販売拡大を目的に販売取引関係の維持・強化を図る為。（定量的な保有効果）定量的な保有効果については、個別の取引内容等を踏まえた評価となり、秘密保持の必要性から記載していませんが、スポーツ・建設資材事業の売上と発展に寄与しています。（注1）,,
E02979,,,2024-12-31,000,井関農機㈱,,30000,28020.0,（保有目的）産業資材事業の販売拡大を目的に販売取引関係の維持・強化を図る為。（定量的な保有効果）定量的な保有効果については、個別の取引内容等を踏まえた評価となり、秘密保持の必要性から記載していませんが、産業資材事業の売上と発展に寄与しています。（注）1,,
E02979,,,2024-12-31,000,㈱みずほフィナンシャルグループ,,7000,27111.0,（保有目的）産業資材事業、スポーツ・建設資材事業、北米事業及び欧州・南米・オセアニア事業の販売拡大を目的に事業用資金を円滑に調達すべく、財務取引関係の維持・強化を図る為。（定量的な保有効果）定量的な保有効果については、個別の取引内容等を踏まえた評価となり、秘密保持の必要性から記載していませんが、産業資材事業、スポーツ・建設資材事業、北米事業及び欧州・南米・オセアニア事業の発展及び事業継続に寄与しています。（注）1,,
E02979,,,2024-12-31,000,ＡＧＣ㈱,,3441,15918.0,（保有目的）産業資材事業の販売拡大を目的に販売取引関係の維持・強化を図る為。（株式数が増加した理由）販売取引関係の維持・強化を目的として取引先持株会で定期買付（定量的な保有効果）定量的な保有効果については、個別の取引内容等を踏まえた評価となり、秘密保持の必要性から記載していませんが、産業資材事業の発展に寄与しています。(注)１,,
E02979,,,2024-12-31,000,㈱クボタ,,8256,15182.0,（保有目的）産業資材事業の販売拡大を目的に販売取引関係の維持・強化を図る為。（株式数が増加した理由）販売取引関係の維持・強化を目的として取引先持株会で定期買付（定量的な保有効果）定量的な保有効果については、個別の取引内容等を踏まえた評価となり、秘密保持の必要性から記載していませんが、産業資材事業の売上と発展に寄与しています。（注）1,,
E02979,,,2024-12-31,000,㈱百十四銀行,,3900,12772.0,（保有目的）産業資材事業及びスポーツ・建設資材事業の販売拡大を目的に事業用資金を円滑に調達すべく、財務取引関係の維持・強化を図る為。（定量的な保有効果）定量的な保有効果については、個別の取引内容等を踏まえた評価となり、秘密保持の必要性から記載していませんが、産業資材事業及びスポーツ・建設資材事業の発展及び事業継続に寄与しています。（注）1,,
E02979,,,2024-12-31,000,㈱池田泉州ホールディングス,,16280,6446.0,（保有目的）産業資材事業及びスポーツ・建設資材事業の販売拡大を目的に事業用資金を円滑に調達すべく、財務取引関係の維持・強化を図る為。（定量的な保有効果）定量的な保有効果については、個別の取引内容等を踏まえた評価となり、秘密保持の必要性から記載していませんが、産業資材事業及びスポーツ・建設資材事業の発展及び事業継続に寄与しています。（注）1,,
E02979,,,2024-12-31,000,コーアツ工業㈱,,4800,5745.0,（保有目的）スポーツ・建設資材事業の販売拡大を目的に販売取引関係の維持・強化を図る為。（定量的な保有効果）定量的な保有効果については、個別の取引内容等を踏まえた評価となり、秘密保持の必要性から記載していませんが、スポーツ・建設資材事業の売上と発展に寄与しています。（注）1,,
E02979,,,2024-12-31,000,イオンモール㈱,,2413,4912.0,（保有目的）スポーツ・建設資材事業の販売拡大を目的に販売取引関係の維持・強化を図る為。（株式数が増加した理由）販売取引関係の維持・強化を目的として取引先持株会で定期買付（定量的な保有効果）量的な保有効果については、個別の取引内容等を踏まえた評価となり、秘密保持の必要性から記載していませんが、スポーツ・建設資材事業の売上と発展に寄与しています。（注）1,,
E00610,,,2025-03-31,000,㈱三井住友フィナンシャルグループ(注１),,383100,1453864.0,当社グループの円滑な金融取引の維持・強化や事業を遂行するためのグローバルネットワーク活用など政策投資目的で保有しており、定量的な保有効果については記載が困難であります。保有の合理性はa.に記載のとおり検証しております。,,
E00610,,,2025-03-31,000,㈱京都フィナンシャルグループ,,115864,263648.0,当社の円滑な金融取引の維持・強化や事業を遂行するための地元地域ネットワーク活用など政策投資目的で保有しており、定量的な保有効果については記載が困難であります。保有の合理性はa.に記載のとおり検証しております。,,
E00610,,,2025-03-31,000,㈱滋賀銀行,,6000,31560.0,当社の円滑な金融取引の維持・強化や事業を遂行するための地元地域ネットワーク活用など政策投資目的で保有しており、定量的な保有効果については記載が困難であります。保有の合理性はa.に記載のとおり検証しております。,,
E00610,,,2025-03-31,000,㈱ワコールホールディングス,,4000,20372.0,当社グループの事業を円滑に遂行するための販売等政策投資目的で保有しており、定量的な保有効果については記載が困難であります。保有の合理性はa.に記載のとおり検証しております。,,
E00610,,,2025-03-31,000,東レ㈱,,10000,10160.0,当社グループの事業を円滑に遂行するための安定的な原料調達などを踏まえた政策投資目的で保有しており、定量的な保有効果については記載が困難であります。保有の合理性はa.に記載のとおり検証しております。,,
E01675,,,2024-12-31,000,㈱三菱UFJフィナンシャル・グループ,,28980,53497.0,(保有目的、業務提携等の概要）金融・資金取引及び事業運営上の安定的かつ継続的な関係強化を目的に保有（定量的な保有効果）　（注）1,,
E01675,,,2024-12-31,000,㈱立花エレテック,,7920,20797.0,(保有目的、業務提携等の概要）同社と良好な関係を維持する目的で政策的に保有（定量的な保有効果）　（注）1,,
E01675,,,2024-12-31,000,㈱マンダム,,6000,7698.0,(保有目的、業務提携等の概要）同社と良好な関係を維持する目的で政策的に保有（定量的な保有効果）　（注）1,,
E01675,,,2024-12-31,000,㈱セレスポ,,8000,7920.0,(保有目的、業務提携等の概要）同社と良好な関係を維持する目的で政策的に保有（定量的な保有効果）　（注）1,,
E01675,,,2024-12-31,000,SBIホールディングス㈱,,2070,8242.0,(保有目的、業務提携等の概要）金融・資金取引及び事業運営上の安定的かつ継続的な関係強化を目的に保有（定量的な保有効果）　（注）1,,
E01675,,,2024-12-31,000,㈱カワタ,,5000,3985.0,(保有目的、業務提携等の概要）同社と良好な関係を維持する目的で政策的に保有（定量的な保有効果）　（注）1,,
E01675,,,2024-12-31,000,ナカバヤシ㈱,,4397,2286.0,(保有目的、業務提携等の概要）同社と良好な関係を維持する目的で政策的に保有（定量的な保有効果）　（注）1,,
E01675,,,2024-12-31,000,㈱ユーシン精機,,1330,880.0,(保有目的、業務提携等の概要）同社と良好な関係を維持する目的で政策的に保有（定量的な保有効果）　（注）1,,
E03245,,,2025-02-28,000,㈱みずほフィナンシャルグループ,,18754,78335.0,（保有目的）安定的かつ継続的な金融取引による当社事業活動の安定性確保のため保有（定量的な保有効果） (注)１,,
E03245,,,2025-02-28,000,㈱北日本銀行,,5260,18804.0,（保有目的）安定的かつ継続的な金融取引による当社事業活動の安定性確保のため保有（定量的な保有効果） (注)１,,
E03245,,,2025-02-28,000,㈱プロクレアホールディングス,,6000,10722.0,（保有目的）安定的かつ継続的な金融取引による当社事業活動の安定性確保のため保有（定量的な保有効果） (注)１,,
E03245,,,2025-02-28,000,㈱岩手銀行,,1200,3585.0,（保有目的）安定的かつ継続的な金融取引による当社事業活動の安定性確保のため保有（定量的な保有効果） (注)１,,
E03245,,,2025-02-28,000,㈱秋田銀行,,1000,2388.0,（保有目的）安定的かつ継続的な金融取引による当社事業活動の安定性確保のため保有（定量的な保有効果） (注)１,,
E03245,,,2025-02-28,000,アレンザホールディングス㈱,,111,114.0,東北地方で同じ業種を経営している企業であることから、その動向や取り組みを把握するために保有（定量的な保有効果） (注)１,,
E03489,,,2025-02-28,000,イオン㈱,,7365000,27132.0,同業他社であり、業界動向などの情報収集を目的に保有しております。,,
E03489,,,2025-02-28,000,㈱千葉銀行,,1239031,1676.0,主に金融取引を中心とし、安定的な協力関係の維持強化を目的に保有しております。,,
E03489,,,2025-02-28,000,㈱いよぎんホールディングス,,966434,1578.0,主に金融取引を中心とし、安定的な協力関係の維持強化を目的に保有しております。,,
E03489,,,2025-02-28,000,㈱カンセキ,,730000,657.0,資本業務提携契約に基づき、仕入、商品開発、販売促進、物流体制の強化など関係強化を目的に保有しております。,,
E03489,,,2025-02-28,000,㈱めぶきフィナンシャルグループ,,387270,245.0,主に金融取引を中心とし、安定的な協力関係の維持強化を目的に保有しております。,,
E03489,,,2025-02-28,000,㈱ひろぎんホールディングス,,339687,399.0,主に金融取引を中心とし、安定的な協力関係の維持強化を目的に保有しております。,,
E03489,,,2025-02-28,000,㈱コメリ,,219970,628.0,同業他社であり、業界動向などの情報収集を目的に保有しております。,,
E03489,,,2025-02-28,000,㈱八十二銀行,,211000,203.0,主に金融取引を中心とし、安定的な協力関係の維持強化を目的に保有しております。,,
E03489,,,2025-02-28,000,㈱みずほフィナンシャルグループ,,115036,480.0,主に金融取引を中心とし、安定的な協力関係の維持強化を目的に保有しております。,,
E03489,,,2025-02-28,000,㈱ほくほくフィナンシャルグループ,,105316,235.0,主に金融取引を中心とし、安定的な協力関係の維持強化を目的に保有しております。,,
E01414,,,2025-03-31,000,クリヤマホールディングス㈱,,360400,476.0,自動車・建設機械業界向け事業における顧客であり、事業活動円滑化のため保有しております。当社は保有株式について配当・取引額等に加え、経営戦略上の重要性や事業上の関係等を総合的に判断し保有しております。定量的な保有効果については取引先との営業秘密との判断により記載しておりませんが、上記方針に基づいた十分な定量的効果があると判断しております。,,
E01414,,,2025-03-31,000,㈱鶴見製作所,,122539,379.0,一般産業機械業界向け事業における顧客であり、事業活動円滑化のため保有しております。当社は保有株式について配当・取引額等に加え、経営戦略上の重要性や事業上の関係等を総合的に判断し保有しております。定量的な保有効果については取引先との営業秘密との判断により記載しておりませんが、上記方針に基づいた十分な定量的効果があると判断しております。事業関係の強化により中長期的な販売拡大が見込めると判断したため、株式数が増加しております。,,
E01414,,,2025-03-31,000,リックス㈱,,36000,107.0,一般産業機械業界向け事業等における顧客であり、事業活動円滑化のため保有しております。当社は保有株式について配当・取引額等に加え、経営戦略上の重要性や事業上の関係等を総合的に判断し保有しております。定量的な保有効果については取引先との営業秘密との判断により記載しておりませんが、上記方針に基づいた十分な定量的効果があると判断しております。,,
E01414,,,2025-03-31,000,㈱三菱UFJフィナンシャル・グループ,,38000,76.0,資金調達等金融取引の円滑化のため保有しております。当社は保有株式について配当・取引額等に加え、経営戦略上の重要性や事業上の関係等を総合的に判断し保有しております。定量的な保有効果については取引先との営業秘密との判断により記載しておりませんが、上記方針に基づいた十分な定量的効果があると判断しております。,,
E01414,,,2025-03-31,000,㈱三井住友フィナンシャルグループ,,14682,55.0,資金調達等金融取引の円滑化のため保有しております。当社は保有株式について配当・取引額等に加え、経営戦略上の重要性や事業上の関係等を総合的に判断し保有しております。定量的な保有効果については取引先との営業秘密との判断により記載しておりませんが、上記方針に基づいた十分な定量的効果があると判断しております。,,
E01414,,,2025-03-31,000,日立建機㈱,,13947,55.0,自動車・建設機械業界向け事業における顧客であり、事業活動円滑化のため保有しております。当社は保有株式について配当・取引額等に加え、経営戦略上の重要性や事業上の関係等を総合的に判断し保有しております。定量的な保有効果については取引先との営業秘密との判断により記載しておりませんが、上記方針に基づいた十分な定量的効果があると判断しております。,,
E01414,,,2025-03-31,000,㈱名村造船所,,13168,30.0,舶用業界向け事業における顧客であり、事業活動円滑化のため保有しております。当社は保有株式について配当・取引額等に加え、経営戦略上の重要性や事業上の関係等を総合的に判断し保有しております。定量的な保有効果については取引先との営業秘密との判断により記載しておりませんが、上記方針に基づいた十分な定量的効果があると判断しております。,,
E01414,,,2025-03-31,000,阪神内燃機工業㈱,,11864,27.0,舶用業界向け事業における顧客であり、事業活動円滑化のため保有しております。当社は保有株式について配当・取引額等に加え、経営戦略上の重要性や事業上の関係等を総合的に判断し保有しております。定量的な保有効果については取引先との営業秘密との判断により記載しておりませんが、上記方針に基づいた十分な定量的効果があると判断しております。事業関係の強化により中長期的な販売拡大が見込めると判断したため、株式数が増加しております。,,
E01414,,,2025-03-31,000,㈱電業社機械製作所,,4141,17.0,一般産業機械業界向け事業における顧客であり、事業活動円滑化のため保有しております。当社は保有株式について配当・取引額等に加え、経営戦略上の重要性や事業上の関係等を総合的に判断し保有しております。定量的な保有効果については取引先との営業秘密との判断により記載しておりませんが、上記方針に基づいた十分な定量的効果があると判断しております。事業関係の強化により中長期的な販売拡大が見込めると判断したため、株式数が増加しております。,,
E01414,,,2025-03-31,000,㈱みずほフィナンシャルグループ,,4052,16.0,資金調達等金融取引の円滑化のため保有しております。当社は保有株式について配当・取引額等に加え、経営戦略上の重要性や事業上の関係等を総合的に判断し保有しております。定量的な保有効果については取引先との営業秘密との判断により記載しておりませんが、上記方針に基づいた十分な定量的効果があると判断しております。,,
E01414,,,2025-03-31,000,住友重機械工業㈱,,4400,13.0,一般産業機械業界向け事業等における顧客であり、事業活動円滑化のため保有しております。当社は保有株式について配当・取引額等に加え、経営戦略上の重要性や事業上の関係等を総合的に判断し保有しております。定量的な保有効果については取引先との営業秘密との判断により記載しておりませんが、上記方針に基づいた十分な定量的効果があると判断しております。,,
E01414,,,2025-03-31,000,㈱りそなホールディングス,,6300,8.0,資金調達等金融取引の円滑化のため保有しております。当社は保有株式について配当・取引額等に加え、経営戦略上の重要性や事業上の関係等を総合的に判断し保有しております。定量的な保有効果については取引先との営業秘密との判断により記載しておりませんが、上記方針に基づいた十分な定量的効果があると判断しております。,,
E01414,,,2025-03-31,000,サンデン㈱,,61398,8.0,自動車・建設機械業界向け事業における顧客であり、事業活動円滑化のため保有しております。当社は保有株式について配当・取引額等に加え、経営戦略上の重要性や事業上の関係等を総合的に判断し保有しております。定量的な保有効果については取引先との営業秘密との判断により記載しておりませんが、上記方針に基づいた十分な定量的効果があると判断しております。事業関係の強化により中長期的な販売拡大が見込めると判断したため、株式数が増加しております。,,
E01414,,,2025-03-31,000,三井住友トラストグループ㈱,,1754,6.0,資金調達等金融取引の円滑化のため保有しております。当社は保有株式について配当・取引額等に加え、経営戦略上の重要性や事業上の関係等を総合的に判断し保有しております。定量的な保有効果については取引先との営業秘密との判断により記載しておりませんが、上記方針に基づいた十分な定量的効果があると判断しております。,,
E01414,,,2025-03-31,000,明海グループ㈱,,10000,6.0,舶用業界向け事業における顧客であり、事業活動円滑化のため保有しております。当社は保有株式について配当・取引額等に加え、経営戦略上の重要性や事業上の関係等を総合的に判断し保有しております。定量的な保有効果については取引先との営業秘密との判断により記載しておりませんが、上記方針に基づいた十分な定量的効果があると判断しております。,,
E01414,,,2025-03-31,000,第一生命ホールディングス㈱,,1100,4.0,資金調達等金融取引の円滑化のため保有しております。当社は保有株式について配当・取引額等に加え、経営戦略上の重要性や事業上の関係等を総合的に判断し保有しております。定量的な保有効果については取引先との営業秘密との判断により記載しておりませんが、上記方針に基づいた十分な定量的効果があると判断しております。,,
E01414,,,2025-03-31,000,大王製紙㈱,,2000,1.0,一般産業機械業界向け事業における顧客であり、事業活動円滑化のため保有しております。当社は保有株式について配当・取引額等に加え、経営戦略上の重要性や事業上の関係等を総合的に判断し保有しております。定量的な保有効果については取引先との営業秘密との判断により記載しておりませんが、上記方針に基づいた十分な定量的効果があると判断しております。,,
E04946,,,2025-03-31,000,㈱ネットプロテクションズホールディングス,,10858000,5179.0,発行会社との間で、決済サービスの提供等を内容とする業務提携契約を締結しており、主としてサービス事業における事業の創造及び強化並びに社会課題の解決への貢献を目的として保有しております。,,
E04946,,,2025-03-31,000,㈱Ｃａｓａ,,1391950,1167.0,発行会社との間で、決済サービスの提供等を内容とする業務提携契約を締結しており、主としてサービス事業における事業の創造及び強化並びに社会課題の解決への貢献を目的として保有しております。,,
E04946,,,2025-03-31,000,スタンレー電気㈱,,21000,58.0,主としてリース＆ファイナンス事業における事業の創造及び強化を目的として保有しております。,,
E00523,,,2024-12-31,000,芙蓉総合リース㈱,,4218200,49352.0,同社とは、金融取引・不動産取引をはじめとして多面的な業務連携をおこなっており、同社株式は、当社グループの事業活動の円滑な取引の推進・継続、新たな事業の検討や顧客開拓のため保有しております。定量的な保有効果については、秘密情報等の観点から記載は困難ですが、保有目的が適切か、取引関係等により便益があるか等を検証のうえ、コーポレートガバナンス・ガイドラインに基づき、保有の合理性を定期的に検討・報告しております。,,
E00523,,,2024-12-31,000,ＳＯＭＰＯホールディングス㈱,,4121400,16976.0,同社株式は、安定的な資金調達・不動産事業・保険事業における円滑な取引の推進・継続、新たな事業の検討や顧客開拓のため保有しております。定量的な保有効果については、秘密情報等の観点から記載は困難ですが、保有目的が適切か、取引関係等により便益があるか等を検証のうえ、コーポレートガバナンス・ガイドラインに基づき、保有の合理性を定期的に検討・報告しております。なお、同社株式は当事業年度中に保有株式を一部売却しておりますが、2024年４月１日付で普通株式１株を３株とする株式分割をおこなったことにより、保有株数が増加しております。,,
E00523,,,2024-12-31,000,東京海上ホールディングス㈱,,2445000,14004.0,同社株式は、安定的な資金調達・保険事業における円滑な取引の推進・継続、新たな事業の検討や顧客開拓のため保有しております。定量的な保有効果については、秘密情報等の観点から記載は困難ですが、保有目的が適切か、取引関係等により便益があるか等を検証のうえ、コーポレートガバナンス・ガイドラインに基づき、保有の合理性を定期的に検討・報告しております。,,
E00523,,,2024-12-31,000,キヤノン㈱,,904800,4669.0,同社株式は、新たな事業の検討や顧客開拓のため保有しております。定量的な保有効果については、秘密情報等の観点から記載は困難ですが、保有目的が適切か、取引関係等により便益があるか等を検証のうえ、コーポレートガバナンス・ガイドラインに基づき、保有の合理性を定期的に検討・報告しております。,,
E00523,,,2024-12-31,000,㈱みずほフィナンシャルグループ,,1050110,4067.0,同社株式は、安定的な資金調達・不動産事業・保険事業における円滑な取引の推進・継続、新たな事業の検討や顧客開拓のため保有しております。定量的な保有効果については、秘密情報等の観点から記載は困難ですが、保有目的が適切か、取引関係等により便益があるか等を検証のうえ、コーポレートガバナンス・ガイドラインに基づき、保有の合理性を定期的に検討・報告しております。,,
E00523,,,2024-12-31,000,東京建物㈱,,1236700,3224.0,同社株式は、不動産事業における円滑な取引の推進・継続、新たな事業の検討や顧客開拓のため保有しております。定量的な保有効果については、秘密情報等の観点から記載は困難ですが、保有目的が適切か、取引関係等により便益があるか等を検証のうえ、コーポレートガバナンス・ガイドラインに基づき、保有の合理性を定期的に検討・報告しております。,,
E00523,,,2024-12-31,000,ＴＰＲ㈱,,1231800,3026.0,同社株式は、保険事業における円滑な取引の推進・継続、新たな事業の検討や顧客開拓のため保有しております。定量的な保有効果については、秘密情報等の観点から記載は困難ですが、保有目的が適切か、取引関係等により便益があるか等を検証のうえ、コーポレートガバナンス・ガイドラインに基づき、保有の合理性を定期的に検討・報告しております。,,
E00523,,,2024-12-31,000,大日本印刷㈱,,1201000,2665.0,同社株式は、保険事業における円滑な取引の推進・継続、新たな事業の検討や顧客開拓のため保有しております。定量的な保有効果については、秘密情報等の観点から記載は困難ですが、保有目的が適切か、取引関係等により便益があるか等を検証のうえ、コーポレートガバナンス・ガイドラインに基づき、保有の合理性を定期的に検討・報告しております。なお、同社株式は2024年10月１日付で普通株式１株を２株とする株式分割をおこなったことにより、保有株数が増加しております。,,
E00523,,,2024-12-31,000,帝国繊維㈱,,907700,2147.0,同社株式は、不動産事業における円滑な取引の推進・継続、新たな事業の検討や顧客開拓のため保有しております。定量的な保有効果については、秘密情報等の観点から記載は困難ですが、保有目的が適切か、取引関係等により便益があるか等を検証のうえ、コーポレートガバナンス・ガイドラインに基づき、保有の合理性を定期的に検討・報告しております。,,
E00523,,,2024-12-31,000,エクシオグループ㈱,,1198600,2075.0,同社株式は、不動産事業・保険事業における円滑な取引の推進・継続、新たな事業の検討や顧客開拓のため保有しております。定量的な保有効果については、秘密情報等の観点から記載は困難ですが、保有目的が適切か、取引関係等により便益があるか等を検証のうえ、コーポレートガバナンス・ガイドラインに基づき、保有の合理性を定期的に検討・報告しております。なお、同社株式は当事業年度中に保有株式を一部売却しておりますが、2024年４月１日付で普通株式１株を２株とする株式分割をおこなったことにより、保有株数が増加しております。,,
E00523,,,2024-12-31,000,㈱大気社,,400000,2000.0,同社株式は、不動産事業・保険事業における円滑な取引の推進・継続、新たな事業の検討や顧客開拓のため保有しております。定量的な保有効果については、秘密情報等の観点から記載は困難ですが、保有目的が適切か、取引関係等により便益があるか等を検証のうえ、コーポレートガバナンス・ガイドラインに基づき、保有の合理性を定期的に検討・報告しております。,,
E00523,,,2024-12-31,000,オカモト㈱,,303400,1741.0,同社株式は、保険事業における円滑な取引の推進・継続、新たな事業の検討や顧客開拓のため保有しております。定量的な保有効果については、秘密情報等の観点から記載は困難ですが、保有目的が適切か、取引関係等により便益があるか等を検証のうえ、コーポレートガバナンス・ガイドラインに基づき、保有の合理性を定期的に検討・報告しております。,,
E00523,,,2024-12-31,000,安田倉庫㈱,,963400,1703.0,同社株式は、不動産事業・保険事業における円滑な取引の推進・継続、新たな事業の検討や顧客開拓のため保有しております。定量的な保有効果については、秘密情報等の観点から記載は困難ですが、保有目的が適切か、取引関係等により便益があるか等を検証のうえ、コーポレートガバナンス・ガイドラインに基づき、保有の合理性を定期的に検討・報告しております。,,
E00523,,,2024-12-31,000,㈱アストロスケールホールディングス,,1671400,1322.0,同社株式は、不動産事業における円滑な取引の推進・継続、新たな事業の検討や顧客開拓のため保有しております。定量的な保有効果については、秘密情報等の観点から記載は困難ですが、保有目的が適切か、取引関係等により便益があるか等を検証のうえ、コーポレートガバナンス・ガイドラインに基づき、保有の合理性を定期的に検討・報告しております。なお、非上場時より保有しておりました同社株式は、2024年６月５日付で東京証券取引所グロース市場へ新規上場をしており、上場に際して不動産事業の更なる円滑な取引の推進・継続のための株式取得により、保有株数が増加しております。,,
E00523,,,2024-12-31,000,東武鉄道㈱,,408000,1046.0,同社株式は、不動産事業における円滑な取引の推進・継続、新たな事業の検討や顧客開拓のため保有しております。定量的な保有効果については、秘密情報等の観点から記載は困難ですが、保有目的が適切か、取引関係等により便益があるか等を検証のうえ、コーポレートガバナンス・ガイドラインに基づき、保有の合理性を定期的に検討・報告しております。,,
E00523,,,2024-12-31,000,ダイダン㈱,,262000,1011.0,同社株式は、保険事業における円滑な取引の推進・継続、新たな事業の検討や顧客開拓のため保有しております。定量的な保有効果については、秘密情報等の観点から記載は困難ですが、保有目的が適切か、取引関係等により便益があるか等を検証のうえ、コーポレートガバナンス・ガイドラインに基づき、保有の合理性を定期的に検討・報告しております。,,
E00523,,,2024-12-31,000,戸田建設㈱,,1000000,962.0,同社株式は、不動産事業における円滑な取引の推進・継続、新たな事業の検討や顧客開拓のため保有しております。定量的な保有効果については、秘密情報等の観点から記載は困難ですが、保有目的が適切か、取引関係等により便益があるか等を検証のうえ、コーポレートガバナンス・ガイドラインに基づき、保有の合理性を定期的に検討・報告しております。,,
E00523,,,2024-12-31,000,エコナビスタ㈱,,672750,945.0,同社株式は、不動産事業における円滑な取引の推進・継続、新たな事業の検討や顧客開拓のため保有しております。定量的な保有効果については、秘密情報等の観点から記載は困難ですが、保有目的が適切か、取引関係等により便益があるか等を検証のうえ、コーポレートガバナンス・ガイドラインに基づき、保有の合理性を定期的に検討・報告しております。,,
E00523,,,2024-12-31,000,京王電鉄㈱,,217600,835.0,同社株式は、不動産事業における円滑な取引の推進・継続、新たな事業の検討や顧客開拓のため保有しております。定量的な保有効果については、秘密情報等の観点から記載は困難ですが、保有目的が適切か、取引関係等により便益があるか等を検証のうえ、コーポレートガバナンス・ガイドラインに基づき、保有の合理性を定期的に検討・報告しております。,,
E00523,,,2024-12-31,000,高千穂交易㈱,,200000,782.0,同社株式は、保険事業における円滑な取引の推進・継続、新たな事業の検討や顧客開拓のため保有しております。定量的な保有効果については、秘密情報等の観点から記載は困難ですが、保有目的が適切か、取引関係等により便益があるか等を検証のうえ、コーポレートガバナンス・ガイドラインに基づき、保有の合理性を定期的に検討・報告しております。,,
E00523,,,2024-12-31,000,㈱ＡＢＥＪＡ,,432945,696.0,同社株式は、不動産事業における円滑な取引の推進・継続、新たな事業の検討や顧客開拓のため保有しております。定量的な保有効果については、秘密情報等の観点から記載は困難ですが、保有目的が適切か、取引関係等により便益があるか等を検証のうえ、コーポレートガバナンス・ガイドラインに基づき、保有の合理性を定期的に検討・報告しております。,,
E00523,,,2024-12-31,000,片倉工業㈱,,315000,627.0,同社株式は、不動産事業における円滑な取引の推進・継続、新たな事業の検討や顧客開拓のため保有しております。定量的な保有効果については、秘密情報等の観点から記載は困難ですが、保有目的が適切か、取引関係等により便益があるか等を検証のうえ、コーポレートガバナンス・ガイドラインに基づき、保有の合理性を定期的に検討・報告しております。,,
E00523,,,2024-12-31,000,インフロニア・ホールディングス㈱,,487692,595.0,同社株式は、不動産事業における円滑な取引の推進・継続、新たな事業の検討や顧客開拓のため保有しております。定量的な保有効果については、秘密情報等の観点から記載は困難ですが、保有目的が適切か、取引関係等により便益があるか等を検証のうえ、コーポレートガバナンス・ガイドラインに基づき、保有の合理性を定期的に検討・報告しております。,,
E00523,,,2024-12-31,000,アマノ㈱,,128700,551.0,同社株式は、不動産事業における円滑な取引の推進・継続、新たな事業の検討や顧客開拓のため保有しております。定量的な保有効果については、秘密情報等の観点から記載は困難ですが、保有目的が適切か、取引関係等により便益があるか等を検証のうえ、コーポレートガバナンス・ガイドラインに基づき、保有の合理性を定期的に検討・報告しております。,,
E00523,,,2024-12-31,000,松井建設㈱,,605000,540.0,同社株式は、不動産事業・保険事業における円滑な取引の推進・継続、新たな事業の検討や顧客開拓のため保有しております。定量的な保有効果については、秘密情報等の観点から記載は困難ですが、保有目的が適切か、取引関係等により便益があるか等を検証のうえ、コーポレートガバナンス・ガイドラインに基づき、保有の合理性を定期的に検討・報告しております。,,
E00523,,,2024-12-31,000,ヤマトホ－ルディングス㈱,,300000,531.0,同社株式は、不動産事業における円滑な取引の推進・継続、新たな事業の検討や顧客開拓のため保有しております。定量的な保有効果については、秘密情報等の観点から記載は困難ですが、保有目的が適切か、取引関係等により便益があるか等を検証のうえ、コーポレートガバナンス・ガイドラインに基づき、保有の合理性を定期的に検討・報告しております。,,
E00523,,,2024-12-31,000,㈱日清製粉グループ本社,,278900,513.0,同社株式は、不動産事業における円滑な取引の推進・継続、新たな事業の検討や顧客開拓のため保有しております。定量的な保有効果については、秘密情報等の観点から記載は困難ですが、保有目的が適切か、取引関係等により便益があるか等を検証のうえ、コーポレートガバナンス・ガイドラインに基づき、保有の合理性を定期的に検討・報告しております。,,
E00523,,,2024-12-31,000,シナネンホールディングス㈱,,78000,510.0,同社株式は、不動産事業における円滑な取引の推進・継続、新たな事業の検討や顧客開拓のため保有しております。定量的な保有効果については、秘密情報等の観点から記載は困難ですが、保有目的が適切か、取引関係等により便益があるか等を検証のうえ、コーポレートガバナンス・ガイドラインに基づき、保有の合理性を定期的に検討・報告しております。,,
E00523,,,2024-12-31,000,ホシデン㈱,,200000,462.0,同社株式は、保険事業における円滑な取引の推進・継続、新たな事業の検討や顧客開拓のため保有しております。定量的な保有効果については、秘密情報等の観点から記載は困難ですが、保有目的が適切か、取引関係等により便益があるか等を検証のうえ、コーポレートガバナンス・ガイドラインに基づき、保有の合理性を定期的に検討・報告しております。,,
E00523,,,2024-12-31,000,㈱テ－オ－シ－,,500500,319.0,同社株式は、不動産事業における円滑な取引の推進・継続、新たな事業の検討や顧客開拓のため保有しております。定量的な保有効果については、秘密情報等の観点から記載は困難ですが、保有目的が適切か、取引関係等により便益があるか等を検証のうえ、コーポレートガバナンス・ガイドラインに基づき、保有の合理性を定期的に検討・報告しております。,,
E00523,,,2024-12-31,000,アイダエンジニアリング㈱,,359400,292.0,同社株式は、不動産事業における円滑な取引の推進・継続、新たな事業の検討や顧客開拓のため保有しております。定量的な保有効果については、秘密情報等の観点から記載は困難ですが、保有目的が適切か、取引関係等により便益があるか等を検証のうえ、コーポレートガバナンス・ガイドラインに基づき、保有の合理性を定期的に検討・報告しております。,,
E00523,,,2024-12-31,000,沖電気工業㈱,,245659,262.0,同社株式は、不動産事業・保険事業における円滑な取引の推進・継続、新たな事業の検討や顧客開拓のため保有しております。定量的な保有効果については、秘密情報等の観点から記載は困難ですが、保有目的が適切か、取引関係等により便益があるか等を検証のうえ、コーポレートガバナンス・ガイドラインに基づき、保有の合理性を定期的に検討・報告しております。,,
E00523,,,2024-12-31,000,岡部㈱,,211500,162.0,同社株式は、不動産事業における円滑な取引の推進・継続、新たな事業の検討や顧客開拓のため保有しております。定量的な保有効果については、秘密情報等の観点から記載は困難ですが、保有目的が適切か、取引関係等により便益があるか等を検証のうえ、コーポレートガバナンス・ガイドラインに基づき、保有の合理性を定期的に検討・報告しております。,,
E00523,,,2024-12-31,000,ＳＵＭＩＮＯＥ㈱,,75100,158.0,同社株式は、不動産事業・保険事業における円滑な取引の推進・継続、新たな事業の検討や顧客開拓のため保有しております。定量的な保有効果については、秘密情報等の観点から記載は困難ですが、保有目的が適切か、取引関係等により便益があるか等を検証のうえ、コーポレートガバナンス・ガイドラインに基づき、保有の合理性を定期的に検討・報告しております。,,
E00523,,,2024-12-31,000,㈱プロクレアホールディングス,,52900,93.0,同社株式は、安定的な資金調達における円滑な取引の推進・継続、新たな事業の検討や顧客開拓のため保有しております。定量的な保有効果については、秘密情報等の観点から記載は困難ですが、保有目的が適切か、取引関係等により便益があるか等を検証のうえ、コーポレートガバナンス・ガイドラインに基づき、保有の合理性を定期的に検討・報告しております。,,
E00523,,,2024-12-31,000,ミクロン精密㈱,,58500,93.0,同社株式は、新たな事業の検討や顧客開拓のため保有しております。定量的な保有効果については、秘密情報等の観点から記載は困難ですが、保有目的が適切か、取引関係等により便益があるか等を検証のうえ、コーポレートガバナンス・ガイドラインに基づき、保有の合理性を定期的に検討・報告しております。,,
E00523,,,2024-12-31,000,㈱南日本銀行,,112200,92.0,同社株式は、安定的な資金調達における円滑な取引の推進・継続、新たな事業の検討や顧客開拓のため保有しております。定量的な保有効果については、秘密情報等の観点から記載は困難ですが、保有目的が適切か、取引関係等により便益があるか等を検証のうえ、コーポレートガバナンス・ガイドラインに基づき、保有の合理性を定期的に検討・報告しております。,,
E00523,,,2024-12-31,000,日本ルツボ㈱,,119000,71.0,同社株式は、新たな事業の検討や顧客開拓のため保有しております。定量的な保有効果については、秘密情報等の観点から記載は困難ですが、保有目的が適切か、取引関係等により便益があるか等を検証のうえ、コーポレートガバナンス・ガイドラインに基づき、保有の合理性を定期的に検討・報告しております。,,
E00523,,,2024-12-31,000,三菱地所㈱,,23400,51.0,同社株式は、不動産事業における円滑な取引の推進・継続、新たな事業の検討や顧客開拓のため保有しております。定量的な保有効果については、秘密情報等の観点から記載は困難ですが、保有目的が適切か、取引関係等により便益があるか等を検証のうえ、コーポレートガバナンス・ガイドラインに基づき、保有の合理性を定期的に検討・報告しております。,,
E00523,,,2024-12-31,000,フィデアホールディングス㈱,,15990,22.0,同社株式は、安定的な資金調達における円滑な取引の推進・継続、新たな事業の検討や顧客開拓のため保有しております。定量的な保有効果については、秘密情報等の観点から記載は困難ですが、保有目的が適切か、取引関係等により便益があるか等を検証のうえ、コーポレートガバナンス・ガイドラインに基づき、保有の合理性を定期的に検討・報告しております。,,
E38689,,,2025-03-31,000,コスモ・バイオ株式会社,,6000,6804.0,組織培養事業及び微生物事業において、取引関係（仕入及び販売先）維持強化を目的として保有しております。なお、定量的な保有効果の記載は困難でありますが、同社株式について、保有目的が適切か、保有に伴う便益とリスクが見合っているか等を総合的に勘案し、保有継続について判断しております。株式数の増加はありません。,,
E00335,,,2025-03-31,000,㈱セブン＆アイ・ホールディングス,,148521,321.0,当社の販売先、取引関係の維持強化の為保有。商取引によって得られる利益が資本コストを上回っているかを検証。,,
E00335,,,2025-03-31,000,㈱ライフコーポレーション,,147070,270.0,当社の販売先、取引関係の維持強化の為保有。商取引によって得られる利益が資本コストを上回っているかを検証。株式分割により株式数増加。,,
E00335,,,2025-03-31,000,(株)トライアルホールディングス,,120000,261.0,当社の販売先、取引関係の維持強化の為保有。商取引によって得られる利益が資本コストを上回っているかを検証。,,
E00335,,,2025-03-31,000,イオン北海道㈱,,255560,216.0,当社の販売先、取引関係の維持強化の為保有。商取引によって得られる利益が資本コストを上回っているかを検証。,,
E00335,,,2025-03-31,000,アクシアルリテイリング㈱,,214342,206.0,当社の販売先、取引関係の維持強化の為保有。商取引によって得られる利益が資本コストを上回っているかを検証。持株会に加入。定例拠出、配当金の再拠出により株式数増加。,,
E00335,,,2025-03-31,000,ユナイテッド・スーパーマーケット・ホールディングス㈱,,247732,204.0,当社の販売先、取引関係の維持強化の為保有。商取引によって得られる利益が資本コストを上回っているかを検証。,,
E00335,,,2025-03-31,000,わらべや日洋ホールディングス㈱,,94800,203.0,当社の販売先、取引関係の維持強化の為保有。商取引によって得られる利益が資本コストを上回っているかを検証。,,
E00335,,,2025-03-31,000,㈱フジ,,90556,196.0,当社の販売先、取引関係の維持強化の為保有。商取引によって得られる利益が資本コストを上回っているかを検証。持株会に加入。定例拠出、配当金の再拠出により株式数増加。,,
E00335,,,2025-03-31,000,㈱みずほフィナンシャルグループ,,47300,191.0,当社の主力金融機関、金融取引の円滑化、関係強化の為保有。定性的な面も含めた便益があるかを検証。発行会社の当社株式の保有は無いが、発行会社の子会社が当社株式を保有。,,
E00335,,,2025-03-31,000,㈱リテールパートナーズ,,131455,177.0,当社の販売先、取引関係の維持強化の為保有。商取引によって得られる利益が資本コストを上回っているかを検証。持株会に加入。定例拠出、配当金の再拠出により株式数増加。,,
E00335,,,2025-03-31,000,㈱神戸物産,,48000,169.0,当社の販売先、取引関係の維持強化の為保有。商取引によって得られる利益が資本コストを上回っているかを検証。,,
E00335,,,2025-03-31,000,㈱オーエムツーネットワーク,,88219,128.0,当社の販売先、取引関係の維持強化の為保有。商取引によって得られる利益が資本コストを上回っているかを検証。持株会に加入。定例拠出、配当金の再拠出により株式数増加。,,
E00335,,,2025-03-31,000,㈱バローホールディングス,,31680,75.0,当社の販売先、取引関係の維持強化の為保有。商取引によって得られる利益が資本コストを上回っているかを検証。,,
E00335,,,2025-03-31,000,㈱平和堂,,20179,51.0,当社の販売先、取引関係の維持強化の為保有。商取引によって得られる利益が資本コストを上回っているかを検証。,,
E00335,,,2025-03-31,000,セントラルフォレストグループ㈱,,14614,45.0,当社の販売先、取引関係の維持強化の為保有。商取引によって得られる利益が資本コストを上回っているかを検証。持株会に加入。定例拠出、配当金の再拠出により株式数増加。,,
E00335,,,2025-03-31,000,㈱マミーマート,,9307,45.0,当社の販売先、取引関係の維持強化の為保有。商取引によって得られる利益が資本コストを上回っているかを検証。持株会に加入。定例拠出、配当金の再拠出により株式数増加。,,
E00335,,,2025-03-31,000,ＳＯＭＰＯホールディングス㈱,,7590,34.0,当社の主力損害保険会社、保険取引の円滑化、関係強化の為保有。定性的な面も含めた便益があるかを検証。発行会社の当社株式の保有は無いが、発行会社の子会社が当社株式を保有。,,
E00335,,,2025-03-31,000,イオン九州㈱,,13500,32.0,当社の販売先、取引関係の維持強化の為保有。商取引によって得られる利益が資本コストを上回っているかを検証。,,
E00335,,,2025-03-31,000,㈱ハローズ,,6000,25.0,当社の販売先、取引関係の維持強化の為保有。商取引によって得られる利益が資本コストを上回っているかを検証。,,
E00335,,,2025-03-31,000,アルビス㈱,,8400,23.0,当社の販売先、取引関係の維持強化の為保有。商取引によって得られる利益が資本コストを上回っているかを検証。,,
E00335,,,2025-03-31,000,エイチ・ツー・オーリテイリング㈱,,9450,21.0,当社の販売先、取引関係の維持強化の為保有。商取引によって得られる利益が資本コストを上回っているかを検証。,,
E00335,,,2025-03-31,000,㈱トーホー,,5040,17.0,当社の販売先、取引関係の維持強化の為保有。商取引によって得られる利益が資本コストを上回っているかを検証。,,
E00335,,,2025-03-31,000,㈱ダイイチ,,12000,16.0,当社の販売先、取引関係の維持強化の為保有。商取引によって得られる利益が資本コストを上回っているかを検証。,,
E00335,,,2025-03-31,000,㈱天満屋ストア,,15752,15.0,当社の販売先、取引関係の維持強化の為保有。商取引によって得られる利益が資本コストを上回っているかを検証。持株会に加入。定例拠出、配当金の再拠出により株式数増加。,,
E00335,,,2025-03-31,000,㈱オークワ,,16379,14.0,当社の販売先、取引関係の維持強化の為保有。商取引によって得られる利益が資本コストを上回っているかを検証。持株会に加入。定例拠出、配当金の再拠出により株式数増加。,,
E00335,,,2025-03-31,000,カネ美食品㈱,,4356,14.0,当社の販売先、取引関係の維持強化の為保有。商取引によって得られる利益が資本コストを上回っているかを検証。,,
E00335,,,2025-03-31,000,㈱ヤマナカ,,20647,11.0,当社の販売先、取引関係の維持強化の為保有。商取引によって得られる利益が資本コストを上回っているかを検証。,,
E00335,,,2025-03-31,000,イオン㈱,,2824,10.0,当社の販売先、取引関係の維持強化の為保有。商取引によって得られる利益が資本コストを上回っているかを検証。持株会に加入。配当金の再拠出により株式数増加。,,
E00335,,,2025-03-31,000,SRSホールディングス㈱,,7000,8.0,当社の販売先、取引関係の維持強化の為保有。商取引によって得られる利益が資本コストを上回っているかを検証。,,
E00335,,,2025-03-31,000,伊藤忠食品㈱,,1000,7.0,当社の販売先、取引関係の維持強化の為保有。商取引によって得られる利益が資本コストを上回っているかを検証。,,
E00335,,,2025-03-31,000,㈱マルヨシセンター,,1500,5.0,当社の販売先、取引関係の維持強化の為保有。商取引によって得られる利益が資本コストを上回っているかを検証。,,
E00335,,,2025-03-31,000,㈱ショクブン,,13831,3.0,当社の販売先、取引関係の維持強化の為保有。商取引によって得られる利益が資本コストを上回っているかを検証。,,
E00335,,,2025-03-31,000,㈱大光,,4019,2.0,当社の販売先、取引関係の維持強化の為保有。商取引によって得られる利益が資本コストを上回っているかを検証。持株会に加入。定例拠出、配当金の再拠出により株式数増加。,,
E00335,,,2025-03-31,000,㈱エコス,,1000,2.0,当社の販売先、取引関係の維持強化の為保有。商取引によって得られる利益が資本コストを上回っているかを検証。,,
E00335,,,2025-03-31,000,㈱Olympicグループ,,1000,0.0,当社の販売先、取引関係の維持強化の為保有。商取引によって得られる利益が資本コストを上回っているかを検証。,,
E36969,,,2024-06-30,000,㈱名古屋銀行,,5900,45725.0,資金借入取引、資金決済取引等の金融取引を行っており、資本コスト等を勘案し、取引関係の維持・拡大を図るため、継続して保有しております。,,
E36969,,,2024-06-30,000,㈱あいちフィナンシャルグループ,,15318,41144.0,資金借入取引、資金決済取引等の金融取引を行っており、資本コスト等を勘案し、取引関係の維持・拡大を図るため、継続して保有しております。,,
E36969,,,2024-06-30,000,ブラザー工業㈱,,13500,38218.0,ミシン仕入等の取引を行っており、資本コスト等を勘案し、取引関係の維持・拡大を図るため、継続して保有しております。,,
E36969,,,2024-06-30,000,㈱ほくほくフィナンシャルグループ,,4200,8679.0,資金借入取引、資金決済取引等の金融取引を行っており、資本コスト等を勘案し、取引関係の維持・拡大を図るため、継続して保有しております。,,
E36969,,,2024-06-30,000,イオンモール㈱,,2374,4501.0,出店における営業上の取引を行っており、資本コスト等を勘案し、取引関係の維持・拡大を図るため、継続して保有しております。なお、株式数が増加した理由は、取引先持株会での定期買付によるものです。,,
E36969,,,2024-06-30,000,㈱スペース,,2475,2769.0,出店における什器設置等の取引を行っており、資本コスト等を勘案し、取引関係の維持・拡大を図るため、継続して保有しております。,,
E36969,,,2024-06-30,000,東海東京フィナンシャル・ホールディングス㈱,,2000,1150.0,主幹事証券としての取引を行っており、資本コスト等を勘案し、取引関係の維持・拡大を図るため、継続して保有しております。,,
E36969,,,2024-06-30,000,㈱ワコールホールディングス,,100,449.0,同社の子会社である㈱ルシアンと手芸用品仕入等の取引を行っており、資本コスト等を勘案し、取引関係の維持・拡大を図るため、継続して保有しております。,,
E36969,,,2024-06-30,000,㈱フジックス,,220,375.0,和洋裁服飾品仕入等の取引を行っており、資本コスト等を勘案し、取引関係の維持・拡大を図るため、継続して保有しております。,,
E36098,,,2025-03-31,000,(株)滋賀銀行,,13030,68537.0,（保有目的）重要な取引先として一層の関係強化を進め、当社の業容拡大と中長期的な企業価値の向上を図っていく必要があるため。（定量的な保有効果）(注)１（株式数が増加した理由）該当事項はありません。,,
E36098,,,2025-03-31,000,(株)三菱ＵＦＪフィナンシャル・グループ,,20000,40220.0,（保有目的）重要な取引先として一層の関係強化を進め、当社の業容拡大と中長期的な企業価値の向上を図っていく必要があるため。（定量的な保有効果）(注)１（株式数が増加した理由）該当事項はありません。,,
E36098,,,2025-03-31,000,(株)オータケ,,1100,1996.0,（保有目的）重要な取引先として一層の関係強化を進め、当社の業容拡大と中長期的な企業価値の向上を図っていく必要があるため。（定量的な保有効果）(注)１（株式数が増加した理由）該当事項はありません。,,
E02773,,,2025-03-31,000,㈱三越伊勢丹ホールディングス,,11900,25460.0,（保有目的）営業上の取引先としての関係の維持、強化を図るため（定量的な保有効果）（注）,,
E02773,,,2025-03-31,000,㈱ＡＯＫＩホールディングス,,17400,22672.0,（保有目的）営業上の取引先としての関係の維持、強化を図るため（定量的な保有効果）（注）,,
E02773,,,2025-03-31,000,青山商事㈱,,7000,14238.0,（保有目的）営業上の取引先としての関係の維持、強化を図るため（定量的な保有効果）（注）,,
E02773,,,2025-03-31,000,丸紅㈱,,5000,11897.0,（保有目的）当社の仕入先として、安定的な関係の維持、強化を図るため（定量的な保有効果）（注）,,
E02773,,,2025-03-31,000,㈱三井住友フィナンシャルグループ,,3000,11385.0,（保有目的）総合的な金融取引を行っており、安定的な関係の維持、強化を図るため（定量的な保有効果）（注）（株式数が増加した理由）2024年10月１日付で普通株式１株につき３株の割合で株式分割が実施されたため,,
E02773,,,2025-03-31,000,㈱平和堂,,3000,7620.0,（保有目的）営業上の取引先としての関係の維持、強化を図るため（定量的な保有効果）（注）,,
E02773,,,2025-03-31,000,エイチ・ツー・オーリテイリング㈱,,2675,6048.0,（保有目的）営業上の取引先としての関係の維持、強化を図るため（定量的な保有効果）（注）（株式数が減少した理由）取引先持株会の退会に伴う端数株式の売却,,
E02773,,,2025-03-31,000,日清紡ホールディングス㈱,,3000,2729.0,（保有目的）当社の仕入先として、安定的な関係の維持、強化を図るため（定量的な保有効果）（注）,,
E02773,,,2025-03-31,000,㈱近鉄百貨店,,700,1536.0,（保有目的）営業上の取引先としての関係の維持、強化を図るため（定量的な保有効果）（注）,,
E02773,,,2025-03-31,000,㈱タカキュー,,400,48.0,（保有目的）営業上の取引先としての関係の維持、強化を図るため（定量的な保有効果）（注）（株式数が減少した理由）取引先持株会の退会に伴う端数株式の売却,,
E00276,,,2024-09-30,000,㈱ケー・エフ・シー,,96000,126816.0,当社の主要な取引先であり、特に建設事業において中長期的な資材調達の安定化に資する事となることから、当社の経営戦略上保有が適当と判断しております。（注２）,,
E00276,,,2024-09-30,000,丸紅㈱,,43855,102620.0,当社の主要な取引先のグループ会社であり、特に建設事業において中長期的な資材調達の安定化に資する事となることから、当社の経営戦略上保有が適当と判断しておりましたが、当事業年度に一部売却を行いました。（注２）,,
E00276,,,2024-09-30,000,積水樹脂㈱,,30775,71059.0,当社の主要な取引先であり、特に建設事業において中長期的な資材調達の安定化に資する事となることから、当社の経営戦略上保有が適当と判断しております。（注２）,,
E00276,,,2024-09-30,000,㈱重松製作所,,65000,52325.0,当社の主要な取引先であり、特に防災安全事業において中長期的な防災安全衛生用品調達の安定化に資する事となることから、当社の経営戦略上保有が適当と判断しております。（注２）,,
E00276,,,2024-09-30,000,昭和鉄工㈱,,19700,56933.0,当社の主要な取引先であり、特に建設事業において中長期的な資材調達の安定化に資する事となることから、当社の経営戦略上保有が適当と判断しております。（注２）,,
E00276,,,2024-09-30,000,㈱マルタイ,,8400,33600.0,同社との良好な関係を維持することによって安定株主の確保に資する事となることから、当社の経営戦略上保有が適当と判断しております。（注２）,,
E00276,,,2024-09-30,000,大石産業㈱,,21000,22113.0,同社との良好な関係を維持することによって安定株主の確保に資する事となることから、当社の経営戦略上保有が適当と判断しております。なお、株式数の増加は株式分割によるものであります。（注２）,,
E00276,,,2024-09-30,000,コーアツ工業㈱,,10978,14425.0,当社の主要な取引先であり、特に建設事業において中長期的な資材調達の安定化に資する事となることから、当社の経営戦略上保有が適当と判断しております。同社との良好な関係の維持・強化のため、取引先持株会への拠出によって株式を取得しております。（注２）,,
E00276,,,2024-09-30,000,エムケー精工㈱,,17000,7140.0,同社との良好な関係を維持することによって安定株主の確保に資する事となることから、当社の経営戦略上保有が適当と判断しております。（注２）,,
E00276,,,2024-09-30,000,アゼアス㈱,,6000,3822.0,当社の主要な取引先であり、特に防災安全事業において中長期的な防災安全衛生用品調達の安定化に資する事となることから、当社の経営戦略上保有が適当と判断しております。（注２）,,
E00276,,,2024-09-30,000,UBE㈱,,1400,3737.0,当社の主要な取引先であり、特に建設事業において中長期的な資材調達の安定化に資する事となることから、当社の経営戦略上保有が適当と判断しております。（注２）,,
E01169,,,2025-03-31,000,清水建設㈱,,66635,88.0,当社グループは同社と取引があり、主に建築工事に係る取引関係の維持・強化を目的として保有しています。当社は同社の取引先持株会に加入しており、毎期定額拠出を行っていることから株数が増加しております。,,
E01169,,,2025-03-31,000,三井住友トラストグループ㈱,,15368,57.0,当社グループは同社と取引があり、資金調達等の取引関係の維持・強化を目的として保有しています。,,
E01169,,,2025-03-31,000,㈱ほくほくフィナンシャルグループ,,20000,51.0,当社グループは同社と取引があり、資金調達等の取引関係の維持・強化を目的としております。,,
E01169,,,2025-03-31,000,徳倉建設㈱,,6977,33.0,当社グループは同社と取引があり、主に建築工事に係る取引関係の維持・強化を目的として保有しています。当社は同社の取引先持株会に加入しており、毎期定額拠出を行っていることから株数が増加しております。,,
E01169,,,2025-03-31,000,飛島ホールディングス㈱,,10709,17.0,当社グループは同社と取引があり、主に建築工事に係る取引関係の維持・強化を目的として保有しています。当社は同社の取引先持株会に加入しており、毎期定額拠出を行っていることから株数が増加しております。,,
E01169,,,2025-03-31,000,第一生命ホールディングス㈱,,10000,11.0,当社グループは同社と取引があり、保険契約等に係る取引関係の維持・強化を目的として保有しています。株式分割により株数が増加しております。,,
E01169,,,2025-03-31,000,㈱上組,,2904,10.0,当社グループは同社と取引があり、建築資材調達等に係る取引関係の維持・強化を目的として保有しています。当社は同社の取引先持株会に加入しており、毎期定額拠出を行っていることから株数が増加しております。,,
E01169,,,2025-03-31,000,高周波熱錬㈱,,10000,9.0,当社グループは同社と取引があり、建築資材調達等に係る取引関係の維持・強化を目的として保有しています。,,
E01169,,,2025-03-31,000,東急建設㈱,,5471,4.0,当社グループは同社と取引があり、主に建築工事に係る取引関係の維持・強化を目的として保有しています。当社は同社の取引先持株会に加入しており、毎期定額拠出を行っていることから株数が増加しております。,,
E01169,,,2025-03-31,000,松井建設㈱,,4841,4.0,当社グループは同社と取引があり、主に建築工事に係る取引関係の維持・強化を目的として保有しています。当社は同社の取引先持株会に加入しており、毎期定額拠出を行っていることから株数が増加しております。,,
E01169,,,2025-03-31,000,日本ヒューム㈱,,2000,4.0,当社と同業である同社の情報収集・動向調査を目的として保有しております。,,
E01169,,,2025-03-31,000,三菱マテリアル㈱,,1275,3.0,当社グループは同社と取引があり、建築資材調達等に係る取引関係の維持・強化を目的として保有しています。,,
E01169,,,2025-03-31,000,アジアパイルホールディングス㈱,,2376,2.0,当社と同業である同社の情報収集・動向調査を目的として保有しています。,,
E01169,,,2025-03-31,000,トヨタ自動車㈱,,500,1.0,当社グループの関連業界の情報収集・動向調査を目的として保有しております。,,
E01169,,,2025-03-31,000,ニデック㈱,,400,0.0,当社グループの関連業界の情報収集・動向調査を目的として保有しております。株式分割により株数が増加しております。,,
E01169,,,2025-03-31,000,ショーボンドホールディングス㈱,,200,0.0,当社グループの関連業界の情報収集・動向調査を目的として保有しております。,,
E01169,,,2025-03-31,000,三谷産業㈱,,2420,0.0,当社グループは同社と取引があり、建築資材調達等に係る取引関係の維持・強化を目的として保有しています。,,
E01169,,,2025-03-31,000,ＴＲＥホールディングス㈱,,372,0.0,当社グループの関連業界の情報収集・動向調査を目的として保有しています。,,
E01169,,,2025-03-31,000,㈱ダイセキ,,120,0.0,当社グループの関連業界の情報収集・動向調査を目的として保有しています。,,
E01169,,,2025-03-31,000,東京電力ホールディングス㈱,,1030,0.0,当社グループは同社と取引があり、建築資材販売等に係る取引関係の維持・強化を目的として保有しています。,,
E01169,,,2025-03-31,000,㈱小松製作所,,100,0.0,当社グループは同社と取引があり、主に工場設備に係る取引関係の維持・強化を目的として保有しています。,,
E01169,,,2025-03-31,000,㈱ミダックホールディングス,,200,0.0,当社グループの関連業界の情報収集・動向調査を目的として保有しています。,,
E01169,,,2025-03-31,000,太平洋セメント㈱,,100,0.0,当社グループは同社と取引があり、建築資材調達等に係る取引関係の維持・強化を目的として保有しています。,,
E01169,,,2025-03-31,000,住友大阪セメント㈱,,100,0.0,当社グループは同社と取引があり、建築資材調達等に係る取引関係の維持・強化を目的として保有しています。,,
E01169,,,2025-03-31,000,日本コンクリート工業㈱,,1000,0.0,当社と同業である同社の情報収集・動向調査を目的として保有しています。,,
E01169,,,2025-03-31,000,パーク24㈱,,100,0.0,当社グループの関連業界の情報収集・動向調査を目的として保有しています。,,
E01169,,,2025-03-31,000,㈱ベルテクスコーポレーション,,60,0.0,当社と同業である同社の情報収集・動向調査を目的として保有しております。,,
E01169,,,2025-03-31,000,楽天グループ㈱,,100,0.0,当社グループの関連業界の情報収集・動向調査を目的として保有しています。,,
E01169,,,2025-03-31,000,リファイン・バース㈱,,100,0.0,当社グループの関連業界の情報収集・動向調査を目的として保有しています。,,
E01169,,,2025-03-31,000,ジャパン・ホテル・リート投資法人,,1,0.0,当社グループの関連業界の情報収集・動向調査を目的として保有しています。,,
E01713,,,2024-06-30,000,イビデン株式会社,,17836,116.0,取引先(販売先)として、営業上の取引関係を維持・強化取引先持株会を通じた株式取得,,
E02679,,,2024-12-31,000,㈱三菱ＵＦＪフィナンシャル・グループ,,330490,610084.0,保有目的安定的な金融取引関係の維持・強化及び各種情報提供による企業価値向上のため,,
E02679,,,2024-12-31,000,J.フロント リテイリング㈱,,110000,234025.0,保有目的安定的な営業取引関係の維持・強化のため,,
E02679,,,2024-12-31,000,東レ㈱,,108000,108162.0,保有目的安定的な取引関係の維持・強化及び相互の取り組みによる企業価値向上のため,,
E02679,,,2024-12-31,000,三菱ケミカルグループ㈱,,120000,95964.0,保有目的安定的な取引関係の維持・強化及び相互の取り組みによる企業価値向上のため,,
E02679,,,2024-12-31,000,㈱クラレ,,39500,90079.0,保有目的安定的な取引関係の維持・強化及び相互の取り組みによる企業価値向上のため,,
E02679,,,2024-12-31,000,㈱三井住友フィナンシャルグループ,,22839,85965.0,保有目的安定的な金融取引関係の維持・強化及び各種情報提供による企業価値向上のため株式数が増加した理由株式の分割,,
E02679,,,2024-12-31,000,㈱みずほフィナンシャルグループ,,10000,38730.0,保有目的安定的な金融取引関係の維持・強化及び各種情報提供による企業価値向上のため,,
E02679,,,2024-12-31,000,㈱三越伊勢丹ホールディングス,,10000,27525.0,保有目的安定的な営業取引関係の維持・強化のため,,
E02679,,,2024-12-31,000,タカセ㈱,,22200,27150.0,保有目的株主総会運営に関する情報、物流業界の情報収集め株式数が増加した理由株式の分割,,
E02679,,,2024-12-31,000,ＪＵＫＩ㈱,,70000,26040.0,保有目的株主総会運営に関する情報、縫製機器業界の情報収集,,
E02679,,,2024-12-31,000,旭化成㈱,,20000,21850.0,保有目的安定的な取引関係の維持・強化及び相互の取り組みによる企業価値向上のため,,
E02679,,,2024-12-31,000,㈱天満屋ストア,,8453,8571.0,保有目的安定的な営業取引関係の維持・強化のため株式数が増加した理由取引先持株会による定期買付,,
E02679,,,2024-12-31,000,㈱近鉄百貨店,,100,208.0,保有目的安定的な営業取引関係の維持・強化のため,,
E02679,,,2024-12-31,000,㈱ラピーヌ,,110,22.0,保有目的株主総会運営に関する情報、同業他社の情報収集,,
E04289,,,2025-03-31,000,株式会社三菱ＵＦＪフィナンシャル・グループ,,2832600.000,5696.0,同社グループは当社の資金借入先であり、中長期的な経済合理性を評価し、取引関係の維持・強化のため同社株式を保有しております。取引の内容となるため、定量的な保有効果は記載できません。,,
E04289,,,2025-03-31,000,セイノーホールディングス株式会社,,479000.000,1104.0,同社グループは当社の総合物流事業において当社と協業関係にあり、取引関係の維持・強化のため同社株式を保有しております。取引の内容となるため、定量的な保有効果は記載できません。,,
E04289,,,2025-03-31,000,株式会社百五銀行,,1164000.000,855.0,同社は当社の資金借入先であり、中長期的な経済合理性を評価し、取引関係の維持・強化のため同社株式を保有しております。取引の内容となるため、定量的な保有効果は記載できません。,,
E04289,,,2025-03-31,000,イオン株式会社,,203920.761,764.0,同社グループは当社の総合物流事業における主要顧客であり、取引関係の維持・強化のため同社株式を保有するとともに取引先持株会に加入し株式を購入しております。取引の内容となるため、定量的な保有効果は記載できません。,,
E04289,,,2025-03-31,000,丸全昭和運輸株式会社,,85000.000,510.0,同社は当社の総合物流事業における主要な顧客であり、取引関係の維持・強化のため同社株式を保有しております。取引の内容となるため、定量的な保有効果は記載できません。,,
E04289,,,2025-03-31,000,名港海運株式会社,,312300.000,493.0,同社は当社の総合物流事業における主要な顧客であり、取引関係の維持・強化のため同社株式を保有しております。取引の内容となるため、定量的な保有効果は記載できません。,,
E04289,,,2025-03-31,000,日本碍子株式会社,,200000.000,367.0,当社は中長期的な経済合理性を評価し、総合物流事業における取引関係の強化のため同社株式を保有しております。取引の内容となるため、定量的な保有効果は記載できません。,,
E04289,,,2025-03-31,000,株式会社テクノ菱和,,133870.000,351.0,同社グループは当社の事業上における主要施設や電気設備等の工事を行っており、中長期的な経済合理性を評価し、取引関係の維持・強化のため同社株式を保有しております。取引の内容となるため、定量的な保有効果は記載できません。,,
E04289,,,2025-03-31,000,三菱ケミカルグループ株式会社,,435500.000,320.0,同社グループは当社の総合物流事業における主要な顧客であり、取引関係の維持・強化のため同社株式を保有しております。取引の内容となるため、定量的な保有効果は記載できません。,,
E04289,,,2025-03-31,000,株式会社三十三フィナンシャルグループ,,115900.000,274.0,同社グループは当社の資金借入先であり、中長期的な経済合理性を評価し、取引関係の維持・強化のため同社株式を保有しております。取引の内容となるため、定量的な保有効果は記載できません。,,
E04289,,,2025-03-31,000,東陽倉庫株式会社,,110000.000,163.0,同社グループは当社の総合物流事業において当社と協業関係にあり、取引関係の維持・強化のため同社株式を保有しております。取引の内容となるため、定量的な保有効果は記載できません。,,
E04289,,,2025-03-31,000,イオンフィナンシャルサービス株式会社,,71100.000,93.0,同社のグループ会社は当社の総合物流事業における主要な顧客であり、取引関係の維持・強化のため同社株式を保有しております。取引の内容となるため、定量的な保有効果は記載できません。,,
E04289,,,2025-03-31,000,ラサ商事株式会社,,50000.000,74.0,同社は当社の総合物流事業における主要な顧客であり、取引関係の維持・強化のため同社株式を保有しております。取引の内容となるため、定量的な保有効果は記載できません。,,
E04289,,,2025-03-31,000,"SITC International Holdings Co.,Ltd.",,180000.000,73.0,同社グループは当社の総合物流事業における主要な顧客であり、取引関係の維持・強化のため同社株式を保有しております。取引の内容となるため、定量的な保有効果は記載できません。,,
E04289,,,2025-03-31,000,株式会社山善,,50712.260,66.0,同社グループは当社の総合物流事業における主要な顧客であり、取引関係の維持・強化のため同社株式を保有するとともに取引先持株会に加入し、株式を購入しております。取引の内容となるため、定量的な保有効果は記載できません。,,
E04289,,,2025-03-31,000,キクカワエンタープライズ株式会社,,10000.000,59.0,同社は当社の総合物流事業における主要な顧客であり、取引関係の維持・強化のため同社株式を保有しております。取引の内容となるため、定量的な保有効果は記載できません。,,
E04289,,,2025-03-31,000,丸紅株式会社,,25000.000,59.0,同社グループは当社の総合物流事業における主要な顧客であり、取引関係の維持・強化のため同社株式を保有しております。取引の内容となるため、定量的な保有効果は記載できません。,,
E04289,,,2025-03-31,000,中部電力株式会社,,33100.000,53.0,同社グループは当社の総合物流事業における主要な顧客であり、取引関係の維持・強化のため同社株式を保有しております。取引の内容となるため、定量的な保有効果は記載できません。,,
E04289,,,2025-03-31,000,岡山県貨物運送株式会社,,10000.000,34.0,同社は当社の総合物流事業において当社と協業関係にあり、取引関係の維持・強化のため同社株式を保有しております。取引の内容となるため、定量的な保有効果は記載できません。,,
E04289,,,2025-03-31,000,株式会社ＡＤＥＫＡ,,11996.738,32.0,同社グループは当社の総合物流事業における主要な顧客であり、取引関係の維持・強化のため同社株式を保有するとともに取引先持株会に加入し、株式を購入しております。取引の内容となるため、定量的な保有効果は記載できません。,,
E04289,,,2025-03-31,000,三菱瓦斯化学株式会社,,10000.000,23.0,同社は当社の総合物流事業における主要な顧客であり、取引関係の維持・強化のため同社株式を保有しております。取引の内容となるため、定量的な保有効果は記載できません。,,
E04289,,,2025-03-31,000,三井化学株式会社,,6771.013,22.0,同社グループは当社の総合物流事業における主要な顧客であり、取引関係の維持・強化のため同社株式を保有するとともに取引先持株会に加入し、株式を購入しております。取引の内容となるため、定量的な保有効果は記載できません。,,
E04289,,,2025-03-31,000,江崎グリコ株式会社,,4835.881,22.0,同社グループは当社の総合物流事業における主要な顧客であり、取引関係の維持・強化のため同社株式を保有するとともに取引先持株会に加入し、株式を購入しております。取引の内容となるため、定量的な保有効果は記載できません。,,
E04289,,,2025-03-31,000,伊勢湾海運株式会社,,25000.000,18.0,同社は当社の総合物流事業において当社と協業関係にあり、取引関係の維持・強化のため同社株式を保有しております。取引の内容となるため、定量的な保有効果は記載できません。,,
E04289,,,2025-03-31,000,株式会社トクヤマ,,3314.207,9.0,同社グループは当社の総合物流事業における主要な顧客であり、取引関係の維持・強化のため同社株式を保有するとともに取引先持株会に加入し、株式を購入しております。取引の内容となるため、定量的な保有効果は記載できません。,,
E04289,,,2025-03-31,000,片倉工業株式会社,,2004.664,4.0,同社グループは当社の総合物流事業における主要な顧客であり、取引関係の維持・強化のため同社株式を保有するとともに取引先持株会に加入し、株式を購入しております。取引の内容となるため、定量的な保有効果は記載できません。,,
E04289,,,2025-03-31,000,宝ホールディングス株式会社,,2000.000,2.0,同社グループは当社の総合物流事業における主要な顧客であり、取引関係の維持・強化のため同社株式を保有しております。取引の内容となるため、定量的な保有効果は記載できません。,,
E04289,,,2025-03-31,000,東洋紡株式会社,,2000.000,1.0,同社グループは当社の総合物流事業における主要な顧客であり、取引関係の維持・強化のため同社株式を保有しております。取引の内容となるため、定量的な保有効果は記載できません。,,
E03356,,,2025-03-15,000,株式会社めぶきフィナンシャルグループ,,161460,108.0,（保有目的）円滑な金融取引（預金・借入）のため保有（定量的な保有効果）　　（注）,,
E03356,,,2025-03-15,000,株式会社栃木銀行,,116000,34.0,（保有目的）円滑な金融取引（預金・借入）のため保有（定量的な保有効果）　　（注）,,
E31622,,,2024-06-30,000,コニカミノルタ㈱,,16679,7425.0,（保有目的）取引関係維持・強化のため（業務提携等の概要）当社商品の販売先（保有効果）（注）（増加理由）取引先持株会を通じた株式の取得,,
E01774,,,2025-03-31,000,㈱三井住友フィナンシャルグループ,,32340,122.0,当社の重要な取引金融機関として資金調達等の取引があり、金融取引の維持・発展のために保有しております。株式分割により、株数が増加しております。（注）,,
E01774,,,2025-03-31,000,三井住友トラスト・ホールディングス㈱,,126,0.0,当社の重要な取引金融機関として資金調達等の取引があり、金融取引の維持・発展のために保有しております。,,
E31573,,,2024-06-30,000,大興電子通信株式会社,,124800,106609.0,（保有目的）取引先との関係強化（業務提携等の概要）自社商品の販売等（定量的な保有効果）（注）,,
E03280,,,2024-06-30,000,全家便利商店股份有限公司,,11161001,10552.0,(保有目的、業務提携等の概要)海外ビジネスにおける協力関係の強化を目的とした保有,,
E03481,,,2024-08-31,000,株式会社ＴＢＳホールディングス,,4190000,16915.0,資本業務提携を行い、業務提携の維持・強化のため保有しております。定量的な保有効果は記載が困難であるため記載しておりません。保有の合理性はa.で記載の方法により検証しております。,,
E03481,,,2024-08-31,000,株式会社ヤマダホールディングス,,3801560,1719.0,経営戦略上、保有しております。定量的な保有効果は記載が困難であるため記載しておりません。保有の合理性はa.で記載の方法により検証しております。,,
E03481,,,2024-08-31,000,株式会社テレビ東京ホールディングス,,57400,221.0,広告関連の協業を行い、取引関係の維持・強化のため保有しております。定量的な保有効果は記載が困難であるため記載しておりません。保有の合理性はa.で記載の方法により検証しております。,,
E03481,,,2024-08-31,000,日本空港ビルデング株式会社,,24000,120.0,合弁会社を設立し、空港ターミナルビル内等にて物品販売店の維持・強化のため保有しております。定量的な保有効果は記載が困難であるため記載しておりません。保有の合理性はa.で記載の方法により検証しております。,,
E01726,,,2024-12-31,000,シンフォニアテクノロジー㈱,,400000,2568.0,主にトランスポートソリューション事業における取引先であり、事業上の関係を維持・強化するために保有しています。,,
E01726,,,2024-12-31,000,東海旅客鉄道㈱,,500000,1483.0,トランスポートソリューション事業における販売先であり、事業上の関係を維持・強化するために保有しています。,,
E01726,,,2024-12-31,000,京王電鉄㈱,,66997,257.0,トランスポートソリューション事業における販売先であり、事業上の関係を維持・強化するために保有しています。,,
E01726,,,2024-12-31,000,東日本旅客鉄道㈱,,76500,214.0,トランスポートソリューション事業における販売先であり、事業上の関係を維持・強化するために保有しています。なお、株式分割により、株式数が増加しています。,,
E01726,,,2024-12-31,000,近鉄グループホールディングス㈱,,43509,144.0,トランスポートソリューション事業における販売先であり、事業上の関係を維持・強化するために保有しています。,,
E01726,,,2024-12-31,000,山陽電気鉄道㈱,,38587,78.0,トランスポートソリューション事業における販売先であり、事業上の関係を維持・強化するために保有しています。,,
E01726,,,2024-12-31,000,阪神内燃機工業㈱,,20000,44.0,トランスポートソリューション事業における販売先であり、事業上の関係を維持・強化するために保有しています。,,
E03266,,,2025-03-31,000,エイチ・ツー・オーリテイリング(株),,11006,24885.0,(保有目的)企業間取引の強化のため(定量的な保有効果)(注)１(増加理由)持ち株会により取得,,
E03266,,,2025-03-31,000,(株)三越伊勢丹ホールディングス,,11299,24176.0,(保有目的)企業間取引の強化のため(定量的な保有効果)(注)１(増加理由)持ち株会により取得,,
E03266,,,2025-03-31,000,J．フロントリテイリング(株),,11345,20887.0,(保有目的)企業間取引の強化のため(定量的な保有効果)(注)１(増加理由)持ち株会により取得,,
E03266,,,2025-03-31,000,(株)三井住友フィナンシャルグループ,,5400,20493.0,(保有目的)企業間取引の強化のため(定量的な保有効果)(注)１(増加理由)株式分割,,
E03266,,,2025-03-31,000,(株)髙島屋,,16331,19761.0,(保有目的)企業間取引の強化のため(定量的な保有効果)(注)１(増加理由)持ち株会により取得,,
E03266,,,2025-03-31,000,(株)松屋,,13542,14409.0,(保有目的)企業間取引の強化のため(定量的な保有効果)(注)１(増加理由)持ち株会により取得,,
E03266,,,2025-03-31,000,(株)井筒屋,,26897,11350.0,(保有目的)企業間取引の強化のため(定量的な保有効果)(注)１(増加理由)持ち株会により取得,,
E03266,,,2025-03-31,000,(株)みずほフィナンシャルグループ,,1000,4051.0,(保有目的)企業間取引の強化のため(定量的な保有効果)(注)１,,
E03266,,,2025-03-31,000,(株)近鉄百貨店,,500,1097.0,(保有目的)企業間取引の強化のため(定量的な保有効果)(注)１,,
E05205,,,2025-03-31,000,住友不動産㈱,,39500,220923.0,主として保証事業における取引関係の維持強化のため保有しております。また、当該関係のさらなる維持強化を目的として株式を追加取得致しております。（注）１,,
E05205,,,2025-03-31,000,プライム・ストラテジー㈱,,37200,38018.0,中長期において当社の企業価値の向上に資するものと判断し、資本業務提携契約を締結しております。（注）２,,
E05205,,,2025-03-31,000,ANAホールディングス㈱,,400,1103.0,株主優待を利用する事によるコスト削減効果を期待して保有しております。（注）３,,
E05205,,,2025-03-31,000,ANAホールディングス㈱,,39500,220923.0,主として保証事業における取引関係の維持強化のため保有しております。また、当該関係のさらなる維持強化を目的として株式を追加取得致しております。（注）１,,
E00287,,,2025-01-31,000,日本エコシステム㈱,,58200,261900.0,業務取引強化のため,,
E00287,,,2025-01-31,000,徳倉建設㈱,,46569,236108.0,業務取引強化のため株式の保有し、かつ、持株会に継続加入している。持株会の積立により株式数が増加,,
E00287,,,2025-01-31,000,瀧上工業㈱,,19400,168004.0,当社の建築事業、特殊土木工事等事業における技術協力及び施工協力を行う体制を構築するため。また、同社との関係を強化し、相互に株式を取得・保有し安定した経営基盤を確立するため,,
E00287,,,2025-01-31,000,㈱あいちフィナンシャルグループ,,51984,140356.0,金融機関との安定的な取引維持のため,,
E00287,,,2025-01-31,000,㈱テノックス,,100000,114200.0,業務提携関係の維持強化のため,,
E00287,,,2025-01-31,000,㈱ナガワ,,13300,86450.0,当社と相互の資本関係を構築することで、当社の企業価値の向上に繋がるものと考えているため,,
E00287,,,2025-01-31,000,㈱淺沼組,,126321,81477.0,業務取引強化のため株式の保有し、かつ、持株会に継続加入している。持株会の積立により株式数が増加。また、2024年7月31日を基準日として１株あたり５株の株式分割が行われたにより株式数が増加,,
E00287,,,2025-01-31,000,㈱三東工業社,,16000,61600.0,業務提携関係の維持強化のため,,
E00287,,,2025-01-31,000,㈱トーエネック,,59465,60952.0,業務取引強化のため株式の保有し、かつ、持株会に継続加入している。持株会の積立により株式数が増加。また、2024年9月30日を基準日として１株あたり５株の株式分割が行われたにより株式数が増加,,
E00287,,,2025-01-31,000,㈱スズケン,,4791,23236.0,業務取引強化のため,,
E00287,,,2025-01-31,000,㈱三菱UFJフィナンシャル・グループ,,10038,19860.0,金融機関との安定的な取引維持のため,,
E00287,,,2025-01-31,000,三井住友建設㈱,,27515,11473.0,業務取引強化のため株式の保有し、かつ、持株会に継続加入している。持株会の積立により株式数が増加,,
E00287,,,2025-01-31,000,㈱小松製作所,,2000,9472.0,業務取引強化のため,,
E00287,,,2025-01-31,000,JFEホールディングス㈱,,5032,9057.0,業務取引強化のため,,
E00287,,,2025-01-31,000,㈱みずほフィナンシャルグループ,,1989,8566.0,金融機関との安定的な取引維持のため,,
E00287,,,2025-01-31,000,日本国土開発㈱,,15699,7818.0,業務取引強化のため株式を保有し、かつ、持株会に継続加入している。持株会の積立により株式数が増加,,
E00287,,,2025-01-31,000,㈱百五銀行,,10000,6840.0,金融機関との安定的な取引維持のため,,
E00287,,,2025-01-31,000,日本電信電話㈱,,30000,4581.0,業務取引強化のため,,
E00287,,,2025-01-31,000,ENEOSホールディングス㈱,,3500,2754.0,業務取引強化のため,,
E00287,,,2025-01-31,000,㈱T&Dホールディングス,,800,2372.0,金融機関との安定的な取引維持のため,,
E00287,,,2025-01-31,000,大和ハウス工業㈱,,117,573.0,業務取引強化のため株式の保有し、かつ、持株会に継続加入している。持株会の積立により株式数が増加,,
E00287,,,2025-01-31,000,丸八証券㈱,,300,481.0,金融機関との安定的な取引維持のため,,
E00064,,,2025-03-31,000,東京海上ホールディングス㈱,,359000,2059.0,同社株式は、当社建設事業の事業活動の円滑化のために保有している。当社は保有株式について資本コストを踏まえ、配当・取引額等に加え、経営戦略上の重要性や事業上の関係等を総合的に判断し保有している。異なる業種業態からの有益な情報取得などが望め、定量的な保有効果については取引先との営業秘密との判断により記載しないが、上記方針に基づいた十分な定量的効果があると判断している。,,
E00064,,,2025-03-31,000,ヒューリック㈱,,1389580,1996.0,同社株式は、当社建設事業の事業活動の円滑化のために保有している。当社は保有株式について資本コストを踏まえ、配当・取引額等に加え、経営戦略上の重要性や事業上の関係等を総合的に判断し保有している。異なる業種業態からの有益な情報取得などが望め、定量的な保有効果については取引先との営業秘密との判断により記載しないが、上記方針に基づいた十分な定量的効果があると判断している。,,
E00064,,,2025-03-31,000,東京建物㈱,,386500,976.0,同社株式は、当社建設事業の事業活動の円滑化のために保有している。当社は保有株式について資本コストを踏まえ、配当・取引額等に加え、経営戦略上の重要性や事業上の関係等を総合的に判断し保有している。異なる業種業態からの有益な情報取得などが望め、定量的な保有効果については取引先との営業秘密との判断により記載しないが、上記方針に基づいた十分な定量的効果があると判断している。,,
E00064,,,2025-03-31,000,㈱共立メンテナンス,,259776,808.0,同社株式は、当社建設事業の事業活動の円滑化のために保有している。当社は保有株式について資本コストを踏まえ、配当・取引額等に加え、経営戦略上の重要性や事業上の関係等を総合的に判断し保有している。異なる業種業態からの有益な情報取得などが望め、定量的な保有効果については取引先との営業秘密との判断により記載しないが、上記方針に基づいた十分な定量的効果があると判断している。,,
E00064,,,2025-03-31,000,ライト工業㈱,,294444,724.0,同社株式は、当社建設事業の事業活動の円滑化のために保有している。当社は保有株式について資本コストを踏まえ、配当・取引額等に加え、経営戦略上の重要性や事業上の関係等を総合的に判断し保有している。異なる業種業態からの有益な情報取得などが望め、定量的な保有効果については取引先との営業秘密との判断により記載しないが、上記方針に基づいた十分な定量的効果があると判断している。,,
E00064,,,2025-03-31,000,㈱みずほフィナンシャルグループ,,150695,610.0,同社株式は、取引金融機関との連携強化のために保有している。当社は保有株式について資本コストを踏まえ、配当・取引額等に加え、経営戦略上の重要性や事業上の関係等を総合的に判断し保有している。営業情報提供を受け成約に至るなど、定量的な保有効果については取引先との営業秘密との判断により記載しないが、上記方針に基づいた十分な定量的効果があると判断している。,,
E00064,,,2025-03-31,000,㈱ヤマト,,396000,586.0,同社株式は、当社建設事業の事業活動の円滑化のために保有している。当社は保有株式について資本コストを踏まえ、配当・取引額等に加え、経営戦略上の重要性や事業上の関係等を総合的に判断し保有している。異なる業種業態からの有益な情報取得などが望め、定量的な保有効果については取引先との営業秘密との判断により記載しないが、上記方針に基づいた十分な定量的効果があると判断している。,,
E00064,,,2025-03-31,000,㈱大垣共立銀行,,235500,559.0,同社株式は、取引金融機関との連携強化のために保有している。当社は保有株式について資本コストを踏まえ、配当・取引額等に加え、経営戦略上の重要性や事業上の関係等を総合的に判断し保有している。営業情報提供を受け成約に至るなど、定量的な保有効果については取引先との営業秘密との判断により記載しないが、上記方針に基づいた十分な定量的効果があると判断している。,,
E00064,,,2025-03-31,000,日本ヒューム㈱,,251370,502.0,同社株式は、当社建設事業の事業活動の円滑化のために保有している。当社は保有株式について資本コストを踏まえ、配当・取引額等に加え、経営戦略上の重要性や事業上の関係等を総合的に判断し保有している。異なる業種業態からの有益な情報取得などが望め、定量的な保有効果については取引先との営業秘密との判断により記載しないが、上記方針に基づいた十分な定量的効果があると判断している。,,
E00064,,,2025-03-31,000,㈱ほくほくフィナンシャルグループ,,188300,483.0,同社株式は、取引金融機関との連携強化のために保有している。当社は保有株式について資本コストを踏まえ、配当・取引額等に加え、経営戦略上の重要性や事業上の関係等を総合的に判断し保有している。営業情報提供を受け成約に至るなど、定量的な保有効果については取引先との営業秘密との判断により記載しないが、上記方針に基づいた十分な定量的効果があると判断している。,,
E00064,,,2025-03-31,000,都築電気㈱,,131000,296.0,同社株式は、当社建設事業の事業活動の円滑化のために保有している。当社は保有株式について資本コストを踏まえ、配当・取引額等に加え、経営戦略上の重要性や事業上の関係等を総合的に判断し保有している。異なる業種業態からの有益な情報取得などが望め、定量的な保有効果については取引先との営業秘密との判断により記載しないが、上記方針に基づいた十分な定量的効果があると判断している。,,
E00064,,,2025-03-31,000,松竹㈱,,20000,246.0,同社株式は、当社建設事業の事業活動の円滑化のために保有している。当社は保有株式について資本コストを踏まえ、配当・取引額等に加え、経営戦略上の重要性や事業上の関係等を総合的に判断し保有している。異なる業種業態からの有益な情報取得などが望め、定量的な保有効果については取引先との営業秘密との判断により記載しないが、上記方針に基づいた十分な定量的効果があると判断している。,,
E00064,,,2025-03-31,000,ＳＯＭＰＯホールディングス㈱,,40500,183.0,同社株式は、当社建設事業の事業活動の円滑化のために保有している。当社は保有株式について資本コストを踏まえ、配当・取引額等に加え、経営戦略上の重要性や事業上の関係等を総合的に判断し保有している。異なる業種業態からの有益な情報取得などが望め、定量的な保有効果については取引先との営業秘密との判断により記載しないが、上記方針に基づいた十分な定量的効果があると判断している。,,
E00064,,,2025-03-31,000,㈱七十七銀行,,35800,170.0,同社株式は、取引金融機関との連携強化のために保有している。当社は保有株式について資本コストを踏まえ、配当・取引額等に加え、経営戦略上の重要性や事業上の関係等を総合的に判断し保有している。営業情報提供を受け成約に至るなど、定量的な保有効果については取引先との営業秘密との判断により記載しないが、上記方針に基づいた十分な定量的効果があると判断している。,,
E00064,,,2025-03-31,000,㈱カーリット,,143800,152.0,同社株式は、当社建設事業の事業活動の円滑化のために保有している。当社は保有株式について資本コストを踏まえ、配当・取引額等に加え、経営戦略上の重要性や事業上の関係等を総合的に判断し保有している。異なる業種業態からの有益な情報取得などが望め、定量的な保有効果については取引先との営業秘密との判断により記載しないが、上記方針に基づいた十分な定量的効果があると判断している。,,
E00064,,,2025-03-31,000,富士急行㈱,,50500,113.0,同社株式は、当社建設事業の事業活動の円滑化のために保有している。当社は保有株式について資本コストを踏まえ、配当・取引額等に加え、経営戦略上の重要性や事業上の関係等を総合的に判断し保有している。異なる業種業態からの有益な情報取得などが望め、定量的な保有効果については取引先との営業秘密との判断により記載しないが、上記方針に基づいた十分な定量的効果があると判断している。,,
E00064,,,2025-03-31,000,㈱朝日工業社,,56000,108.0,同社株式は、当社建設事業の事業活動の円滑化のために保有している。当社は保有株式について資本コストを踏まえ、配当・取引額等に加え、経営戦略上の重要性や事業上の関係等を総合的に判断し保有している。異なる業種業態からの有益な情報取得などが望め、定量的な保有効果については取引先との営業秘密との判断により記載しないが、上記方針に基づいた十分な定量的効果があると判断している。,,
E00064,,,2025-03-31,000,㈱中村屋,,34000,106.0,同社株式は、当社建設事業の事業活動の円滑化のために保有している。当社は保有株式について資本コストを踏まえ、配当・取引額等に加え、経営戦略上の重要性や事業上の関係等を総合的に判断し保有している。異なる業種業態からの有益な情報取得などが望め、定量的な保有効果については取引先との営業秘密との判断により記載しないが、上記方針に基づいた十分な定量的効果があると判断している。,,
E00064,,,2025-03-31,000,㈱ＡＶＡＮＴＩＡ,,101800,78.0,同社株式は、当社建設事業の事業活動の円滑化のために保有している。当社は保有株式について資本コストを踏まえ、配当・取引額等に加え、経営戦略上の重要性や事業上の関係等を総合的に判断し保有している。異なる業種業態からの有益な情報取得などが望め、定量的な保有効果については取引先との営業秘密との判断により記載しないが、上記方針に基づいた十分な定量的効果があると判断している。,,
E00064,,,2025-03-31,000,北沢産業㈱,,198000,69.0,同社株式は、当社建設事業の事業活動の円滑化のために保有している。当社は保有株式について資本コストを踏まえ、配当・取引額等に加え、経営戦略上の重要性や事業上の関係等を総合的に判断し保有している。異なる業種業態からの有益な情報取得などが望め、定量的な保有効果については取引先との営業秘密との判断により記載しないが、上記方針に基づいた十分な定量的効果があると判断している。,,
E00064,,,2025-03-31,000,東部ネットワーク㈱,,70000,60.0,同社株式は、当社建設事業の事業活動の円滑化のために保有している。当社は保有株式について資本コストを踏まえ、配当・取引額等に加え、経営戦略上の重要性や事業上の関係等を総合的に判断し保有している。異なる業種業態からの有益な情報取得などが望め、定量的な保有効果については取引先との営業秘密との判断により記載しないが、上記方針に基づいた十分な定量的効果があると判断している。,,
E00064,,,2025-03-31,000,㈱トーエル,,62000,50.0,同社株式は、当社建設事業の事業活動の円滑化のために保有している。当社は保有株式について資本コストを踏まえ、配当・取引額等に加え、経営戦略上の重要性や事業上の関係等を総合的に判断し保有している。異なる業種業態からの有益な情報取得などが望め、定量的な保有効果については取引先との営業秘密との判断により記載しないが、上記方針に基づいた十分な定量的効果があると判断している。,,
E01081,,,2025-03-31,000,ＳＷＣＣ株式会社,,979022,6060.0,基礎材料セグメントにおける販売先であり、同セグメントの維持・拡大のため保有しています。,,
E01081,,,2025-03-31,000,日鉄鉱業株式会社,,122800,808.0,基礎材料セグメントの資源開発及び製錬の各部門における業務提携先であり、同セグメントの維持・拡大のため保有しています。,,
E01081,,,2025-03-31,000,松田産業株式会社,,212960,740.0,基礎材料セグメントにおける取引先であり、同セグメントの維持・拡大のため保有しています。,,
E01654,,,2024-12-31,000,（株）名古屋銀行,,73000,469.0,（保有目的、業務提携等の概要）地域に密着した銀行として、金融取引関係の維持・強化のため（定量的な保有効果）（注）,,
E01654,,,2024-12-31,000,（株）ヴィア・ホールディングス,,200000,26.0,（保有目的、業務提携等の概要）当社グループの製品の販売先であり、厨房づくりに貢献する等、営業取引関係の維持・強化のため（定量的な保有効果）（注）,,
E01654,,,2024-12-31,000,ワタミ（株）,,80000,77.0,（保有目的、業務提携等の概要）当社グループの製品の販売先であり、厨房づくりに貢献する等、営業取引関係の維持・強化のため（定量的な保有効果）（注）,,
E01654,,,2024-12-31,000,（株）コメダホールディングス,,47400,134.0,（保有目的、業務提携等の概要）当社グループの製品の販売先であり、厨房づくりに貢献する等、営業取引関係の維持・強化のため（定量的な保有効果）（注）,,
E01654,,,2024-12-31,000,（株）ドトール・日レスホールディングス,,30000,70.0,（保有目的、業務提携等の概要）当社グループの製品の販売先であり、厨房づくりに貢献する等、営業取引関係の維持・強化のため（定量的な保有効果）（注）,,
E01654,,,2024-12-31,000,チムニー（株）,,13500,16.0,（保有目的、業務提携等の概要）当社グループの製品の販売先であり、厨房づくりに貢献する等、営業取引関係の維持・強化のため（定量的な保有効果）（注）,,
E01654,,,2024-12-31,000,（株）吉野家ホールディングス,,8137,25.0,（保有目的、業務提携等の概要）当社グループの製品の販売先であり、厨房づくりに貢献する等、営業取引関係の維持・強化のため（定量的な保有効果）（注）（増加理由）取引先持株会による定期買付,,
E01654,,,2024-12-31,000,（株）ハチバン,,4000,13.0,（保有目的、業務提携等の概要）当社グループの製品の販売先であり、厨房づくりに貢献する等、営業取引関係の維持・強化のため（定量的な保有効果）（注）,,
E01654,,,2024-12-31,000,イオン九州（株）,,7500,21.0,（保有目的、業務提携等の概要）当社グループの製品の販売先であり、厨房づくりに貢献する等、営業取引関係の維持・強化のため（定量的な保有効果）（注）,,
E38017,,,2024-06-30,000,(株)QPS研究所,,1142900,2939.0,コンサルティング事業における協力関係の維持と将来的な事業拡大、関係維持強化を目的に保有しています。株式保有に伴うリスクと便益等を定量的に評価の上、総合的に判断しています。検証結果は守秘義務の観点から記載していません。,,
E38017,,,2024-06-30,000,(株)三菱UFJフィナンシャル・グループ,,1142900,2939.0,コンサルティング事業における協力関係の維持と将来的な事業拡大、関係維持強化を目的に保有しています。株式保有に伴うリスクと便益等を定量的に評価の上、総合的に判断しています。検証結果は守秘義務の観点から記載していません。,,
E38017,,,2024-06-30,000,住友不動産(株),,150000,708.0,不動産関連事業における協力関係の維持と将来的な事業拡大、関係維持強化を目的に保有しています。株式保有に伴うリスクと便益等を定量的に評価の上、総合的に判断しています。検証結果は守秘義務の観点から記載していません。,,
E38017,,,2024-06-30,000,オイレス工業(株),,238500,556.0,エネルギー事業での取引・協業関係にあり、関係維持強化を目的に保有しています。株式保有に伴うリスクと便益等を評価の上、総合的に判断しています。検証結果は守秘義務の観点から記載していません。,,
E38017,,,2024-06-30,000,(株)みずほフィナンシャルグループ,,43263,145.0,主要な取引先であり、金融取引関係の維持・強化を目的に保有しています。安定的に資金調達が確保でき、当社の経営戦略上保有が妥当と判断しています。検証結果は守秘義務の観点から記載していません。,,
E38017,,,2024-06-30,000,DNホールディングス(株),,56760,92.0,コンサルティング事業における協力関係維持強化を目的に保有しています。株式保有に伴うリスクと便益等を定量的に評価の上、総合的に判断しています。検証結果は守秘義務の観点から記載していません。,,
E38017,,,2024-06-30,000,(株)りそなホールディングス,,17189,18.0,主要な取引先であり、年金資産および金融取引関係の維持・強化を目的に保有しています。年金資産業務に関する事務の推進、また、安定的な資金調達確保のために、当社の経営戦略上保有が妥当と判断しています。検証結果は守秘義務の観点から記載していません。,,
E02570,,,2024-10-31,000,岡部㈱,,5386100,4190385.0,当社の主力鋲螺製品の主要な取引先であり、円滑な取引関係の維持強化により中長期的な企業価値向上を図るため、保有しております。,,
E02570,,,2024-10-31,000,㈱テクノスマート,,140000,237020.0,円滑な取引関係の維持強化により中長期的な企業価値向上を図るため、保有しております。,,
E02570,,,2024-10-31,000,三井住友トラスト・ホールディングス㈱,,30000,101340.0,主要な取引金融機関として、協力関係を緊密にし、資金調達等の金融取引の円滑化及び国内外の情報収集を目的として保有しております。,,
E02570,,,2024-10-31,000,㈱三井住友フィナンシャルグループ,,30780,100742.0,主要な取引金融機関として、協力関係を緊密にし、資金調達等の金融取引の円滑化及び国内外の情報収集を目的として保有しております。,,
E02570,,,2024-10-31,000,日亜鋼業㈱,,271800,80452.0,当社の主力鋲螺製品の主要な取引先であり、円滑な取引関係の維持強化により中長期的な企業価値向上を図るため、保有しております。,,
E02570,,,2024-10-31,000,㈱大紀アルミニウム工業所,,60000,66780.0,取引関係や協力関係の維持強化により、中長期的な企業価値の向上を図るため、株式を保有しております。,,
E02570,,,2024-10-31,000,㈱みずほフィナンシャルグループ,,18794,60366.0,主要な取引金融機関として、協力関係を緊密にし、資金調達等の金融取引の円滑化及び国内外の情報収集を目的として保有しております。,,
E02570,,,2024-10-31,000,㈱三菱UFJフィナンシャル・グループ,,30240,49245.0,主要な取引金融機関として、協力関係を緊密にし、資金調達等の金融取引の円滑化及び国内外の情報収集を目的として保有しております。,,
E02570,,,2024-10-31,000,JFEホールディングス㈱,,14096,26077.0,当社の主力鋲螺製品の主要な取引先であり、円滑な取引関係の維持強化により中長期的な企業価値向上を図るため、保有しております。,,
E02570,,,2024-10-31,000,㈱キムラ,,49000,24843.0,取引関係や協力関係の維持強化により、中長期的な企業価値の向上を図るため、株式を保有しております。,,
E02570,,,2024-10-31,000,日建工学㈱,,7000,9310.0,当社の主力鋲螺製品の主要な取引先であり、円滑な取引関係の維持強化により中長期的な企業価値向上を図るため、保有しております。,,
E02570,,,2024-10-31,000,井関農機㈱,,2000,1976.0,当社の主力鋲螺製品の主要な取引先であり、円滑な取引関係の維持強化により中長期的な企業価値向上を図るため、保有しております。,,
E02570,,,2024-10-31,000,ロブテックス㈱,,1200,1456.0,当社子会社の取引先であり、取引関係や協力関係の維持強化により、中長期的な企業価値の向上を図るため、株式を保有しております。,,
E02570,,,2024-10-31,000,ＫＴＣ㈱,,200,508.0,当社子会社の取引先であり、取引関係や協力関係の維持強化により、中長期的な企業価値の向上を図るため、株式を保有しております。,,
E02570,,,2024-10-31,000,ジオスター㈱,,1000,296.0,取引関係や協力関係の維持強化により、中長期的な企業価値の向上を図るため、株式を保有しております。,,
E00385,,,2025-03-31,000,明治ホールディングス㈱,,162000,526.0,（保有目的、業務提携等の概要）当グループにおける原材料等の仕入先であり、主に国内米菓事業における原材料等の安定的な調達のための良好な関係を維持・強化すること、および相互の取り組みによる将来的な企業価値向上のため、継続して保有しております。（定量的な保有効果）保有先企業との取引関係に加え、保有に伴う便益やリスクが、当社の資本コストに見合っているか等を総合的に判断し保有しております。但し、銘柄毎の定量的な保有効果の内容及び保有の適否の検証結果については、取引関係に与える影響等を考慮して開示を控えさせていただきます。（株式が増加した理由）株式数は増加していないため、該当事項はありません。,,
E00385,,,2025-03-31,000,㈱第四北越フィナンシャルグループ（注）２,,120000,378.0,（保有目的、業務提携等の概要）当グループの取引銀行であり、円滑な資金調達のための良好な関係を維持・強化すること、および相互の取り組みによる将来的な企業価値向上のため、継続して保有しております。（定量的な保有効果）保有先企業との取引関係に加え、保有に伴う便益やリスクが、当社の資本コストに見合っているか等を総合的に判断し保有しております。但し、銘柄毎の定量的な保有効果の内容及び保有の適否の検証結果については、取引関係に与える影響等を考慮して開示を控えさせていただきます。（株式が増加した理由）当事業年度において、普通株式１株につき２株の割合で株式分割を実施しております。,,
E00385,,,2025-03-31,000,キッコーマン㈱（注）３,,250000,360.0,（保有目的、業務提携等の概要）当グループにおける原材料等の仕入先であり、主に国内米菓事業における原材料等の安定的な調達のための良好な関係を維持・強化すること、および相互の取り組みによる将来的な企業価値向上のため、継続して保有しております。（定量的な保有効果）保有先企業との取引関係に加え、保有に伴う便益やリスクが、当社の資本コストに見合っているか等を総合的に判断し保有しております。但し、銘柄毎の定量的な保有効果の内容及び保有の適否の検証結果については、取引関係に与える影響等を考慮して開示を控えさせていただきます。（株式が増加した理由）当事業年度において、普通株式１株につき５株の割合で株式分割を実施しております。,,
E00385,,,2025-03-31,000,㈱セブン＆アイ・ホールディングス,,144550,312.0,（保有目的、業務提携等の概要）当グループにおける製品の販売先であり、主に国内米菓事業における販路の維持・強化および相互の取り組みによる将来的な企業価値向上のため、継続して保有しております。（定量的な保有効果）保有先企業との取引関係に加え、保有に伴う便益やリスクが、当社の資本コストに見合っているか等を総合的に判断し保有しております。但し、銘柄毎の定量的な保有効果の内容及び保有の適否の検証結果については、取引関係に与える影響等を考慮して開示を控えさせていただきます。（株式が増加した理由）取引先持株会による定期買付によるものであります。,,
E00385,,,2025-03-31,000,イオン㈱,,47010,176.0,（保有目的、業務提携等の概要）当グループにおける製品の販売先であり、主に国内米菓事業における販路の維持・強化および相互の取り組みによる将来的な企業価値向上のため、継続して保有しております。（定量的な保有効果）保有先企業との取引関係に加え、保有に伴う便益やリスクが、当社の資本コストに見合っているか等を総合的に判断し保有しております。但し、銘柄毎の定量的な保有効果の内容及び保有の適否の検証結果については、取引関係に与える影響等を考慮して開示を控えさせていただきます。（株式が増加した理由）取引先持株会による定期買付によるものであります。,,
E00385,,,2025-03-31,000,㈱Ｊ－オイルミルズ,,78980,160.0,（保有目的、業務提携等の概要）当グループにおける原材料等の仕入先であり、主に国内米菓事業における原材料等の安定的な調達のための良好な関係を維持・強化すること、および相互の取り組みによる将来的な企業価値向上のため、継続して保有しております。（定量的な保有効果）保有先企業との取引関係に加え、保有に伴う便益やリスクが、当社の資本コストに見合っているか等を総合的に判断し保有しております。但し、銘柄毎の定量的な保有効果の内容及び保有の適否の検証結果については、取引関係に与える影響等を考慮して開示を控えさせていただきます。（株式が増加した理由）取引先持株会による定期買付によるものであります。,,
E00385,,,2025-03-31,000,江崎グリコ㈱,,29500,136.0,（保有目的、業務提携等の概要）当グループにおける製品の販売先であり、主に国内米菓事業における販路の維持・強化および相互の取り組みによる将来的な企業価値向上のため、継続して保有しております。（定量的な保有効果）保有先企業との取引関係に加え、保有に伴う便益やリスクが、当社の資本コストに見合っているか等を総合的に判断し保有しております。但し、銘柄毎の定量的な保有効果の内容及び保有の適否の検証結果については、取引関係に与える影響等を考慮して開示を控えさせていただきます。（株式が増加した理由）株式数は増加していないため、該当事項はありません。,,
E00385,,,2025-03-31,000,アクシアルリテイリング㈱（注）４,,96129,92.0,（保有目的、業務提携等の概要）当グループにおける製品の販売先であり、主に国内米菓事業における販路の維持・強化および相互の取り組みによる将来的な企業価値向上のため、継続して保有しております。（定量的な保有効果）保有先企業との取引関係に加え、保有に伴う便益やリスクが、当社の資本コストに見合っているか等を総合的に判断し保有しております。但し、銘柄毎の定量的な保有効果の内容及び保有の適否の検証結果については、取引関係に与える影響等を考慮して開示を控えさせていただきます。（株式が増加した理由）当事業年度において、普通株式１株につき４株の割合で株式分割を実施しております。また、取引先持株会による定期買付によるものであります。,,
E00385,,,2025-03-31,000,㈱みずほフィナンシャルグループ,,11840,47.0,（保有目的、業務提携等の概要）当グループの取引銀行であり、円滑な資金調達のための良好な関係を維持・強化すること、および相互の取り組みによる将来的な企業価値向上のため、継続して保有しております。（定量的な保有効果）保有先企業との取引関係に加え、保有に伴う便益やリスクが、当社の資本コストに見合っているか等を総合的に判断し保有しております。但し、銘柄毎の定量的な保有効果の内容及び保有の適否の検証結果については、取引関係に与える影響等を考慮して開示を控えさせていただきます。（株式が増加した理由）株式数は増加していないため、該当事項はありません。,,
E00385,,,2025-03-31,000,ユナイテッド・スーパーマーケット・ホールディングス㈱（注）５,,56280,46.0,（保有目的、業務提携等の概要）当グループにおける製品の販売先であり、主に国内米菓事業における販路の維持・強化および相互の取り組みによる将来的な企業価値向上のため、継続して保有しております。（定量的な保有効果）保有先企業との取引関係に加え、保有に伴う便益やリスクが、当社の資本コストに見合っているか等を総合的に判断し保有しております。但し、銘柄毎の定量的な保有効果の内容及び保有の適否の検証結果については、取引関係に与える影響等を考慮して開示を控えさせていただきます。（株式が増加した理由）当事業年度において、同社と㈱いなげやとの株式交換によるものであります。,,
E00385,,,2025-03-31,000,㈱ライフコーポレーション（注）６,,24000,46.0,（保有目的、業務提携等の概要）当グループにおける製品の販売先であり、主に国内米菓事業における販路の維持・強化および相互の取り組みによる将来的な企業価値向上のため、継続して保有しております。（定量的な保有効果）保有先企業との取引関係に加え、保有に伴う便益やリスクが、当社の資本コストに見合っているか等を総合的に判断し保有しております。但し、銘柄毎の定量的な保有効果の内容及び保有の適否の検証結果については、取引関係に与える影響等を考慮して開示を控えさせていただきます。（株式が増加した理由）当事業年度において、普通株式１株につき２株の割合で株式分割を実施しております。,,
E00385,,,2025-03-31,000,㈱三井住友フィナンシャルグループ（注）７,,11700,44.0,（保有目的、業務提携等の概要）当グループの取引銀行であり、円滑な資金調達のための良好な関係を維持・強化すること、および相互の取り組みによる将来的な企業価値向上のため、継続して保有しております。（定量的な保有効果）保有先企業との取引関係に加え、保有に伴う便益やリスクが、当社の資本コストに見合っているか等を総合的に判断し保有しております。但し、銘柄毎の定量的な保有効果の内容及び保有の適否の検証結果については、取引関係に与える影響等を考慮して開示を控えさせていただきます。（株式が増加した理由）当事業年度において、普通株式１株につき３株の割合で株式分割を実施しております。,,
E00385,,,2025-03-31,000,㈱リテールパートナーズ,,12000,16.0,（保有目的、業務提携等の概要）当グループにおける製品の販売先であり、主に国内米菓事業における販路の維持・強化および相互の取り組みによる将来的な企業価値向上のため、継続して保有しております。（定量的な保有効果）保有先企業との取引関係に加え、保有に伴う便益やリスクが、当社の資本コストに見合っているか等を総合的に判断し保有しております。但し、銘柄毎の定量的な保有効果の内容及び保有の適否の検証結果については、取引関係に与える影響等を考慮して開示を控えさせていただきます。（株式が増加した理由）株式数は増加していないため、該当事項はありません。,,
E00385,,,2025-03-31,000,セントラルフォレストグループ㈱,,5229,16.0,（保有目的、業務提携等の概要）当グループにおける製品の販売先であり、主に国内米菓事業における販路の維持・強化および相互の取り組みによる将来的な企業価値向上のため、継続して保有しております。（定量的な保有効果）保有先企業との取引関係に加え、保有に伴う便益やリスクが、当社の資本コストに見合っているか等を総合的に判断し保有しております。但し、銘柄毎の定量的な保有効果の内容及び保有の適否の検証結果については、取引関係に与える影響等を考慮して開示を控えさせていただきます。（株式が増加した理由）取引先持株会による定期買付によるものであります。,,
E00385,,,2025-03-31,000,㈱バローホールディングス,,6240,14.0,（保有目的、業務提携等の概要）当グループにおける製品の販売先であり、主に国内米菓事業における販路の維持・強化および相互の取り組みによる将来的な企業価値向上のため、継続して保有しております。（定量的な保有効果）保有先企業との取引関係に加え、保有に伴う便益やリスクが、当社の資本コストに見合っているか等を総合的に判断し保有しております。但し、銘柄毎の定量的な保有効果の内容及び保有の適否の検証結果については、取引関係に与える影響等を考慮して開示を控えさせていただきます。（株式が増加した理由）株式数は増加していないため、該当事項はありません。,,
E00385,,,2025-03-31,000,三菱食品㈱,,2600,12.0,（保有目的、業務提携等の概要）当グループにおける製品の販売先であり、主に国内米菓事業における販路の維持・強化および相互の取り組みによる将来的な企業価値向上のため、継続して保有しております。（定量的な保有効果）保有先企業との取引関係に加え、保有に伴う便益やリスクが、当社の資本コストに見合っているか等を総合的に判断し保有しております。但し、銘柄毎の定量的な保有効果の内容及び保有の適否の検証結果については、取引関係に与える影響等を考慮して開示を控えさせていただきます。（株式が増加した理由）株式数は増加していないため、該当事項はありません。,,
E00385,,,2025-03-31,000,エイチ・ツー・オー・リテイリング㈱（注）８,,5575,12.0,（保有目的、業務提携等の概要）当グループにおける製品の販売先であり、主に国内米菓事業における販路の維持・強化および相互の取り組みによる将来的な企業価値向上のため、継続して保有しております。（定量的な保有効果）保有先企業との取引関係に加え、保有に伴う便益やリスクが、当社の資本コストに見合っているか等を総合的に判断し保有しております。但し、銘柄毎の定量的な保有効果の内容及び保有の適否の検証結果については、取引関係に与える影響等を考慮して開示を控えさせていただきます。（株式が増加した理由）当事業年度において、同社と㈱関西フードマーケットとの株式交換によるものであります。,,
E00385,,,2025-03-31,000,㈱マミーマート,,2300,11.0,（保有目的、業務提携等の概要）当グループにおける製品の販売先であり、主に国内米菓事業における販路の維持・強化および相互の取り組みによる将来的な企業価値向上のため、継続して保有しております。（定量的な保有効果）保有先企業との取引関係に加え、保有に伴う便益やリスクが、当社の資本コストに見合っているか等を総合的に判断し保有しております。但し、銘柄毎の定量的な保有効果の内容及び保有の適否の検証結果については、取引関係に与える影響等を考慮して開示を控えさせていただきます。（株式が増加した理由）株式数は増加していないため、該当事項はありません。,,
E00385,,,2025-03-31,000,㈱イチネンホールディングス,,4850,8.0,（保有目的、業務提携等の概要）当グループのリース取引先であり、良好な関係を維持・強化および相互の取り組みによる将来的な企業価値向上のため、継続して保有しております。（定量的な保有効果）保有先企業との取引関係に加え、保有に伴う便益やリスクが、当社の資本コストに見合っているか等を総合的に判断し保有しております。但し、銘柄毎の定量的な保有効果の内容及び保有の適否の検証結果については、取引関係に与える影響等を考慮して開示を控えさせていただきます。（株式が増加した理由）株式数は増加していないため、該当事項はありません。,,
E00385,,,2025-03-31,000,㈱岡三証券グループ,,9253,6.0,（保有目的、業務提携等の概要）同社との関係維持・強化、情報収集及び企業価値向上のため、継続して保有しております。（定量的な保有効果）保有先企業との取引関係に加え、保有に伴う便益やリスクが、当社の資本コストに見合っているか等を総合的に判断し保有しております。但し、銘柄毎の定量的な保有効果の内容及び保有の適否の検証結果については、取引関係に与える影響等を考慮して開示を控えさせていただきます。（株式が増加した理由）株式数は増加していないため、該当事項はありません。,,
E00385,,,2025-03-31,000,イオン北海道㈱,,5280,4.0,（保有目的、業務提携等の概要）当グループにおける製品の販売先であり、主に国内米菓事業における販路の維持・強化および相互の取り組みによる将来的な企業価値向上のため、継続して保有しております。（定量的な保有効果）保有先企業との取引関係に加え、保有に伴う便益やリスクが、当社の資本コストに見合っているか等を総合的に判断し保有しております。但し、銘柄毎の定量的な保有効果の内容及び保有の適否の検証結果については、取引関係に与える影響等を考慮して開示を控えさせていただきます。（株式が増加した理由）株式数は増加していないため、該当事項はありません。,,
E00385,,,2025-03-31,000,㈱フジ,,1970,4.0,（保有目的、業務提携等の概要）当グループにおける製品の販売先であり、主に国内米菓事業における販路の維持・強化および相互の取り組みによる将来的な企業価値向上のため、継続して保有しております。（定量的な保有効果）保有先企業との取引関係に加え、保有に伴う便益やリスクが、当社の資本コストに見合っているか等を総合的に判断し保有しております。但し、銘柄毎の定量的な保有効果の内容及び保有の適否の検証結果については、取引関係に与える影響等を考慮して開示を控えさせていただきます。（株式が増加した理由）株式数は増加していないため、該当事項はありません。,,
E00385,,,2025-03-31,000,㈱エコス,,1580,3.0,（保有目的、業務提携等の概要）当グループにおける製品の販売先であり、主に国内米菓事業における販路の維持・強化および相互の取り組みによる将来的な企業価値向上のため、継続して保有しております。（定量的な保有効果）保有先企業との取引関係に加え、保有に伴う便益やリスクが、当社の資本コストに見合っているか等を総合的に判断し保有しております。但し、銘柄毎の定量的な保有効果の内容及び保有の適否の検証結果については、取引関係に与える影響等を考慮して開示を控えさせていただきます。（株式が増加した理由）株式数は増加していないため、該当事項はありません。,,
E00385,,,2025-03-31,000,㈱マルイチ産商,,3000,3.0,（保有目的、業務提携等の概要）当グループにおける製品の販売先であり、主に国内米菓事業における販路の維持・強化および相互の取り組みによる将来的な企業価値向上のため、継続して保有しております。（定量的な保有効果）保有先企業との取引関係に加え、保有に伴う便益やリスクが、当社の資本コストに見合っているか等を総合的に判断し保有しております。但し、銘柄毎の定量的な保有効果の内容及び保有の適否の検証結果については、取引関係に与える影響等を考慮して開示を控えさせていただきます。（株式が増加した理由）株式数は増加していないため、該当事項はありません。,,
E00385,,,2025-03-31,000,㈱ヤマザワ,,2772,3.0,（保有目的、業務提携等の概要）当グループにおける製品の販売先であり、主に国内米菓事業における販路の維持・強化および相互の取り組みによる将来的な企業価値向上のため、継続して保有しております。（定量的な保有効果）保有先企業との取引関係に加え、保有に伴う便益やリスクが、当社の資本コストに見合っているか等を総合的に判断し保有しております。但し、銘柄毎の定量的な保有効果の内容及び保有の適否の検証結果については、取引関係に与える影響等を考慮して開示を控えさせていただきます。（株式が増加した理由）株式数は増加していないため、該当事項はありません。,,
E00385,,,2025-03-31,000,アルビス㈱,,880,2.0,（保有目的、業務提携等の概要）当グループにおける製品の販売先であり、主に国内米菓事業における販路の維持・強化および相互の取り組みによる将来的な企業価値向上のため、継続して保有しております。（定量的な保有効果）保有先企業との取引関係に加え、保有に伴う便益やリスクが、当社の資本コストに見合っているか等を総合的に判断し保有しております。但し、銘柄毎の定量的な保有効果の内容及び保有の適否の検証結果については、取引関係に与える影響等を考慮して開示を控えさせていただきます。（株式が増加した理由）株式数は増加していないため、該当事項はありません。,,
E00385,,,2025-03-31,000,㈱ヤマナカ,,3000,1.0,（保有目的、業務提携等の概要）当グループにおける製品の販売先であり、主に国内米菓事業における販路の維持・強化および相互の取り組みによる将来的な企業価値向上のため、継続して保有しております。（定量的な保有効果）保有先企業との取引関係に加え、保有に伴う便益やリスクが、当社の資本コストに見合っているか等を総合的に判断し保有しております。但し、銘柄毎の定量的な保有効果の内容及び保有の適否の検証結果については、取引関係に与える影響等を考慮して開示を控えさせていただきます。（株式が増加した理由）株式数は増加していないため、該当事項はありません。,,
E00385,,,2025-03-31,000,㈱マルヨシセンター,,300,1.0,（保有目的、業務提携等の概要）当グループにおける製品の販売先であり、主に国内米菓事業における販路の維持・強化および相互の取り組みによる将来的な企業価値向上のため、継続して保有しております。（定量的な保有効果）保有先企業との取引関係に加え、保有に伴う便益やリスクが、当社の資本コストに見合っているか等を総合的に判断し保有しております。但し、銘柄毎の定量的な保有効果の内容及び保有の適否の検証結果については、取引関係に与える影響等を考慮して開示を控えさせていただきます。（株式が増加した理由）株式数は増加していないため、該当事項はありません。,,
E00385,,,2025-03-31,000,㈱スリーエフ,,2420,1.0,（保有目的、業務提携等の概要）当グループにおける製品の販売先であり、主に国内米菓事業における販路の維持・強化および相互の取り組みによる将来的な企業価値向上のため、継続して保有しております。（定量的な保有効果）保有先企業との取引関係に加え、保有に伴う便益やリスクが、当社の資本コストに見合っているか等を総合的に判断し保有しております。但し、銘柄毎の定量的な保有効果の内容及び保有の適否の検証結果については、取引関係に与える影響等を考慮して開示を控えさせていただきます。（株式が増加した理由）株式数は増加していないため、該当事項はありません。,,
E00036,,,2025-03-31,000,日本製鉄㈱,,3534268,11291.0,"当社グループの鉱石部門の事業活動の円滑化及び売上の拡大を図るため同社株式を保有しております。当事業年度において、事業関係のより一層の強化のため、取引先持株会を通じて3,733株購入したことから、保有株式が3,733株増加しております。[取引：石灰石等の販売]",,
E00036,,,2025-03-31,000,㈱みずほフィナンシャルグループ,,2133436,8642.0,当社グループの財務活動の円滑化及び安定的な資金調達を図るため同社株式を保有しております。[取引：運転資金の借入等],,
E00036,,,2025-03-31,000,㈱三井住友フィナンシャルグループ,,721500,2738.0,当社グループの財務活動の円滑化及び安定的な資金調達を図るため同社株式を保有しております。[取引：運転資金の借入等],,
E00036,,,2025-03-31,000,伊藤忠商事㈱,,299000,2063.0,当社グループの金属部門の事業活動の円滑化及び売上の拡大を図るため同社株式を保有しております。[取引：電気銅の販売、銅鉱石等の仕入],,
E00036,,,2025-03-31,000,㈱三菱ＵＦＪフィナンシャル・グループ,,823000,1655.0,当社グループの財務活動の円滑化及び安定的な資金調達を図るため同社株式を保有しております。[取引：運転資金の借入等],,
E00036,,,2025-03-31,000,㈱ふくおかフィナンシャルグループ,,300600,1181.0,当社グループの財務活動の円滑化及び安定的な資金調達を図るため同社株式を保有しております。[取引：運転資金の借入等],,
E00036,,,2025-03-31,000,日油㈱,,414300,836.0,当社グループの鉱石部門の事業活動の円滑化及び売上の拡大を図るため同社株式を保有しております。[取引：鉱泉水等の販売],,
E00036,,,2025-03-31,000,東ソー㈱,,390500,801.0,当社グループの鉱石部門の事業活動の円滑化及び売上の拡大を図るため同社株式を保有しております。[取引：石灰石等の販売、仕入],,
E00036,,,2025-03-31,000,㈱不動テトラ,,340900,758.0,当社グループの鉱石部門の事業活動の円滑化及び売上の拡大を図るため同社株式を保有しております。[取引：その他鉱石商品の販売],,
E00036,,,2025-03-31,000,ＮＳユナイテッド海運㈱,,187500,750.0,当社グループの鉱石部門の事業活動の円滑化及び売上の拡大を図るため同社株式を保有しております。[取引：石油製品等の販売、石灰石の輸送委託],,
E00036,,,2025-03-31,000,新日本電工㈱,,2100000,588.0,当社グループの鉱石部門の事業活動の円滑化を図るため同社株式を保有しております。,,
E00036,,,2025-03-31,000,ＥＮＥＯＳホールディングス㈱,,693480,542.0,当社グループの資源事業の事業活動の円滑化及び電気銅・燃料製品の安定調達を図るため同社株式を保有しております。[取引：タンカル等の販売、石油製品等の仕入],,
E00036,,,2025-03-31,000,太平洋セメント㈱,,105400,410.0,当社グループの鉱石部門の事業活動の円滑化及び売上の拡大を図るため同社株式を保有しております。[取引：石灰石等の販売、仕入],,
E00036,,,2025-03-31,000,神島化学工業㈱,,275000,408.0,当社グループの鉱石部門の事業活動の円滑化及び売上の拡大を図るため同社株式を保有しております。[取引：産業機械等の販売],,
E00036,,,2025-03-31,000,住友大阪セメント㈱,,94300,339.0,当社グループの鉱石部門の事業活動の円滑化及び売上の拡大を図るため同社株式を保有しております。[取引：石灰石等の販売、仕入],,
E00036,,,2025-03-31,000,日比谷総合設備㈱,,92000,287.0,当社グループの機械・環境事業の事業活動の円滑化のため同社株式を保有しております。,,
E00036,,,2025-03-31,000,兼松㈱,,112800,284.0,当社グループの鉱石部門の事業活動の円滑化及び売上の拡大を図るため同社株式を保有しております。[取引：石灰石等の販売、石油製品等の仕入],,
E00036,,,2025-03-31,000,日本コークス工業㈱,,3000000,258.0,当社グループの鉱石部門の事業活動の円滑化及び石炭の安定調達を図るため同社株式を保有しております。[取引：石炭の仕入等],,
E00036,,,2025-03-31,000,ソーダニッカ㈱,,210000,216.0,当社グループの機械・環境事業の事業活動の円滑化及び売上の拡大を図るため同社株式を保有しております。[取引：ポリテツ等の販売、その他環境商品の仕入],,
E00036,,,2025-03-31,000,多木化学㈱,,46400,147.0,当社グループの機械・環境事業の事業活動の円滑化及び売上の拡大を図るため同社株式を保有しております。[取引：ポリテツ等の販売、仕入],,
E00036,,,2025-03-31,000,ＳＷＣＣ㈱,,23600,146.0,当社グループの金属部門の事業活動の円滑化及び売上の拡大を図るため同社株式を保有しております。[取引：電気銅等の販売、仕入],,
E00036,,,2025-03-31,000,ＪＦＥホールディングス㈱,,61600,112.0,当社グループの鉱石部門の事業活動の円滑化及び売上の拡大を図るため同社株式を保有しております。[取引：石灰石等の販売、タンカル等の仕入],,
E00036,,,2025-03-31,000,堺化学工業㈱,,39600,107.0,当社グループの機械・環境事業の事業活動の円滑化及びポリテツの安定調達を図るため同社株式を保有しております。[取引：その他環境商品の販売、ポリテツ等の仕入],,
E00036,,,2025-03-31,000,日本甜菜製糖㈱,,31500,71.0,当社グループの鉱石部門の事業活動の円滑化及び売上の拡大を図るため同社株式を保有しております。[取引：石灰石等の販売],,
E00036,,,2025-03-31,000,バンドー化学㈱,,38500,63.0,当社グループの鉱石部門の事業活動の円滑化及び売上の拡大を図るため同社株式を保有しております。[取引：石油製品の販売],,
E00036,,,2025-03-31,000,㈱東北銀行,,53700,59.0,当社グループの財務活動の円滑化及び安定的な資金調達を図るため同社株式を保有しております。[取引：運転資金の借入等],,
E00036,,,2025-03-31,000,日本化薬㈱,,40000,56.0,当社グループの鉱石部門の事業活動の円滑化及び鉱山採掘資材の安定調達を図るため同社株式を保有しております。[取引：産業火薬類の購入],,
E00036,,,2025-03-31,000,三井住友トラストグループ㈱,,14400,53.0,当社グループの財務活動の円滑化及び安定的な資金調達を図るため同社株式を保有しております。[取引：運転資金の借入等],,
E00036,,,2025-03-31,000,㈱神戸製鋼所,,27600,47.0,当社グループの鉱石部門の事業活動の円滑化のため同社株式を保有しております。[取引：石灰石等の販売],,
E00036,,,2025-03-31,000,ナラサキ産業㈱,,12600,36.0,当社グループの鉱石部門の事業活動の円滑化及び売上の拡大を図るため同社株式を保有しております。[取引：タンカル等の販売、セメントの仕入],,
E00036,,,2025-03-31,000,丸尾カルシウム㈱,,13800,18.0,当社グループの鉱石部門の事業活動の円滑化及び売上の拡大を図るため同社株式を保有しております。[取引：石灰石等の販売、その他鉱石商品の仕入],,
E00036,,,2025-03-31,000,中外炉工業㈱,,3100,11.0,当社グループの機械・環境事業の事業活動の円滑化のため同社株式を保有しております。,,
E00036,,,2025-03-31,000,神鋼商事㈱,,2100,4.0,当社グループの鉱石部門の事業活動の円滑化及び売上の拡大を図るため同社株式を保有しております。[取引：石灰石等の販売],,
E00036,,,2025-03-31,000,㈱カーリット,,1000,1.0,当社グループの鉱石部門の事業活動の円滑化及び鉱山採掘資材の安定調達を図るため同社株式を保有しております。[取引：産業火薬類の購入],,
E00877,,,2025-03-31,000,センコーグループホールディングス株式会社,,11676726,17609.0,当社グループと原材料、製品の運輸関連取引等を行っており、事業活動の円滑化、取引関係の維持、強化及び今後の事業提携など長期的経営戦略遂行のため保有しています。,,
E00877,,,2025-03-31,000,積水化学工業株式会社,,4693049,11941.0,「マテリアル」セグメントにおいてアクリロニトリル、ポリエチレンの製品販売等、「住宅」セグメントにおいて原材料購入等を行っており、事業活動の円滑化、取引関係の維持、強化及び今後の事業提携など長期的経営戦略遂行のため保有しています。,,
E00877,,,2025-03-31,000,株式会社三井住友フィナンシャルグループ(注) ３,,1690700,6416.0,当社グループと資金調達、決済など資金取引等を行っており、事業活動の円滑化、取引関係の維持、強化及び今後の事業提携など長期的経営戦略遂行のため保有しています。,,
E00877,,,2025-03-31,000,セーレン株式会社,,2436000,5968.0,「マテリアル」セグメントにおいて不織布、キュプラ繊維の製品販売等、及び原材料購入等を行っており、事業活動の円滑化、取引関係の維持、強化及び今後の事業提携など長期的経営戦略遂行のため保有しています。,,
E00877,,,2025-03-31,000,株式会社みずほフィナンシャルグループ,,940900,3812.0,当社グループと資金調達、決済など資金取引等を行っており、事業活動の円滑化、取引関係の維持、強化及び今後の事業提携など長期的経営戦略遂行のため保有しています。,,
E00877,,,2025-03-31,000,株式会社大阪ソーダ(注) ３,,1466400,2381.0,「マテリアル」セグメントにおいてアクリロニトリル、イオン交換膜の製品販売等、及び原材料購入等を行っており、事業活動の円滑化、取引関係の維持、強化及び今後の事業提携など長期的経営戦略遂行のため保有しています。,,
E00877,,,2025-03-31,000,株式会社三菱ＵＦＪフィナンシャル・グループ,,1120660,2254.0,当社グループと資金調達、決済など資金取引等を行っており、事業活動の円滑化、取引関係の維持、強化及び今後の事業提携など長期的経営戦略遂行のため保有しています。,,
E00877,,,2025-03-31,000,東京海上ホールディングス株式会社,,264000,1514.0,当社グループと保険取引を行っており、事業活動の円滑化、取引関係の維持、強化及び今後の事業提携など長期的経営戦略遂行のため保有しています。,,
E00877,,,2025-03-31,000,株式会社宮崎銀行,,175294,580.0,当社グループと資金調達、決済など資金取引等を行っており、事業活動の円滑化、取引関係の維持、強化及び今後の事業提携など長期的経営戦略遂行のため保有しています。,,
E00877,,,2025-03-31,000,アツギ株式会社,,345100,380.0,「マテリアル」セグメントにおいてポリウレタン繊維の製品販売等を行っており、事業活動の円滑化、取引関係の維持、強化及び今後の事業提携など長期的経営戦略遂行のため保有しています。,,
E00877,,,2025-03-31,000,"Xeris Biopharma Holdings, Inc.",,447686,368.0,CVCの活動として、最先端技術・ビジネスを獲得し、新事業を創出するため保有しています。,,
E00877,,,2025-03-31,000,旭精機工業株式会社,,148900,303.0,「マテリアル」セグメントにおいて化薬の製品販売等を行っており、事業活動の円滑化、取引関係の維持、強化及び今後の事業提携など長期的経営戦略遂行のため保有しています。,,
E00877,,,2025-03-31,000,イオン九州株式会社,,120000,291.0,当社グループと不動産関連取引等を行っており、事業活動の円滑化、取引関係の維持、強化及び今後の事業提携など長期的経営戦略遂行のため保有しています。,,
E00877,,,2025-03-31,000,株式会社ニッチツ,,100000,171.0,事業活動の円滑化、取引関係の維持、強化及び今後の事業提携など長期的経営戦略遂行のため保有しています。,,
E00877,,,2025-03-31,000,北越コーポレーション株式会社,,130000,159.0,「マテリアル」セグメントにおいて接着剤の製品販売等を行っており、事業活動の円滑化、取引関係の維持、強化及び今後の事業提携など長期的経営戦略遂行のため保有しています。,,
E00877,,,2025-03-31,000,三共生興株式会社,,225000,139.0,「マテリアル」セグメントにおいてキュプラ繊維の製品販売等を行っており、事業活動の円滑化、取引関係の維持、強化及び今後の事業提携など長期的経営戦略遂行のため保有しています。,,
E00877,,,2025-03-31,000,株式会社東京ソワール,,80000,67.0,「マテリアル」セグメントにおいてキュプラ繊維の製品販売等を行っており、事業活動の円滑化、取引関係の維持、強化及び今後の事業提携など長期的経営戦略遂行のため保有しています。,,
E00877,,,2025-03-31,000,株式会社サンエー化研,,75000,42.0,「マテリアル」セグメントにおいてポリエチレンの製品販売等を行っており、事業活動の円滑化、取引関係の維持、強化及び今後の事業提携など長期的経営戦略遂行のため保有しています。,,
E00877,,,2025-03-31,000,昭和パックス株式会社,,15000,28.0,「マテリアル」セグメントにおいてポリエチレンの製品販売等、及び原材料購入等を行っており、事業活動の円滑化、取引関係の維持、強化及び今後の事業提携など長期的経営戦略遂行のため保有しています。,,
E00674,,,2024-12-31,000,北越コーポレーション㈱,,782400,1196.0,円滑な当社製品等(仕入)取引関係の維持と強化のため株式追加取得。当該会社との営業上の秘密情報を含むため、保有効果の数値については非開示としますが、保有便益や保有リスクが資本コストに見合っているかを定量的・定期的に検証しております。,,
E00674,,,2024-12-31,000,大和ハウス工業㈱,,159000,772.0,円滑な当社製品等(販売)取引関係の維持と強化。当該会社との営業上の秘密情報を含むため、保有効果の数値については非開示としますが、保有便益や保有リスクが資本コストに見合っているかを定量的・定期的に検証しております。その結果、当事業年度において保有株式を一部売却しております。,,
E00674,,,2024-12-31,000,丸紅㈱,,253000,605.0,円滑な当社製品等(仕入)取引関係の維持と強化。当該会社との営業上の秘密情報を含むため、保有効果の数値については非開示としますが、保有便益や保有リスクが資本コストに見合っているかを定量的・定期的に検証しております。,,
E00674,,,2024-12-31,000,タカラスタンダード㈱,,321767,544.0,（取引先持株会を通じた株式の取得）営業政策等の取引関係の維持を目的として保有しており関係強化のため株式数が増加。当該会社との営業上の秘密情報を含むため、保有効果の数値については非開示としますが、保有便益や保有リスクが資本コストに見合っているかを定量的・定期的に検証しております。,,
E00674,,,2024-12-31,000,㈱三菱ＵＦＪフィナンシャル・グループ,,200000,369.0,金融取引関係の維持と強化。当該会社との営業上の秘密情報を含むため、保有効果の数値については非開示としますが、保有便益や保有リスクが資本コストに見合っているかを定量的・定期的に検証しております。,,
E00674,,,2024-12-31,000,住友不動産㈱,,52500,259.0,円滑な当社製品等(販売)取引関係の維持と強化。当該会社との営業上の秘密情報を含むため、保有効果の数値については非開示としますが、保有便益や保有リスクが資本コストに見合っているかを定量的・定期的に検証しております。,,
E00674,,,2024-12-31,000,㈱ルックホールディングス,,110300,255.0,円滑な当社製品等(販売)取引関係の維持と強化。当該会社との営業上の秘密情報を含むため、保有効果の数値については非開示としますが、保有便益や保有リスクが資本コストに見合っているかを定量的・定期的に検証しております。,,
E00674,,,2024-12-31,000,㈱丸井グループ,,75561,189.0,円滑な当社製品等(販売)取引関係の維持と強化。当該会社との営業上の秘密情報を含むため、保有効果の数値については非開示としますが、保有便益や保有リスクが資本コストに見合っているかを定量的・定期的に検証しております。その結果、当事業年度において保有株式を一部売却しております。,,
E00674,,,2024-12-31,000,大王製紙㈱,,222000,184.0,円滑な当社製品等(仕入)取引関係の維持と強化。当該会社との営業上の秘密情報を含むため、保有効果の数値については非開示としますが、保有便益や保有リスクが資本コストに見合っているかを定量的・定期的に検証しております。,,
E00674,,,2024-12-31,000,㈱フジ,,41935,86.0,（取引先持株会を通じた株式の取得）営業政策等の取引関係の維持を目的として保有しており関係強化のため株式数が増加。当該会社との営業上の秘密情報を含むため、保有効果の数値については非開示としますが、保有便益や保有リスクが資本コストに見合っているかを定量的・定期的に検証しております。,,
E00674,,,2024-12-31,000,イオン㈱,,21963,81.0,円滑な当社製品等(販売)取引関係の維持と強化。当該会社との営業上の秘密情報を含むため、保有効果の数値については非開示としますが、保有便益や保有リスクが資本コストに見合っているかを定量的・定期的に検証しております。,,
E00674,,,2024-12-31,000,㈱チヨダ,,43076,56.0,（取引先持株会を通じた株式の取得）営業政策等の取引関係の維持を目的として保有しており関係強化のため株式数が増加。当該会社との営業上の秘密情報を含むため、保有効果の数値については非開示としますが、保有便益や保有リスクが資本コストに見合っているかを定量的・定期的に検証しております。,,
E00674,,,2024-12-31,000,㈱三井住友フィナンシャルグループ,,12690,47.0,金融取引関係の維持と強化。当該会社との営業上の秘密情報を含むため、保有効果の数値については非開示としますが、保有便益や保有リスクが資本コストに見合っているかを定量的・定期的に検証しております。※株式数増加は株式分割によるものです。,,
E00674,,,2024-12-31,000,大倉工業㈱,,15000,45.0,化成品事業の円滑な当社製品等(仕入)取引関係の維持と環境対応製品の共同開発等の強化。当該会社との営業上の秘密情報を含むため、保有効果の数値については非開示としますが、保有便益や保有リスクが資本コストに見合っているかを定量的・定期的に検証しております。,,
E00674,,,2024-12-31,000,㈱マックハウス,,203021,44.0,（取引先持株会を通じた株式の取得）営業政策等の取引関係の維持を目的として保有しており関係強化のため株式数が増加。当該会社との営業上の秘密情報を含むため、保有効果の数値については非開示としますが、保有便益や保有リスクが資本コストに見合っているかを定量的・定期的に検証しております。,,
E00674,,,2024-12-31,000,㈱ＡＯＫＩホールディングス,,31761,42.0,（取引先持株会を通じた株式の取得）営業政策等の取引関係の維持を目的として保有しており関係強化のため株式数が増加。当該会社との営業上の秘密情報を含むため、保有効果の数値については非開示としますが、保有便益や保有リスクが資本コストに見合っているかを定量的・定期的に検証しております。,,
E00674,,,2024-12-31,000,イオンディライト㈱,,9750,42.0,円滑な当社製品等(販売)取引関係の維持と強化。当該会社との営業上の秘密情報を含むため、保有効果の数値については非開示としますが、保有便益や保有リスクが資本コストに見合っているかを定量的・定期的に検証しております。,,
E00674,,,2024-12-31,000,㈱平和堂,,17802,40.0,（取引先持株会を通じた株式の取得）営業政策等の取引関係の維持を目的として保有しており関係強化のため株式数が増加。当該会社との営業上の秘密情報を含むため、保有効果の数値については非開示としますが、保有便益や保有リスクが資本コストに見合っているかを定量的・定期的に検証しております。,,
E00674,,,2024-12-31,000,㈱イートアンドホールディングス,,18506,40.0,（取引先持株会を通じた株式の取得）営業政策等の取引関係の維持を目的として保有しており関係強化のため株式数が増加。当該会社との営業上の秘密情報を含むため、保有効果の数値については非開示としますが、保有便益や保有リスクが資本コストに見合っているかを定量的・定期的に検証しております。,,
E00674,,,2024-12-31,000,㈱ロック・フィールド,,25706,39.0,（取引先持株会を通じた株式の取得）営業政策等の取引関係の維持を目的として保有しており関係強化のため株式数が増加。当該会社との営業上の秘密情報を含むため、保有効果の数値については非開示としますが、保有便益や保有リスクが資本コストに見合っているかを定量的・定期的に検証しております。,,
E00674,,,2024-12-31,000,日本紙パルプ商事㈱,,56890,38.0,円滑な当社製品等(仕入)取引関係の維持と強化のため株式追加取得。当該会社との営業上の秘密情報を含むため、保有効果の数値については非開示としますが、保有便益や保有リスクが資本コストに見合っているかを定量的・定期的に検証しております。なお、株式数増加は株式分割によるものです。,,
E00674,,,2024-12-31,000,㈱三越伊勢丹ホールディングス,,11500,31.0,円滑な当社製品等(販売)取引関係の維持と強化。当該会社との営業上の秘密情報を含むため、保有効果の数値については非開示としますが、保有便益や保有リスクが資本コストに見合っているかを定量的・定期的に検証しております。,,
E00674,,,2024-12-31,000,三井住友トラストグループ㈱（注２）,,8294,30.0,金融取引関係の維持と強化。当該会社との営業上の秘密情報を含むため、保有効果の数値については非開示としますが、保有便益や保有リスクが資本コストに見合っているかを定量的・定期的に検証しております。,,
E00674,,,2024-12-31,000,福山通運㈱,,8000,29.0,円滑な当社製品等(販売)取引関係の維持と強化。当該会社との営業上の秘密情報を含むため、保有効果の数値については非開示としますが、保有便益や保有リスクが資本コストに見合っているかを定量的・定期的に検証しております。,,
E00674,,,2024-12-31,000,モリト㈱,,16000,24.0,円滑な当社製品等(仕入)取引関係の維持と強化。当該会社との営業上の秘密情報を含むため、保有効果の数値については非開示としますが、保有便益や保有リスクが資本コストに見合っているかを定量的・定期的に検証しております。,,
E00674,,,2024-12-31,000,㈱イズミ,,6662,21.0,円滑な当社製品等(販売)取引関係の維持と強化。当該会社との営業上の秘密情報を含むため、保有効果の数値については非開示としますが、保有便益や保有リスクが資本コストに見合っているかを定量的・定期的に検証しております。,,
E00674,,,2024-12-31,000,㈱セブン＆アイ・ホールディングス,,8481,21.0,円滑な当社製品等(販売)取引関係の維持と強化。当該会社との営業上の秘密情報を含むため、保有効果の数値については非開示としますが、保有便益や保有リスクが資本コストに見合っているかを定量的・定期的に検証しております。なお、株式数増加は株式分割によるものです。,,
E00674,,,2024-12-31,000,丸大食品㈱,,10978,18.0,円滑な当社製品等(販売)取引関係の維持と強化。当該会社との営業上の秘密情報を含むため、保有効果の数値については非開示としますが、保有便益や保有リスクが資本コストに見合っているかを定量的・定期的に検証しております。,,
E00674,,,2024-12-31,000,㈱天満屋ストア,,15164,15.0,（取引先持株会を通じた株式の取得）営業政策等の取引関係の維持を目的として保有しており関係強化のため株式数が増加。当該会社との営業上の秘密情報を含むため、保有効果の数値については非開示としますが、保有便益や保有リスクが資本コストに見合っているかを定量的・定期的に検証しております。,,
E00674,,,2024-12-31,000,㈱近鉄百貨店,,6200,12.0,円滑な当社製品等(販売)取引関係の維持と強化。当該会社との営業上の秘密情報を含むため、保有効果の数値については非開示としますが、保有便益や保有リスクが資本コストに見合っているかを定量的・定期的に検証しております。,,
E00674,,,2024-12-31,000,㈱ジンズホールディングス,,1990,12.0,（取引先持株会を通じた株式の取得）営業政策等の取引関係の維持を目的として保有しており関係強化のため株式数が増加。当該会社との営業上の秘密情報を含むため、保有効果の数値については非開示としますが、保有便益や保有リスクが資本コストに見合っているかを定量的・定期的に検証しております。,,
E00674,,,2024-12-31,000,㈱はるやまホールディングス,,20450,12.0,円滑な当社製品等(販売)取引関係の維持と強化。当該会社との営業上の秘密情報を含むため、保有効果の数値については非開示としますが、保有便益や保有リスクが資本コストに見合っているかを定量的・定期的に検証しております。,,
E00674,,,2024-12-31,000,㈱LIXILグループ,,6518,11.0,円滑な当社製品等(販売)取引関係の維持と強化。当該会社との営業上の秘密情報を含むため、保有効果の数値については非開示としますが、保有便益や保有リスクが資本コストに見合っているかを定量的・定期的に検証しております。,,
E00674,,,2024-12-31,000,㈱エフピコ,,4000,11.0,円滑な当社製品等(仕入)取引関係の維持と強化。当該会社との営業上の秘密情報を含むため、保有効果の数値については非開示としますが、保有便益や保有リスクが資本コストに見合っているかを定量的・定期的に検証しております。,,
E00674,,,2024-12-31,000,㈱ヨンドシーホールディングス,,5874,11.0,（取引先持株会を通じた株式の取得）営業政策等の取引関係の維持を目的として保有しており関係強化のため株式数が増加。当該会社との営業上の秘密情報を含むため、保有効果の数値については非開示としますが、保有便益や保有リスクが資本コストに見合っているかを定量的・定期的に検証しております。,,
E00674,,,2024-12-31,000,スーパーバッグ㈱,,5000,10.0,円滑な当社製品等(販売)取引関係の維持と強化。当該会社との営業上の秘密情報を含むため、保有効果の数値については非開示としますが、保有便益や保有リスクが資本コストに見合っているかを定量的・定期的に検証しております。その結果、当事業年度において保有株式を一部売却しております。,,
E00674,,,2024-12-31,000,ロイヤルホールディングス㈱,,4356,10.0,円滑な当社製品等(販売)取引関係の維持と強化。当該会社との営業上の秘密情報を含むため、保有効果の数値については非開示としますが、保有便益や保有リスクが資本コストに見合っているかを定量的・定期的に検証しております。,,
E00674,,,2024-12-31,000,㈱井筒屋,,22831,9.0,（取引先持株会を通じた株式の取得）営業政策等の取引関係の維持を目的として保有しており関係強化のため株式数が増加。当該会社との営業上の秘密情報を含むため、保有効果の数値については非開示としますが、保有便益や保有リスクが資本コストに見合っているかを定量的・定期的に検証しております。,,
E00674,,,2024-12-31,000,㈱オークワ,,10697,9.0,（取引先持株会を通じた株式の取得）営業政策等の取引関係の維持を目的として保有しており関係強化のため株式数が増加。当該会社との営業上の秘密情報を含むため、保有効果の数値については非開示としますが、保有便益や保有リスクが資本コストに見合っているかを定量的・定期的に検証しております。,,
E00674,,,2024-12-31,000,㈱エディオン,,5050,9.0,円滑な当社製品等(販売)取引関係の維持と強化。当該会社との営業上の秘密情報を含むため、保有効果の数値については非開示としますが、保有便益や保有リスクが資本コストに見合っているかを定量的・定期的に検証しております。,,
E00674,,,2024-12-31,000,㈱長府製作所,,4400,8.0,円滑な当社製品等(販売)取引関係の維持と強化。当該会社との営業上の秘密情報を含むため、保有効果の数値については非開示としますが、保有便益や保有リスクが資本コストに見合っているかを定量的・定期的に検証しております。,,
E00674,,,2024-12-31,000,㈱伊藤園,,2600,8.0,円滑な当社製品等(販売)取引関係の維持と強化。当該会社との営業上の秘密情報を含むため、保有効果の数値については非開示としますが、保有便益や保有リスクが資本コストに見合っているかを定量的・定期的に検証しております。,,
E00674,,,2024-12-31,000,王子ホールディングス㈱,,12304,7.0,円滑な当社製品等(仕入)取引関係の維持と強化。当該会社との営業上の秘密情報を含むため、保有効果の数値については非開示としますが、保有便益や保有リスクが資本コストに見合っているかを定量的・定期的に検証しております。,,
E00674,,,2024-12-31,000,㈱コナカ,,25434,5.0,円滑な当社製品等(販売)取引関係の維持と強化。当該会社との営業上の秘密情報を含むため、保有効果の数値については非開示としますが、保有便益や保有リスクが資本コストに見合っているかを定量的・定期的に検証しております。,,
E00674,,,2024-12-31,000,ゼビオホールディングス㈱,,4680,5.0,円滑な当社製品等(販売)取引関係の維持と強化。当該会社との営業上の秘密情報を含むため、保有効果の数値については非開示としますが、保有便益や保有リスクが資本コストに見合っているかを定量的・定期的に検証しております。,,
E00674,,,2024-12-31,000,エイチ・ツー・オー リテイリング㈱,,2079,4.0,円滑な当社製品等(販売)取引関係の維持と強化。当該会社との営業上の秘密情報を含むため、保有効果の数値については非開示としますが、保有便益や保有リスクが資本コストに見合っているかを定量的・定期的に検証しております。,,
E00674,,,2024-12-31,000,㈱ジーフット,,12000,3.0,円滑な当社製品等(販売)取引関係の維持と強化。当該会社との営業上の秘密情報を含むため、保有効果の数値については非開示としますが、保有便益や保有リスクが資本コストに見合っているかを定量的・定期的に検証しております。,,
E00674,,,2024-12-31,000,㈱スクロール,,1622,1.0,（取引先持株会を通じた株式の取得）営業政策等の取引関係の維持を目的として保有しており関係強化のため株式数が増加。当該会社との営業上の秘密情報を含むため、保有効果の数値については非開示としますが、保有便益や保有リスクが資本コストに見合っているかを定量的・定期的に検証しております。,,
E00674,,,2024-12-31,000,㈱シモジマ,,1200,1.0,円滑な当社製品等(仕入)取引関係の維持と強化。当該会社との営業上の秘密情報を含むため、保有効果の数値については非開示としますが、保有便益や保有リスクが資本コストに見合っているかを定量的・定期的に検証しております。,,
E00674,,,2024-12-31,000,㈱タカキュー,,11000,1.0,円滑な当社製品等(販売)取引関係の維持と強化。当該会社との営業上の秘密情報を含むため、保有効果の数値については非開示としますが、保有便益や保有リスクが資本コストに見合っているかを定量的・定期的に検証しております。,,
E00674,,,2024-12-31,000,平和紙業㈱,,3000,1.0,円滑な当社製品等(仕入)取引関係の維持と強化。当該会社との営業上の秘密情報を含むため、保有効果の数値については非開示としますが、保有便益や保有リスクが資本コストに見合っているかを定量的・定期的に検証しております。,,
E00674,,,2024-12-31,000,㈱ライトオン,,4218,0.0,円滑な当社製品等(販売)取引関係の維持と強化。当該会社との営業上の秘密情報を含むため、保有効果の数値については非開示としますが、保有便益や保有リスクが資本コストに見合っているかを定量的・定期的に検証しております。,,
E00674,,,2024-12-31,000,野崎印刷紙業㈱,,1000,0.0,円滑な当社製品等(仕入)取引関係の維持と強化。当該会社との営業上の秘密情報を含むため、保有効果の数値については非開示としますが、保有便益や保有リスクが資本コストに見合っているかを定量的・定期的に検証しております。,,
E00674,,,2024-12-31,000,パレモ・ホールディングス㈱,,205,0.0,円滑な当社製品等(販売)取引関係の維持と強化。当該会社との営業上の秘密情報を含むため、保有効果の数値については非開示としますが、保有便益や保有リスクが資本コストに見合っているかを定量的・定期的に検証しております。,,
E00360,,,2025-03-31,000,㈱ヤクルト本社,,204810,584425.0,営業取引強化、取引先との良好な関係を構築するため保有しております。業務提携はありません。事業取引の関係性を考慮し、保有効果があると判断しております。取引先持株会に参加しており、毎月定期購入しております。,,
E00360,,,2025-03-31,000,㈱しずおかフィナンシャルグループ,,289485,469834.0,銀行取引強化、取引関係の維持・拡大のため保有しております。業務提携はありません。事業取引の関係性を考慮し、保有効果があると判断しております。,,
E00360,,,2025-03-31,000,東洋水産㈱,,50000,439700.0,営業取引強化、取引先との良好な関係を構築するため保有しております。業務提携はありません。事業取引の関係性を考慮し、保有効果があると判断しております。,,
E00360,,,2025-03-31,000,森永乳業㈱,,132000,411180.0,営業取引強化、取引先との良好な関係を構築するため保有しております。業務提携はありません。事業取引の関係性を考慮し、保有効果があると判断しております。,,
E00360,,,2025-03-31,000,㈱サカタのタネ,,117100,395212.0,営業取引強化、取引先との良好な関係を構築するため保有しております。業務提携はありません。事業取引の関係性を考慮し、保有効果があると判断しております。,,
E00360,,,2025-03-31,000,日本精化㈱,,180000,360180.0,営業取引強化、取引先との良好な関係を構築するため保有しております。業務提携はありません。事業取引の関係性を考慮し、保有効果があると判断しております。,,
E00360,,,2025-03-31,000,山崎製パン㈱,,98000,282240.0,営業取引強化、取引先との良好な関係を構築するため保有しております。業務提携はありません。事業取引の関係性を考慮し、保有効果があると判断しております。,,
E00360,,,2025-03-31,000,福山通運㈱,,49312,178262.0,安定株主確保を目的として保有しております。業務提携はありません。事業活動の展開拡大やその推進を図るため、保有効果があると判断しております。,,
E00360,,,2025-03-31,000,㈱ブルボン,,70000,177520.0,営業取引強化、取引先との良好な関係を構築するため保有しております。業務提携はありません。事業取引の関係性を考慮し、保有効果があると判断しております。,,
E00360,,,2025-03-31,000,㈱伊藤園,,45400,145143.0,営業取引強化、取引先との良好な関係を構築するため保有しております。業務提携はありません。事業取引の関係性を考慮し、保有効果があると判断しております。,,
E00360,,,2025-03-31,000,㈱協和日成,,101000,135946.0,安定株主確保を目的として保有しております。業務提携はありません。事業活動の展開拡大やその推進を図るため、保有効果があると判断しております。,,
E00360,,,2025-03-31,000,エバラ食品工業㈱,,43000,119540.0,営業取引強化、取引先との良好な関係を構築するため保有しております。業務提携はありません。事業取引の関係性を考慮し、保有効果があると判断しております。,,
E00360,,,2025-03-31,000,B-Rサーティワンアイスクリーム㈱,,25000,99750.0,営業取引強化、取引先との良好な関係を構築するため保有しております。業務提携はありません。事業取引の関係性を考慮し、保有効果があると判断しております。,,
E00360,,,2025-03-31,000,光ビジネスフォーム㈱,,100000,84900.0,安定株主確保を目的として保有しております。業務提携はありません。事業活動の展開拡大やその推進を図るため、保有効果があると判断しております。,,
E00360,,,2025-03-31,000,兼松㈱,,27605,69509.0,営業取引強化、取引先との良好な関係を構築するため保有しております。業務提携はありません。事業取引の関係性を考慮し、保有効果があると判断しております。,,
E00360,,,2025-03-31,000,ケイヒン㈱,,14437,33970.0,安定株主確保を目的として保有しております。業務提携はありません。事業活動の展開拡大やその推進を図るため、保有効果があると判断しております。,,
E00360,,,2025-03-31,000,㈱マルイチ産商,,30000,33000.0,営業取引強化、取引先との良好な関係を構築するため保有しております。業務提携はありません。事業取引の関係性を考慮し、保有効果があると判断しております。,,
E00360,,,2025-03-31,000,㈱ウッドワン,,30408,28431.0,安定株主確保を目的として保有しております。業務提携はありません。事業活動の展開拡大やその推進を図るため、保有効果があると判断しております。,,
E00360,,,2025-03-31,000,㈱清水銀行,,9700,14579.0,銀行取引強化、取引関係の維持・拡大のため保有しております。業務提携はありません。事業取引の関係性を考慮し、保有効果があると判断しております。,,
E00360,,,2025-03-31,000,DM三井製糖ホールディングス㈱,,4100,13837.0,営業取引強化、取引先との良好な関係を構築するため保有しております。精製糖の生産に関する業務提携をしております。事業取引の関係性を考慮し、保有効果があると判断しております。,,
E00360,,,2025-03-31,000,塩水港精糖㈱,,10000,3260.0,営業取引強化、取引先との良好な関係を構築するため保有しております。精製糖の共同生産に関する業務提携をしております。事業取引の関係性を考慮し、保有効果があると判断しております。,,
E05348,,,2024-12-31,000,株式会社ソフトフロントホールディングス,,227900,23701.0,当社との事業上のシナジーを期待して保有しておりましたが、資本業務提携を解消したため売却を進めております。,,
E01898,,,2025-03-31,000,㈱デンソー,,4099164,7558.0,従来は、ビジネスの相互維持・発展のため株式を保有していましたが、当社の方針に基づき、2023年度より縮減を進めており、段階的に株式数全量を売却予定です。,,
E01898,,,2025-03-31,000,中央発條㈱,,235228,395.0,自動車業界の動向把握・情報収集を目的に同社の株式を保有していましたが、今後は方針に基づき縮減の方向で対応を進めていきます。,,
E01898,,,2025-03-31,000,豊田合成㈱,,105470,282.0,日本を含む全世界でエアバッグ・シートベルト等を一体化したセイフティシステムの開発・設計・販売・生産に関し提携しているため、同社との協業関係強化を目的として株式を保有しています。,,
E01898,,,2025-03-31,000,愛三工業㈱,,107404,225.0,自動車業界の動向把握・情報収集を目的に同社の株式を保有していましたが、今後は方針に基づき縮減の方向で対応を進めていきます。,,
E01898,,,2025-03-31,000,㈱ＳＵＢＡＲＵ,,70700,187.0,同社は当社の重要な取引先のひとつであり、同社株式を保有していましたが、今後は方針に基づき縮減の方向で対応を進めていきます。,,
E01898,,,2025-03-31,000,豊田通商㈱,,72765,181.0,自動車用スイッチ、キーセット及びステアリングロック等の製造及び販売に関するトウカイリカインドネシア㈱の設立並びにその事業活動継続のため株式を保有しています。なお、株数増加は2024年6月の株式分割によります（1株につき3株の割合で分割）。,,
E01898,,,2025-03-31,000,㈱三井住友フィナンシャルグループ,,44634,169.0,同社とは様々な金融サービスの分野で、グローバルでの協力関係を維持構築していましたが、2024年度より縮減しており、段階的に株式数全量を売却予定です。なお、株式数増加は2024年9月の同社株式分割によります（1株につき3株の割合で分割）。,,
E01898,,,2025-03-31,000,㈱クボタ,,88000,161.0,同社は建機農機を中心とした当社の重要な取引先のひとつであり、当社との事業関係の維持・発展のために同社株式を保有していましたが、今後は方針に基づき縮減の方向で対応を進めていきます。,,
E01898,,,2025-03-31,000,いすゞ自動車㈱,,55000,110.0,同社はトラック部品を中心とした当社の重要な取引先のひとつであり、当社との事業関係の維持・発展のために同社株式を保有していましたが、今後は方針に基づき縮減の方向で対応を進めていきます。,,
E01898,,,2025-03-31,000,スズキ㈱,,42000,76.0,同社は当社の重要な取引先のひとつであり、近年取引額が増加しており、同社との事業関係の維持・発展のために同社株式を保有していましたが、今後は方針に基づき縮減の方向で対応を進めていきます。また、株式数増加は2024年4月の同社株式分割によります（1株につき4株の割合で分割）。,,
E01898,,,2025-03-31,000,㈱ミロク,,34200,38.0,合弁会社ミロクテクノウッドの親会社であり製造等のノウハウ保持のため保有しています。,,
E01898,,,2025-03-31,000,マツダ㈱,,25640,24.0,同社は当社の重要な取引先のひとつであり、近年取引額が増加しており、同社との事業関係の維持・発展のために同社株式を保有していましたが、今後は方針に基づき縮減の方向で対応を進めていきます。,,
E00208,,,2025-01-31,000,住友不動産㈱,,150000,808800.0,ディスプレイ関連事業の取引の安定的、長期的な維持・強化のため保有しております。定量的な保有効果は秘密保持の観点から記載いたしませんが、保有の便益と当社資本コストの比較により経済合理性を取締役会において検証しております。,,
E00208,,,2025-01-31,000,㈱オカムラ,,209000,415074.0,ディスプレイ関連事業の取引の安定的、長期的な維持・強化のため保有しております。定量的な保有効果は秘密保持の観点から記載いたしませんが、保有の便益と当社資本コストの比較により経済合理性を取締役会において検証しております。,,
E00208,,,2025-01-31,000,㈱三菱ＵＦＪフィナンシャル・グループ,,174300,344852.0,安定的な銀行取引の関係強化のため保有しております。定量的な保有効果は秘密保持の観点から記載いたしませんが、保有の便益と当社資本コストの比較により経済合理性を取締役会において検証しております。,,
E00208,,,2025-01-31,000,㈱三井住友フィナンシャルグループ,,25173,97369.0,安定的な銀行取引の関係強化のため保有しております。定量的な保有効果は秘密保持の観点から記載いたしませんが、保有の便益と当社資本コストの比較により経済合理性を取締役会において検証しております。株式数増加の理由は株式分割によるものであります。,,
E00208,,,2025-01-31,000,第一生命ホールディングス㈱,,12900,54966.0,安定的な生命保険取引の関係強化のため保有しております。定量的な保有効果は秘密保持の観点から記載いたしませんが、保有の便益と当社資本コストの比較により経済合理性を取締役会において検証しております。,,
E00208,,,2025-01-31,000,J.フロントリテイリング㈱,,22303,48722.0,ディスプレイ関連事業の取引の安定的、長期的な維持・強化のため保有しております。定量的な保有効果は秘密保持の観点から記載いたしませんが、保有の便益と当社資本コストの比較により経済合理性を取締役会において検証しております。株式数増加の理由は、取引先持株会での定期買付によるものです。,,
E00208,,,2025-01-31,000,京浜急行電鉄㈱,,31907,43457.0,ディスプレイ関連事業の取引の安定的、長期的な維持・強化のため保有しております。定量的な保有効果は秘密保持の観点から記載いたしませんが、保有の便益と当社資本コストの比較により経済合理性を取締役会において検証しております。株式数増加の理由は、取引先持株会での定期買付によるものです。,,
E00208,,,2025-01-31,000,㈱オリエンタルランド,,9335,32683.0,ディスプレイ関連事業の取引の安定的、長期的な維持・強化のため保有しております。定量的な保有効果は秘密保持の観点から記載いたしませんが、保有の便益と当社資本コストの比較により経済合理性を取締役会において検証しております。株式数増加の理由は、取引先持株会での定期買付によるものです。,,
E00208,,,2025-01-31,000,㈱三越伊勢丹ホールディングス,,10000,26970.0,ディスプレイ関連事業の取引の安定的、長期的な維持・強化のため保有しております。定量的な保有効果は秘密保持の観点から記載いたしませんが、保有の便益と当社資本コストの比較により経済合理性を取締役会において検証しております。,,
E00208,,,2025-01-31,000,京成電鉄㈱,,15000,22275.0,ディスプレイ関連事業の取引の安定的、長期的な維持・強化のため保有しております。定量的な保有効果は秘密保持の観点から記載いたしませんが、保有の便益と当社資本コストの比較により経済合理性を取締役会において検証しております。株式数増加の理由は株式分割によるものであります。,,
E00208,,,2025-01-31,000,㈱電通グループ,,4976,17938.0,ディスプレイ関連事業の取引の安定的、長期的な維持・強化のため保有しております。定量的な保有効果は秘密保持の観点から記載いたしませんが、保有の便益と当社資本コストの比較により経済合理性を取締役会において検証しております。,,
E00208,,,2025-01-31,000,キヤノンマーケティングジャパン㈱,,3400,17346.0,ディスプレイ関連事業の取引の安定的、長期的な維持・強化のため保有しております。定量的な保有効果は秘密保持の観点から記載いたしませんが、保有の便益と当社資本コストの比較により経済合理性を取締役会において検証しております。,,
E00208,,,2025-01-31,000,㈱乃村工藝社,,8580,7859.0,ディスプレイ関連事業の取引の安定的、長期的な維持・強化のため保有しております。定量的な保有効果は秘密保持の観点から記載いたしませんが、保有の便益と当社資本コストの比較により経済合理性を取締役会において検証しております。,,
E00208,,,2025-01-31,000,小田急電鉄㈱,,3530,5207.0,ディスプレイ関連事業の取引の安定的、長期的な維持・強化のため保有しております。定量的な保有効果は秘密保持の観点から記載いたしませんが、保有の便益と当社資本コストの比較により経済合理性を取締役会において検証しております。,,
E00208,,,2025-01-31,000,アサヒグループホールディングス㈱,,3000,5052.0,ディスプレイ関連事業の取引の安定的、長期的な維持・強化のため保有しております。定量的な保有効果は秘密保持の観点から記載いたしませんが、保有の便益と当社資本コストの比較により経済合理性を取締役会において検証しております。株式数増加の理由は株式分割によるものであります。,,
E00208,,,2025-01-31,000,㈱スペース,,2530,2823.0,ディスプレイ関連事業の取引の安定的、長期的な維持・強化のため保有しております。定量的な保有効果は秘密保持の観点から記載いたしませんが、保有の便益と当社資本コストの比較により経済合理性を取締役会において検証しております。,,
E00208,,,2025-01-31,000,キリンホールディングス㈱,,1000,1964.0,ディスプレイ関連事業の取引の安定的、長期的な維持・強化のため保有しております。定量的な保有効果は秘密保持の観点から記載いたしませんが、保有の便益と当社資本コストの比較により経済合理性を取締役会において検証しております。,,
E00208,,,2025-01-31,000,インターライフホールディングス㈱,,1500,481.0,ディスプレイ関連事業の取引の安定的、長期的な維持・強化のため保有しております。定量的な保有効果は秘密保持の観点から記載いたしませんが、保有の便益と当社資本コストの比較により経済合理性を取締役会において検証しております。,,
E00208,,,2025-01-31,000,㈱ラックランド,,100,184.0,ディスプレイ関連事業の取引の安定的、長期的な維持・強化のため保有しております。定量的な保有効果は秘密保持の観点から記載いたしませんが、保有の便益と当社資本コストの比較により経済合理性を取締役会において検証しております。,,
E00208,,,2025-01-31,000,㈱テー・オー・ダブリュー,,400,124.0,ディスプレイ関連事業の取引の安定的、長期的な維持・強化のため保有しております。定量的な保有効果は秘密保持の観点から記載いたしませんが、保有の便益と当社資本コストの比較により経済合理性を取締役会において検証しております。,,
E00098,,,2025-03-31,000,(株)Ｔ＆Ｄホールディングス,,300150,952.0,金融機関として、取引関係の円滑化のため保有しており、保有目的、経済合理性の観点を踏まえて、保有の意義を検証しております。,,
E00098,,,2025-03-31,000,(株)三井住友フィナンシャルグループ,,215700,818.0,金融機関として、取引関係の円滑化のため保有しており、保有目的、経済合理性の観点を踏まえて、保有の意義を検証しております。当事業年度で株式分割が行われたため、株式数が増加した一方、当事業年度において一部売却しております。,,
E00098,,,2025-03-31,000,大成建設(株),,86395,570.0,当社の元請事業者であり、建設工事の受注や施工を通じた取引関係の円滑化のため保有しており、保有目的、経済合理性の観点を踏まえて、保有の意義を検証しております。取引先持株会を通じた取得により株式数が増加しております。,,
E00098,,,2025-03-31,000,名工建設(株),,239800,310.0,当社の元請事業者であり、建設工事の受注や施工を通じた取引関係の円滑化のため保有しており、保有目的、経済合理性の観点を踏まえて、保有の意義を検証しております。事業の円滑な遂行及び利益の向上に資すると判断し、当該銘柄の株式を追加取得したため、株式数が増加しております。,,
E00098,,,2025-03-31,000,(株)建設技術研究所,,94600,223.0,業界動向等の情報収集のために保有しており、保有目的、経済合理性の観点を踏まえて、保有の意義を検証しております。当事業年度で株式分割が行われたため、株式数が増加した一方、当事業年度において一部売却しております。,,
E00098,,,2025-03-31,000,岡部(株),,228000,194.0,当社の建設資材の調達先であり、調達関係の強化及び円滑化を図ることを目的に保有しており、保有目的、経済合理性の観点を踏まえて、保有の意義を検証しております。,,
E00098,,,2025-03-31,000,第一建設工業(株),,55000,143.0,当社の元請事業者であり、建設工事の受注や施工を通じた取引関係の円滑化のため保有しており、保有目的、経済合理性の観点を踏まえて、保有の意義を検証しております。,,
E00098,,,2025-03-31,000,(株)ほくほくフィナンシャルグループ,,40400,103.0,金融機関として、取引関係の円滑化のため保有しており、保有目的、経済合理性の観点を踏まえて、保有の意義を検証しております。,,
E00098,,,2025-03-31,000,鉄建建設(株),,27361,68.0,当社の元請事業者であり、建設工事の受注や施工を通じた取引関係の円滑化のため保有しており、保有目的、経済合理性の観点を踏まえて、保有の意義を検証しております。取引先持株会を通じた取得により株式数が増加しております。,,
E00098,,,2025-03-31,000,三井住友トラストグループ(株),,16000,59.0,金融機関として、取引関係の円滑化のため保有しており、保有目的、経済合理性の観点を踏まえて、保有の意義を検証しております。,,
E00098,,,2025-03-31,000,五洋建設(株),,67307,47.0,当社の元請事業者であり、建設工事の受注や施工を通じた取引関係の円滑化のため保有しており、保有目的、経済合理性の観点を踏まえて、保有の意義を検証しております。取引先持株会を通じた取得により株式数が増加しております。,,
E00098,,,2025-03-31,000,(株)デュアルタップ,,30000,36.0,当社の元請事業者であり、建設工事の受注や施工を通じた取引関係の円滑化のため保有しております。取引関係の円滑化のため保有しており、保有目的、経済合理性の観点を踏まえて、保有の意義を検証しております。,,
E00098,,,2025-03-31,000,(株)大林組,,10500,20.0,当社の元請事業者であり、建設工事の受注や施工を通じた取引関係の円滑化のため保有しており、保有目的、経済合理性の観点を踏まえて、保有の意義を検証しております。,,
E02024,,,2025-03-31,000,北陸電気工業㈱,,410000,605.0,保有目的：主に電子デバイス事業（車載関連事業）において、取引関係の強化のために、継続して保有しております。定量的な保有効果：守秘義務の観点から記載しておりませんが、今後、取引関係が強化される場合、上述の保有方針及び保有の合理性を検証する方法に基づき、定量的な保有効果を有して行くものと判断しております。,,
E02024,,,2025-03-31,000,㈱日本マイクロニクス,,160000,556.0,保有目的：主に半導体等装置関連セグメントにおける取引関係の維持・強化のため、継続して保有しております。定量的な保有効果：守秘義務の観点から記載しておりませんが、上述の保有方針及び保有の合理性を検証する方法に基づき、定量的な保有効果を有していると判断しております。,,
E02024,,,2025-03-31,000,グローブライド㈱,,165400,317.0,保有目的：主に半導体等装置関連セグメントにおける取引関係の維持・強化のため、継続して保有しております。定量的な保有効果：守秘義務の観点から記載しておりませんが、上述の保有方針及び保有の合理性を検証する方法に基づき、定量的な保有効果を有していると判断しております。,,
E02024,,,2025-03-31,000,㈱SCREENホールディングス,,12535,120.0,保有目的：主に半導体等装置関連セグメントにおける取引関係の維持・強化のため、継続して保有しております。定量的な保有効果：守秘義務の観点から記載しておりませんが、上述の保有方針及び保有の合理性を検証する方法に基づき、定量的な保有効果を有していると判断しております。株式数が増加した理由：取引強化のため加入している取引先持株会での定期買付により、株式数が増加しております。,,
E02024,,,2025-03-31,000,㈱三菱UFJフィナンシャル・グループ,,28350,57.0,保有目的：金融取引の維持・強化のために、継続して保有しております。定量的な保有効果：守秘義務の観点から記載しておりませんが、上述の保有方針及び保有の合理性を検証する方法に基づき、定量的な保有効果を有していると判断しております。,,
E02024,,,2025-03-31,000,㈱北日本銀行,,16250,52.0,保有目的：金融取引の維持・強化のために、継続して保有しております。定量的な保有効果：守秘義務の観点から記載しておりませんが、上述の保有方針及び保有の合理性を検証する方法に基づき、定量的な保有効果を有していると判断しております。,,
E02024,,,2025-03-31,000,東京コスモス電機㈱,,7000,43.0,保有目的：主に電子デバイス事業（車載関連事業）において、提携等の関係構築のため、当事業年度に新たに取得しました。定量的な保有効果：守秘義務の観点から記載しておりませんが、今後、提携関係が構築される場合、上述の保有方針及び保有の合理性を検証する方法に基づき、定量的な保有効果を有して行くものと判断しております。,,
E05550,,,2025-03-31,000,㈱三菱ＵＦＪフィナンシャル・グループ,,30160.00,60.0,同社傘下の株式会社三菱UFJ銀行は当社グループの取引金融機関であり、安定的な取引関係を維持するために保有しております。上記の目的により保有しているため、定量的な保有効果の記載は困難でありますが、保有の合理性について、取引状況及び事業運営上の必要性等を取締役会で検討しております。,,
E05550,,,2025-03-31,000,㈱電通グループ,,1320.00,4.0,主に当社グループのコンサート・イベント事業における重要な顧客であり、同社との事業上の関係強化のために保有しております。上記の目的により保有しているため、定量的な保有効果の記載は困難でありますが、保有の合理性について、取引状況及び事業運営上の必要性等を取締役会で検討しております。,,
E05550,,,2025-03-31,000,㈱みずほフィナンシャルグループ,,2210.00,8.0,同社傘下の株式会社みずほ銀行は当社グループの取引金融機関であり、安定的な取引関係を維持するために保有しております。上記の目的により保有しているため、定量的な保有効果の記載は困難でありますが、保有の合理性について、取引状況及び事業運営上の必要性等を取締役会で検討しております。,,
E05550,,,2025-03-31,000,㈱三井住友フィナンシャルグループ,,1134.00,4.0,同社傘下の株式会社三井住友銀行は当社グループの取引金融機関であり、安定的な取引関係を維持するために保有しております。上記の目的により保有しているため、定量的な保有効果の記載は困難でありますが、保有の合理性について、取引状況及び事業運営上の必要性等を取締役会で検討しております。（注２）,,
E01431,,,2024-12-31,000,高砂熱学工業㈱,,40787,259166.0,・同社は当社の空調製品の販売先であり、相互の事業拡大や取引関係の強化を目的に株式を保有しております。・取引先持株会を通じた株式の取得。,,
E01431,,,2024-12-31,000,ダイダン㈱,,36535,141025.0,・同社は当社の空調製品の販売先であり、相互の事業拡大や取引関係の強化を目的に株式を保有しております。・取引先持株会を通じた株式の取得。,,
E01431,,,2024-12-31,000,朝日工業社㈱,,43790,99622.0,・同社は当社の空調製品の販売先であり、相互の事業拡大や取引関係の強化を目的に株式を保有しております。・取引先持株会を通じた株式の取得。,,
E01431,,,2024-12-31,000,㈱大気社,,18980,94903.0,・同社は当社の空調製品の販売先であり、相互の事業拡大や取引関係の強化を目的に株式を保有しております。・取引先持株会を通じた株式の取得。,,
E01431,,,2024-12-31,000,㈱西日本フィナンシャルホールディングス,,30180,61174.0,・同社は当社の主力取引銀行の一つであり、当社の財務活動円滑化のため、株式を保有しております。,,
E01431,,,2024-12-31,000,新日本空調㈱,,12301,50214.0,・同社は当社の空調製品の販売先であり、相互の事業拡大や取引関係の強化を目的に株式を保有しております。・取引先持株会を通じた株式の取得。,,
E01431,,,2024-12-31,000,㈱テクノ菱和,,15300,42518.0,・同社は当社の空調製品の販売先であり、相互の事業拡大や取引関係の強化を目的に株式を保有しております。,,
E01431,,,2024-12-31,000,㈱南陽,,13000,14872.0,・同社は当社の空調製品の販売取引において協力関係にある取引先であり、相互の事業拡大や取引関係の強化を目的に株式を保有しております,,
E01431,,,2024-12-31,000,第一生命ホールディングス㈱,,400,1694.0,・同社は当社の空調製品の販売取引において協力関係にある取引先であり、相互の事業拡大や取引関係の強化を目的に株式を保有しております,,
E01431,,,2024-12-31,000,㈱高田工業所,,500,824.0,・同社は当社の空調製品の販売取引において協力関係にある取引先であり、相互の事業拡大や取引関係の強化を目的に株式を保有しております,,
E31640,,,2025-03-31,000,ＡＧＳ株式会社,,100000,82000.0,同社に対してハードウェア製品等を提供しており、取引関係の維持、強化のため、保有しております。経営方針・経営戦略等、事業の内容とセグメント情報とを関連づけた定量的な保有効果の記載は困難でありますが、保有の合理性は、取締役会において保有目的、経済合理性等を総合的に勘案し、検証しております。,,
E36460,,,2024-12-31,000,㈱トーカイ,,115400,263.0,情報サービス事業及び収納代行サービス事業における重要な取引先であり、取引関係の維持・発展を図るため保有しております。定量的な保有効果についての記載は困難でありますが、取締役会にて同社との関係性を踏まえ検証した結果、保有する合理性があると判断しております。,,
E36460,,,2024-12-31,000,㈱ヒマラヤ,,301950,256.0,情報サービス事業における重要な取引先であり、取引関係の維持・発展を図るため保有しております。定量的な保有効果についての記載は困難でありますが、取締役会にて同社との関係性を踏まえ検証した結果、保有する合理性があると判断しております。,,
E36460,,,2024-12-31,000,㈱十六フィナンシャルグループ,,35200,150.0,同社とは、2022年３月１日には合弁会社である十六電算デジタルサービス株式会社を設立いたしました。同行社グループ会社からの安定的な資金調達や地銀ならではの情報・ネットワークの利活用を通じ、当社グループの財務体質の健全化や効率的な事業展開を図るため保有しております。定量的な保有効果についての記載は困難でありますが、取締役会にて同社との関係性を踏まえ検証した結果、保有する合理性があると判断しております。,,
E36460,,,2024-12-31,000,サンメッセ㈱,,205000,76.0,情報サービス事業における重要な取引先であり、取引関係の維持・発展を図るため保有しております。定量的な保有効果についての記載は困難でありますが、取締役会にて同社との関係性を踏まえ検証した結果、保有する合理性があると判断しております。,,
E36460,,,2024-12-31,000,㈱大垣共立銀行,,30700,59.0,同行からの安定的な資金調達や地銀ならではの情報・ネットワークの利活用を通じ、当社グループの財務体質の健全化や効率的な事業展開を図るため保有しております。定量的な保有効果についての記載は困難でありますが、取締役会にて同社との関係性を踏まえ検証した結果、保有する合理性があると判断しております。,,
E36460,,,2024-12-31,000,太平洋工業㈱,,13300,18.0,情報サービス事業における重要な取引先であり、取引関係の維持・発展を図るため保有しております。定量的な保有効果についての記載は困難でありますが、取締役会にて同社との関係性を踏まえ検証した結果、保有する合理性があると判断しております。,,
E36460,,,2024-12-31,000,ハビックス㈱,,38700,17.0,情報サービス事業における重要な取引先であり、取引関係の維持・発展を図るため保有しております。定量的な保有効果についての記載は困難でありますが、取締役会にて同社との関係性を踏まえ検証した結果、保有する合理性があると判断しております。,,
E36460,,,2024-12-31,000,レシップホールディングス㈱,,34500,16.0,情報サービス事業における重要な取引先であり、取引関係の維持・発展を図るため保有しております。定量的な保有効果についての記載は困難でありますが、取締役会にて同社との関係性を踏まえ検証した結果、保有する合理性があると判断しております。,,
E36460,,,2024-12-31,000,福島印刷㈱,,36000,12.0,情報サービス事業、収納代行サービス事業のニーズに応じた同社の商品やサービスの提案・提供を通じ、当社グループの業務の効率化や事業活動の円滑化を図るため保有しております。定量的な保有効果についての記載は困難でありますが、取締役会にて同社との関係性を踏まえ検証した結果、保有する合理性があると判断しております。,,
E36460,,,2024-12-31,000,かっこ㈱,,8100,4.0,収納代行サービス事業のニーズに応じた同社の商品やサービスの提案・提供を通じ、当社グループの業務の効率化や事業活動の円滑化を図るため保有しております。定量的な保有効果についての記載は困難でありますが、取締役会にて同社との関係性を踏まえ検証した結果、保有する合理性があると判断しております。,,
E00397,,,2024-12-31,000,山崎製パン㈱,,253000,744.0,酒類セグメントにおける販売先であり、取引関係の維持・強化のため保有しております。,,
E00397,,,2024-12-31,000,㈱三菱ＵＦＪフィナンシャル・グループ,,239000,441.0,主要な取引金融機関として、資金の安定調達等の維持・強化のため保有しております。,,
E00397,,,2024-12-31,000,ＳＯＭＰＯホールディングス㈱,,78750,324.0,保険調達等の取引関係の維持・強化のため保有しております。株式数の増加は、株式の分割によるものであります。,,
E00397,,,2024-12-31,000,㈱みずほフィナンシャルグループ,,52700,204.0,主要な取引金融機関として、資金の安定調達等の維持・強化のため保有しております。,,
E00397,,,2024-12-31,000,㈱北洋銀行,,257000,117.0,主要な取引金融機関として、資金の安定調達等の維持・強化のため保有しております。,,
E00397,,,2024-12-31,000,㈱三越伊勢丹ホールディングス,,37400,102.0,酒類セグメントにおける販売先であり、取引関係の維持・強化のため保有しております。,,
E00397,,,2024-12-31,000,㈱巴コーポレーション,,78000,77.0,不動産セグメントの取引先として、取引関係の維持・強化のため保有しております。,,
E00397,,,2024-12-31,000,第一生命ホールディングス㈱,,13000,55.0,保険調達、人事制度の支援、資金の安定調達等の維持・強化のため保有しております。,,
E00397,,,2024-12-31,000,㈱大庄,,31800,34.0,酒類セグメントにおける販売先であり、取引関係の維持・強化のため保有しております。,,
E00397,,,2024-12-31,000,チムニー㈱,,16510,20.0,酒類セグメントにおける販売先であり、取引関係の維持・強化のため保有しております。なお、取引先持株会において継続的に取得しているため、株式数が増加しております。,,
E00397,,,2024-12-31,000,㈱ヴィア・ホールディングス,,100094,13.0,酒類セグメントにおける販売先であり、取引関係の維持・強化のため保有しております。,,
E00397,,,2024-12-31,000,雪印メグミルク㈱,,200,0.0,酒類セグメントにおける販売先であり、取引関係の維持・強化のため保有しております。,,
E05498,,,2024-08-31,000,㈱TAKARA & COMPANY,,28600,82596.0,営業取引関係の維持・強化,,
E03003,,,2025-03-31,000,エーザイ株式会社,,217400,901.0,（保有目的）主として医薬品卸売事業における安定的な商品取引関係および医薬品専門情報収集等の強化のため（定量的な保有効果）　（注）,,
E03003,,,2025-03-31,000,大塚ホールディングス株式会社,,170600,1322.0,（保有目的）主として医薬品卸売事業における安定的な商品取引関係および医薬品専門情報収集等の強化のため（定量的な保有効果）　（注）,,
E03003,,,2025-03-31,000,東邦ホールディングス株式会社,,260800,1163.0,（保有目的）業界動向把握のため（定量的な保有効果）　（注）,,
E03003,,,2025-03-31,000,キッセイ薬品工業株式会社,,153755,591.0,（保有目的）主として医薬品卸売事業における安定的な商品取引関係および医薬品専門情報収集等の強化のため（株式数が増加した理由）医薬品専門情報収集等を強化するため取引先持株会に加入し株式を取得（定量的な保有効果）　（注）,,
E03003,,,2025-03-31,000,株式会社バイタルケーエスケーホールディングス,,307300,386.0,（保有目的）主として医薬品卸売事業における協業関係維持・強化のため（定量的な保有効果）　（注）,,
E03003,,,2025-03-31,000,株式会社ほくほくフィナンシャルグループ,,105000,269.0,（保有目的）当社グループの安定的な資金調達および金融専門情報取得等の金融取引関係の円滑化のため（定量的な保有効果）　（注）,,
E03003,,,2025-03-31,000,久光製薬株式会社,,52300,211.0,（保有目的）主として医薬品卸売事業における安定的な商品取引関係および医薬品専門情報収集等の強化のため（株式数が増加した理由）医薬品専門情報収集等を強化するため取引先持株会に加入し株式を取得（定量的な保有効果）　（注）,,
E03003,,,2025-03-31,000,株式会社北洋銀行,,440500,227.0,（保有目的）当社グループの安定的な資金調達および金融専門情報取得等の金融取引関係の円滑化のため（定量的な保有効果）　（注）,,
E03003,,,2025-03-31,000,中道リース株式会社,,100000,55.0,（保有目的）地場企業としての関係強化のため（定量的な保有効果）　（注）,,
E03003,,,2025-03-31,000,小林製薬株式会社,,6615,37.0,（保有目的）主として医薬品卸売事業における安定的な商品取引関係および医薬品専門情報収集等の強化のため（株式数が増加した理由）医薬品専門情報収集等を強化するため取引先持株会に加入し株式を取得（定量的な保有効果）　（注）,,
E03003,,,2025-03-31,000,扶桑薬品工業株式会社,,10300,25.0,（保有目的）主として医薬品卸売事業における安定的な商品取引関係および医薬品専門情報収集等の強化のため（定量的な保有効果）　（注）,,
E03003,,,2025-03-31,000,株式会社三井住友フィナンシャルグループ,,6300,23.0,（保有目的）当社グループの安定的な資金調達および金融専門情報取得等の金融取引関係の円滑化のため（株式数が増加した理由）株式分割によるもの（定量的な保有効果）　（注）,,
E03003,,,2025-03-31,000,わかもと製薬株式会社,,77400,24.0,（保有目的）主として医薬品卸売事業における安定的な商品取引関係および医薬品専門情報収集等の強化のため（定量的な保有効果）　（注）,,
E03003,,,2025-03-31,000,第一生命ホールディングス株式会社,,11600,13.0,（保有目的）保険取引関係の円滑化のため（株式数が増加した理由）株式分割によるもの（定量的な保有効果）　（注）,,
E03003,,,2025-03-31,000,日本ケミファ株式会社,,2800,4.0,（保有目的）主として医薬品卸売事業における安定的な商品取引関係および医薬品専門情報収集等の強化のため（定量的な保有効果）　（注）,,
E03003,,,2025-03-31,000,森下仁丹株式会社,,1300,2.0,（保有目的）主として医薬品卸売事業における安定的な商品取引関係および医薬品専門情報収集等の強化のため（定量的な保有効果）　（注）,,
E03003,,,2025-03-31,000,日本ハム株式会社,,500,2.0,（保有目的）地場関連企業としての支援のため（定量的な保有効果）　（注）,,
E03003,,,2025-03-31,000,北海道電力株式会社,,2800,2.0,（保有目的）地場企業としての関係強化のため（定量的な保有効果）　（注）,,
E03003,,,2025-03-31,000,アステナホールディングス株式会社,,2800,1.0,（保有目的）主として医薬品卸売事業における安定的な商品取引関係および医薬品専門情報収集等の強化のため（定量的な保有効果）　（注）,,
E03003,,,2025-03-31,000,雪印メグミルク株式会社,,100,0.0,（保有目的）地場関連企業として関係強化（定量的な保有効果）　（注）,,
E03003,,,2025-03-31,000,塩野義製薬株式会社,,217400,901.0,（保有目的）主として医薬品卸売事業における安定的な商品取引関係および医薬品専門情報収集等の強化のため（定量的な保有効果）　（注）,,
E03003,,,2025-03-31,000,第一三共株式会社,,170600,1322.0,（保有目的）主として医薬品卸売事業における安定的な商品取引関係および医薬品専門情報収集等の強化のため（定量的な保有効果）　（注）,,
E03003,,,2025-03-31,000,アステラス製薬株式会社,,260800,1163.0,（保有目的）業界動向把握のため（定量的な保有効果）　（注）,,
E03003,,,2025-03-31,000,小野薬品工業株式会社,,153755,591.0,（保有目的）主として医薬品卸売事業における安定的な商品取引関係および医薬品専門情報収集等の強化のため（株式数が増加した理由）医薬品専門情報収集等を強化するため取引先持株会に加入し株式を取得（定量的な保有効果）　（注）,,
E03003,,,2025-03-31,000,持田製薬株式会社,,307300,386.0,（保有目的）主として医薬品卸売事業における協業関係維持・強化のため（定量的な保有効果）　（注）,,
E03003,,,2025-03-31,000,ゼリア新薬工業株式会社,,105000,269.0,（保有目的）当社グループの安定的な資金調達および金融専門情報取得等の金融取引関係の円滑化のため（定量的な保有効果）　（注）,,
E03003,,,2025-03-31,000,鳥居薬品株式会社,,52300,211.0,（保有目的）主として医薬品卸売事業における安定的な商品取引関係および医薬品専門情報収集等の強化のため（株式数が増加した理由）医薬品専門情報収集等を強化するため取引先持株会に加入し株式を取得（定量的な保有効果）　（注）,,
E03003,,,2025-03-31,000,杏林製薬株式会社,,440500,227.0,（保有目的）当社グループの安定的な資金調達および金融専門情報取得等の金融取引関係の円滑化のため（定量的な保有効果）　（注）,,
E03003,,,2025-03-31,000,協和キリン株式会社,,100000,55.0,（保有目的）地場企業としての関係強化のため（定量的な保有効果）　（注）,,
E03003,,,2025-03-31,000,明治ホールディングス株式会社,,6615,37.0,（保有目的）主として医薬品卸売事業における安定的な商品取引関係および医薬品専門情報収集等の強化のため（株式数が増加した理由）医薬品専門情報収集等を強化するため取引先持株会に加入し株式を取得（定量的な保有効果）　（注）,,
E03003,,,2025-03-31,000,武田薬品工業株式会社,,10300,25.0,（保有目的）主として医薬品卸売事業における安定的な商品取引関係および医薬品専門情報収集等の強化のため（定量的な保有効果）　（注）,,
E03003,,,2025-03-31,000,住友ファーマ株式会社,,6300,23.0,（保有目的）当社グループの安定的な資金調達および金融専門情報取得等の金融取引関係の円滑化のため（株式数が増加した理由）株式分割によるもの（定量的な保有効果）　（注）,,
E04194,,,2025-03-31,000,㈱ワークマン,,71600,300.0,（保有目的）継続的取引関係の維持（定量的な保有効果）（注）１,,
E04194,,,2025-03-31,000,㈱アイティフォー,,250000,371.0,（保有目的）継続的取引関係の維持（定量的な保有効果）（注）１,,
E04194,,,2025-03-31,000,㈱ヒガシホールディングス,,180000,218.0,（保有目的）継続的取引関係の維持（定量的な保有効果）（注）１（営業上の取引）販売先（業務上の提携）相互に営業エリアや業務、拠点の補完、並びに情報の共有,,
E04194,,,2025-03-31,000,㈱メディパルホールディングス,,60180,140.0,（保有目的）継続的取引関係の維持（定量的な保有効果）（注）１（営業上の取引）販売先,,
E04194,,,2025-03-31,000,東部ネットワーク㈱,,78000,67.0,（保有目的）継続的取引関係の維持（定量的な保有効果）（注）１（営業上の取引）販売先（業務上の提携）相互に営業エリアや業務、拠点の補完、並びに情報の共有,,
E04194,,,2025-03-31,000,東洋証券㈱,,150000,76.0,（保有目的）株式情報収集関係の維持（定量的な保有効果）（注）１,,
E04194,,,2025-03-31,000,㈱みずほフィナンシャルグループ,,17674,71.0,（保有目的）金融機関関係強化（定量的な保有効果）（注）１,,
E04194,,,2025-03-31,000,㈱三井住友フィナンシャルグループ,,12300,46.0,（保有目的）金融機関関係強化（定量的な保有効果）（注）１（株式数が増加した理由）１株につき３株の割合で株式分割,,
E04194,,,2025-03-31,000,ＫＤＤＩ㈱,,4200,19.0,（保有目的）継続的取引関係の維持（定量的な保有効果）（注）１,,
E04194,,,2025-03-31,000,㈱りそなホールディングス,,26000,33.0,（保有目的）金融機関関係強化（定量的な保有効果）（注）１,,
E04194,,,2025-03-31,000,㈱三洋堂ホールディングス,,21712,14.0,（保有目的）継続的取引関係の維持（定量的な保有効果）（注）１（営業上の取引）販売先（株式数が増加した理由）継続的取引関係の維持,,
E04194,,,2025-03-31,000,ＮＫＫスイッチズ㈱,,1800,8.0,（保有目的）継続的取引関係の維持（定量的な保有効果）（注）１,,
E04194,,,2025-03-31,000,㈱コックス,,5544,1.0,（保有目的）継続的取引関係の維持（定量的な保有効果）（注）１,,
E04194,,,2025-03-31,000,日本ロジテム㈱,,100,0.0,（保有目的）継続的取引関係の維持（定量的な保有効果）（注）１,,
E03456,,,2025-03-31,000,㈱ダスキン,,3398.261,12366.0,ミスタードーナツのフランチャイズ本部であり、継続的な営業取引及び関係性の維持のために保有しております。株式数の増加は、取引先持株会を通じた取得によるものであります。,,
E03456,,,2025-03-31,000,㈱ほくほくフィナンシャルグループ,,3627.125,9314.0,主要金融機関であり、取引の円滑化を図るために保有しております。株式数の増加は、株式累積投資による取得によるものです。,,
E03456,,,2025-03-31,000,㈱モスフードサービス,,813.818,2978.0,モスバーガーのフランチャイズ本部であり、継続的な営業取引及び関係性の維持のために保有しております。株式数の増加は、取引先持株会を通じた取得によるものであります。,,
E00633,,,2025-03-31,000,大東建託㈱（協力会持株会）,,760,11.0,主要販売先であり、円滑な取引関係を維持するため持株会に加入しております。株式数の増加は持株会への拠出によるものであります。,,
E01591,,,2024-12-31,000,太平電業㈱,,381650,1919.0,当社インダストリアル事業に関わる安定した取引関係の維持・拡大を目的として保有,,
E01591,,,2024-12-31,000,岩谷産業㈱,,961600,1729.0,当社インダストリアル事業・メディカル事業に関わる安定した取引関係の維持・拡大を目的として保有,,
E01591,,,2024-12-31,000,㈱ダイフク,,453000,1494.0,当社メディカル事業に関わる安定した取引関係の維持・拡大を目的として保有,,
E01591,,,2024-12-31,000,住友不動産㈱,,292000,1442.0,当社事業に関わる安定した取引関係の維持・拡大を目的として保有,,
E01591,,,2024-12-31,000,日揮ホールディングス㈱,,1077602,1417.0,当社インダストリアル事業に関わる安定した取引関係の維持・拡大を目的として保有,,
E01591,,,2024-12-31,000,シンフォニアテクノロジー㈱,,178600,1146.0,当社インダストリアル事業に関わる安定した取引関係の維持・拡大を目的として保有。,,
E01591,,,2024-12-31,000,日本光電工業㈱,,485200,1046.0,当社メディカル事業に関わる安定した取引関係の維持・拡大を目的として保有。,,
E01591,,,2024-12-31,000,オークマ㈱,,297200,1013.0,当社事業に関わる安定した取引関係の維持・拡大を目的として保有,,
E01591,,,2024-12-31,000,新日本空調㈱,,241900,987.0,当社メディカル事業に関わる安定した取引関係の維持・拡大を目的として保有。,,
E01591,,,2024-12-31,000,㈱三菱UFJフィナンシャル・グループ,,489220,903.0,当社の資金調達及び資金決済などの金融取引に関し、安定した取引関係の維持を目的として保有。,,
E01591,,,2024-12-31,000,西華産業㈱,,158650,769.0,取引関係の維持・強化のため保有しておりますが、当事業年度に一部売却を実施しております。,,
E01591,,,2024-12-31,000,東京応化工業㈱,,178200,629.0,当社インダストリアル事業に関わる安定した取引関係の維持・拡大を目的として保有。,,
E01591,,,2024-12-31,000,因幡電機産業㈱,,148800,582.0,当社メディカル事業に関わる安定した取引関係の維持・拡大を目的として保有。,,
E01591,,,2024-12-31,000,サンワテクノス㈱,,155907,352.0,当社インダストリアル事業に関わる安定した取引関係の維持・拡大を目的として保有。,,
E01591,,,2024-12-31,000,㈱しずおかフィナンシャルグループ,,250500,321.0,当社の資金調達及び資金決済などの金融取引に関し、安定した取引関係の維持を目的として保有。,,
E01591,,,2024-12-31,000,㈱みずほフィナンシャルグループ,,75356,291.0,当社の資金調達及び資金決済などの金融取引に関し、安定した取引関係の維持を目的として保有。,,
E01591,,,2024-12-31,000,MS&ADインシュアランスグループホールディングス㈱,,83277,287.0,保険取引を主とした総合的な取引関係の維持・強化を目的に保有。,,
E01591,,,2024-12-31,000,三信電気㈱,,75400,148.0,当社メディカル事業に関わる安定した取引関係の維持・拡大を目的として保有。,,
E01591,,,2024-12-31,000,三菱鉛筆㈱,,36400,83.0,当社インダストリアル事業に関わる安定した取引関係の維持・拡大を目的として保有。,,
E01591,,,2024-12-31,000,三井住友トラストグループ㈱,,17782,65.0,取引関係の維持・強化のため保有しております。,,
E01591,,,2024-12-31,000,東亜ディーケーケー㈱,,33000,25.0,当社インダストリアル事業・メディカル事業に関わる安定した取引関係の維持・拡大を目的として保有。,,
E01591,,,2024-12-31,000,水道機工㈱,,10000,17.0,当社インダストリアル事業に関わる安定した取引関係の維持・拡大を目的として保有。,,
E04499,,,2025-03-31,000,㈱三井住友フィナンシャルグループ（注）１,,8407821,31907.0,同社グループには、当社における重要な借入先が属しており、安定的な資金調達に資することを目的に保有するもの。,,
E04499,,,2025-03-31,000,㈱三菱ＵＦＪフィナンシャル・グループ,,12514800,25167.0,同社グループには、当社における重要な借入先が属しており、安定的な資金調達に資することを目的に保有するもの。,,
E04499,,,2025-03-31,000,ダイキン工業㈱,,1000000,16140.0,同社は営業上の取引基盤の維持・強化が必要な重要取引先の一つであり、エネルギー事業の運営に資することを目的に保有するもの。,,
E04499,,,2025-03-31,000,ＫＤＤＩ㈱,,2664000,12571.0,同社は営業上の取引基盤の維持・強化が必要な重要取引先の一つであり、エネルギー事業の運営に資することを目的に保有するもの。,,
E04499,,,2025-03-31,000,コスモエネルギーホールディングス㈱,,1860000,11913.0,同社グループには、営業上の取引基盤の維持・強化が必要な重要取引先が属しており、エネルギー事業の運営に資することを目的に保有するもの。,,
E04499,,,2025-03-31,000,㈱みずほフィナンシャルグループ,,2818407,11417.0,同社グループには、当社における重要な借入先が属しており、安定的な資金調達に資することを目的に保有するもの。,,
E04499,,,2025-03-31,000,大阪瓦斯㈱,,3095322,10471.0,同社は関西における主要なエネルギーインフラを運営しており、地域社会の発展・繁栄に資することを目的に保有するもの。,,
E04499,,,2025-03-31,000,㈱ダイヘン,,1460905,9247.0,同社は電力安定供給のため必要な部材の重要調達先の一つであり、グループ事業の運営に資することを目的に保有するもの。,,
E04499,,,2025-03-31,000,三井住友トラストグループ㈱,,2369968,8816.0,同社グループには、当社における重要な借入先が属しており、安定的な資金調達に資することを目的に保有するもの。,,
E04499,,,2025-03-31,000,住友不動産㈱,,851000,4759.0,同社は営業上の取引基盤の維持・強化が必要な重要取引先の一つであり、エネルギー事業の運営に資することを目的に保有するもの。,,
E04499,,,2025-03-31,000,レジル㈱（注）２,,1820000,3880.0,同社は営業上の取引基盤の維持・強化が必要な重要取引先の一つであり、エネルギー事業の運営に資することを目的に保有するもの。,,
E04499,,,2025-03-31,000,イオン㈱,,1000000,3750.0,同社は営業上の取引基盤の維持・強化が必要な重要取引先の一つであり、エネルギー事業の運営に資することを目的に保有するもの。,,
E04499,,,2025-03-31,000,阪急阪神ホールディングス㈱,,686410,2762.0,同社グループには、関西における主要な交通インフラを運営する会社が属しており、地域社会の発展・繁栄に資することを目的に保有するもの。,,
E04499,,,2025-03-31,000,㈱りそなホールディングス,,2057600,2648.0,同社グループには、当社における重要な借入先が属しており、安定的な資金調達に資することを目的に保有するもの。,,
E04499,,,2025-03-31,000,㈱ヒガシトゥエンティワン,,1800000,2181.0,同社は電力安定供給に必要な資材輸送等における重要な取引先の一つであり、グループ事業の運営に資することを目的に保有するもの。,,
E04499,,,2025-03-31,000,岩谷産業㈱（注）３,,1436000,2146.0,同社は営業上の取引基盤の維持・強化が必要な重要取引先の一つであり、エネルギー事業の運営に資することを目的に保有するもの。,,
E04499,,,2025-03-31,000,㈱日本製鋼所,,401200,2100.0,同社は電力安定供給のため必要な部材の重要調達先の一つであり、エネルギー事業の運営に資することを目的に保有するもの。,,
E04499,,,2025-03-31,000,東洋テック㈱,,1535900,2067.0,同社は情報通信事業における重要な取引先の一つであり、グループ事業の運営に資することを目的に保有するもの。,,
E04499,,,2025-03-31,000,積水ハウス㈱,,609000,2034.0,同社は営業上の取引基盤の維持・強化が必要な重要取引先の一つであり、エネルギー事業の運営に資することを目的に保有するもの。,,
E04499,,,2025-03-31,000,㈱Ｔ＆Ｄホールディングス,,625600,1985.0,同社グループには、当社における重要な借入先が属しており、安定的な資金調達に資することを目的に保有するもの。,,
E04499,,,2025-03-31,000,セーフィー㈱,,1920000,1539.0,同社は情報通信事業における重要な取引先の一つであり、グループ事業の運営に資することを目的に保有するもの。,,
E04499,,,2025-03-31,000,㈱京都フィナンシャルグループ,,603200,1372.0,同社グループには、当社における重要な借入先が属しており、安定的な資金調達に資することを目的に保有するもの。,,
E04499,,,2025-03-31,000,㈱長谷工コーポレーション,,631250,1240.0,同社は営業上の取引基盤の維持・強化が必要な重要取引先の一つであり、エネルギー事業の運営に資することを目的に保有するもの。,,
E04499,,,2025-03-31,000,㈱神戸製鋼所,,696700,1205.0,同社は営業上の取引基盤の維持・強化が必要な重要取引先の一つであり、エネルギー事業の運営に資することを目的に保有するもの。,,
E04499,,,2025-03-31,000,サンヨーホームズ㈱,,1530000,1063.0,同社は営業上の取引基盤の維持・強化が必要な重要取引先の一つであり、エネルギー事業の運営に資することを目的に保有するもの。,,
E04499,,,2025-03-31,000,㈱南都銀行,,205285,810.0,同社は当社における重要な借入先の一つであり、安定的な資金調達に資することを目的に保有するもの。,,
E04499,,,2025-03-31,000,大崎電気工業㈱,,1000000,804.0,同社は電力安定供給のため必要な部材の重要調達先の一つであり、グループ事業の運営に資することを目的に保有するもの。,,
E04499,,,2025-03-31,000,東海旅客鉄道㈱,,250000,713.0,同社は関西における主要な交通インフラを運営しており、地域社会の発展・繁栄に資することを目的に保有するもの。,,
E04499,,,2025-03-31,000,西日本旅客鉄道㈱（注）４,,240000,699.0,同社は関西における主要な交通インフラを運営しており、地域社会の発展・繁栄に資することを目的に保有するもの。,,
E04499,,,2025-03-31,000,ＡＮＡホールディングス㈱,,216516,597.0,同社グループには、関西における主要な交通インフラを運営する会社が属しており、地域社会の発展・繁栄に資することを目的に保有するもの。,,
E04499,,,2025-03-31,000,ホシザキ㈱,,100000,577.0,同社は営業上の取引基盤の維持・強化が必要な重要取引先の一つであり、エネルギー事業の運営に資することを目的に保有するもの。,,
E04499,,,2025-03-31,000,㈱島津製作所,,139755,521.0,同社は営業上の取引基盤の維持・強化が必要な重要取引先の一つであり、エネルギー事業の運営に資することを目的に保有するもの。,,
E04499,,,2025-03-31,000,朝日放送グループホールディングス㈱,,750000,484.0,同社グループには、関西地域の発展、経済活性化につながる放送事業を運営する会社が属しており、地域社会の発展・繁栄に資することを目的に保有するもの。,,
E04499,,,2025-03-31,000,㈱滋賀銀行,,85176,448.0,同社は当社における重要な借入先の一つであり、安定的な資金調達に資することを目的に保有するもの。,,
E04499,,,2025-03-31,000,石油資源開発㈱（注）５,,379000,440.0,同社は営業上の取引基盤の維持・強化が必要な重要取引先の一つであり、エネルギー事業の運営に資することを目的に保有するもの。,,
E04499,,,2025-03-31,000,カナデビア㈱,,366222,335.0,同社は関西地域の発展、経済活性化につながる環境事業を運営しており、地域社会の発展・繁栄に資することを目的に保有するもの。,,
E04499,,,2025-03-31,000,京阪神ビルディング㈱,,200000,272.0,同社は営業上の取引基盤の維持・強化が必要な重要取引先の一つであり、エネルギー事業の運営に資することを目的に保有するもの。,,
E04499,,,2025-03-31,000,近鉄グループホールディングス㈱,,81908,261.0,同社グループには、関西における主要な交通インフラを運営する会社が属しており、地域社会の発展・繁栄に資することを目的に保有するもの。,,
E04499,,,2025-03-31,000,日本電気硝子㈱,,66400,231.0,同社は営業上の取引基盤の維持・強化が必要な重要取引先の一つであり、エネルギー事業の運営に資することを目的に保有するもの。,,
E04499,,,2025-03-31,000,㈱紀陽銀行,,60495,139.0,同社は当社における重要な借入先の一つであり、安定的な資金調達に資することを目的に保有するもの。,,
E04499,,,2025-03-31,000,㈱ロイヤルホテル,,99255,92.0,同社は関西を基盤としたホテル事業を運営しており、地域社会の発展・繁栄に資することを目的に保有するもの。,,
E04499,,,2025-03-31,000,㈱エコム,,61000,74.0,同社は営業上の取引基盤の維持・強化が必要な重要取引先の一つであり、エネルギー事業の運営に資することを目的に保有するもの。,,
E04499,,,2025-03-31,000,上新電機㈱,,25000,53.0,同社は営業上の取引基盤の維持・強化が必要な重要取引先の一つであり、エネルギー事業の運営に資することを目的に保有するもの。,,
E01644,,,2025-03-31,000,本田技研工業株式会社,,86729,116434.0,取引関係の維持、強化の為に保有しており、自動車部品製造事業および工作機械製造事業にて取引を行っております。取引先持株会を通じた株式の取得によるものであります。,,
E01644,,,2025-03-31,000,株式会社エディオン,,5000,9380.0,事業運営上の不動産の賃貸取引があり、維持、強化を図るため保有しております。,,
E01644,,,2025-03-31,000,株式会社エフ・シー・シー,,3000,9315.0,地元企業との関係の維持、強化の為保有しております。,,
E01644,,,2025-03-31,000,ヤマハ発動機株式会社,,6000,7152.0,取引関係の維持、強化の為に保有しており、自動車部品製造事業および工作機械製造事業にて取引を行っております。,,
E01644,,,2025-03-31,000,株式会社サーラコーポレーション,,5000,4320.0,取引関係の維持、強化の為に保有しており、光熱費等の取引を行っております。,,
E01644,,,2025-03-31,000,株式会社ユタカ技研,,2000,4214.0,取引関係の維持、強化の為に保有しており、自動車部品製造事業にて取引を行っております。,,
E01644,,,2025-03-31,000,オークマ株式会社,,800,2728.0,取引関係の維持、強化の為に保有しており、自動車部品製造事業および工作機械製造事業にて取引を行っております。,,
E01644,,,2025-03-31,000,日産自動車株式会社,,6000,2272.0,取引先の情報収集の為に保有しており、自動車部品製造事業および工作機械製造事業にて取引を行っております。,,
E02396,,,2024-12-31,000,株式会社りそなホールディングス,,76835,87976.0,(保有目的)取引関係の維持・強化を目的として保有しております。(定量的な保有効果）　（注1）,,
E02396,,,2024-12-31,000,株式会社みずほフィナンシャルグループ,,19149,74164.0,(保有目的)取引関係の維持・強化を目的として保有しております。(定量的な保有効果）　（注1）,,
E02396,,,2024-12-31,000,日本乾溜工業株式会社,,15000,14160.0,(保有目的)マスク関連事業における取引関係強化を目的として保有しております。(定量的な保有効果）　（注1）,,
E02396,,,2024-12-31,000,株式会社三菱UFJフィナンシャル・グループ,,4240,7827.0,(保有目的)取引関係の維持・強化を目的として保有しております。(定量的な保有効果）　（注1）,,
E02396,,,2024-12-31,000,野村ホールディングス株式会社,,1750,1631.0,(保有目的)取引関係の維持・強化を目的として保有しております。(定量的な保有効果）　（注1）,,
E04899,,,2025-03-31,000,㈱三菱UFJフィナンシャル・グループ,,10000,20110.0,取引関係の円滑化のため。,,
E04899,,,2025-03-31,000,㈱りそなホールディングス,,2900,3732.0,取引関係の円滑化のため。,,
E00570,,,2025-03-31,000,㈱ニッスイ,,2740000,2473.0,食品事業取引を行っており、関係強化を目的に保有しております。,,
E00570,,,2025-03-31,000,㈱みずほフィナンシャルグループ,,296549,1201.0,金融取引を行っており、財務活動の円滑化を目的に保有しております。,,
E00570,,,2025-03-31,000,リケンテクノス㈱,,973415,1015.0,資材事業取引を行っており、関係強化を目的に保有しております。,,
E00570,,,2025-03-31,000,東洋水産㈱,,97500,857.0,食品事業及び機械事業取引を行っており、関係強化を目的に保有しております。,,
E00570,,,2025-03-31,000,㈱極洋,,99500,412.0,食品事業及び海洋事業取引を行っており、関係強化を目的に保有しております。,,
E00570,,,2025-03-31,000,TOPPANホールディングス㈱,,65392,265.0,資材事業取引を行っており、関係強化を目的に保有しております。増加の理由は取引先持株会への参加による株式の配分であります。,,
E00570,,,2025-03-31,000,大日本印刷㈱,,94844,201.0,資材事業取引を行っており、関係強化を目的に保有しております。株式分割（１株を２株に分割）によるものであります。,,
E00570,,,2025-03-31,000,㈱ニチレイ,,107750,191.0,食品事業及び機械事業取引を行っており、関係強化を目的に保有しております。株式分割（１株を２株に分割）によるものであります。,,
E00570,,,2025-03-31,000,㈱大水,,450000,142.0,食品事業取引を行っており、関係強化を目的に保有しております。,,
E00570,,,2025-03-31,000,ケンコーマヨネーズ㈱,,32000,59.0,食品事業取引を行っており、関係強化を目的に保有しております。,,
E00570,,,2025-03-31,000,旭化成㈱,,35771,37.0,資材事業取引を行っており、関係強化を目的に保有しております。増加の理由は取引先持株会への参加による株式の配分であります。,,
E00570,,,2025-03-31,000,コスモ・バイオ㈱,,23700,26.0,事業戦略上の関係等を勘案し、良好な関係の維持・強化を図るため、継続して保有しております。,,
E00570,,,2025-03-31,000,東京製綱㈱,,21488,26.0,海洋事業取引を行っており、関係強化を目的に保有しております。,,
E00570,,,2025-03-31,000,一正蒲鉾㈱,,28000,21.0,機械事業取引を行っており、関係強化を目的に保有しております。,,
E00570,,,2025-03-31,000,㈱大光,,20555,12.0,食品事業取引を行っており、関係強化を目的に保有しております。増加の理由は取引先持株会への参加による株式の配分であります。,,
E00570,,,2025-03-31,000,マルハニチロ㈱,,2100,6.0,食品事業取引を行っており、関係強化を目的に保有しております。,,
E00570,,,2025-03-31,000,ユナイテッド・スーパーマーケット・ホールディングス㈱,,5100,4.0,食品事業取引を行っており、関係強化を目的に保有しております。,,
E00570,,,2025-03-31,000,㈱木曽路,,1926,4.0,食品事業取引を行っており、関係強化を目的に保有しております。増加の理由は取引先持株会への参加による株式の配分であります。,,
E02644,,,2024-12-31,000,㈱オービック,,720000,3378.0,・エリアセグメントにおいて、オフィスMFPの本体や保守サービスの提供等における取引先であり、ビジネス拡大・強化を図るため継続保有しております。・当社の定量基準を充足しております。・株式増加の理由は、株式分割によるものです。,,
E02644,,,2024-12-31,000,セーフィー㈱,,2600000,2046.0,・各セグメントにおいて、ネットワークカメラ関連のビジネス拡大・強化を図るため継続保有しております。・当社の定量基準を充足しております。,,
E02644,,,2024-12-31,000,㈱大塚商会,,240000,866.0,・エリアセグメントにおいて、オフィスMFPの本体や保守サービスの提供等における主要取引先であり、ビジネス拡大・強化を図るため継続保有しております。・当社の定量基準を充足しております。・株式増加の理由は、株式分割によるものです。,,
E02644,,,2024-12-31,000,キーウェアソリューションズ㈱,,600000,475.0,・各セグメントにおいて、ITソリューション関連のビジネス拡大・強化を図るため、継続保有しております。・当社の定量基準を充足しております。,,
E02644,,,2024-12-31,000,㈱ヤマダホールディングス,,955005,432.0,・コンスーマセグメントにおいて、デジタルカメラやインクジェットプリンターの販売における主要取引先であり、ビジネス拡大・強化を図るため継続保有しております。・当社の定量基準を充足しております。,,
E02644,,,2024-12-31,000,三菱電機㈱,,150000,403.0,・エンタープライズセグメントにおいて、オフィスMFPの保守サービスの提供等における取引先であり、ビジネス拡大・強化を図るため継続保有しております。・当社の定量基準を充足しております。,,
E02644,,,2024-12-31,000,㈱みずほフィナンシャルグループ,,101034,391.0,・エンタープライズセグメントにおいて、ITソリューションの提供における取引先であり、ビジネス拡大・強化を図るため継続保有しております。・当社の定量基準を充足しております。,,
E02644,,,2024-12-31,000,㈱ビジョン,,300000,384.0,・エリアセグメントにおいて、オフィスMFPの本体や保守サービスの提供における取引先であり、ビジネス拡大・強化を図るため継続保有しております。・当社の定量基準を充足しております。,,
E02644,,,2024-12-31,000,㈱フォーバル,,240000,339.0,・エリアセグメントにおいて、オフィスMFPの本体や保守サービスの提供における取引先であり、ビジネス拡大・強化を図るため継続保有しております。・当社の定性基準を充足しております。,,
E02644,,,2024-12-31,000,㈱ノジマ,,80000,183.0,・コンスーマセグメントにおいて、デジタルカメラやインクジェットプリンターの販売における主要取引先であり、ビジネス拡大・強化を図るため継続保有しております。・当社の定量基準を充足しております。,,
E02644,,,2024-12-31,000,㈱Ｔ＆Ｄホールディングス,,55000,159.0,・エンタープライズセグメントにおいて、MFP本体や保守サービスの提供における取引先グループであり、ビジネス拡大・強化を図るため継続保有しております。・当社の定量基準を充足しております。,,
E02644,,,2024-12-31,000,日本信号㈱,,168000,156.0,・エリアセグメントにおいて、レーザープリンターの本体等の提供における取引先のグループ会社であり、ビジネス拡大・強化を図るため継続保有しております。・当社の定量基準を充足しております。,,
E02644,,,2024-12-31,000,㈱パイロットコーポレーション,,30000,145.0,・コンスーマセグメントにおいて、電卓・インクジェットプリンター等の販売における取引先であり、ビジネス拡大・強化を図るため継続保有しております。・当社の定量基準を充足しております。,,
E02644,,,2024-12-31,000,㈱キャピタル・アセット・プランニング,,170000,131.0,・各セグメントにおいて、ITソリューション関連のビジネス拡大・強化を図るため、継続保有しております。・当社の定量基準を充足しております。,,
E02644,,,2024-12-31,000,ＳＯＭＰＯホールディングス㈱,,20475,84.0,・エンタープライズセグメントにおいて、クラウドシステムやオフィスMFPの保守サービスの提供における取引先グループであり、ビジネス拡大・強化を図るため継続保有しております。・当社の定量基準を充足しております。・株式増加の理由は、株式分割によるものです。,,
E02644,,,2024-12-31,000,東海旅客鉄道㈱,,25000,74.0,・エンタープライズセグメントの取引先であり、ビジネス拡大・強化を図るため継続保有しております。・当社の定量基準を充足しております。,,
E02644,,,2024-12-31,000,㈱プラザホールディングス,,30000,53.0,・エンタープライズセグメントの取引先であり、ビジネス拡大・強化を図るため継続保有しております。・当社の定量基準を充足しております。,,
E02644,,,2024-12-31,000,大日本印刷㈱,,10000,22.0,・エンタープライズセグメントにおいて、オフィスMFPの本体や保守サービスの提供における取引先であり、ビジネス拡大・強化を図るため継続保有しております。・当社の定量基準を充足しております。・株式増加の理由は、株式分割によるものです。,,
E02644,,,2024-12-31,000,㈱ハイパー,,36000,10.0,・エリアセグメントにおいて、ビジネス拡大・強化を図るため継続保有しております。・当社の定性基準を充足しております。,,
E02644,,,2024-12-31,000,㈱池田泉州ホールディングス,,21830,8.0,・エンタープライズセグメントの取引先グループであり、ビジネス拡大・強化を図るため継続保有しております。・当社の定性基準を充足しております。,,
E02644,,,2024-12-31,000,㈱イムラ,,5700,5.0,・プロフェッショナルセグメントにおいて、プロダクションプリンティングの顧客であり、ビジネス拡大・強化を図るため継続保有しております。・当社の定量基準を充足しております。,,
E02644,,,2024-12-31,000,㈱大日光・エンジニアリング,,10000,4.0,・エリアセグメントにおいて、オフィスMFPの本体や保守サービスの提供における取引先のグループ会社であり、ビジネス拡大・強化を図るため継続保有しております。・当社の定量基準を充足しております。,,
E03121,,,2025-03-31,000,株式会社名古屋銀行,,65500,515.0,取引関係の維持のため,,
E03121,,,2025-03-31,000,株式会社あいちフィナンシャルグループ,,151848,433.0,取引関係の維持のため,,
E03121,,,2025-03-31,000,鴻池運輸株式会社,,100000,268.0,協業関係強化のため,,
E03121,,,2025-03-31,000,株式会社三菱ＵＦＪフィナンシャル・グループ,,130000,261.0,取引関係の維持のため,,
E03121,,,2025-03-31,000,中部水産株式会社,,16200,44.0,協業関係強化のため,,
E03121,,,2025-03-31,000,三井住友トラスト・ホールディングス株式会社,,5122,19.0,取引関係の維持のため,,
E03121,,,2025-03-31,000,株式会社りそなホールディングス,,8152,10.0,取引関係の維持のため,,
E00970,,,2025-03-31,000,科研製薬㈱,,502500,2251.0,医薬品事業の販売委託先として関係を強化するため,,
E00970,,,2025-03-31,000,参天製薬㈱,,1130000,1602.0,医薬品事業の販売委託先として関係を強化するため,,
E00970,,,2025-03-31,000,丸全昭和運輸㈱,,121400,729.0,当社製品の物流をより円滑化するため,,
E00970,,,2025-03-31,000,みずほリース㈱,,665000,693.0,財務面での取引関係を強化するため,,
E00970,,,2025-03-31,000,㈱三菱UFJフィナンシャル・グループ,,259700,522.0,財務面での取引関係を強化するため,,
E00970,,,2025-03-31,000,㈱テクノ菱和,,49170,129.0,当社の設備調達における取引関係等を円滑にするため,,
E00970,,,2025-03-31,000,㈱みずほフィナンシャルグループ,,24040,97.0,財務面での取引関係を強化するため,,
E00970,,,2025-03-31,000,㈱めぶきフィナンシャルグループ,,63180,45.0,財務面での取引関係を強化するため,,
E03451,,,2025-03-31,000,㈱ＪＦＬＡホールディングス,,199300,29895.0,優先的な取引を行い、業務提携より強固な関係を築くため,,
E05075,,,2025-03-31,000,㈱日立製作所,,48000,165984.0,財政状態、経営成績及び株価、配当等の状況を勘案し、また同社との良好な関係の維持・強化、中長期的な企業価値向上という点も重視しながら、継続して保有しております。,,
E05075,,,2025-03-31,000,ＢＩＰＲＯＧＹ㈱,,21000,96243.0,上記に同じ。,,
E05075,,,2025-03-31,000,㈱愛媛銀行,,45620,48950.0,上記に同じ。,,
E05075,,,2025-03-31,000,第一生命ホールディングス㈱,,24400,27645.0,上記に同じ。,,
E05075,,,2025-03-31,000,三井住友トラストグループ㈱,,200,744.0,上記に同じ。,,
E00852,,,2025-03-31,000,日油㈱,,1821525,3679480.0,機能性製品セグメントにおける取引先であり、事業関係及び取引関係の維持・強化等を目的に保有,,
E00852,,,2025-03-31,000,㈱ニチリン,,286000,1023880.0,環境衛生製品セグメントにおける取引先であり、事業関係及び取引関係の維持・強化等を目的に保有,,
E00852,,,2025-03-31,000,㈱資生堂,,359995,1015185.0,機能性製品セグメントにおける取引先であり、事業関係及び取引関係の維持・強化等を目的に保有,,
E00852,,,2025-03-31,000,稲畑産業㈱,,249000,789330.0,機能性製品セグメントにおける取引先であり、事業関係及び取引関係の維持・強化等を目的に保有,,
E00852,,,2025-03-31,000,㈱三井住友フィナンシャルグループ,,167916,637241.0,取引金融機関であり、事業関係及び取引関係の維持・強化等を目的に保有株式分割により株式数が増加,,
E00852,,,2025-03-31,000,長瀬産業㈱,,234342,621826.0,機能性製品セグメントにおける取引先であり、事業関係及び取引関係の維持・強化等を目的に保有,,
E00852,,,2025-03-31,000,日本化学産業㈱,,300000,464400.0,機能性製品セグメントにおける取引先であり、事業関係及び取引関係の維持・強化等を目的に保有,,
E00852,,,2025-03-31,000,松本油脂製薬㈱,,25000,450000.0,機能性製品セグメントにおける取引先であり、事業関係及び取引関係の維持・強化等を目的に保有,,
E00852,,,2025-03-31,000,㈱三菱ＵＦＪフィナンシャル・グループ,,186160,374367.0,取引金融機関であり、事業関係及び取引関係の維持・強化等を目的に保有,,
E00852,,,2025-03-31,000,フジ日本㈱,,330000,342540.0,機能性製品セグメントにおける取引先であり、事業関係及び取引関係の維持・強化等を目的に保有,,
E00852,,,2025-03-31,000,小野薬品工業㈱,,195000,312487.0,機能性製品セグメントにおける取引先であり、事業関係及び取引関係の維持・強化等を目的に保有,,
E00852,,,2025-03-31,000,アステラス製薬㈱,,184970,267559.0,機能性製品セグメントにおける取引先であり、事業関係及び取引関係の維持・強化等を目的に保有,,
E00852,,,2025-03-31,000,㈱ユシロ,,101800,196066.0,環境衛生製品セグメントにおける取引先であり、事業関係及び取引関係の維持・強化等を目的に保有,,
E00852,,,2025-03-31,000,ダイトーケミックス㈱,,201200,123939.0,機能性製品セグメントにおける取引先であり、事業関係及び取引関係の維持・強化等を目的に保有,,
E00852,,,2025-03-31,000,日新商事㈱,,99000,88902.0,機能性製品セグメントにおける取引先であり、事業関係及び取引関係の維持・強化等を目的に保有,,
E00852,,,2025-03-31,000,双日㈱,,20966,68810.0,機能性製品セグメントにおける取引先であり、事業関係及び取引関係の維持・強化等を目的に保有,,
E00852,,,2025-03-31,000,扶桑薬品工業㈱,,26000,63492.0,機能性製品セグメントにおける取引先であり、事業関係及び取引関係の維持・強化等を目的に保有,,
E00852,,,2025-03-31,000,久光製薬㈱,,15246,61700.0,機能性製品セグメントにおける取引先であり、事業関係及び取引関係の維持・強化等を目的に保有,,
E00852,,,2025-03-31,000,昭栄薬品㈱,,15000,24675.0,機能性製品セグメントにおける取引先であり、事業関係及び取引関係の維持・強化等を目的に保有,,
E05687,,,2025-03-31,000,ＡＧＳ㈱,,200000,164000.0,N/A,,
E05687,,,2025-03-31,000,㈱武蔵野銀行,,16000,52160.0,N/A,,
E05687,,,2025-03-31,000,第一生命ホールディングス㈱,,1300,5891.0,N/A,,
E05687,,,2025-03-31,000,ＮＴＮ㈱,,6000,1455.0,N/A,,
E04221,,,2025-03-31,000,㈱みずほフィナンシャルグループ,,90606,367044.0,（保有目的）主要取引銀行（定量的な保有効果）（注）,,
E04221,,,2025-03-31,000,三井住友トラストグループ㈱,,97148,361390.0,（保有目的）主要取引銀行（定量的な保有効果）（注）,,
E04221,,,2025-03-31,000,カンダホールディングス㈱,,240000,190080.0,（保有目的）取引先との関係維持・強化（定量的な保有効果）（注）,,
E04221,,,2025-03-31,000,松井建設㈱,,150000,133500.0,（保有目的）取引先との関係維持・強化（定量的な保有効果）（注）,,
E04221,,,2025-03-31,000,日本山村硝子㈱,,28462,61336.0,（保有目的）取引先との関係維持・強化（定量的な保有効果）（注）（増加理由）持株会員として毎月定額取得,,
E04221,,,2025-03-31,000,ＥＮＥＯＳホールディングス㈱,,75000,58672.0,（保有目的）取引先との関係維持・強化（定量的な保有効果）（注）,,
E04221,,,2025-03-31,000,㈱丸運,,100000,43600.0,（保有目的）取引先との関係維持・強化（定量的な保有効果）（注）,,
E04221,,,2025-03-31,000,コカ・コーラボトラーズジャパンホールディングス㈱,,9750,23819.0,（保有目的）取引先との関係維持・強化（定量的な保有効果）（注）,,
E01595,,,2025-03-31,000,不二サッシ（株）,,162000,108.0,当該会社の子会社と産業機器部品の仕入れ等の取引を行っており、同社との良好な関係の維持、強化を図り、業務のより円滑な推進のため保有しております。,,
E01595,,,2025-03-31,000,（株）りそなホールディングス,,75000,96.0,当該会社の子会社と資金借入取引等の金融取引等を行っており、同社との良好な関係の維持、強化を図り、業務のより円滑な推進のため保有しております。,,
E01595,,,2025-03-31,000,（株）鳥羽洋行,,7700,27.0,卓上ロボット、サーボプレス等の取引を行っており、同社との良好な関係の維持、強化を図り、業務のより円滑な推進のため保有しております。,,
E01595,,,2025-03-31,000,ジャパンクラフトホールディングス（株）,,40000,6.0,ミシン等の取引を行っており、同社との良好な関係の維持、強化を図り、業務のより円滑な推進のため保有しております。,,
E00984,,,2025-03-31,000,㈱しずおかフィナンシャルグループ,,6129000,9947.0,同社グループ会社と行っている金融取引における取引関係の構築・維持・強化を目的として保有しております。,,
E00984,,,2025-03-31,000,クオリプス㈱,,1000000,8310.0,同社株式は、事業上の関係の維持強化のため保有しております。,,
E00984,,,2025-03-31,000,Ultragenyx Pharmaceutical Inc.,,1243913,6735.0,同社が保有する遺伝子治療薬製造技術を非独占的に利用する契約を締結しており、今後の事業上の関係を維持強化するため保有しております。,,
E00984,,,2025-03-31,000,㈱三井住友フィナンシャルグループ,,1139100,4322.0,同社グループ会社と行っている金融取引における取引関係の構築・維持・強化を目的として保有しております。なお、当事業年度中に株式分割が行われたことにより、株式数が増加しております。,,
E00984,,,2025-03-31,000,ＭＳ＆ＡＤインシュアランスグループホールディングス㈱,,1294689,4175.0,同社グループ会社と行っている保険取引における取引関係の構築・維持・強化を目的として保有しております。なお、当事業年度中に株式分割が行われたことにより、株式数が増加しております。,,
E00984,,,2025-03-31,000,クオールホールディングス㈱,,1304000,2358.0,同社グループ会社と行っている医薬品販売等に関する取引における取引関係の構築・維持・強化を目的として保有しております。,,
E00984,,,2025-03-31,000,キッセイ薬品工業㈱,,613000,2356.0,同社と行っている医薬品製造取引における取引関係の維持・強化を目的として保有しております。,,
E00984,,,2025-03-31,000,東京海上ホールディングス㈱,,344700,1977.0,同社グループ会社と行っている保険取引における取引関係の構築・維持・強化を目的として保有しております。,,
E00984,,,2025-03-31,000,㈱みずほフィナンシャルグループ,,475536,1926.0,同社グループ会社と行っている金融取引における取引関係の構築・維持・強化を目的として保有しております。,,
E00984,,,2025-03-31,000,㈱いよぎんホールディングス,,470000,826.0,同社グループ会社と行っている金融取引における取引関係の構築・維持・強化を目的として保有しております。,,
E00984,,,2025-03-31,000,㈱アインホールディングス,,114000,574.0,同社グループ会社と行っている医薬品販売等に関する取引における取引関係の構築・維持・強化を目的として保有しております。,,
E00984,,,2025-03-31,000,㈱ほくやく・竹山ホールディングス,,438500,388.0,同社グループ会社と行っている医薬品販売等に関する取引における取引関係の構築・維持・強化を目的として保有しております。,,
E00984,,,2025-03-31,000,第一生命ホールディングス㈱,,29600,134.0,同社グループ会社と行っている保険取引における取引関係の構築・維持・強化を目的として保有しております。,,
E00984,,,2025-03-31,000,㈱レナサイエンス,,30000,31.0,同社とは独占的実施許諾（ライセンス）に関する優先交渉権を得るオプション契約を締結しておりましたが、2025年4月に契約が終了しております。同社株式は、当社の事業上の関係維持及び今後の協業可能性を見据えたうえで保有しております。,,
E00984,,,2025-03-31,000,Cardiogeni PLC,,1485150,21.0,同社株式は、事業上の関係の維持強化のため保有しております。なお、当事業年度中に保有している同社株式（非上場）が上場したことに伴い、当事業年度より特定投資株式に該当しております。,,
E00984,,,2025-03-31,000,Silence Therapeutics PLC（上場）,,48489,20.0,同社株式は、事業上の関係の維持強化のため保有しております。,,
E00984,,,2025-03-31,000,Roquefort Therapeutics PLC,,994780,3.0,同社株式は、事業上の関係の維持強化のため保有しております。なお、保有していた株式（非上場）との株式交換が成立したことに伴い、当事業年度より特定投資株式に該当しております。,,
E01536,,,2025-03-31,000,㈱コンコルディアフィナンシャル・グループ,,566663,556.0,(保有目的)当社の資金調達や金融取引に関する主要な取引先であり、良好な取引関係を維持するため,,
E01536,,,2025-03-31,000,日本郵船㈱,,109815,540.0,(保有目的)主に単体機械事業セグメントにおいて取引を行っており、良好な関係の維持・強化を図るため,,
E01536,,,2025-03-31,000,東海カーボン㈱,,563500,536.0,(保有目的)主にエンジニアリング事業セグメントにおいて取引を行っており、良好な関係の維持・強化を図るため,,
E01536,,,2025-03-31,000,東京瓦斯㈱,,84580,402.0,(保有目的)主にエンジニアリング事業セグメントにおいて取引を行っており、良好な関係の維持・強化を図るため,,
E01536,,,2025-03-31,000,東邦瓦斯㈱,,93685,387.0,(保有目的)主にエンジニアリング事業セグメントにおいて取引を行っており、良好な関係の維持・強化を図るため,,
E01536,,,2025-03-31,000,西華産業㈱,,83400,360.0,(保有目的)主に単体機械事業セグメントにおいて取引を行っており、良好な関係の維持・強化を図るため(株式数が減少した理由)売却したことによるもの,,
E01536,,,2025-03-31,000,東京産業㈱,,384173,265.0,(保有目的)主に単体機械事業セグメントにおいて取引を行っており、良好な関係の維持・強化を図るため,,
E01536,,,2025-03-31,000,第一実業㈱,,116100,252.0,(保有目的)主にエンジニアリング事業セグメントにおいて取引を行っており、事業の拡大、創出を図るため,,
E01536,,,2025-03-31,000,㈱三菱総合研究所,,30050,141.0,(保有目的)主にコンサルティング業務委託等の取引を行っており、良好な関係の維持・強化を図るため,,
E01536,,,2025-03-31,000,三菱地所㈱,,54000,131.0,(保有目的)主に不動産関連において当社グループの事業運営に資する良好な関係の維持・強化を図るため,,
E01536,,,2025-03-31,000,三菱瓦斯化学㈱,,43883,102.0,(保有目的))主にエンジニアリング事業セグメントにおいて取引を行っており、良好な関係の維持・強化を図るため,,
E01536,,,2025-03-31,000,日本ゼオン㈱,,60399,90.0,(保有目的)主にエンジニアリング事業セグメントにおいて取引を行っており、良好な関係を維持するため(株式数が増加した理由)持株会による増加,,
E01536,,,2025-03-31,000,㈱名村造船所,,20000,45.0,(保有目的)主に単体機械事業セグメントにおいて取引を行っており、良好な関係の維持・強化を図るため,,
E01536,,,2025-03-31,000,㈱商船三井,,7830,40.0,(保有目的)主に単体機械事業セグメントにおいて取引を行っており、良好な関係の維持・強化を図るため,,
E01536,,,2025-03-31,000,内海造船㈱,,200,1.0,(保有目的)主に単体機械事業セグメントにおいて取引を行っており、良好な関係の維持・強化を図るため,,
E02021,,,2025-03-31,000,新東工業(株),,35000,29120.0,"当社グループの主要取引先であり、Ｘ線残留応力測定装置事業における事業戦略上重要なパートナーであることから、取引関係の維持・強化のため、同社株式を保有しております。業務提携の目的は、当社の測定技術と同社の技術を組み合わせ、新製品の開発や新たな技術提案等を行うことであります。当事業年度の受取配当金額は、1,610千円であります。",,
E00484,,,2025-03-31,000,ブルドックソース㈱,,467600,792582.0,当社製品の販売や業界動向等の情報交換を継続しており、安定的かつ継続的な取引関係の維持、強化及び相互の取り組みによる企業価値向上を目的として、株式を保有しております。,,
E00484,,,2025-03-31,000,横浜冷凍㈱,,617700,523191.0,当社製品の販売や原材料の調達等を継続しており、安定的かつ継続的な取引関係の維持、強化及び相互の取り組みによる企業価値向上を目的として、株式を保有しております。,,
E00484,,,2025-03-31,000,レイズネクスト㈱,,296000,447552.0,設備工事等の取引を継続しており、安定的かつ継続的な取引関係の維持、強化及び相互の取り組みによる企業価値向上を目的として、株式を保有しております。,,
E00484,,,2025-03-31,000,㈱あいちフィナンシャルグループ,,136530,389929.0,主要な取引金融機関の持株会社であり、当該グループの金融機関との安定的かつ継続的な金融取引関係の維持、強化及び相互の取り組みによる企業価値向上を目的として、株式を保有しております。,,
E00484,,,2025-03-31,000,日清食品ホールディングス㈱,,119046,363448.0,当社製品の販売を継続しており、安定的かつ継続的な取引関係の維持、強化を目的として、株式を保有しております。なお、株式数の増加は、取引先持株会を通じた株式の取得によるものです。,,
E00484,,,2025-03-31,000,㈱十六フィナンシャルグループ,,42900,207207.0,主要な取引金融機関の持株会社であり、当該グループの金融機関との安定的かつ継続的な金融取引関係の維持、強化及び相互の取り組みによる企業価値向上を目的として、株式を保有しております。,,
E00484,,,2025-03-31,000,㈱大垣共立銀行,,46800,111196.0,主要な取引金融機関であり、安定的かつ継続的な金融取引関係の維持、強化及び相互の取り組みによる企業価値向上を目的として、株式を保有しております。,,
E00484,,,2025-03-31,000,理研ビタミン㈱,,28472,68875.0,当社製品の販売を継続しており、安定的かつ継続的な取引関係の維持、強化を目的として、株式を保有しております。なお、株式数の増加は、取引先持株会を通じた株式の取得によるものです。,,
E00484,,,2025-03-31,000,ハウス食品グループ本社㈱,,24008,65387.0,当社製品の販売を継続しており、安定的かつ継続的な取引関係の維持、強化を目的として、株式を保有しております。なお、株式数の増加は、取引先持株会を通じた株式の取得によるものです。,,
E00484,,,2025-03-31,000,㈱名古屋銀行,,5700,44859.0,主要な取引金融機関であり、安定的かつ継続的な金融取引関係の維持、強化及び相互の取り組みによる企業価値向上を目的として、株式を保有しております。,,
E00484,,,2025-03-31,000,㈱三菱ＵＦＪフィナンシャル・グループ,,18000,36198.0,主要な取引金融機関の持株会社であり、当該グループの金融機関との安定的かつ継続的な金融取引関係の維持、強化を目的として、株式を保有しております。,,
E00484,,,2025-03-31,000,第一生命ホールディングス㈱,,2400,10876.0,保険取引等契約先の持株会社であり、当該グループの生命保険会社との安定的かつ継続的な保険契約取引関係の維持、強化を目的として、株式を保有しております。,,
E00484,,,2025-03-31,000,㈱みずほフィナンシャルグループ,,609,2467.0,主要な取引金融機関の持株会社であり、当該グループの金融機関との安定的かつ継続的な金融取引関係の維持、強化を目的として、株式を保有しております。,,
E00484,,,2025-03-31,000,三井住友トラストグループ㈱,,462,1718.0,主要な取引金融機関の持株会社であり、当該グループの金融機関との安定的かつ継続的な金融取引関係の維持、強化を目的として、株式を保有しております。,,
E00484,,,2025-03-31,000,東海東京フィナンシャル・ホールディングス㈱,,2222,1075.0,主要な取引金融機関の持株会社であり、当該グループの金融機関との安定的かつ継続的な金融取引関係の維持、強化を目的として、株式を保有しております。,,
E02718,,,2025-03-31,000,富士通株式会社,,96230,283974.0,当社事業の主要な取引先として、取引・協力関係の維持・強化のため保有しております。また、発行会社の株式分割により株式数が増加しております。（注４）,,
E02718,,,2025-03-31,000,日置電機株式会社,,9700,68385.0,当社事業の取引先として、取引関係の維持・強化のため保有しております。,,
E02718,,,2025-03-31,000,株式会社りそなホールディングス,,37150,47812.0,安定した資金調達及び金融情勢等の情報収集といった取引関係の維持・強化のため保有しております。,,
E02718,,,2025-03-31,000,富士電機株式会社,,7117,44812.0,当社事業の取引先として、取引関係の維持・強化のため保有しております。また、取引先持株会を通じた株式の取得により増加しております。,,
E02718,,,2025-03-31,000,株式会社コンコルディア・フィナンシャルグループ,,42870,42064.0,安定した資金調達及び金融情勢等の情報収集といった取引関係の維持・強化のため保有しております。,,
E02718,,,2025-03-31,000,仙波糖化工業株式会社,,38000,27360.0,当社事業の取引先として、取引関係の維持・強化のため保有しております。,,
E02718,,,2025-03-31,000,株式会社みずほフィナンシャルグループ,,5618,22758.0,安定した資金調達及び金融情勢等の情報収集といった取引関係の維持・強化のため保有しております。,,
E02718,,,2025-03-31,000,ダイヤモンドエレクトリックホールディングス株式会社,,32628,19576.0,当社事業の取引先として、取引関係の維持・強化のため保有しております。また、取引先持株会を通じた株式の取得により増加しております。,,
E02718,,,2025-03-31,000,沖電気工業株式会社,,12235,12039.0,当社事業の取引先として、取引関係の維持・強化のため保有しております。また、取引先持株会を通じた株式の取得により増加しております。,,
E02718,,,2025-03-31,000,丸三証券株式会社,,11025,9955.0,当社事業の取引先として、取引関係の維持・強化のため保有しております。,,
E02718,,,2025-03-31,000,株式会社中央倉庫,,5000,7110.0,当社事業の取引先として、取引関係の維持・強化のため保有しております。,,
E02718,,,2025-03-31,000,株式会社ヨコオ,,2000,2738.0,当社事業の取引先として、取引関係の維持・強化のため保有しております。,,
E02718,,,2025-03-31,000,株式会社オリジン,,1200,1338.0,当社事業の取引先として、取引関係の維持・強化のため保有しております。,,
E03293,,,2025-03-31,000,アリアケジャパン㈱,,5000,30900.0,(保有目的)当社のスープ等の調達先であり、事業拡大及び競争力の強化を図るうえで重要なビジネスパートナーと位置付けており、関係強化を目的として保有しております。(定量的な保有効果)  (注)1,,
E03293,,,2025-03-31,000,㈱大東銀行,,25000,17725.0,(保有目的)福島県郡山市に本店を置く当社の主要取引金融機関であり、地域経済に関する情報収集を含む良好な取引関係の維持・強化を目的として保有しております。(定量的な保有効果)  (注)1,,
E03293,,,2025-03-31,000,㈱東邦銀行,,40000,14240.0,(保有目的)福島県福島市に本店を置く当社の主要取引金融機関であり、地域経済に関する情報収集を含む良好な取引関係の維持・強化を目的として保有しております。(定量的な保有効果)  (注)1,,
E00766,,,2025-03-31,000,日産化学㈱,,1000000,4444.0,（保有目的）製品の販売等の取引関係の強化（定量的な保有効果）（注）,,
E00766,,,2025-03-31,000,東京応化工業㈱,,1074456,3327.0,（保有目的）製品の販売等の取引関係の強化（定量的な保有効果）（注）,,
E00766,,,2025-03-31,000,東ソー㈱,,1230000,2525.0,（保有目的）製品の販売等の取引関係の強化（定量的な保有効果）（注）,,
E00766,,,2025-03-31,000,クミアイ化学工業㈱,,1928562,1596.0,（保有目的）製品の販売等の取引関係の強化（定量的な保有効果）（注）,,
E00766,,,2025-03-31,000,ＮＯＫ㈱,,516000,1129.0,（保有目的）製品の販売等の取引関係の強化（定量的な保有効果）（注）,,
E00766,,,2025-03-31,000,㈱大阪ソーダ,,631500,1025.0,（保有目的）製品の販売等の取引関係の強化（定量的な保有効果）（注）（株式数が増加した理由）株式分割による増加,,
E00766,,,2025-03-31,000,㈱クレハ,,305700,843.0,（保有目的）製品の販売等の取引関係の強化（定量的な保有効果）（注）,,
E00766,,,2025-03-31,000,四国化成ホールディングス㈱,,400000,734.0,（保有目的）製品の販売等の取引関係の強化（定量的な保有効果）（注）,,
E00766,,,2025-03-31,000,三井物産㈱,,211150,591.0,（保有目的）製品の販売等の取引関係の強化（定量的な保有効果）（注）（株式数が増加した理由）株式分割による増加,,
E00766,,,2025-03-31,000,㈱八十二銀行,,548000,578.0,（保有目的）融資取引等の取引関係の強化（定量的な保有効果）（注）,,
E00766,,,2025-03-31,000,㈱ＭＯＲＥＳＣＯ,,365000,444.0,（保有目的）製品の販売等の取引関係の強化（定量的な保有効果）（注）,,
E00766,,,2025-03-31,000,保土谷化学工業㈱,,116300,363.0,（保有目的）製品の販売等の取引関係の強化（定量的な保有効果）（注）,,
E00766,,,2025-03-31,000,㈱第四北越フィナンシャル・グループ,,95576,301.0,（保有目的）融資取引等の取引関係の強化（定量的な保有効果）（注）（株式数が増加した理由）株式分割による増加,,
E00766,,,2025-03-31,000,日本農薬㈱,,329000,244.0,（保有目的）製品の販売等の取引関係の強化（定量的な保有効果）（注）,,
E00766,,,2025-03-31,000,東京海上ホールディングス㈱,,37305,213.0,（保有目的）保険契約等の取引関係の強化（定量的な保有効果）（注）,,
E00766,,,2025-03-31,000,三井住友トラストグループ㈱,,31310,116.0,（保有目的）融資取引等の取引関係の強化（定量的な保有効果）（注）,,
E00766,,,2025-03-31,000,ＵＢＥ㈱,,51100,111.0,（保有目的）製品の販売等の取引関係の強化（定量的な保有効果）（注）,,
E00766,,,2025-03-31,000,ソーダニッカ㈱,,100000,103.0,（保有目的）製品の販売等の取引関係の強化（定量的な保有効果）（注）,,
E00766,,,2025-03-31,000,東北化学薬品㈱,,22000,85.0,（保有目的）製品の販売等の取引関係の強化（定量的な保有効果）（注）,,
E00766,,,2025-03-31,000,北興化学工業㈱,,52440,67.0,（保有目的）製品の販売等の取引関係の強化（定量的な保有効果）（注）,,
E00766,,,2025-03-31,000,㈱みずほフィナンシャルグループ,,12055,48.0,（保有目的）融資取引等の取引関係の強化（定量的な保有効果）（注）,,
E00766,,,2025-03-31,000,カネコ種苗㈱,,17142,24.0,（保有目的）製品の販売等の取引関係の強化（定量的な保有効果）（注）,,
E00766,,,2025-03-31,000,伏木海陸運送㈱,,7400,12.0,（保有目的）原料の輸送等の取引関係の強化（定量的な保有効果）（注）,,
E00766,,,2025-03-31,000,㈱田中化学研究所,,20000,9.0,（保有目的）製品の販売等の取引関係の強化（定量的な保有効果）（注）,,
E00766,,,2025-03-31,000,三谷産業㈱,,16000,5.0,（保有目的）製品の販売等の取引関係の強化（定量的な保有効果）（注）,,
E00011,,,2024-12-31,000,住友商事㈱,,3616500,12397.0,木材建材事業及び住宅事業における取引関係にあり、長期的・安定的な取引関係の維持・強化を通じて、当社の中長期的な企業価値の向上に資すると判断し、保有しております。,,
E00011,,,2024-12-31,000,ダイキン工業㈱,,651500,12157.0,木材建材事業及び住宅事業における取引関係にあり、長期的・安定的な取引関係の維持・強化を通じて、当社の中長期的な企業価値の向上に資すると判断し、保有しております。,,
E00011,,,2024-12-31,000,㈱いよぎんホールディングス,,5911895,9075.0,安定的な資金調達の観点から、継続的な借入取引があり、長期的・安定的な取引関係の維持・強化を通じて、当社の中長期的な企業価値の向上に資すると判断し、保有しております。,,
E00011,,,2024-12-31,000,ニチハ㈱,,2572900,7513.0,木材建材事業及び住宅事業における取引関係にあり、長期的・安定的な取引関係の維持・強化を通じて、当社の中長期的な企業価値の向上に資すると判断し、保有しております。,,
E00011,,,2024-12-31,000,住友不動産㈱,,1175000,5805.0,住宅事業における取引関係にあり、長期的・安定的な取引関係の維持・強化を通じて、当社の中長期的な企業価値の向上に資すると判断し、保有しております。,,
E00011,,,2024-12-31,000,㈱レノバ,,7360000,5689.0,資源環境事業において2016年５月に再生可能エネルギー事業にかかる業務提携契約を締結しており、長期的・安定的な取引関係の維持・強化を通じて、当社の中長期的な企業価値の向上に資すると判断し、保有しております。,,
E00011,,,2024-12-31,000,住友金属鉱山㈱,,1234000,4458.0,木材建材事業における取引関係にあり、また、愛媛県新居浜市において土地の賃貸借取引等の関係にあり、長期的・安定的な取引関係の維持・強化を通じて、当社の中長期的な企業価値の向上に資すると判断し、保有しております。,,
E00011,,,2024-12-31,000,㈱住友倉庫,,930000,2612.0,倉庫保管にかかる取引関係にあり、長期的・安定的な取引関係の維持・強化を通じて、当社の中長期的な企業価値の向上に資すると判断し、保有しております。,,
E00011,,,2024-12-31,000,MS＆ADインシュアランスグループホールディングス㈱,,526341,1815.0,保険事業における取引関係にあり、長期的・安定的な取引関係の維持・強化を通じて、当社の中長期的な企業価値の向上に資すると判断し、保有しております。なお、株式分割により株式数が増加しております 。,,
E00011,,,2024-12-31,000,TOTO㈱,,435500,1657.0,木材建材事業及び住宅事業における取引関係にあり、長期的・安定的な取引関係の維持・強化を通じて、当社の中長期的な企業価値の向上に資すると判断し、保有しております。,,
E00011,,,2024-12-31,000,㈱三井住友フィナンシャルグループ,,373263,1405.0,安定的な資金調達の観点から、継続的な借入取引があり、長期的・安定的な取引関係の維持・強化を通じて、当社の中長期的な企業価値の向上に資すると判断し、保有しております。なお、株式分割により株式数が増加しております 。,,
E00011,,,2024-12-31,000,住友ベークライト㈱,,333440,1292.0,木材建材事業における取引関係にあり、長期的・安定的な取引関係の維持・強化を通じて、当社の中長期的な企業価値の向上に資すると判断し、保有しております。なお、株式分割により株式数が増加しております 。,,
E00011,,,2024-12-31,000,㈱百十四銀行,,364205,1193.0,安定的な資金調達の観点から、継続的な借入取引があり、長期的・安定的な取引関係の維持・強化を通じて、当社の中長期的な企業価値の向上に資すると判断し、保有しております。,,
E00011,,,2024-12-31,000,住友電気工業㈱,,363000,1036.0,情報システム関連における取引関係にあり、長期的・安定的な取引関係の維持・強化を通じて、当社の中長期的な企業価値の向上に資すると判断し、保有しております。,,
E00011,,,2024-12-31,000,大倉工業㈱,,315820,951.0,木材建材事業における取引関係にあり、長期的・安定的な取引関係の維持・強化を通じて、当社の中長期的な企業価値の向上に資すると判断し、保有しております。,,
E00011,,,2024-12-31,000,㈱ノーリツ,,556600,927.0,木材建材事業及び住宅事業における取引関係にあり、長期的・安定的な取引関係の維持・強化を通じて、当社の中長期的な企業価値の向上に資すると判断し、保有しております。,,
E00011,,,2024-12-31,000,三井住友トラストグループ㈱,,249606,922.0,安定的な資金調達の観点から、継続的な借入取引があり、長期的・安定的な取引関係の維持・強化を通じて、当社の中長期的な企業価値の向上に資すると判断し、保有しております。,,
E00011,,,2024-12-31,000,OCHIホールディングス㈱,,414765,561.0,木材建材事業における取引関係にあり、長期的・安定的な取引関係の維持・強化を通じて、当社の中長期的な企業価値の向上に資すると判断し、保有しております。,,
E00011,,,2024-12-31,000,永大産業㈱,,2306000,493.0,木材建材事業及び住宅事業における取引関係にあり、長期的・安定的な取引関係の維持・強化を通じて、当社の中長期的な企業価値の向上に資すると判断し、保有しております。,,
E00011,,,2024-12-31,000,ジオリーブグループ㈱,,412630,474.0,木材建材事業における取引関係にあり、長期的・安定的な取引関係の維持・強化を通じて、当社の中長期的な企業価値の向上に資すると判断し、保有しております。,,
E00011,,,2024-12-31,000,㈱三菱UFJフィナンシャル・グループ,,255400,471.0,安定的な資金調達の観点から、継続的な借入取引があり、長期的・安定的な取引関係の維持・強化を通じて、当社の中長期的な企業価値の向上に資すると判断し、保有しております。,,
E00011,,,2024-12-31,000,アイカ工業㈱,,140800,465.0,木材建材事業及び住宅事業における取引関係にあり、長期的・安定的な取引関係の維持・強化を通じて、当社の中長期的な企業価値の向上に資すると判断し、保有しております。,,
E00011,,,2024-12-31,000,住友大阪セメント㈱,,137800,457.0,木材建材事業及び住宅事業における取引関係にあり、また、資源環境事業において再生可能エネルギー事業にかかる業務提携関係にあり、長期的・安定的な取引関係の維持・強化を通じて、当社の中長期的な企業価値の向上に資すると判断し、保有しております。,,
E00011,,,2024-12-31,000,東京瓦斯㈱,,100400,439.0,住宅事業における取引関係にあり、長期的・安定的な取引関係の維持・強化を通じて、当社の中長期的な企業価値の向上に資すると判断し、保有しております。,,
E00011,,,2024-12-31,000,Green EarthInstitute㈱,,900000,400.0,2023年11月にバイオリファイナリー事業の推進にかかる業務・資本提携契約を締結しており、長期的・安定的な取引関係の維持・強化を通じて、当社の中長期的な企業価値の向上に資すると判断し、保有しております。,,
E00011,,,2024-12-31,000,㈱JSP,,170610,372.0,木材建材事業における取引関係にあり、長期的・安定的な取引関係の維持・強化を通じて、当社の中長期的な企業価値の向上に資すると判断し、保有しております。,,
E00011,,,2024-12-31,000,住友重機械工業㈱,,106202,345.0,資源環境事業における取引関係にあり、長期的・安定的な取引関係の維持・強化を通じて、当社の中長期的な企業価値の向上に資すると判断し、保有しております。,,
E00011,,,2024-12-31,000,三協立山㈱,,437098,291.0,木材建材事業及び住宅事業における取引関係にあり、長期的・安定的な取引関係の維持・強化を通じて、当社の中長期的な企業価値の向上に資すると判断し、保有しております。,,
E00011,,,2024-12-31,000,住友化学㈱,,825000,288.0,資源環境事業において再生可能エネルギー事業にかかる業務提携関係にあり、長期的・安定的な取引関係の維持・強化を通じて、当社の中長期的な企業価値の向上に資すると判断し、保有しております。,,
E00011,,,2024-12-31,000,三井住友建設㈱,,630378,260.0,木材建材事業及び住宅事業における取引関係にあり、長期的・安定的な取引関係の維持・強化を通じて、当社の中長期的な企業価値の向上に資すると判断し、保有しております。,,
E00011,,,2024-12-31,000,飯田グループホールディングス㈱,,85255,203.0,木材建材事業における取引関係にあり、長期的・安定的な取引関係の維持・強化を通じて、当社の中長期的な企業価値の向上に資すると判断し、保有しております。取引先持株会会員として株式を定期購入したため株式数が増加しております。,,
E00011,,,2024-12-31,000,JKホールディングス㈱,,188735,196.0,木材建材事業における取引関係にあり、長期的・安定的な取引関係の維持・強化を通じて、当社の中長期的な企業価値の向上に資すると判断し、保有しております。,,
E00011,,,2024-12-31,000,㈱ウッドワン,,172800,147.0,木材建材事業における取引関係にあり、長期的・安定的な取引関係の維持・強化を通じて、当社の中長期的な企業価値の向上に資すると判断し、保有しております。,,
E00011,,,2024-12-31,000,㈱LIXIL,,67102,116.0,木材建材事業及び住宅事業における取引関係にあり、長期的・安定的な取引関係の維持・強化を通じて、当社の中長期的な企業価値の向上に資すると判断し、保有しております。,,
E00011,,,2024-12-31,000,クワザワホールディングス㈱,,80000,56.0,木材建材事業及び住宅事業における取引関係にあり、長期的・安定的な取引関係の維持・強化を通じて、当社の中長期的な企業価値の向上に資すると判断し、保有しております。,,
E00011,,,2024-12-31,000,南海プライウッド㈱,,7150,38.0,木材建材事業における取引関係にあり、長期的・安定的な取引関係の維持・強化を通じて、当社の中長期的な企業価値の向上に資すると判断し、保有しております。,,
E00011,,,2024-12-31,000,ヤマエグループホールディングス㈱,,16000,32.0,木材建材事業における取引関係にあり、長期的・安定的な取引関係の維持・強化を通じて、当社の中長期的な企業価値の向上に資すると判断し、保有しております。,,
E00011,,,2024-12-31,000,日本板硝子㈱,,59400,21.0,木材建材事業における取引関係にあり、長期的・安定的な取引関係の維持・強化を通じて、当社の中長期的な企業価値の向上に資すると判断し、保有しております。,,
E00011,,,2024-12-31,000,㈱オービス,,15000,21.0,木材建材事業における取引関係にあり、長期的・安定的な取引関係の維持・強化を通じて、当社の中長期的な企業価値の向上に資すると判断し、保有しております。,,
E00011,,,2024-12-31,000,東京ボード工業㈱,,30000,16.0,木材建材事業における取引関係にあり、長期的・安定的な取引関係の維持・強化を通じて、当社の中長期的な企業価値の向上に資すると判断し、保有しております。,,
E00011,,,2024-12-31,000,北恵㈱,,16105,12.0,木材建材事業における取引関係にあり、長期的・安定的な取引関係の維持・強化を通じて、当社の中長期的な企業価値の向上に資すると判断し、保有しております。,,
E00011,,,2024-12-31,000,旭化成㈱,,1000,1.0,株主とのコミュニケーションに関する情報収集のため保有しております。,,
E00011,,,2024-12-31,000,大和ハウス工業㈱,,100,0.0,株主とのコミュニケーションに関する情報収集のため保有しております。,,
E00011,,,2024-12-31,000,積水ハウス㈱,,100,0.0,株主とのコミュニケーションに関する情報収集のため保有しております。,,
E02379,,,2024-12-31,000,住友林業㈱,,965000,5108.0,当社グループの販売取引先として事業上の関係を維持・強化するために保有しております。同社とは高付加価値の省エネ機器の拡販を推進しております。定量的な保有効果については記載が困難でありますが、成長性・収益性・取引関係強化等の観点から、保有意義及び経済合理性を検証した結果、取締役会において保有継続の妥当性を確認しております。,,
E02379,,,2024-12-31,000,住友不動産㈱,,778600,3846.0,当社グループの販売取引先として事業上の関係を維持・強化するために保有しております。同社とはCO2削減など社会的課題の解決に向けて、同社の分譲マンション・戸建住宅・戸建リフォームにおける省エネ機器の採用・拡販を相互に協力して推進しております。定量的な保有効果については記載が困難でありますが、成長性・収益性・取引関係強化等の観点から、保有意義及び経済合理性を検証した結果、取締役会において保有継続の妥当性を確認しております。,,
E02379,,,2024-12-31,000,ＴＯＴＯ㈱,,988500,3761.0,当社グループの業務提携先として事業上の関係を維持・強化するために保有しております。同社とは温水事業において、互いの強みを活かした製品・部品の相互OEM供給を実施しており、両社の経営効率の向上に寄与しております。定量的な保有効果については記載が困難でありますが、成長性・収益性・取引関係強化等の観点から、保有意義及び経済合理性を検証した結果、取締役会において保有継続の妥当性を確認しております。,,
E02379,,,2024-12-31,000,積水ハウス㈱,,844650,3194.0,当社グループの販売取引先として事業上の関係を維持・強化するために保有しております。同社とは同社の戸建住宅や賃貸住宅におけるZEH（ネット・ゼロ・エネルギー・ハウス）の普及に向けて省エネ機器の採用・拡販を相互に協力して推進しております。定量的な保有効果については記載が困難でありますが、成長性・収益性・取引関係強化等の観点から、保有意義及び経済合理性を検証した結果、取締役会において保有継続の妥当性を確認しております。,,
E02379,,,2024-12-31,000,㈱長府製作所,,1079400,2089.0,当社グループの業務提携先として事業上の関係を維持・強化するために保有しております。同社とは温水事業において、互いの強みを活かした製品・部品の相互OEM供給を実施しており、両社の経営効率の向上に寄与しております。定量的な保有効果については記載が困難でありますが、成長性・収益性・取引関係強化等の観点から、保有意義及び経済合理性を検証した結果、取締役会において保有継続の妥当性を確認しております。,,
E02379,,,2024-12-31,000,㈱立花エレテック,,742560,1949.0,当社グループの購買取引先として事業上の関係を維持・強化するために保有しております。同社からはリモコンや給湯器のコントローラに搭載している電子部品・半導体を購入しており、安定的な部品調達を継続できるよう相互連携を図っております。定量的な保有効果については記載が困難でありますが、成長性・収益性・取引関係強化等の観点から、保有意義及び経済合理性を検証した結果、取締役会において保有継続の妥当性を確認しております。,,
E02379,,,2024-12-31,000,大阪瓦斯㈱,,493000,1705.0,当社グループの販売取引先として事業上の関係を維持・強化するために保有しております。当社は同社ブランドのガス機器製造販売を行っており、高付加価値の省エネ機器の拡販を協力して推進しております。また、DX化の観点では受発注のデジタル化推進による業務や営業の効率化を相互に協力して推進しております。定量的な保有効果については記載が困難でありますが、成長性・収益性・取引関係強化等の観点から、保有意義及び経済合理性を検証した結果、取締役会において保有継続の妥当性を確認しております。,,
E02379,,,2024-12-31,000,シナネンホールディングス㈱,,223770,1465.0,当社グループの販売取引先として事業上の関係を維持・強化するために保有しております。同社とは低炭素社会の実現に向けた省エネ機器の拡販や入浴事故の低減につながる高付加価値製品の販売、経年劣化事故の抑制に向けた点検活動を相互に協力して推進しております。定量的な保有効果については記載が困難でありますが、成長性・収益性・取引関係強化等の観点から、保有意義及び経済合理性を検証した結果、取締役会において保有継続の妥当性を確認しております。,,
E02379,,,2024-12-31,000,東京瓦斯㈱,,324300,1417.0,当社グループの販売取引先として事業上の関係を維持・強化するために保有しております。同社とは同社が展開する高品質で安心・快適な「東京ガス温水システムTES」への当社製品の採用や首都圏を中心に同社グループと高付加価値な省エネ機器の拡販を相互に協力して推進しております。定量的な保有効果については記載が困難でありますが、成長性・収益性・取引関係強化等の観点から、保有意義及び経済合理性を検証した結果、取締役会において保有継続の妥当性を確認しております。,,
E02379,,,2024-12-31,000,㈱ミツウロコグループホールディングス,,568700,1021.0,当社グループの販売取引先として事業上の関係を維持・強化するために保有しております。同社とは低炭素社会の実現に向けた省エネ機器の拡販や入浴事故の低減につながる高付加価値製品の販売、経年劣化事故の抑制に向けた点検活動を相互に協力して推進しております。定量的な保有効果については記載が困難でありますが、成長性・収益性・取引関係強化等の観点から、保有意義及び経済合理性を検証した結果、取締役会において保有継続の妥当性を確認しております。,,
E02379,,,2024-12-31,000,岩谷産業㈱,,492000,885.0,当社グループの販売取引先として事業上の関係を維持・強化するために保有しております。同社とは低炭素社会の実現に向けた省エネ機器の拡販を推進しております。また、DX化の観点では受発注のデジタル化に取組み、業務や営業の効率化を相互に協力して推進しております。定量的な保有効果については記載が困難でありますが、成長性・収益性・取引関係強化等の観点から、保有意義及び経済合理性を検証した結果、取締役会において保有継続の妥当性を確認しております。株式数の増加は、株式分割によるものであります。,,
E02379,,,2024-12-31,000,㈱群馬銀行,,651000,693.0,当社グループの金融取引先として財務活動の円滑化のために保有しております。同行とは継続的な資金調達先として良好な関係を維持し、財政状態の安定化のため協力・連携を図っております。定量的な保有効果については記載が困難でありますが、成長性・収益性・取引関係強化等の観点から、保有意義及び経済合理性を検証した結果、取締役会において保有継続の妥当性を確認しております。,,
E02379,,,2024-12-31,000,日本電気硝子㈱,,175000,589.0,当社グループの購買取引先として事業上の関係を維持・強化するために保有しております。同社からは厨房分野の主要部品を購入しており、厨房機器の販売拡大のための新商材採用を相互に協力して推進しております。定量的な保有効果については記載が困難でありますが、成長性・収益性・取引関係強化等の観点から、保有意義及び経済合理性を検証した結果、取締役会において保有継続の妥当性を確認しております。,,
E02379,,,2024-12-31,000,ユアサ商事㈱,,99364,439.0,当社グループの販売取引先として事業上の関係を維持・強化するために保有しております。同社とは低炭素社会の実現に向けた省エネ機器の拡販や入浴事故の低減につながる高付加価値製品の販売、経年劣化事故の抑制に向けた点検活動を相互に協力して推進しております。定量的な保有効果については記載が困難でありますが、成長性・収益性・取引関係強化等の観点から、保有意義及び経済合理性を検証した結果、取締役会において保有継続の妥当性を確認しております。株式数の増加は、取引先持株会所属による定期買付によるものであります。,,
E02379,,,2024-12-31,000,三浦工業㈱,,104700,416.0,当社グループの業務提携先として事業上の関係を維持・強化するために保有しております。同社とは非住宅分野において、中長期視点で互いに協業を推進しております。定量的な保有効果については記載が困難でありますが、成長性・収益性・取引関係強化等の観点から、保有意義及び経済合理性を検証した結果、取締役会において保有継続の妥当性を確認しております。,,
E02379,,,2024-12-31,000,㈱三菱ＵＦＪフィナンシャル・グループ,,214000,395.0,当社グループの金融取引先として財務活動の円滑化のために保有しております。同行とは海外拠点での取引を含め当社グループ全体の財政状態の安定化を図るとともに金融情勢・経済環境の情報交換や経営全般に関する助言を通じたサポートにより中長期的な企業価値向上に向けた協力・連携を推進しております。定量的な保有効果については記載が困難でありますが、成長性・収益性・取引関係強化等の観点から、保有意義及び経済合理性を検証した結果、取締役会において保有継続の妥当性を確認しております。,,
E02379,,,2024-12-31,000,大和ハウス工業㈱,,76500,371.0,当社グループの販売取引先として事業上の関係を維持・強化するために保有しております。同社とはESGへの取組みでは、同社の戸建住宅や賃貸住宅におけるZEHの普及に向けて省エネ機器の採用・拡販を相互に協力して推進しております。また、DX化の観点ではBIM（ビルディング・インフォメーション・モデリング）の連携を強化し、設計・施工の効率化を推進しております。定量的な保有効果については記載が困難でありますが、成長性・収益性・取引関係強化等の観点から、保有意義及び経済合理性を検証した結果、取締役会において保有継続の妥当性を確認しております。,,
E02379,,,2024-12-31,000,第一生命ホールディングス㈱,,83100,351.0,当社グループの金融取引先として財務活動の円滑化のために保有しております。同社とは保険取引や年金運用取引を通じて中長期的な企業価値向上に向けた協力・連携を図っております。定量的な保有効果については記載が困難でありますが、成長性・収益性・取引関係強化等の観点から、保有意義及び経済合理性を検証した結果、取締役会において保有継続の妥当性を確認しております。,,
E02379,,,2024-12-31,000,㈱りそなホールディングス,,283366,324.0,当社グループの金融取引先として財務活動の円滑化のために保有しております。同行とは取引を通じて金融情勢・経済環境の情報交換等を行っており、中長期的な企業価値向上に向けた協力・連携を図っております。定量的な保有効果については記載が困難でありますが、成長性・収益性・取引関係強化等の観点から、保有意義及び経済合理性を検証した結果、取締役会において保有継続の妥当性を確認しております。,,
E02379,,,2024-12-31,000,㈱三井住友フィナンシャルグループ,,82122,309.0,当社グループの金融取引先として財務活動の円滑化のために保有しております。同行とは海外拠点での取引を含め当社グループ全体の財政状態の安定化を図るとともに金融情勢・経済環境の情報交換や経営全般に関する助言を通じたサポートにより中長期的な企業価値向上に向けた協力・連携を推進しております。定量的な保有効果については記載が困難でありますが、成長性・収益性・取引関係強化等の観点から、保有意義及び経済合理性を検証した結果、取締役会において保有継続の妥当性を確認しております。株式数の増加は、株式分割によるものであります。,,
E02379,,,2024-12-31,000,グローリー㈱,,116100,301.0,当社グループの販売取引先として事業上の関係を維持・強化するために保有しております。同社とはソフト開発等の取引を行っており、高付加価値製品の拡販を相互に協力しております。定量的な保有効果については記載が困難でありますが、成長性・収益性・取引関係強化等の観点から、保有意義及び経済合理性を検証した結果、取締役会において保有継続の妥当性を確認しております。,,
E02379,,,2024-12-31,000,㈱山善,,166011,231.0,当社グループの販売取引先として事業上の関係を維持・強化するために保有しております。同社とはESGへの取組みにおいては高付加価値の省エネ機器の拡販また、DX化の観点からは顧客密着活動の推進による業務用給湯機器の拡販、業務や営業の効率化を相互に協力して推進しております。定量的な保有効果については記載が困難でありますが、成長性・収益性・取引関係強化等の観点から、保有意義及び経済合理性を検証した結果、取締役会において保有継続の妥当性を確認しております。株式数の増加は、取引先持株会所属による定期買付によるものであります。,,
E02379,,,2024-12-31,000,㈱共立メンテナンス,,69184,202.0,当社グループの販売取引先として事業上の関係を維持・強化するために保有しております。同社が保有する施設における非住宅分野の省エネ機器の採用や故障の未然防止に向けた保守・点検活動を相互に協力して推進しています。定量的な保有効果については記載が困難でありますが、成長性・収益性・取引関係強化等の観点から、保有意義及び経済合理性を検証した結果、取締役会において保有継続の妥当性を確認しております。株式数の増加は、株式分割によるものであります。,,
E02379,,,2024-12-31,000,西部瓦斯㈱,,112918,195.0,当社グループの販売取引先として事業上の関係を維持・強化するために保有しております。同社とは低炭素社会の実現に向けた省エネ機器や同社ビジョンの「つながり」から顧客密着活動の推進による高付加価値製品の拡販を相互に協力して推進しております。定量的な保有効果については記載が困難でありますが、成長性・収益性・取引関係強化等の観点から、保有意義及び経済合理性を検証した結果、取締役会において保有継続の妥当性を確認しております。,,
E02379,,,2024-12-31,000,新コスモス電機㈱,,50000,132.0,当社グループの販売取引先として事業上の関係を維持・強化するために保有しております。定量的な保有効果については記載が困難でありますが、成長性・収益性・取引関係強化等の観点から、保有意義及び経済合理性を検証した結果、取締役会において保有継続の妥当性を確認しております。,,
E02379,,,2024-12-31,000,㈱みずほフィナンシャルグループ,,31124,120.0,当社グループの金融取引先として財務活動の円滑化のために保有しております。同行とは取引を通じて金融情勢・経済環境の情報交換等を行っており、中長期的な企業価値向上に向けた協力・連携を図っております。定量的な保有効果については記載が困難でありますが、成長性・収益性・取引関係強化等の観点から、保有意義及び経済合理性を検証した結果、取締役会において保有継続の妥当性を確認しております。,,
E02379,,,2024-12-31,000,静岡ガス㈱,,112500,120.0,当社グループの販売取引先として事業上の関係を維持・強化するために保有しております。同社とは高付加価値の省エネ機器の拡販や社会課題の解決に向けた人材育成等の活動を相互に協力して推進しております。定量的な保有効果については記載が困難でありますが、成長性・収益性・取引関係強化等の観点から、保有意義及び経済合理性を検証した結果、取締役会において保有継続の妥当性を確認しております。,,
E02379,,,2024-12-31,000,Ｋ＆Ｏエナジーグループ㈱,,30904,116.0,当社グループの販売取引先として事業上の関係を維持・強化するために保有しております。同社とは低炭素社会の実現に向けた省エネ機器の拡販や社会課題の解決に向けた高付加価値製品の販売を相互に協力して推進しております。定量的な保有効果については記載が困難でありますが、成長性・収益性・取引関係強化等の観点から、保有意義及び経済合理性を検証した結果、取締役会において保有継続の妥当性を確認しております。,,
E02379,,,2024-12-31,000,ナイス㈱,,58405,96.0,当社グループの販売取引先として事業上の関係を維持・強化するために保有しております。同社とは低炭素社会の実現に向けた省エネ機器の拡販や入浴事故の低減につながる高付加価値製品の販売を相互に協力して推進しております。定量的な保有効果については記載が困難でありますが、成長性・収益性・取引関係強化等の観点から、保有意義及び経済合理性を検証した結果、取締役会において保有継続の妥当性を確認しております。,,
E02379,,,2024-12-31,000,大丸エナウィン㈱,,48100,86.0,当社グループの販売取引先として事業上の関係を維持・強化するために保有しております。同社とは低炭素社会の実現に向けた省エネ機器の拡販や社会課題の解決に向けた高付加価値製品の販売、経年劣化事故の抑制に向けた点検活動を相互に協力して推進しております。定量的な保有効果については記載が困難でありますが、成長性・収益性・取引関係強化等の観点から、保有意義及び経済合理性を検証した結果、取締役会において保有継続の妥当性を確認しております。,,
E02379,,,2024-12-31,000,カメイ㈱,,42350,79.0,当社グループの販売取引先として事業上の関係を維持・強化するために保有しております。同社とはESGへの取組みでは高付加価値の省エネ機器の拡販を協力して推進しております。また、DX化の観点からは顧客密着活動の推進による業務や営業の効率化を相互に協力して推進しております。定量的な保有効果については記載が困難でありますが、成長性・収益性・取引関係強化等の観点から、保有意義及び経済合理性を検証した結果、取締役会において保有継続の妥当性を確認しております。,,
E02379,,,2024-12-31,000,ＪＫホールディングス㈱,,73456,76.0,当社グループの販売取引先として事業上の関係を維持・強化するために保有しております。同社とは低炭素社会の実現に向けた省エネ機器の拡販や入浴事故の低減につながる高付加価値製品の販売を相互に協力して推進しております。定量的な保有効果については記載が困難でありますが、成長性・収益性・取引関係強化等の観点から、保有意義及び経済合理性を検証した結果、取締役会において保有継続の妥当性を確認しております。,,
E02379,,,2024-12-31,000,橋本総業ホールディングス㈱,,49974,65.0,当社グループの販売取引先として事業上の関係を維持・強化するために保有しております。同社とは低炭素社会の実現に向けた省エネ機器の拡販や入浴事故の低減につながる高付加価値製品の販売、強固なサプライチェーン構築に向けた流通機能の充実等を相互に協力して推進しております。定量的な保有効果については記載が困難でありますが、成長性・収益性・取引関係強化等の観点から、保有意義及び経済合理性を検証した結果、取締役会において保有継続の妥当性を確認しております。株式数の増加は、取引先持株会所属による定期買付によるものであります。,,
E02379,,,2024-12-31,000,㈱サーラコーポレーション,,50208,45.0,当社グループの販売取引先として事業上の関係を維持・強化するために保有しております。同社とは低炭素社会の実現に向けた省エネ機器の拡販や社会課題の解決に向けた高付加価値製品の販売を相互に協力して推進しております。定量的な保有効果については記載が困難でありますが、成長性・収益性・取引関係強化等の観点から、保有意義及び経済合理性を検証した結果、取締役会において保有継続の妥当性を確認しております。株式数の増加は、取引先持株会所属による定期買付によるものであります。,,
E02379,,,2024-12-31,000,㈱ノザワ,,50500,43.0,当社グループの購買取引先として事業上の関係を維持・強化するために保有しております。定量的な保有効果については記載が困難でありますが、成長性・収益性・取引関係強化等の観点から、保有意義及び経済合理性を検証した結果、取締役会において保有継続の妥当性を確認しております。,,
E02379,,,2024-12-31,000,三谷産業㈱,,113740,37.0,当社グループの販売取引先として事業上の関係を維持・強化するために保有しております。同社とは低炭素社会の実現に向けた高付加価値の省エネ機器の拡販を相互に協力して推進しております。定量的な保有効果については記載が困難でありますが、成長性・収益性・取引関係強化等の観点から、保有意義及び経済合理性を検証した結果、取締役会において保有継続の妥当性を確認しております。,,
E02379,,,2024-12-31,000,ＯＣＨＩホールディングス㈱,,13500,18.0,当社グループの販売取引先として事業上の関係を維持・強化するために保有しております。同社とは安心安全でサステナブルな社会を創造するというSDGsの観点で、高付加価値の省エネ機器の拡販を相互に協力して推進しております。定量的な保有効果については記載が困難でありますが、成長性・収益性・取引関係強化等の観点から、保有意義及び経済合理性を検証した結果、取締役会において保有継続の妥当性を確認しております。,,
E02379,,,2024-12-31,000,ジオリーブグループ㈱,,11500,13.0,当社グループの販売取引先として事業上の関係を維持・強化するために保有しております。同社とは低炭素社会の実現に向けた省エネ機器の拡販や入浴事故の低減につながる高付加価値製品の販売、強固なサプライチェーン構築に向けた流通機能の充実等を相互に協力して推進しております。定量的な保有効果については記載が困難でありますが、成長性・収益性・取引関係強化等の観点から、保有意義及び経済合理性を検証した結果、取締役会において保有継続の妥当性を確認しております。,,
E02379,,,2024-12-31,000,ダイヤモンドエレクトリックホールディングス㈱,,24000,12.0,当社グループの購買取引先として事業上の関係を維持・強化するために保有しております。同社とはオイル給湯器・浴室乾燥機等のコントローラの生産を委託しており、安定的な供給を継続できるよう相互連携を図っております。定量的な保有効果については記載が困難でありますが、成長性・収益性・取引関係強化等の観点から、保有意義及び経済合理性を検証した結果、取締役会において保有継続の妥当性を確認しております。,,
E02379,,,2024-12-31,000,北海道瓦斯㈱,,18976,10.0,当社グループの販売取引先として事業上の関係を維持・強化するために保有しております。同社とは寒冷地向けガス機器開発に関する包括的な協力関係にあり、同社グループと高付加価値の省エネ機器の拡販を相互に協力して推進しております。定量的な保有効果については記載が困難でありますが、成長性・収益性・取引関係強化等の観点から、保有意義及び経済合理性を検証した結果、取締役会において保有継続の妥当性を確認しております。株式数の増加は、取引先持株会所属による定期買付及び株式分割によるものであります。,,
E02379,,,2024-12-31,000,㈱土屋ホールディングス,,28028,6.0,当社グループの販売取引先として事業上の関係を維持・強化するために保有しております。同社の寒冷地向け戸建住宅や賃貸住宅におけるZEHの普及に向けて省エネ機器の採用・拡販を相互に協力して推進しております。定量的な保有効果については記載が困難でありますが、成長性・収益性・取引関係強化等の観点から、保有意義及び経済合理性を検証した結果、取締役会において保有継続の妥当性を確認しております。,,
E02379,,,2024-12-31,000,三菱地所㈱,,1260,2.0,当社グループの販売取引先として事業上の関係を維持・強化するために保有しております。同社とは同社の分譲マンションにおけるZEH-M（ネット・ゼロ・エネルギー・ハウス・マンション）の普及に向けて省エネ機器の採用・拡販を相互に協力して推進しております。定量的な保有効果については記載が困難でありますが、成長性・収益性・取引関係強化等の観点から、保有意義及び経済合理性を検証した結果、取締役会において保有継続の妥当性を確認しております。,,
E02379,,,2024-12-31,000,タカラスタンダード㈱,,1376,2.0,当社グループの販売取引先として事業上の関係を維持・強化するために保有しております。同社とは厨房機器の販売拡大やホーロー製品の採用拡大に向けた相互の協力を推進しております。定量的な保有効果については記載が困難でありますが、成長性・収益性・取引関係強化等の観点から、保有意義及び経済合理性を検証した結果、取締役会において保有継続の妥当性を確認しております。株式数の増加は、取引先持株会所属による定期買付によるものであります。,,
E37785,,,2025-03-31,000,株式会社中電工,,1398619,4608.0,当社資本コストを上回るなど株式保有に伴う取引採算が確保できている銘柄であり、「当社ならびに取引先の持続的な成長・企業価値向上」の維持・強化を図るため。,,
E37785,,,2025-03-31,000,ローツェ株式会社,,3200000,4481.0,当社資本コストを上回るなど株式保有に伴う取引採算が確保できている銘柄であり、「当社ならびに取引先の持続的な成長・企業価値向上」の維持・強化を図るため。株式分割により増加。,,
E37785,,,2025-03-31,000,倉敷紡績株式会社,,726589,4330.0,雇用創出などの企業活動により地域社会の発展に貢献する地元上場企業との関係強化を通じ、「持続的な成長・企業価値向上」の維持・強化を図るため。,,
E37785,,,2025-03-31,000,住友不動産株式会社,,718000,4015.0,地域社会の発展への貢献が期待できる開発力・技術力等を有する主要上場企業との関係強化を通じて、「持続的な成長・企業価値の向上」の維持・強化、かつ総合的な取引拡大を図るため。,,
E37785,,,2025-03-31,000,株式会社エフピコ,,1015560,2864.0,当社資本コストを上回るなど株式保有に伴う取引採算が確保できている銘柄であり、「当社ならびに取引先の持続的な成長・企業価値向上」の維持・強化を図るため。,,
E37785,,,2025-03-31,000,東京海上ホールディングス株式会社,,465645,2670.0,海外進出支援や保険業務上の連携等を通じて地域社会の発展に貢献することで、「持続的な成長・企業価値向上」の維持・強化を図るため。,,
E37785,,,2025-03-31,000,ＤＯＷＡホールディングス株式会社,,569315,2635.0,雇用創出などの企業活動により地域社会の発展に貢献する地元上場企業との関係強化を通じ、「持続的な成長・企業価値向上」の維持・強化を図るため。,,
E37785,,,2025-03-31,000,株式会社いよぎんホールディングス,,1264000,2222.0,ＴＳＵＢＡＳＡアライアンスへの参加行との連携等を通じて地域社会の発展に貢献することで、「持続的な成長・企業価値向上」の維持・強化を図るため。,,
E37785,,,2025-03-31,000,エア・ウォーター株式会社,,1150000,2171.0,雇用創出などの企業活動により地域社会の発展に貢献する地元上場企業との関係強化を通じ、「持続的な成長・企業価値向上」の維持・強化を図るため。,,
E37785,,,2025-03-31,000,フジテック株式会社,,350000,2067.0,当社資本コストを上回るなど株式保有に伴う取引採算が確保できている銘柄であり、「当社ならびに取引先の持続的な成長・企業価値向上」の維持・強化を図るため。,,
E37785,,,2025-03-31,000,ＭＳ＆ＡＤインシュアランスグループホールディングス株式会社,,580590,1872.0,海外進出支援や保険業務上の連携等を通じて地域社会の発展に貢献することで、「持続的な成長・企業価値向上」の維持・強化を図るため。,,
E37785,,,2025-03-31,000,オリックス株式会社,,582000,1794.0,当社資本コストを上回るなど株式保有に伴う取引採算が確保できている銘柄であり、「当社ならびに取引先の持続的な成長・企業価値向上」の維持・強化を図るため。,,
E37785,,,2025-03-31,000,株式会社クラレ,,978400,1792.0,当社資本コストを上回るなど株式保有に伴う取引採算が確保できている銘柄であり、「当社ならびに取引先の持続的な成長・企業価値向上」の維持・強化を図るため。,,
E37785,,,2025-03-31,000,アース製薬株式会社,,340600,1764.0,雇用創出などの企業活動により地域社会の発展に貢献する地元上場企業との関係強化を通じ、「持続的な成長・企業価値向上」の維持・強化を図るため。,,
E37785,,,2025-03-31,000,株式会社大本組,,1408800,1742.0,雇用創出などの企業活動により地域社会の発展に貢献する地元上場企業との関係強化を通じ、「持続的な成長・企業価値向上」の維持・強化を図るため。株式分割により増加。,,
E37785,,,2025-03-31,000,福山通運株式会社,,442826,1600.0,雇用創出などの企業活動により地域社会の発展に貢献する地元上場企業との関係強化を通じ、「持続的な成長・企業価値向上」の維持・強化を図るため。,,
E37785,,,2025-03-31,000,株式会社ヨータイ,,908000,1542.0,当社資本コストを上回るなど株式保有に伴う取引採算が確保できている銘柄であり、「当社ならびに取引先の持続的な成長・企業価値向上」の維持・強化を図るため。,,
E37785,,,2025-03-31,000,株式会社ＡＤＥＫＡ,,566000,1521.0,当社資本コストを上回るなど株式保有に伴う取引採算が確保できている銘柄であり、「当社ならびに取引先の持続的な成長・企業価値向上」の維持・強化を図るため。,,
E37785,,,2025-03-31,000,三菱瓦斯化学株式会社,,650322,1512.0,当社資本コストを上回るなど株式保有に伴う取引採算が確保できている銘柄であり、「当社ならびに取引先の持続的な成長・企業価値向上」の維持・強化を図るため。,,
E37785,,,2025-03-31,000,東海旅客鉄道株式会社,,500000,1427.0,地域社会の発展への貢献が期待できる開発力・技術力等を有する主要上場企業との関係強化を通じて、「持続的な成長・企業価値の向上」の維持・強化、かつ総合的な取引拡大を図るため。,,
E37785,,,2025-03-31,000,株式会社千葉銀行,,982000,1373.0,ＴＳＵＢＡＳＡアライアンスへの参加行との連携等を通じて地域社会の発展に貢献することで、「持続的な成長・企業価値向上」の維持・強化を図るため。,,
E37785,,,2025-03-31,000,イーグル工業株式会社,,637407,1248.0,当社資本コストを上回るなど株式保有に伴う取引採算が確保できている銘柄であり、「当社ならびに取引先の持続的な成長・企業価値向上」の維持・強化を図るため。,,
E37785,,,2025-03-31,000,関東電化工業株式会社,,1400000,1216.0,当社資本コストを上回るなど株式保有に伴う取引採算が確保できている銘柄であり、「当社ならびに取引先の持続的な成長・企業価値向上」の維持・強化を図るため。,,
E37785,,,2025-03-31,000,ＪＦＥホールディングス株式会社,,656336,1200.0,地域社会の発展への貢献が期待できる開発力・技術力等を有する主要上場企業との関係強化を通じて、「持続的な成長・企業価値の向上」の維持・強化、かつ総合的な取引拡大を図るため。,,
E37785,,,2025-03-31,000,西日本旅客鉄道株式会社,,400000,1166.0,雇用創出などの企業活動により地域社会の発展に貢献する地元上場企業との関係強化を通じ、「持続的な成長・企業価値向上」の維持・強化を図るため。,,
E37785,,,2025-03-31,000,株式会社サンマルクホールディングス,,485548,1124.0,当社資本コストを上回るなど株式保有に伴う取引採算が確保できている銘柄であり、「当社ならびに取引先の持続的な成長・企業価値向上」の維持・強化を図るため。,,
E37785,,,2025-03-31,000,電源開発株式会社,,418080,1058.0,地域社会の発展への貢献が期待できる開発力・技術力等を有する主要上場企業との関係強化を通じて、「持続的な成長・企業価値の向上」の維持・強化、かつ総合的な取引拡大を図るため。,,
E37785,,,2025-03-31,000,リョービ株式会社,,427790,957.0,雇用創出などの企業活動により地域社会の発展に貢献する地元上場企業との関係強化を通じ、「持続的な成長・企業価値向上」の維持・強化を図るため。,,
E37785,,,2025-03-31,000,多木化学株式会社,,286400,907.0,雇用創出などの企業活動により地域社会の発展に貢献する地元上場企業との関係強化を通じ、「持続的な成長・企業価値向上」の維持・強化を図るため。,,
E37785,,,2025-03-31,000,四国電力株式会社,,781731,904.0,雇用創出などの企業活動により地域社会の発展に貢献する地元上場企業との関係強化を通じ、「持続的な成長・企業価値向上」の維持・強化を図るため。,,
E37785,,,2025-03-31,000,三井倉庫ホールディングス株式会社,,112200,893.0,地域社会の発展への貢献が期待できる開発力・技術力等を有する主要上場企業との関係強化を通じて、「持続的な成長・企業価値の向上」の維持・強化、かつ総合的な取引拡大を図るため。,,
E37785,,,2025-03-31,000,品川リフラクトリーズ株式会社,,500000,847.0,当社資本コストを上回るなど株式保有に伴う取引採算が確保できている銘柄であり、「当社ならびに取引先の持続的な成長・企業価値向上」の維持・強化を図るため。,,
E37785,,,2025-03-31,000,大倉工業株式会社,,213962,832.0,雇用創出などの企業活動により地域社会の発展に貢献する地元上場企業との関係強化を通じ、「持続的な成長・企業価値向上」の維持・強化を図るため。株式の一部売却により減少。,,
E37785,,,2025-03-31,000,イオン株式会社,,200000,750.0,地域社会の発展への貢献が期待できる開発力・技術力等を有する主要上場企業との関係強化を通じて、「持続的な成長・企業価値の向上」の維持・強化、かつ総合的な取引拡大を図るため。,,
E37785,,,2025-03-31,000,株式会社ハローズ,,160000,680.0,当社資本コストを上回るなど株式保有に伴う取引採算が確保できている銘柄であり、「当社ならびに取引先の持続的な成長・企業価値向上」の維持・強化を図るため。,,
E37785,,,2025-03-31,000,新晃工業株式会社,,510000,614.0,当社資本コストを上回るなど株式保有に伴う取引採算が確保できている銘柄であり、「当社ならびに取引先の持続的な成長・企業価値向上」の維持・強化を図るため。株式分割により増加。,,
E37785,,,2025-03-31,000,オルバヘルスケアホールディングス株式会社,,277500,606.0,当社資本コストを上回るなど株式保有に伴う取引採算が確保できている銘柄であり、「当社ならびに取引先の持続的な成長・企業価値向上」の維持・強化を図るため。,,
E37785,,,2025-03-31,000,トレックス・セミコンダクター株式会社,,472190,565.0,当社資本コストを上回るなど株式保有に伴う取引採算が確保できている銘柄であり、「当社ならびに取引先の持続的な成長・企業価値向上」の維持・強化を図るため。,,
E37785,,,2025-03-31,000,住友ゴム工業株式会社,,291037,548.0,当社資本コストを上回るなど株式保有に伴う取引採算が確保できている銘柄であり、「当社ならびに取引先の持続的な成長・企業価値向上」の維持・強化を図るため。,,
E37785,,,2025-03-31,000,西川ゴム工業株式会社,,220000,539.0,雇用創出などの企業活動により地域社会の発展に貢献する地元上場企業との関係強化を通じ、「持続的な成長・企業価値向上」の維持・強化を図るため。株式分割により増加。,,
E37785,,,2025-03-31,000,ＳＯＭＰＯホールディングス株式会社,,118920,537.0,保険業務上の連携等を通じて地域社会の発展に貢献することで、「持続的な成長・企業価値向上」の維持・強化を図るため。株式分割により増加。,,
E37785,,,2025-03-31,000,寿スピリッツ株式会社,,200000,486.0,当社資本コストを上回るなど株式保有に伴う取引採算が確保できている銘柄であり、「当社ならびに取引先の持続的な成長・企業価値向上」の維持・強化を図るため。,,
E37785,,,2025-03-31,000,ヤスハラケミカル株式会社,,439488,431.0,雇用創出などの企業活動により地域社会の発展に貢献する地元上場企業との関係強化を通じ、「持続的な成長・企業価値向上」の維持・強化を図るため。,,
E37785,,,2025-03-31,000,タツモ株式会社,,223500,411.0,当社資本コストを上回るなど株式保有に伴う取引採算が確保できている銘柄であり、「当社ならびに取引先の持続的な成長・企業価値向上」の維持・強化を図るため。,,
E37785,,,2025-03-31,000,株式会社トマト銀行,,339043,409.0,おかやま共創パートナーシップなど業務上の連携を通じて地域社会の発展に貢献することで、「持続的な成長・企業価値向上」の維持・強化を図るため。,,
E37785,,,2025-03-31,000,ダイダン株式会社,,100000,371.0,当社資本コストを上回るなど株式保有に伴う取引採算が確保できている銘柄であり、「当社ならびに取引先の持続的な成長・企業価値向上」の維持・強化を図るため。,,
E37785,,,2025-03-31,000,株式会社天満屋ストア,,376800,362.0,雇用創出などの企業活動により地域社会の発展に貢献する地元上場企業との関係強化を通じ、「持続的な成長・企業価値向上」の維持・強化を図るため。,,
E37785,,,2025-03-31,000,岡山県貨物運送株式会社,,94933,325.0,当社資本コストを上回るなど株式保有に伴う取引採算が確保できている銘柄であり、「当社ならびに取引先の持続的な成長・企業価値向上」の維持・強化を図るため。,,
E37785,,,2025-03-31,000,山陽電気鉄道株式会社,,160000,319.0,雇用創出などの企業活動により地域社会の発展に貢献する地元上場企業との関係強化を通じ、「持続的な成長・企業価値向上」の維持・強化を図るため。,,
E37785,,,2025-03-31,000,株式会社岡山製紙,,213000,309.0,当社資本コストを上回るなど株式保有に伴う取引採算が確保できている銘柄であり、「当社ならびに取引先の持続的な成長・企業価値向上」の維持・強化を図るため。,,
E37785,,,2025-03-31,000,アオイ電子株式会社,,140000,272.0,雇用創出などの企業活動により地域社会の発展に貢献する地域上場企業との関係強化を通じ、「持続的な成長・企業価値の向上」の維持・強化を図るため。,,
E37785,,,2025-03-31,000,大王製紙株式会社,,300000,246.0,当社資本コストを上回るなど株式保有に伴う取引採算が確保できている銘柄であり、「当社ならびに取引先の持続的な成長・企業価値向上」の維持・強化を図るため。,,
E37785,,,2025-03-31,000,株式会社帝国電機製作所,,80000,233.0,当社資本コストを上回るなど株式保有に伴う取引採算が確保できている銘柄であり、「当社ならびに取引先の持続的な成長・企業価値向上」の維持・強化を図るため。,,
E37785,,,2025-03-31,000,株式会社はるやまホールディングス,,313020,193.0,雇用創出などの企業活動により地域社会の発展に貢献する地元上場企業との関係強化を通じ、「持続的な成長・企業価値向上」の維持・強化を図るため。,,
E37785,,,2025-03-31,000,上新電機株式会社,,84000,179.0,当社資本コストを上回るなど株式保有に伴う取引採算が確保できている銘柄であり、「当社ならびに取引先の持続的な成長・企業価値向上」の維持・強化を図るため。株式の一部売却により減少。,,
E37785,,,2025-03-31,000,フマキラー株式会社,,157649,171.0,雇用創出などの企業活動により地域社会の発展に貢献する地元上場企業との関係強化を通じ、「持続的な成長・企業価値向上」の維持・強化を図るため。,,
E37785,,,2025-03-31,000,穴吹興産株式会社,,72000,157.0,当社資本コストを上回るなど株式保有に伴う取引採算が確保できている銘柄であり、「当社ならびに取引先の持続的な成長・企業価値向上」の維持・強化を図るため。,,
E37785,,,2025-03-31,000,萩原工業株式会社,,90000,140.0,雇用創出などの企業活動により地域社会の発展に貢献する地元上場企業との関係強化を通じ、「持続的な成長・企業価値向上」の維持・強化を図るため。,,
E37785,,,2025-03-31,000,E・Jホールディングス株式会社,,84400,140.0,雇用創出などの企業活動により地域社会の発展に貢献する地元上場企業との関係強化を通じ、「持続的な成長・企業価値向上」の維持・強化を図るため。,,
E37785,,,2025-03-31,000,株式会社トーホー,,40000,139.0,雇用創出などの企業活動により地域社会の発展に貢献する地元上場企業との関係強化を通じ、「持続的な成長・企業価値向上」の維持・強化を図るため。,,
E04914,,,2024-12-31,000,エア・ウォーター㈱,,61000,116.0,同社の物流倉庫等の制作において取引があり、取引関係の安定的、長期的な維持・強化のため、保有しております。,,
E04914,,,2024-12-31,000,㈱RYODEN,,44400,109.0,同社取扱い商品において取引があり、取引関係の安定的、長期的な維持・強化のため保有しております。,,
E04914,,,2024-12-31,000,㈱魚喜,,35000,36.0,同社の鮮魚小売店、飲食店等の制作等で取引があり、取引関係の安定的、長期的な維持・強化のため保有しております。,,
E04914,,,2024-12-31,000,㈱ビケンテクノ,,31600,29.0,同社の店舗の制作等で取引があり、取引関係の安定的、長期的な維持・強化のため保有しております。,,
E04914,,,2024-12-31,000,㈱柿安本店,,2362,6.0,同社の店舗の制作等で取引があり、取引関係の安定的、長期的な維持・強化のため保有しております。株式数の増加は、取引先持株会の定期買付によるものです。,,
E04914,,,2024-12-31,000,㈱フジタコーポレーション,,19819,4.0,同社の店舗の制作等で取引があり、取引関係の安定的、長期的な維持・強化のため保有しております。株式数の増加は、取引先持株会の定期買付によるものです。,,
E04914,,,2024-12-31,000,ユナイテッド・スーパーマーケット・ホールディングス㈱,,3212,2.0,同社の店舗の制作等で取引があり、取引関係の安定的、長期的な維持・強化のため保有しております。株式数の増加は、株式会社いなげやの取引先持株会の定期買付によるものと、ユナイテッド・スーパーマーケット・ホールディングス㈱への株式交換によるものです。,,
E04914,,,2024-12-31,000,㈱スーパーバリュー,,300,0.0,同社とは相互に取引があり、取引関係の安定的、長期的な維持・強化のため、保有しております。,,
E04914,,,2024-12-31,000,フクシマガリレイ㈱,,50,0.0,同社の業務用冷凍冷蔵ショーケース等において取引があり、取引関係の安定的、長期的な維持・強化のため、保有しております。,,
E04914,,,2024-12-31,000,㈱北洋銀行,,500,0.0,資金調達等の金融取引を行っており、機動的・安定的な資金調達を維持するために保有しております。,,
E00048,,,2025-03-31,000,㈱住友倉庫　※１,,5000000,13815.0,物流事業、不動産事業において、物流の専門性及び不動産開発ニーズの高い提携先として、同社との良好な取引関係の維持、強化を図るため保有。なお、同社とは、両社グループ会社を含めた物流事業及び不動産事業の効率化や収益性の向上を図り、更に競争力のある事業とすることを目的として、2005年５月12日に業務提携契約を締結しております。,,
E00048,,,2025-03-31,000,ＴＯＴＯ㈱　※１,,1407000,5477.0,住設機器の安定仕入を目的とし、同社との良好な取引関係の維持、強化を図るため保有,,
E00048,,,2025-03-31,000,㈱Ｔ＆Ｄホールディングス　※１,,1488800,4725.0,生命保険会社として多数の取引先を抱えていることから、当社にとって有益な情報を継続的に提供いただくことを目的とし、同社との良好な関係の維持、強化を図るため保有,,
E00048,,,2025-03-31,000,㈱三井住友フィナンシャルグループ　　※１,,1221900,4637.0,主要取引金融機関であり、資金借入取引や営業情報、海外展開における情報提供を受け、当社顧客に対する提携ローンの取り扱いを受けるなど、同社との良好な取引関係の維持、強化を図るため保有。当事業年度中に株式分割が行われたため、株式数増加。,,
E00048,,,2025-03-31,000,ＣＹＢＥＲＤＹＮＥ㈱,,26000000,4550.0,同社の成長戦略支援及び協調関係維持のため保有,,
E00048,,,2025-03-31,000,三井不動産㈱,,2892000,3847.0,共同で取組んでいる開発事業を今後も進める中で、同社との良好な取引関係の維持、強化を図るため保有。当事業年度中に株式分割が行われたため、株式数増加。,,
E00048,,,2025-03-31,000,㈱三菱ＵＦＪフィナンシャル・グループ　※１,,1834800,3689.0,主要取引金融機関であり、資金借入取引や営業情報、海外展開における情報提供を受け、当社顧客に対する提携ローンの取り扱いを受けるなど、同社との良好な取引関係の維持、強化を図るため保有,,
E00048,,,2025-03-31,000,ＭＳ＆ＡＤインシュアランス グループホールディングス㈱ ※１,,896610,2891.0,損害保険会社として多数の取引先を抱えていることから、当社にとって有益な情報を継続的に提供いただくことを目的とし、同社との良好な関係の維持、強化を図るため保有。当事業年度中に株式分割が行われたため、株式数増加。,,
E00048,,,2025-03-31,000,㈱西松屋チェーン　※１,,843000,1681.0,主として商業施設セグメントにおいて、取引拡大を目的とし、同社との良好な取引関係の維持、強化を図るため保有,,
E00048,,,2025-03-31,000,㈱ＴＫＣ,,400000,1540.0,税理士事務所の関与先の建築・不動産情報の紹介を受けており、同社との良好な取引関係の維持、強化を図るため保有,,
E00048,,,2025-03-31,000,㈱めぶきフィナンシャルグループ　※１,,1997190,1449.0,資金借入取引や営業情報を取得し、当社顧客に対する提携ローンの取り扱いを受けるなど、同社との良好な取引関係の維持、強化を図るため保有,,
E00048,,,2025-03-31,000,㈱ダスキン　※１,,350000,1273.0,取引拡大を目的とし、同社との良好な取引関係の維持、強化を図るため保有,,
E00048,,,2025-03-31,000,ニチアス㈱,,198500,916.0,耐火被覆材の安定仕入を目的とし、同社との良好な取引関係の維持、強化を図るため保有,,
E00048,,,2025-03-31,000,京阪神ビルディング㈱　※１,,644000,875.0,主として商業施設セグメントにおいて、取引拡大を目的とし、同社との良好な取引関係の維持、強化を図るため保有,,
E00048,,,2025-03-31,000,三井住友トラストグループ㈱　※１,,232300,864.0,主要取引金融機関であり、資金借入取引や不動産情報、海外展開における情報提供を受け、当社顧客に対する提携ローンの取り扱いを受けるなど、同社との良好な取引関係の維持、強化を図るため保有,,
E00048,,,2025-03-31,000,ＥＲＩホールディングス㈱,,351000,815.0,確認・検査業務や住宅性能評価業務、定期講習等の委託を行っており、同社との良好な取引関係の維持、強化を図るため保有,,
E00048,,,2025-03-31,000,PT Bekasi Fajar Industrial Estate Tbk,,964750000,752.0,工業団地へ進出する日系企業からの倉庫・工場の建設請負受注獲得、インドネシアにおける他の開発・請負事業の機会獲得を目的とし、同社との良好な取引関係の維持、強化を図るため保有,,
E00048,,,2025-03-31,000,コニシ㈱　※１,,640000,749.0,接着剤の安定仕入を目的とし、同社との良好な取引関係の維持、強化を図るため保有,,
E00048,,,2025-03-31,000,㈱カネカ　※１,,173800,661.0,樹脂建材の安定仕入を目的とし、同社との良好な取引関係の維持、強化を図るため保有,,
E00048,,,2025-03-31,000,㈱みずほフィナンシャルグループ　※１,,152400,617.0,主要取引金融機関であり、資金借入取引や営業情報、海外展開における情報提供を受け、当社顧客に対する提携ローンの取り扱いを受けるなど、同社との良好な取引関係の維持、強化を図るため保有,,
E00048,,,2025-03-31,000,ザ・パック㈱※１,,175000,591.0,主として事業施設セグメントにおいて、取引拡大を目的とし、同社との良好な取引関係の維持、強化を図るため保有,,
E00048,,,2025-03-31,000,㈱しずおかフィナンシャルグループ※１,,300000,486.0,資金借入取引や営業情報を取得し、当社顧客に対する提携ローンの取り扱いを受けるなど、同社との良好な取引関係の維持、強化を図るため保有,,
E00048,,,2025-03-31,000,日本製鉄㈱　※１,,125127,399.0,鋼材の安定仕入を目的とし、同社との良好な取引関係の維持、強化を図るため保有,,
E00048,,,2025-03-31,000,イオン㈱　※１,,100000,375.0,主として商業施設セグメントにおいて、取引拡大を目的とし、同社との良好な取引関係の維持、強化を図るため保有,,
E00048,,,2025-03-31,000,㈱南都銀行　※１,,83600,330.0,資金借入取引や営業情報を取得し、当社顧客に対する提携ローンの取り扱いを受けるなど、同社との良好な取引関係の維持、強化を図るため保有,,
E00048,,,2025-03-31,000,小田急電鉄㈱※１,,206000,304.0,開発事業等における相互協力及び推進並びに新規得意先の獲得を目的とし、同社との良好な取引関係の維持、強化を図るため保有。なお、同社とは、両社の一層の事業拡大に寄与することを目的として、2015年２月10日に業務提携契約を締結しております。,,
E00048,,,2025-03-31,000,ニチコン㈱,,211000,258.0,主として事業施設セグメントにおいて、取引拡大を目的とし、同社との良好な取引関係の維持、強化を図るため保有,,
E00048,,,2025-03-31,000,㈱ＬＩＸＩＬ※１,,129340,223.0,住設建材の安定仕入を目的とし、同社との良好な取引関係の維持、強化を図るため保有,,
E00048,,,2025-03-31,000,パナソニック ホールディングス㈱※１,,124000,219.0,住設建材の安定仕入を目的とし、同社との良好な取引関係の維持、強化を図るため保有,,
E00048,,,2025-03-31,000,㈱シダー,,918000,216.0,主として事業施設セグメントにおいて、取引拡大を目的とし、同社との良好な取引関係の維持、強化を図るため保有,,
E00048,,,2025-03-31,000,㈱K-top自己管理不動産投資会社,,1893742,183.0,韓国で不動産投資事業を展開する同社と業務・資本提携することにより、大和ハウスグループの韓国での事業拡大を目指すため保有,,
E00048,,,2025-03-31,000,㈱ＴＹＫ　※１,,340000,164.0,主として事業施設セグメントにおいて、取引拡大を目的とし、同社との良好な取引関係の維持、強化を図るため保有,,
E00048,,,2025-03-31,000,ＳＡＡＦホールディングス㈱,,332500,112.0,地盤データの管理機能を強化するシステム等の開発を共同で進めており、同社との良好な取引関係の維持、強化を図るため保有,,
E00048,,,2025-03-31,000,ニッコー㈱,,746000,108.0,住宅設備機器の安定仕入を目的とし、同社との良好な取引関係の維持、強化を図るため新規で株式取得,,
E00048,,,2025-03-31,000,上新電機㈱　※１,,35000,74.0,主として商業施設セグメントにおいて、取引拡大を目的とし、同社との良好な取引関係の維持、強化を図るため保有,,
E00048,,,2025-03-31,000,ジーエルテクノホールディングス㈱,,22000,63.0,主として事業施設セグメントにおいて、取引拡大を目的とし、同社との良好な取引関係の維持、強化を図るため保有,,
E00048,,,2025-03-31,000,㈱あいちフィナンシャルグループ　※１,,20000,57.0,資金借入取引や営業情報を取得し、当社顧客に対する提携ローンの取り扱いを受けるなど、同社との良好な取引関係の維持、強化を図るため保有,,
E00048,,,2025-03-31,000,㈱コロナ　※１,,55000,50.0,主として商業施設セグメントにおいて、取引拡大を目的とし、同社との良好な取引関係の維持、強化を図るため保有,,
E00048,,,2025-03-31,000,東部ネットワーク㈱,,50000,43.0,主として事業施設セグメントにおいて、取引拡大を目的とし、同社との良好な取引関係の維持、強化を図るため保有,,
E00048,,,2025-03-31,000,三京化成㈱　※１,,10500,35.0,造作材の安定仕入を目的とし、同社との良好な取引関係の維持、強化を図るため保有,,
E00048,,,2025-03-31,000,フルサト・マルカホールディングス㈱　※１,,10000,23.0,ボルトの安定仕入を目的とし、同社との良好な取引関係の維持、強化を図るため保有,,
E00048,,,2025-03-31,000,尾家産業㈱,,12000,23.0,主として商業施設セグメントにおいて、取引拡大を目的とし、同社との良好な取引関係の維持、強化を図るため保有,,
E00048,,,2025-03-31,000,㈱ワキタ,,10000,17.0,主として商業施設セグメントにおいて、取引拡大を目的とし、同社との良好な取引関係の維持、強化を図るため保有,,
E00048,,,2025-03-31,000,㈱サポート,,25000,9.0,主として事業施設セグメントにおいて、取引拡大を目的とし、同社との良好な取引関係の維持、強化を図るため新規で株式取得,,
E00048,,,2025-03-31,000,㈱コスモス薬品,,400,3.0,主として商業施設セグメントにおいて、取引拡大を目的とし、同社との良好な取引関係の維持、強化を図るため保有。当事業年度中に株式分割が行われたため、株式数増加。,,
E10737,,,2024-05-20,000,㈱ほくほくフィナンシャルグループ（注）２,,892800,1908.0,取引金融機関であり、関係の構築、維持及び強化のため保有しております。（注）１,,
E10737,,,2024-05-20,000,㈱北國フィナンシャルホールディングス（注）３,,10479,58.0,取引金融機関であり、関係の構築、維持及び強化のため保有しております。なお、累積投資により増加しました。（注）１,,
E10737,,,2024-05-20,000,㈱ツルハホールディングス（注）４,,10000,95.0,当社が属するハピコムグループの中核企業であり、同グループでの良好な関係を維持するため保有しております。また、「第２　事業の状況　５．経営上の重要な契約等」記載の業務提携を行っております。（注）１,,
E10737,,,2024-05-20,000,㈱福井銀行,,561900,1083.0,取引金融機関であり、関係の構築、維持及び強化のため取得しました。（注）１,,
E10737,,,2024-05-20,000,㈱富山銀行,,89400,164.0,取引金融機関であり、関係の構築、維持及び強化のため取得しました。（注）１,,
E02051,,,2025-03-31,000,㈱三菱ＵＦＪフィナンシャルグループ,,155000,311705.0,(保有目的)重要な取引先の金融機関,,
E02051,,,2025-03-31,000,トレックス・セミコンダクター㈱,,105000,125685.0,(保有目的)業界および取引先等の情報収集,,
E02051,,,2025-03-31,000,ソニーグループ㈱(注)１,,10000,37650.0,(保有目的)業界および取引先等の情報収集,,
E02051,,,2025-03-31,000,㈱日立製作所(注)２,,5000,17290.0,(保有目的)業界および取引先等の情報収集,,
E02051,,,2025-03-31,000,セイコーエプソン㈱,,7000,16705.0,(保有目的)業界および取引先等の情報収集,,
E02051,,,2025-03-31,000,富士通㈱,,5000,14755.0,(保有目的)業界および取引先等の情報収集,,
E02051,,,2025-03-31,000,パナソニックホールディングス㈱,,7880,13959.0,(保有目的)業界および取引先等の情報収集,,
E02051,,,2025-03-31,000,キヤノン㈱,,3000,13935.0,(保有目的)業界および取引先等の情報収集,,
E02051,,,2025-03-31,000,野村ホールディングス㈱,,15000,13623.0,(保有目的)重要な取引先の金融機関,,
E02051,,,2025-03-31,000,京セラ㈱,,8000,13404.0,(保有目的)業界および取引先等の情報収集,,
E02051,,,2025-03-31,000,㈱阿波銀行,,4200,12012.0,(保有目的)重要な取引先の金融機関,,
E02051,,,2025-03-31,000,スター精密㈱,,5000,9690.0,(保有目的)業界および取引先等の情報収集,,
E02051,,,2025-03-31,000,㈱ちゅうぎんフィナンシャルグループ,,5000,8350.0,(保有目的)重要な取引先の金融機関,,
E02051,,,2025-03-31,000,㈱リコー,,5000,7885.0,(保有目的)業界および取引先等の情報収集,,
E02051,,,2025-03-31,000,日本電気㈱(注)３,,2500,7862.0,(保有目的)業界および取引先等の情報収集,,
E02051,,,2025-03-31,000,㈱百十四銀行,,2100,7297.0,(保有目的)重要な取引先の金融機関,,
E02051,,,2025-03-31,000,サンケン電気㈱,,1000,6729.0,(保有目的)業界および取引先等の情報収集,,
E02051,,,2025-03-31,000,ミネベアミツミ㈱,,2950,6411.0,(保有目的)業界および取引先等の情報収集,,
E02051,,,2025-03-31,000,富士電機㈱,,1000,6296.0,(保有目的)業界および取引先等の情報収集,,
E02051,,,2025-03-31,000,三菱電機㈱,,2000,5440.0,(保有目的)業界および取引先等の情報収集,,
E02051,,,2025-03-31,000,旭化成㈱,,5000,5235.0,(保有目的)業界および取引先等の情報収集,,
E02051,,,2025-03-31,000,ＫＯＡ㈱,,5000,4675.0,(保有目的)業界および取引先等の情報収集,,
E02051,,,2025-03-31,000,オムロン㈱,,1000,4212.0,(保有目的)業界および取引先等の情報収集,,
E02051,,,2025-03-31,000,㈱カネカ,,1000,3808.0,(保有目的)業界および取引先等の情報収集,,
E02051,,,2025-03-31,000,㈱三井ハイテック(注)４,,5000,3460.0,(保有目的)業界および取引先等の情報収集,,
E02051,,,2025-03-31,000,日清紡ホールディングス㈱,,1300,1182.0,(保有目的)業界および取引先等の情報収集,,
E02051,,,2025-03-31,000,沖電気工業㈱,,500,492.0,(保有目的)業界および取引先等の情報収集,,
E02051,,,2025-03-31,000,シャープ㈱,,500,472.0,(保有目的)業界および取引先等の情報収集,,
E02051,,,2025-03-31,000,新電元工業㈱,,100,202.0,(保有目的)業界および取引先等の情報収集,,
E01162,,,2024-12-31,000,㈱三菱UFJフィナンシャル・グループ,,5494680,10143.0,事業機会の創出や取引・協業関係の構築・維持・強化等を通じた中長期的な企業価値の向上。,,
E01162,,,2024-12-31,000,㈱ブリヂストン,,695108,3711.0,事業機会の創出や取引・協業関係の構築・維持・強化等を通じた中長期的な企業価値の向上。,,
E01162,,,2024-12-31,000,三菱商事㈱,,1087161,2830.0,事業機会の創出や取引・協業関係の構築・維持・強化等を通じた中長期的な企業価値の向上。,,
E01162,,,2024-12-31,000,大同特殊鋼㈱,,1456611,1730.0,事業機会の創出や取引・協業関係の構築・維持・強化等を通じた中長期的な企業価値の向上。取引先持株会を通じた株式の取得により増加。,,
E01162,,,2024-12-31,000,日本ゼオン㈱,,890475,1334.0,事業機会の創出や取引・協業関係の構築・維持・強化等を通じた中長期的な企業価値の向上。,,
E01162,,,2024-12-31,000,㈱九州フィナンシャルグループ,,1385504,1006.0,事業機会の創出や取引・協業関係の構築・維持・強化等を通じた中長期的な企業価値の向上。,,
E01162,,,2024-12-31,000,TOYO TIRE㈱,,379811,928.0,事業機会の創出や取引・協業関係の構築・維持・強化等を通じた中長期的な企業価値の向上。,,
E01162,,,2024-12-31,000,㈱ふくおかフィナンシャルグループ,,220756,870.0,事業機会の創出や取引・協業関係の構築・維持・強化等を通じた中長期的な企業価値の向上。,,
E01162,,,2024-12-31,000,東京海上ホールディングス㈱,,148830,852.0,事業機会の創出や取引・協業関係の構築・維持・強化等を通じた中長期的な企業価値の向上。,,
E01162,,,2024-12-31,000,NOK㈱,,317000,784.0,事業機会の創出や取引・協業関係の構築・維持・強化等を通じた中長期的な企業価値の向上。,,
E01162,,,2024-12-31,000,東亞合成㈱,,464951,704.0,事業機会の創出や取引・協業関係の構築・維持・強化等を通じた中長期的な企業価値の向上。,,
E01162,,,2024-12-31,000,三菱地所㈱,,292075,642.0,事業機会の創出や取引・協業関係の構築・維持・強化等を通じた中長期的な企業価値の向上。,,
E01162,,,2024-12-31,000,"K.C.Tech Co.,Ltd.",,152996,428.0,事業機会の創出や取引・協業関係の構築・維持・強化等を通じた中長期的な企業価値の向上。,,
E01162,,,2024-12-31,000,大和工業㈱,,52064,386.0,事業機会の創出や取引・協業関係の構築・維持・強化等を通じた中長期的な企業価値の向上。,,
E01162,,,2024-12-31,000,横浜ゴム㈱,,109298,371.0,事業機会の創出や取引・協業関係の構築・維持・強化等を通じた中長期的な企業価値の向上。,,
E01162,,,2024-12-31,000,㈱山口フィナンシャルグループ,,220000,360.0,事業機会の創出や取引・協業関係の構築・維持・強化等を通じた中長期的な企業価値の向上。,,
E01162,,,2024-12-31,000,日本電子㈱,,62500,352.0,事業機会の創出や取引・協業関係の構築・維持・強化等を通じた中長期的な企業価値の向上。,,
E01162,,,2024-12-31,000,住友ゴム工業㈱,,157455,280.0,事業機会の創出や取引・協業関係の構築・維持・強化等を通じた中長期的な企業価値の向上。,,
E01162,,,2024-12-31,000,㈱滋賀銀行,,69600,273.0,事業機会の創出や取引・協業関係の構築・維持・強化等を通じた中長期的な企業価値の向上。,,
E01162,,,2024-12-31,000,東京鐵鋼㈱,,39787,266.0,事業機会の創出や取引・協業関係の構築・維持・強化等を通じた中長期的な企業価値の向上。,,
E01162,,,2024-12-31,000,日本製鉄㈱,,78666,250.0,事業機会の創出や取引・協業関係の構築・維持・強化等を通じた中長期的な企業価値の向上。,,
E01162,,,2024-12-31,000,住友商事㈱,,71973,246.0,事業機会の創出や取引・協業関係の構築・維持・強化等を通じた中長期的な企業価値の向上。,,
E01162,,,2024-12-31,000,東京窯業㈱,,485000,207.0,事業機会の創出や取引・協業関係の構築・維持・強化等を通じた中長期的な企業価値の向上。,,
E01162,,,2024-12-31,000,豊田合成㈱,,68252,189.0,事業機会の創出や取引・協業関係の構築・維持・強化等を通じた中長期的な企業価値の向上。,,
E01162,,,2024-12-31,000,"KC Co.,Ltd.",,104525,186.0,事業機会の創出や取引・協業関係の構築・維持・強化等を通じた中長期的な企業価値の向上。,,
E01162,,,2024-12-31,000,トピー工業㈱,,88631,177.0,事業機会の創出や取引・協業関係の構築・維持・強化等を通じた中長期的な企業価値の向上。取引先持株会を通じた株式の取得により増加。,,
E01162,,,2024-12-31,000,共英製鋼㈱,,90000,165.0,事業機会の創出や取引・協業関係の構築・維持・強化等を通じた中長期的な企業価値の向上。,,
E01162,,,2024-12-31,000,大阪製鐵㈱,,55000,162.0,事業機会の創出や取引・協業関係の構築・維持・強化等を通じた中長期的な企業価値の向上。,,
E01162,,,2024-12-31,000,㈱牧野フライス製作所,,14400,154.0,事業機会の創出や取引・協業関係の構築・維持・強化等を通じた中長期的な企業価値の向上。,,
E01162,,,2024-12-31,000,ソーダニッカ㈱,,87285,100.0,事業機会の創出や取引・協業関係の構築・維持・強化等を通じた中長期的な企業価値の向上。,,
E01162,,,2024-12-31,000,㈱山梨中央銀行,,43787,82.0,事業機会の創出や取引・協業関係の構築・維持・強化等を通じた中長期的な企業価値の向上。,,
E01162,,,2024-12-31,000,伊藤忠商事㈱,,9315,72.0,事業機会の創出や取引・協業関係の構築・維持・強化等を通じた中長期的な企業価値の向上。,,
E01162,,,2024-12-31,000,三菱化工機㈱,,18600,70.0,事業機会の創出や取引・協業関係の構築・維持・強化等を通じた中長期的な企業価値の向上。,,
E01162,,,2024-12-31,000,㈱電業社機械製作所,,16200,63.0,事業機会の創出や取引・協業関係の構築・維持・強化等を通じた中長期的な企業価値の向上。,,
E01162,,,2024-12-31,000,山陽特殊製鋼㈱,,26446,50.0,事業機会の創出や取引・協業関係の構築・維持・強化等を通じた中長期的な企業価値の向上。,,
E01162,,,2024-12-31,000,愛知製鋼㈱,,9550,49.0,事業機会の創出や取引・協業関係の構築・維持・強化等を通じた中長期的な企業価値の向上。取引先持株会を通じた株式の取得により増加。,,
E01162,,,2024-12-31,000,JFEホールディングス㈱,,19988,35.0,事業機会の創出や取引・協業関係の構築・維持・強化等を通じた中長期的な企業価値の向上。,,
E01162,,,2024-12-31,000,㈱岩手銀行,,11550,32.0,事業機会の創出や取引・協業関係の構築・維持・強化等を通じた中長期的な企業価値の向上。,,
E01162,,,2024-12-31,000,バンドー化学㈱,,14006,26.0,事業機会の創出や取引・協業関係の構築・維持・強化等を通じた中長期的な企業価値の向上。,,
E01162,,,2024-12-31,000,㈱SUMCO,,21700,25.0,事業機会の創出や取引・協業関係の構築・維持・強化等を通じた中長期的な企業価値の向上。,,
E01162,,,2024-12-31,000,ENEOSホールディングス㈱,,15536,12.0,事業機会の創出や取引・協業関係の構築・維持・強化等を通じた中長期的な企業価値の向上。,,
E01162,,,2024-12-31,000,木村化工機㈱,,14500,12.0,事業機会の創出や取引・協業関係の構築・維持・強化等を通じた中長期的な企業価値の向上。,,
E01162,,,2024-12-31,000,㈱神戸製鋼所,,1369,2.0,事業機会の創出や取引・協業関係の構築・維持・強化等を通じた中長期的な企業価値の向上。,,
E01298,,,2025-03-31,000,株式会社コンコルディア・フィナンシャルグループ,,140000,137368.0,金融取引関係の維持強化による事業安定性の確保を目的としております。（※1）,,
E01298,,,2025-03-31,000,株式会社富士ピー・エス,,122000,53192.0,取引関係の維持強化による安定的受注の確保を目的としております。（※1）,,
E01298,,,2025-03-31,000,日特建設株式会社,,22800,23484.0,取引関係の維持強化による安定的受注の確保を目的としております。（※1）,,
E01298,,,2025-03-31,000,日本基礎技術株式会社,,34600,22766.0,取引関係の維持強化による安定的受注の確保を目的としております。（※1）,,
E01298,,,2025-03-31,000,株式会社三菱ＵＦＪフィナンシャル・グループ,,4960,9974.0,金融取引関係の維持強化による事業安定性の確保を目的としております。（※1）,,
E01298,,,2025-03-31,000,ライト工業株式会社,,1100,2708.0,取引関係の維持強化による安定的受注の確保を目的としております。（※1）,,
E04185,,,2025-03-31,000,㈱ゴールドウイン,,512,4230.0,当社及び連結子会社での営業取引関係の維持・強化のため。,,
E04185,,,2025-03-31,000,三井物産㈱,,613,1716.0,当社及び連結子会社での営業取引関係の維持・強化のため。,,
E04185,,,2025-03-31,000,ＴＯＹＯ ＴＩＲＥ㈱,,418,1141.0,当社及び連結子会社での営業取引関係の維持・強化のため。,,
E04185,,,2025-03-31,000,ＴＩＳ㈱,,238,987.0,当社及び連結子会社での営業取引関係の維持・強化のため。,,
E04185,,,2025-03-31,000,センコーホールディングス㈱,,612,922.0,同業他社としての事業連携・情報交換のため。当社及び連結子会社での営業取引関係の維持・強化のため。,,
E04185,,,2025-03-31,000,㈱ほくほくフィナンシャルグループ,,318,817.0,金融取引及び事業情報収集等の関係先として、関係の維持・強化のため。,,
E04185,,,2025-03-31,000,戸田建設㈱,,750,661.0,設備工事業の取引先として、施設保全の維持・管理のため。,,
E04185,,,2025-03-31,000,東京建物㈱,,154,389.0,金融取引及び事業情報収集等の関係先として、関係の維持・強化のため。,,
E04185,,,2025-03-31,000,㈱みずほフィナンシャルグループ,,92,373.0,金融取引及び事業情報収集等の関係先として、関係の維持・強化のため。,,
E04185,,,2025-03-31,000,東京海上ホールディングス㈱,,60,344.0,保険関係取引に係る関係維持のため。株式数の増加は株式分割によるものです。,,
E04185,,,2025-03-31,000,㈱富山第一銀行,,258,296.0,金融取引及び事業情報収集等の関係先として、関係の維持・強化のため。,,
E04185,,,2025-03-31,000,㈱北國フィナンシャルホールディングス,,47,280.0,金融取引及び事業情報収集等の関係先として、関係の維持・強化のため。,,
E04185,,,2025-03-31,000,㈱富山銀行,,161,246.0,金融取引及び事業情報収集等の関係先として、関係の維持・強化のため。,,
E04185,,,2025-03-31,000,三井住友トラスト・ホールディングス㈱,,54,204.0,金融取引及び事業情報収集等の関係先として、関係の維持・強化のため。株式数の増加は株式分割によるものです。,,
E04185,,,2025-03-31,000,㈱ＣＫサンエツ,,52,200.0,当社及び連結子会社での営業取引関係の維持・強化のため。,,
E04185,,,2025-03-31,000,㈱タカギセイコー,,130,178.0,当社及び連結子会社での営業取引関係の維持・強化のため。,,
E04185,,,2025-03-31,000,㈱朝日工業社,,80,155.0,当社及び連結子会社での営業取引関係の維持・強化のため。株式数の増加は株式分割によるものです。,,
E04185,,,2025-03-31,000,セーレン㈱,,58,142.0,当社及び連結子会社での営業取引関係の維持・強化のため。株式数の増加は持株会による取得です。,,
E04185,,,2025-03-31,000,小松マテーレ㈱,,174,137.0,当社及び連結子会社での営業取引関係の維持・強化のため。株式数の増加は持株会による取得です。,,
E04185,,,2025-03-31,000,川田テクノロジーズ㈱,,44,130.0,当社及び連結子会社での営業取引関係の維持・強化のため。株式数の増加は株式分割によるものです。,,
E04185,,,2025-03-31,000,㈱三井住友フィナンシャルグループ,,31,120.0,金融取引及び事業情報収集等の関係先として、関係の維持・強化のため。,,
E04185,,,2025-03-31,000,北越工業㈱,,62,117.0,当社及び連結子会社での営業取引関係の維持・強化のため。,,
E04185,,,2025-03-31,000,積水樹脂㈱,,60,115.0,当社及び連結子会社での営業取引関係の維持・強化のため。株式数の増加は持株会による取得です。,,
E04185,,,2025-03-31,000,㈱バンダイナムコホールディングス,,19,99.0,当社及び連結子会社での営業取引関係の維持・強化のため。,,
E04185,,,2025-03-31,000,㈱三菱ＵＦＪフィナンシャル・グループ,,46,92.0,当社及び連結子会社での営業取引関係の維持・強化のため。,,
E04185,,,2025-03-31,000,亀田製菓㈱,,23,92.0,当社及び連結子会社での営業取引関係の維持・強化のため。株式数の増加は持株会による取得です。,,
E04185,,,2025-03-31,000,㈱ベルーナ,,97,92.0,当社及び連結子会社での営業取引関係の維持・強化のため。株式数の増加は持株会による取得です。,,
E04185,,,2025-03-31,000,コクヨ㈱,,30,86.0,当社及び連結子会社での営業取引関係の維持・強化のため。,,
E04185,,,2025-03-31,000,第一生命ホールディングス㈱,,72,82.0,保険関係取引に係る関係維持のため。,,
E04185,,,2025-03-31,000,㈱ブルボン,,29,73.0,当社及び連結子会社での営業取引関係の維持・強化のため。株式数の増加は持株会による取得です。,,
E04185,,,2025-03-31,000,三光合成㈱,,100,66.0,当社及び連結子会社での営業取引関係の維持・強化のため。,,
E04185,,,2025-03-31,000,㈱メック,,27,63.0,当社及び連結子会社での営業取引関係の維持・強化のため。株式数の増加は持株会による取得です。,,
E04185,,,2025-03-31,000,大和ハウス工業㈱,,10,49.0,当社及び連結子会社での営業取引関係の維持・強化のため。,,
E04185,,,2025-03-31,000,㈱東京自働機械製作所,,12,46.0,当社及び連結子会社での営業取引関係の維持・強化のため。,,
E04185,,,2025-03-31,000,日本電信電話㈱,,304,43.0,当社及び連結子会社での営業取引関係の維持・強化のため。株式数の増加は株式分割によるものです。,,
E04185,,,2025-03-31,000,三協立山㈱,,71,43.0,当社及び連結子会社での営業取引関係の維持・強化のため。,,
E04185,,,2025-03-31,000,伊藤忠エネクス㈱,,24,38.0,当社及び連結子会社での営業取引関係の維持・強化のため。,,
E04185,,,2025-03-31,000,サトウ食品㈱,,4,35.0,当社及び連結子会社での営業取引関係の維持・強化のため。,,
E04185,,,2025-03-31,000,㈱コロナ,,35,32.0,当社及び連結子会社での営業取引関係の維持・強化のため。株式数の増加は持株会による取得です。,,
E04185,,,2025-03-31,000,萩原工業㈱,,20,31.0,当社及び連結子会社での営業取引関係の維持・強化のため。,,
E04185,,,2025-03-31,000,三菱重工業㈱,,10,25.0,当社及び連結子会社での営業取引関係の維持・強化のため。株式の増加は株式分割によるものです。,,
E04185,,,2025-03-31,000,ミヨシ油脂㈱,,14,24.0,当社及び連結子会社での営業取引関係の維持・強化のため。株式数の増加は持株会による取得です。,,
E04185,,,2025-03-31,000,マックス㈱,,5,23.0,当社及び連結子会社での営業取引関係の維持・強化のため。,,
E04185,,,2025-03-31,000,ＢＩＰＲＯＧＹ㈱,,5,22.0,当社及び連結子会社での営業取引関係の維持・強化のため。,,
E04185,,,2025-03-31,000,朝日印刷㈱,,25,22.0,当社及び連結子会社での営業取引関係の維持・強化のため。,,
E04185,,,2025-03-31,000,ＥＮＥＯＳホールディングス㈱,,28,21.0,当社及び連結子会社での営業取引関係の維持・強化のため。,,
E04185,,,2025-03-31,000,㈱オオバ,,20,21.0,当社及び連結子会社での営業取引関係の維持・強化のため。,,
E04185,,,2025-03-31,000,㈱大林組,,10,19.0,当社及び連結子会社での営業取引関係の維持・強化のため。,,
E04185,,,2025-03-31,000,㈱りそなホールディングス,,10,13.0,金融取引及び事業情報収集等の関係先として、関係の維持・強化のため。,,
E04185,,,2025-03-31,000,㈱オンワードホールディングス,,24,13.0,当社及び連結子会社での営業取引関係の維持・強化のため。株式数の増加は持株会による取得です。,,
E04185,,,2025-03-31,000,アキレス㈱,,9,13.0,当社及び連結子会社での営業取引関係の維持・強化のため。株式数の増加は持株会による取得です。,,
E04185,,,2025-03-31,000,エスビー食品㈱,,4,11.0,当社及び連結子会社での営業取引関係の維持・強化のため。,,
E04185,,,2025-03-31,000,日本製鉄㈱,,3,11.0,当社及び連結子会社での営業取引関係の維持・強化のため。,,
E04185,,,2025-03-31,000,日華化学㈱,,8,11.0,当社及び連結子会社での営業取引関係の維持・強化のため。,,
E04185,,,2025-03-31,000,北陸電気工事㈱,,8,10.0,当社及び連結子会社での営業取引関係の維持・強化のため。,,
E04185,,,2025-03-31,000,ＤＣＭホールディングス㈱,,7,10.0,当社及び連結子会社での営業取引関係の維持・強化のため。,,
E04185,,,2025-03-31,000,㈱リンコーコーポレーション,,5,9.0,当社及び連結子会社での営業取引関係の維持・強化のため。株式数の増加は持株会による取得です。,,
E04185,,,2025-03-31,000,日清食品ホールディングス㈱,,3,9.0,当社及び連結子会社での営業取引関係の維持・強化のため。株式数の増加は株式分割によるものです。,,
E04185,,,2025-03-31,000,ザ・パック㈱,,2,7.0,当社及び連結子会社での営業取引関係の維持・強化のため。,,
E04185,,,2025-03-31,000,セイノーホールディングス㈱,,2,6.0,当社及び連結子会社での営業取引関係の維持・強化のため。,,
E03333,,,2025-03-31,000,㈱リクルートホールディングス,,100,765.0,（保有目的）取引先である同社との関係維持・強化のため（定量的な保有効果）記載が困難であるため記載しておりません。（株式数が増加した理由）該当事項はありません。,,
E03333,,,2025-03-31,000,東京地下鉄㈱,,200,363.0,（保有目的）取引先である同社との関係維持・強化のため（定量的な保有効果）記載が困難であるため記載しておりません。（株式数が増加した理由）取引関係の維持・強化を図るため,,
E00820,,,2025-03-31,000,積水ハウス㈱,,14168727,47323.0,"配当金（当年度1,813百万円、配当利回り3.8%）の受け取りに加え、住宅関連製品の共同開発・供給等におけるパートナー関係を通じ、双方の企業価値向上を図るもの",,
E00820,,,2025-03-31,000,デクセリアルズ㈱,,3780000,6862.0,配当金（当年度262百万円、配当利回り2.6%）の受け取りに加え、エレクトロニクス関連製品の供給等におけるパートナー関係を通じ、双方の企業価値向上を図るもの株式数の増加は株式分割によるもの,,
E00820,,,2025-03-31,000,センコーグループホールディングス㈱,,3393000,5116.0,配当金（当年度142百万円、配当利回り2.8%）の受け取りに加え、製品の配送・保管等の物流業務におけるパートナー関係を通じ、双方の企業価値向上を図るもの,,
E00820,,,2025-03-31,000,㈱三菱UFJフィナンシャル・グループ,,1637600,3293.0,配当金（当年度88百万円、配当利回り2.3%）の受け取りに加え、資金の調達、運用等におけるパートナー関係を通じ、双方の企業価値向上を図るもの,,
E00820,,,2025-03-31,000,積水樹脂㈱,,1533791,2935.0,配当金（当年度102百万円、配当利回り3.5%）の受け取りに加え、合成樹脂関連製品の供給等におけるパートナー関係を通じ、双方の企業価値向上を図るもの,,
E00820,,,2025-03-31,000,旭化成㈱,,1716574,1797.0,配当金（当年度61百万円、配当利回り3.4%）の受け取りに加え、住宅関連製品の供給、原材料の調達等におけるパートナー関係を通じ、双方の企業価値向上を図るもの,,
E00820,,,2025-03-31,000,ERIホールディングス㈱,,351000,815.0,配当金（当年度21百万円、配当利回り2.6%）の受け取りに加え、住宅の性能評価・検査等におけるパートナー関係を通じ、双方の企業価値向上を図るもの,,
E00820,,,2025-03-31,000,㈱りそなホールディングス,,268525,345.0,配当金（当年度６百万円、配当利回り1.7%）の受け取りに加え、資金の調達、運用等におけるパートナー関係を通じ、双方の企業価値向上を図るもの,,
E00820,,,2025-03-31,000,AGC㈱,,73600,334.0,配当金（当年度15百万円、配当利回り4.6％）の受け取りに加え、合わせガラス用中間膜の開発・供給、住宅用窓ガラス調達等におけるパートナー関係を通じ、双方の企業価値向上を図るもの,,
E00820,,,2025-03-31,000,東海旅客鉄道㈱,,102000,291.0,配当金（当年度３百万円、配当利回り1.1%）の受け取りに加え、鉄道関連製品の開発・供給等におけるパートナー関係を通じ、双方の企業価値向上を図るもの,,
E00820,,,2025-03-31,000,野村マイクロ・サイエンス㈱,,120000,288.0,配当金（当年度59百万円、配当利回り2.8%）の受け取りに加え、プラント関連製品の調達等におけるパートナー関係を通じ、双方の企業価値向上を図るもの,,
E00820,,,2025-03-31,000,橋本総業ホールディングス㈱,,181500,217.0,配当金（当年度８百万円、配当利回り3.7%）の受け取りに加え、建築・土木関連製品の販売等におけるパートナー関係を通じ、双方の企業価値向上を図るもの,,
E00820,,,2025-03-31,000,アルメタックス㈱,,703910,185.0,配当金（当年度５百万円、配当利回り3.0%）の受け取りに加え、住宅関連製品の供給、購入等におけるパートナー関係を通じ、双方の企業価値向上を図るもの,,
E00820,,,2025-03-31,000,東日本旅客鉄道㈱,,44700,131.0,配当金（当年度２百万円、配当利回り1.8%）の受け取りに加え、鉄道関連製品の開発・供給等におけるパートナー関係を通じ、双方の企業価値向上を図るもの,,
E00820,,,2025-03-31,000,㈱三井住友フィナンシャルグループ,,34068,129.0,配当金（当年度３百万円、配当利回り2.8%）の受け取りに加え、資金の調達、運用等におけるパートナー関係を通じ、双方の企業価値向上を図るもの株式数の増加は株式分割によるもの,,
E00820,,,2025-03-31,000,Gauzy Ltd.,,94866,113.0,スマートガラス製品におけるパートナー関係を通じ、双方の企業価値向上を図るもの新規上場に伴う増加,,
E00820,,,2025-03-31,000,セントラル硝子㈱,,26200,85.0,配当金（当年度４百万円、配当利回り5.7%）の受け取りに加え、合わせガラス用中間膜の供給、原材料の調達等におけるパートナー関係を通じ、双方の企業価値向上を図るもの,,
E00820,,,2025-03-31,000,クワザワホールディングス㈱,,124014,70.0,配当金（当年度１百万円、配当利回り2.6%）の受け取りに加え、建築・土木関連製品の販売等におけるパートナー関係を通じ、双方の企業価値向上を図るもの,,
E00820,,,2025-03-31,000,㈱シモジマ,,37440,46.0,配当金（当年度２百万円、配当利回り5.4%）の受け取りに加え、機能テープ関連製品の販売等におけるパートナー関係を通じ、双方の企業価値向上を図るもの,,
E00820,,,2025-03-31,000,日本ゼオン㈱,,25000,37.0,配当金（当年度１百万円、配当利回り4.0%）の受け取りに加え、原材料の調達等におけるパートナー関係を通じ、双方の企業価値向上を図るもの,,
E00820,,,2025-03-31,000,"LanzaTech Global,INC.",,967621,35.0,バイオリファイナリー関連製品におけるパートナー関係を通じ、双方の企業価値向上を図るもの,,
E00820,,,2025-03-31,000,㈱エプコ,,40000,28.0,配当金（当年度１百万円、配当利回り4.4%）の受け取りに加え、住宅用給排水関連製品の販売における配管設計支援等のパートナー関係を通じ、双方の企業価値向上を図るもの,,
E00820,,,2025-03-31,000,㈱みずほフィナンシャルグループ,,2978,12.0,配当金（当年度０百万円、配当利回り3.0%）の受け取りに加え、資金の調達、運用等におけるパートナー関係を通じ、双方の企業価値向上を図るもの,,
E00465,,,2025-03-31,000,仙波糖化工業㈱,,1000000,720.0,営業・購買における協力関係の維持・強化を目的とし、製品の取引や副原料の購入取引を行っております。,,
E00465,,,2025-03-31,000,大日精化工業㈱,,136400,409.0,情報収集等購買・設備における戦略的取引関係の構築・強化を目的としております。,,
E00465,,,2025-03-31,000,㈱あいちフィナンシャルグループ※１,,107900,308.0,同社子会社の㈱あいち銀行は当社の取引金融機関であり、取引関係の維持・強化を目的としております。,,
E00465,,,2025-03-31,000,ユアサ・フナショク㈱,,70000,285.0,営業における協力関係の維持・強化を目的とし、主に調味料の取引を行っております。,,
E00465,,,2025-03-31,000,㈱三菱ＵＦＪフィナンシャル・グループ,,84000,168.0,同社子会社の㈱三菱ＵＦＪ銀行は当社の主要金融機関であり、取引関係の維持・強化を目的としております。,,
E00465,,,2025-03-31,000,キユーピー㈱,,25200,73.0,情報収集等資材購入における戦略的取引の構築・強化を目的としております。,,
E00465,,,2025-03-31,000,㈱三井住友フィナンシャルグループ※１,,15300,58.0,同社子会社の㈱三井住友銀行は当社の主要金融機関であり、取引関係の維持・強化を目的としております。また、株式数の増加は同社の株式分割によるものです。,,
E00465,,,2025-03-31,000,名工建設㈱,,34000,44.0,各種情報交換を通し、工場建設の際の判断指標を目的としております。,,
E00465,,,2025-03-31,000,エクシオグループ㈱,,25916,43.0,情報収集等設備における戦略的取引関係の構築・強化を目的としております。,,
E00465,,,2025-03-31,000,㈱ショクブン,,46200,10.0,営業活動における戦略的取引関係の構築・強化を目的としております。過去に製品の取引を行っておりました。,,
E00465,,,2025-03-31,000,ダイナパック㈱,,2200,4.0,購買における協力関係の維持・強化を目的とし、包材の購入取引を行っております。,,
E00465,,,2025-03-31,000,㈱キユーソー流通システム,,2000,3.0,主に製品の保管・配送業務を委託しております。,,
E00465,,,2025-03-31,000,飯野海運㈱,,2000,1.0,製品の運搬等運送業の戦略的取引関係の構築・強化を目的としております。,,
E00465,,,2025-03-31,000,㈱マルイチ産商,,1000,1.0,営業における協力関係の維持・強化を目的とし、調味料の取引を行っております。,,
E00465,,,2025-03-31,000,日東富士製粉㈱,,142,0.0,情報収集等資材購買における戦略的取引関係の構築・強化を目的としております。,,
E00465,,,2025-03-31,000,エイチ・ツー・オーリティリング㈱,,315,0.0,営業活動における戦略的取引関係の構築・強化を目的としております。,,
E00465,,,2025-03-31,000,アステナホールディングス㈱,,1000,0.0,購買における協力関係の維持・強化を目的とし、同社子会社のイワキ㈱より副原料の購入取引を行っております。,,
E00465,,,2025-03-31,000,㈱日本ピグメントホールディングス,,100,0.0,情報収集等設備における戦略的取引関係の構築・強化を目的としております。,,
E03571,,,2025-03-31,000,株式会社クレディセゾン,,8224700,29000.0,資本業務提携に基づき、同社との関係維持・強化により、当社の中長期的な企業価値向上に資するため。,,
E03571,,,2025-03-31,000,住友不動産株式会社,,924000,5167.0,業界内の有力企業である同社との関係維持を通じて、当社の中長期的な企業価値向上に資するため。,,
E03571,,,2025-03-31,000,ＳＯＭＰＯホールディングス株式会社,,1116600,5048.0,金融関連業務における関係の維持を通じて、当社の中長期的な企業価値向上に資するため。,,
E03571,,,2025-03-31,000,東海旅客鉄道株式会社,,750000,2140.0,地域経済に重要な役割を持つ同社との関係維持を通じて、当社の中長期的な企業価値向上に資するため。,,
E03571,,,2025-03-31,000,株式会社大林組,,1000221,1984.0,業界内の有力企業である同社との関係維持を通じて、当社の中長期的な企業価値向上に資するため。,,
E03571,,,2025-03-31,000,株式会社村上開明堂,,337700,1769.0,地域経済に重要な役割を持つ同社との関係維持を通じて、当社の中長期的な企業価値向上に資するため。,,
E03571,,,2025-03-31,000,相鉄ホールディングス株式会社,,525123,1149.0,同上,,
E03571,,,2025-03-31,000,三井倉庫ホールディングス株式会社,,94975,756.0,業界内の有力企業である同社との関係維持を通じて、当社の中長期的な企業価値向上に資するため。,,
E03571,,,2025-03-31,000,高砂熱学工業株式会社,,100749,559.0,同上,,
E03571,,,2025-03-31,000,ＮＩＰＰＯＮ　ＥＸＰＲＥＳＳホールディングス株式会社,,193830,527.0,同上株式数の増加は、株式分割によるもの。,,
E03571,,,2025-03-31,000,株式会社マキヤ,,489800,514.0,地域経済に重要な役割を持つ同社との関係維持を通じて、当社の中長期的な企業価値向上に資するため。,,
E03571,,,2025-03-31,000,株式会社明電舎,,105000,453.0,業界内の有力企業である同社との関係維持を通じて、当社の中長期的な企業価値向上に資するため。,,
E03571,,,2025-03-31,000,株式会社百五銀行,,583000,428.0,営業基盤の異なる同業者との関係維持を通じて、当社の中長期的な企業価値向上に資するため。,,
E03571,,,2025-03-31,000,株式会社西武ホールディングス,,127000,419.0,地域経済に重要な役割を持つ同社との関係維持を通じて、当社の中長期的な企業価値向上に資するため。,,
E03571,,,2025-03-31,000,鹿島建設株式会社,,126864,386.0,業界内の有力企業である同社との関係維持を通じて、当社の中長期的な企業価値向上に資するため。,,
E03571,,,2025-03-31,000,株式会社岡三証券グループ,,395225,262.0,金融関連業務における関係の維持を通じて、当社の中長期的な企業価値向上に資するため。,,
E03571,,,2025-03-31,000,東急株式会社,,74832,126.0,地域経済に重要な役割を持つ同社との関係維持を通じて、当社の中長期的な企業価値向上に資するため。,,
E03571,,,2025-03-31,000,株式会社サーラコーポレーション,,91650,79.0,同上,,
E03571,,,2025-03-31,000,株式会社デイトナ,,20000,75.0,同上,,
E03571,,,2025-03-31,000,沖電気工業株式会社,,43000,42.0,業界内の有力企業である同社との関係維持を通じて、当社の中長期的な企業価値向上に資するため。,,
E03571,,,2025-03-31,000,三井不動産株式会社,,22572,30.0,業界内の有力企業である同社との関係維持を通じて、当社の中長期的な企業価値向上に資するため。,,
E03571,,,2025-03-31,000,株式会社トーヨーアサノ,,1800,3.0,地域経済に重要な役割を持つ同社との関係維持を通じて、当社の中長期的な企業価値向上に資するため。,,
E03571,,,2025-03-31,000,セコム株式会社,,644,3.0,業界内の有力企業である同社との関係維持を通じて、当社の中長期的な企業価値向上に資するため。株式数の増加は、株式分割によるもの。,,
E03571,,,2025-03-31,000,富士急行株式会社,,235,0.0,地域経済に重要な役割を持つ同社との関係維持を通じて、当社の中長期的な企業価値向上に資するため。,,
E00882,,,2025-03-31,000,日油（株）,,936000,1890.0,同社は当社の取引先であり、取引関係の維持、強化のため、同社株式を保有しております。,,
E00882,,,2025-03-31,000,フクダ電子（株）,,144400,922.0,株式の安定化及び、取引関係の維持、強化のため、同社株式を保有しております。,,
E00882,,,2025-03-31,000,（株）大阪ソーダ（注）３,,421000,683.0,同社は当社の取引先であり、取引関係の維持、強化のため、同社株式を保有しております。,,
E00882,,,2025-03-31,000,（株）りそなホールディングス,,445200,572.0,同社は当社の主要取引金融機関であり、良好な取引関係の維持、強化のため、同社株式を保有しております。,,
E00882,,,2025-03-31,000,ＫＨネオケム（株）,,181100,456.0,同社は当社の取引先であり、取引関係の維持、強化のため、同社株式を保有しております。,,
E00882,,,2025-03-31,000,岩谷産業（株）（注）４,,239200,357.0,同社は当社の取引先であり、取引関係の維持、強化のため、同社株式を保有しております。,,
E00882,,,2025-03-31,000,（株）日本触媒,,128800,224.0,同社は当社の取引先であり、取引関係の維持、強化のため、同社株式を保有しております。,,
E00882,,,2025-03-31,000,（株）テクノスマート,,43000,71.0,株式の安定化及び、取引関係の維持、強化のため、同社株式を保有しております。,,
E00882,,,2025-03-31,000,東邦化学工業（株）,,100000,67.0,同社は当社の取引先であり、取引関係の維持、強化のため、同社株式を保有しております。,,
E00882,,,2025-03-31,000,リケンテクノス（株）,,63500,66.0,同社は当社の取引先であり、取引関係の維持、強化のため、同社株式を保有しております。,,
E00882,,,2025-03-31,000,東リ（株）,,121000,57.0,同社は当社の取引先であり、取引関係の維持、強化のため、同社株式を保有しております。,,
E00882,,,2025-03-31,000,アキレス（株）,,38700,54.0,同社は当社の取引先であり、取引関係の維持、強化のため、同社株式を保有しております。,,
E00882,,,2025-03-31,000,理研ビタミン（株）,,21844,52.0,同社は当社の取引先であり、取引関係の維持、強化のため、同社株式を保有しており、持株会での買増しをしております。,,
E00882,,,2025-03-31,000,日本基礎技術（株）,,57600,37.0,株式の安定化及び、取引関係の維持、強化のため、同社株式を保有しております。,,
E00882,,,2025-03-31,000,（株）アサヒペン,,21200,37.0,株式の安定化及び、取引関係の維持、強化のため、同社株式を保有しております。,,
E00882,,,2025-03-31,000,東亞合成（株）,,25500,35.0,同社は当社の取引先であり、取引関係の維持、強化のため、同社株式を保有しております。,,
E00882,,,2025-03-31,000,堺化学工業（株）,,11500,31.0,同社は当社の取引先であり、取引関係の維持、強化のため、同社株式を保有しております。,,
E00882,,,2025-03-31,000,シキボウ（株）,,29700,29.0,株式の安定化及び、取引関係の維持、強化のため、同社株式を保有しております。,,
E00882,,,2025-03-31,000,東洋テック（株）,,15300,20.0,同社は当社の取引先であり、取引関係の維持、強化のため、同社株式を保有しております。,,
E04500,,,2025-03-31,000,㈱北洋銀行,,23247000,12018.0,大口の借入先であり、円滑な資金調達に資することから保有している。,,
E04500,,,2025-03-31,000,㈱三菱ＵＦＪフィナンシャル・グループ,,2000000,4022.0,大口の借入先であり、円滑な資金調達に資することから保有している。,,
E04500,,,2025-03-31,000,㈱みずほフィナンシャルグループ,,808000,3273.0,大口の借入先であり、円滑な資金調達に資することから保有している。,,
E04500,,,2025-03-31,000,㈱日本製鋼所,,250400,1311.0,原子力部材の製造・供給を担っており、円滑な事業運営に資することから保有している。,,
E04500,,,2025-03-31,000,㈱ほくほくフィナンシャルグループ,,281247,722.0,大口の借入先であり、円滑な資金調達に資することから保有している。,,
E04500,,,2025-03-31,000,㈱三井住友フィナンシャルグループ（注３）,,33000,125.0,大口の借入先であり、円滑な資金調達に資することから保有している。,,
E01760,,,2024-12-31,000,㈱九電工,,520725,2694.0,環境(再生可能エネルギー）事業、海外展開、グループ事業との取引、取引拡大などの事業展開に寄与しているため。,,
E01760,,,2024-12-31,000,㈱ふくおかフィナンシャルグループ,,51378,202.0,資金調達及び事業情報収集、取引関係の強化・維持のため。,,
E01760,,,2024-12-31,000,西日本鉄道㈱,,70677,160.0,地域経済活性化のための連携強化、情報収集や業務上の取引関係の維持のため。取引先持株会の会員として定期的に株式を取得しているためであります。,,
E01760,,,2024-12-31,000,㈱日立製作所,,31500,124.0,各種電気設備全般の相互取引関係維持を図り、技術開発、海外展開等の将来事業への展開を図っており、電気設備全般等における取引関係の維持のため。株式分割により株式数が増加しているためであります。,,
E01760,,,2024-12-31,000,西部ガスホールディングス㈱,,36700,63.0,地域経済活性化のための連携強化、情報収集や業務上の取引関係の維持のため。,,
E01760,,,2024-12-31,000,㈱西日本フィナンシャルホールディングス,,29520,59.0,資金調達及び海外展開等の事業情報収集、取引関係の強化・維持のため。,,
E01760,,,2024-12-31,000,九州電力㈱,,40776,57.0,電力製品の業績拡大、当社技術開発の協働による技術・開発力向上など電力事業分野における取引関係の維持のため。,,
E01760,,,2024-12-31,000,昭和鉄工㈱,,17100,49.0,技術交流のほか、総務・財務・営業等に係る業務のより円滑な推進及び販路拡大のため。,,
E01760,,,2024-12-31,000,西部電機㈱,,24200,48.0,技術交流のほか、総務・財務・営業等に係る業務のより円滑な推進及び販路拡大のため。,,
E01760,,,2024-12-31,000,九州旅客鉄道㈱,,10000,38.0,地域経済における情報収集や業務上の取引関係の構築のため。,,
E01760,,,2024-12-31,000,日本タングステン㈱,,6624,8.0,技術交流のほか、総務・財務・営業等に係る業務のより円滑な推進及び販路拡大のため。,,
E03471,,,2024-08-31,000,株式会社坪田ラボ,,220000,97.0,共同開発関係の安定化のため保有しております。,,
E02576,,,2024-09-30,000,(株)サカタのタネ,,558250,1970.0,取引関係等の維持・発展のため,,
E02576,,,2024-09-30,000,（株）コンコルディア・フィナンシャルグループ,,1623019,1285.0,金融機関との安定的な取引維持のため,,
E02576,,,2024-09-30,000,佐藤食品工業(株),,579100,1178.0,取引関係等の維持・発展のため,,
E02576,,,2024-09-30,000,Hofseth Biocare ASA,,40951333,964.0,同社の属するHofsethグループと業務提携関係にあるため,,
E02576,,,2024-09-30,000,東洋水産(株),,100000,934.0,取引関係等の維持・発展のため,,
E02576,,,2024-09-30,000,スターゼン（株）,,306400,889.0,取引関係等の維持・発展のため,,
E02576,,,2024-09-30,000,丸全昭和運輸(株),,96200,525.0,取引関係等の維持・発展のため,,
E02576,,,2024-09-30,000,三菱鉛筆（株）,,198000,476.0,取引関係等の維持・発展のため,,
E02576,,,2024-09-30,000,(株)日新,,100000,414.0,取引関係等の維持・発展のため,,
E02576,,,2024-09-30,000,大東港運(株),,438000,314.0,取引関係等の維持・発展のため,,
E02576,,,2024-09-30,000,（株）三菱UFJフィナンシャル・グループ,,191690,278.0,金融機関との安定的な取引維持のため,,
E02576,,,2024-09-30,000,(株)ニチレイ,,50000,223.0,取引関係等の維持・発展のため,,
E02576,,,2024-09-30,000,横浜丸魚(株),,207881,199.0,取引関係等の維持・発展のため,,
E02576,,,2024-09-30,000,築地魚市場（株）,,57600,188.0,取引関係等の維持・発展のため,,
E02576,,,2024-09-30,000,横浜魚類（株）,,194343,108.0,取引関係等の維持・発展のため,,
E02576,,,2024-09-30,000,第一生命ホールディングス（株）,,23600,86.0,金融機関との安定的な取引維持のため,,
E02576,,,2024-09-30,000,イフジ産業(株),,54450,78.0,取引関係等の維持・発展のため,,
E02576,,,2024-09-30,000,阪和興業(株),,15147,75.0,取引関係等の維持・発展のため株式数の増加は持株会を通じての定期的な購入によるものです。,,
E02576,,,2024-09-30,000,イオン(株),,16744,65.0,取引関係等の維持・発展のため株式数の増加は持株会を通じての定期的な購入によるものです。,,
E02576,,,2024-09-30,000,(株)三井住友フィナンシャルグループ,,6445,58.0,金融機関との安定的な取引維持のため,,
E02576,,,2024-09-30,000,中部水産(株),,16200,40.0,取引関係等の維持・発展のため,,
E02576,,,2024-09-30,000,(株)ロック・フィールド,,25262,37.0,取引関係等の維持・発展のため株式数の増加は持株会を通じての定期的な購入によるものです。,,
E02576,,,2024-09-30,000,エスフーズ(株),,6600,18.0,取引関係等の維持・発展のため,,
E02576,,,2024-09-30,000,(株)マルイチ産商,,13219,15.0,取引関係等の維持・発展のため株式数の増加は持株会を通じての定期的な購入によるものです。,,
E02576,,,2024-09-30,000,(株)みずほフィナンシャルグループ,,3487,10.0,金融機関との安定的な取引維持のため,,
E02576,,,2024-09-30,000,滝沢ハム(株),,2487,7.0,取引関係等の維持・発展のため株式数の増加は持株会を通じての定期的な購入によるものです。,,
E05310,,,2025-03-31,000,株式会社ユニリタ,,274000,532382.0,当社の中期的な戦略のなかで、インフラ事業セグメント上のソリューションビジネスで協力関係にあります。社会の解決すべき課題と関連する技術や考え方やリソース戦略を定期的に議論し、企業価値向上貢献を図るために保有しています。,,
E05310,,,2025-03-31,000,株式会社スカラ,,600000,253800.0,当社の中期的な戦略のなかで、クラウドソリューションビジネスの検討に寄与しています。社会の解決すべき課題と関連する技術や考え方やリソース戦略を定期的に議論し、企業価値向上貢献を図るために保有しています。,,
E05310,,,2025-03-31,000,三井住友トラストグループ株式会社,,6000,22320.0,当社事業セグメント上の主要な産業ポートフォリオの１つである金融業界向けビジネスに寄与しています。金融機関として、取引の円滑化を図るために保有しています。,,
E04505,,,2025-03-31,000,㈱日本製鋼所,,130000,680.0,安定的な原子力発電所主要部材の調達,,
E01172,,,2025-03-31,000,四国化成ホールディングス(株),,227197,417361.0,"化成品の主要仕入先として、安定的な取引関係の維持・強化のための政策投資。配当金収入11,323千円、配当利回り年2.71％。その他の定量的な保有効果は、個別の取引額や利益額等であり社外秘。保有の合理性を検証する方法は前述のとおり。取引先持株会での買い増しによる増加。",,
E01172,,,2025-03-31,000,(株)ヤマト,,227000,336187.0,"建設業界動向の把握及び将来の取引関係への発展検討等のための政策投資。配当金収入6,129千円、配当利回り年1.82％。その他の定量的な保有効果及び検証方法については同上。",,
E01172,,,2025-03-31,000,(株)オオバ,,227808,244894.0,"採掘鉱区の利活用に関してのコンサル委託先として、同社との安定的な取引関係の維持・強化を目的とする政策投資。配当金収入9,107千円、配当利回り年3.72％。その他の定量的な保有効果及び検証方法については同上。取引先持株会での買い増しによる増加。",,
E01172,,,2025-03-31,000,(株)三井住友フィナンシャルグループ,,63591,241327.0,"主要な金融取引先として、安定的な取引関係の維持・強化を目的とする政策投資。配当金収入6,677千円、配当利回り年2.77％。その他の定量的な保有効果及び検証方法については同上。",,
E01172,,,2025-03-31,000,岡部(株),,262000,223748.0,"建設業界動向の把握及び将来の取引関係への発展検討のための政策投資。配当金収入9,170千円、配当利回り年4.10％。その他の定量的な保有効果及び検証方法については同上。",,
E01172,,,2025-03-31,000,(株)ほくほくフィナンシャルグループ,,40057,102866.0,"主要な金融取引先として、安定的な取引関係の維持・強化のための政策投資。配当金収入2,503千円、配当利回り年2.43％。その他の定量的な保有効果及び検証方法については同上。",,
E01172,,,2025-03-31,000,北沢産業㈱(株),,232000,81200.0,"厨房設備業界動向の把握及び将来の取引関係への発展検討のための政策投資。配当金収入1,856千円、配当利回り年2.29％。その他の定量的な保有効果及び検証方法については同上。",,
E01172,,,2025-03-31,000,高橋カーテンウォール工業(株),,134000,67402.0,"建設業界動向の把握及び将来の取引関係への発展検討のための政策投資。配当金収入2,680千円、配当利回り年3.98％。その他の定量的な保有効果及び検証方法については同上。",,
E01172,,,2025-03-31,000,(株)みずほフィナンシャルグループ,,9998,40501.0,"主要な金融取引先として、安定的な取引関係の維持・強化のための政策投資。配当金収1,199千円、配当利回り年2.96％。その他の定量的な保有効果及び検証方法については同上。",,
E01172,,,2025-03-31,000,古林紙工(株),,12100,25155.0,包装業界動向の把握及び将来の取引関係への発展検討のための政策投資。配当金収入605千円、配当利回り年2.40％。その他の定量的な保有効果及び検証方法については同上。,,
E01172,,,2025-03-31,000,(株)ビーロット,,14400,20304.0,不動産業界動向の把握及び将来の取引関係への発展検討のための政策投資。配当金収入878千円、配当利回り年4.33％。その他の定量的な保有効果及び検証方法については同上。,,
E01172,,,2025-03-31,000,(株)アサヒペン,,6500,11479.0,塗料業界動向の把握及び将来の取引関係への発展検討のための政策投資。配当金収入390千円、配当利回り年3.40％。その他の定量的な保有効果及び検証方法については同上。,,
E01172,,,2025-03-31,000,群栄化学工業(株),,2000,5968.0,濾過助剤商品の販売先として、安定的な取引関係の維持・強化のための政策投資。配当金収入210千円、配当利回り年3.52％。その他の定量的な保有効果及び検証方法については同上。,,
E01172,,,2025-03-31,000,浅香工業(株),,3000,4710.0,園芸業界動向の把握のための政策投資目的。配当金収入150千円、配当利回り年3.18％。その他の定量的な保有効果及び検証方法については同上。,,
E01172,,,2025-03-31,000,オーウイル(株),,1000,1804.0,濾過助剤商品の販売先として、安定的な取引関係の維持・強化のための政策投資。配当金収入50千円、配当利回り年2.77％。その他の定量的な保有効果及び検証方法については同上。,,
E01172,,,2025-03-31,000,(株)伊藤園,,400,1278.0,清涼飲料業界の動向の把握のための政策投資。配当金収入17千円、配当利回り年1.35％。その他の定量的な保有効果及び検証方法については同上。,,
E01172,,,2025-03-31,000,(株)ロイヤルホテル,,1000,933.0,宿泊施設業界動向の把握のための政策投資。配当金収入５千円、配当利回り年0.54％。その他の定量的な保有効果及び検証方法については同上。,,
E01172,,,2025-03-31,000,(株)伊藤園（優先株式）,,120,223.0,"清涼飲料業界の動向の把握のための政策投資。配当金収入6,600千円、配当利回り年2.95％。その他の定量的な保有効果及び検証方法については同上。",,
E00763,,,2024-04-30,000,ＤＯＷＡホールディングス㈱,,40170,237.0,（保有目的）中長期的な企業価値に資する協力関係の維持・強化を目的に保有（定量的な保有効果）（注）１（株式数が増加した理由）株式数は増加していないため、該当事項はありません。,,
E00763,,,2024-04-30,000,日鉄鉱業㈱,,22000,109.0,（保有目的）中長期的な企業価値に資する協力関係の維持・強化を目的に保有（定量的な保有効果）（注）１（株式数が増加した理由）株式数は増加していないため、該当事項はありません。,,
E00763,,,2024-04-30,000,㈱池田泉州ホールディングス,,114700,46.0,（保有目的）財務面での取引関係の維持・強化を目的に保有（定量的な保有効果）（注）１（株式数が増加した理由）株式数は増加していないため、該当事項はありません。,,
E00763,,,2024-04-30,000,㈱みずほフィナンシャルグループ,,11564,35.0,（保有目的）財務面での取引関係の維持・強化を目的に保有（定量的な保有効果）（注）１（株式数が増加した理由）株式数は増加していないため、該当事項はありません。,,
E00168,,,2025-03-31,000,住友不動産㈱,,1515000,8473.0,工事受注に向け関係を構築しており、保有により同社との良好な関係維持・強化が見込まれ、企業価値向上に資するため,,
E00168,,,2025-03-31,000,㈱ＤＴＳ,,322800,1289.0,工事受注及び業務連携に向け関係を構築しており、保有により同社との良好な関係維持・強化が見込まれ、企業価値向上に資するため,,
E00168,,,2025-03-31,000,エクシオグループ㈱,,715894,1202.0,工事受注及び業務連携に向け関係を構築しており、保有により同社との良好な関係維持・強化が見込まれ、企業価値向上に資するため,,
E00168,,,2025-03-31,000,コムシスホールディングス㈱,,254400,807.0,工事受注及び業務連携に向け関係を構築しており、保有により同社との良好な関係維持・強化が見込まれ、企業価値向上に資するため,,
E00168,,,2025-03-31,000,日本国土開発㈱,,1250000,635.0,工事受注及び業務連携に向け関係を構築しており、保有により同社との良好な関係維持・強化が見込まれ、企業価値向上に資するため検証の結果に基づき一部売却を実施,,
E00168,,,2025-03-31,000,山洋電気㈱,,52800,493.0,工事受注及び業務連携に向け関係を構築しており、保有により同社との良好な関係維持・強化が見込まれ、企業価値向上に資するため,,
E00168,,,2025-03-31,000,㈱ミライト・ワン,,224966,489.0,工事受注及び業務連携に向け関係を構築しており、保有により同社との良好な関係維持・強化が見込まれ、企業価値向上に資するため,,
E00168,,,2025-03-31,000,日本電信電話㈱,,1830000,264.0,工事受注及び業務連携に向け関係を構築しており、保有により同社との良好な関係維持・強化が見込まれ、企業価値向上に資するため,,
E00168,,,2025-03-31,000,日鉄鉱業㈱,,33800,222.0,工事受注及び業務連携に向け関係を構築しており、保有により同社との良好な関係維持・強化が見込まれ、企業価値向上に資するため,,
E00168,,,2025-03-31,000,平和不動産㈱,,43900,206.0,工事受注に向け関係を構築しており、保有により同社との良好な関係維持・強化が見込まれ、企業価値向上に資するため,,
E00168,,,2025-03-31,000,第一生命ホールディングス㈱,,75200,85.0,工事受注及び金融取引の円滑化に向け関係を構築しており、保有により同社との良好な関係維持・強化が見込まれ、企業価値向上に資するため株式分割のため増加,,
E00168,,,2025-03-31,000,㈱百十四銀行,,20305,70.0,工事受注及び金融取引の円滑化に向け関係を構築しており、保有により同社との良好な関係維持・強化が見込まれ、企業価値向上に資するため,,
E00168,,,2025-03-31,000,東急㈱,,25000,42.0,工事受注に向け関係を構築しており、保有により同社との良好な関係維持・強化が見込まれ、企業価値向上に資するため,,
E00168,,,2025-03-31,000,㈱サンリツ,,26862,21.0,工事受注に向け関係を構築しており、保有により同社との良好な関係維持・強化が見込まれ、企業価値向上に資するため,,
E00168,,,2025-03-31,000,東急建設㈱,,7129,5.0,工事受注及び業務連携に向け関係を構築しており、保有により同社との良好な関係維持・強化が見込まれ、企業価値向上に資するため取引先持株会を通じて取得、増加,,
E03021,,,2025-02-28,000,㈱三菱ＵＦＪフィナンシャル・グループ,,835000,1589.0,（保有目的）取引金融機関として、資金調達等の取引関係の維持、強化のために保有（定量的な保有効果）（注１）,,
E03021,,,2025-02-28,000,㈱京都フィナンシャルグループ,,321428,694.0,（保有目的）取引金融機関として、資金調達等の取引関係の維持、強化のために保有（定量的な保有効果）（注１）,,
E03021,,,2025-02-28,000,㈱紀陽銀行,,138900,299.0,（保有目的）取引金融機関として、資金調達等の取引関係の維持、強化のために保有（定量的な保有効果）（注１）,,
E03021,,,2025-02-28,000,ＫＮＴ－ＣＴホールディングス㈱,,263296,296.0,（保有目的）近鉄グループとしての協業の推進を図るため保有（定量的な保有効果）（注１）,,
E03021,,,2025-02-28,000,㈱帝国ホテル,,200000,180.0,（保有目的）安定的な商品販売など、事業運営上の良好な関係維持強化を図るため保有（定量的な保有効果）（注１）,,
E03021,,,2025-02-28,000,㈱ワコールホールディングス,,29500,149.0,（保有目的）主に衣料品等の仕入取引において、良好な関係強化を図るため保有（定量的な保有効果）（注１）,,
E03021,,,2025-02-28,000,㈱南都銀行,,32600,113.0,（保有目的）取引金融機関として、資金調達等の取引関係の維持、強化のために保有（定量的な保有効果）（注１）,,
E03021,,,2025-02-28,000,三共生興㈱,,169000,106.0,（保有目的）主に衣料品等の仕入取引において、良好な関係強化を図るため保有（定量的な保有効果）（注１）,,
E03021,,,2025-02-28,000,モロゾフ㈱（注２）,,60000,99.0,（保有目的）主に食料品等の仕入取引において、良好な関係強化を図るため保有（定量的な保有効果）（注１）,,
E03021,,,2025-02-28,000,㈱池田泉州ホールディングス,,188330,77.0,（保有目的）取引金融機関として、資金調達等の取引関係の維持、強化のために保有（定量的な保有効果）（注１）,,
E03021,,,2025-02-28,000,㈱きんえい,,17200,68.0,（保有目的）近鉄グループとしての協業の推進を図るため保有（定量的な保有効果）（注１）,,
E03021,,,2025-02-28,000,㈱滋賀銀行,,9400,44.0,（保有目的）取引金融機関として、資金調達等の取引関係の維持、強化のために保有（定量的な保有効果）（注１）,,
E03021,,,2025-02-28,000,伊藤忠食品㈱,,5000,37.0,（保有目的）主に食料品等の仕入取引において、良好な関係強化を図るため保有（定量的な保有効果）（注１）,,
E03021,,,2025-02-28,000,㈱みずほフィナンシャルグループ,,6296,26.0,（保有目的）取引金融機関として、資金調達等の取引関係の維持、強化のために保有（定量的な保有効果）（注１）,,
E03021,,,2025-02-28,000,三井住友トラストグループ㈱（注３）,,6644,25.0,（保有目的）取引金融機関として、資金調達等の取引関係の維持、強化のために保有（定量的な保有効果）（注１）,,
E03021,,,2025-02-28,000,㈱百五銀行,,24977,17.0,（保有目的）取引金融機関として、資金調達等の取引関係の維持、強化のために保有（定量的な保有効果）（注１）,,
E03021,,,2025-02-28,000,上新電機㈱,,5000,10.0,（保有目的）安定的な商品販売など、事業運営上の良好な関係維持強化を図るため保有（定量的な保有効果）（注１）,,
E03021,,,2025-02-28,000,タカラスタンダード㈱,,5000,8.0,（保有目的）安定的な商品販売など、事業運営上の良好な関係維持強化を図るため保有（定量的な保有効果）（注１）,,
E03021,,,2025-02-28,000,㈱三十三フィナンシャルグループ,,798,1.0,（保有目的）取引金融機関として、資金調達等の取引関係の維持、強化のために保有（定量的な保有効果）（注１）,,
E03021,,,2025-02-28,000,㈱三井住友フィナンシャルグループ（注４）,,384,1.0,（保有目的）取引金融機関として、資金調達等の取引関係の維持、強化のために保有（定量的な保有効果）（注１）,,
E03021,,,2025-02-28,000,ＡＮＡホールディングス㈱,,346,0.0,（保有目的）全社的な事業運営上の良好な関係維持強化を図るため保有（定量的な保有効果）（注１）,,
E33633,,,2025-03-31,000,㈱ライフコーポレーション,,43014,83146.0,収集運搬・処分事業における取引先であり、継続的な取引関係の維持・強化を図るために保有しております。　　　　　　　　 株式分割による,,
E33633,,,2025-03-31,000,㈱丸井グループ,,20000,53990.0,収集運搬・処分事業における取引先であり、継続的な取引関係の維持・強化を図るために保有しております。,,
E33633,,,2025-03-31,000,明治ホールディングス㈱,,15804,51363.0,収集運搬・処分事業における取引先であり、継続的な取引関係の維持・強化を図るために保有しております。   取引先持ち株会の定量増加による,,
E33633,,,2025-03-31,000,日本たばこ産業㈱,,10000,41140.0,収集運搬・処分事業における取引先であり、継続的な取引関係の維持・強化を図るために保有しております。,,
E33633,,,2025-03-31,000,三井不動産㈱,,30000,39915.0,収集運搬・処分事業における取引先であり、継続的な取引関係の維持・強化を図るために保有しております。,,
E33633,,,2025-03-31,000,東急不動産ホールディングス㈱,,38160,38095.0,収集運搬・処分事業における取引先であり、継続的な取引関係の維持・強化を図るために保有しております。,,
E33633,,,2025-03-31,000,㈱西武ホールディングス,,10000,33020.0,収集運搬・処分事業における取引先であり、継続的な取引関係の維持・強化を図るために保有しております。,,
E33633,,,2025-03-31,000,カシオ計算機㈱,,25331,30942.0,収集運搬・処分事業における取引先であり、継続的な取引関係の維持・強化を図るために保有しております。   取引先持ち株会の定量増加による,,
E33633,,,2025-03-31,000,大栄環境㈱,,10000,28480.0,同業他社であり、業界動向などの情報収集を目的に保有しております。,,
E33633,,,2025-03-31,000,㈱資生堂,,10000,28200.0,収集運搬・処分事業における取引先であり、継続的な取引関係の維持・強化を図るために保有しております。,,
E33633,,,2025-03-31,000,サントリー食品インターナショナル㈱,,5000,24740.0,収集運搬・処分事業における取引先であり、継続的な取引関係の維持・強化を図るために保有しております。,,
E33633,,,2025-03-31,000,京王電鉄㈱,,4535,17267.0,収集運搬・処分事業における取引先であり、継続的な取引関係の維持・強化を図るために保有しております。   取引先持ち株会の定量増加による,,
E33633,,,2025-03-31,000,京浜急行電鉄㈱,,10187,15413.0,収集運搬・処分事業における取引先であり、継続的な取引関係の維持・強化を図るために保有しております。　　取引先持ち株会の定量増加による,,
E33633,,,2025-03-31,000,日本電信電話㈱,,102000,14759.0,収集運搬・処分事業における取引先であり、継続的な取引関係の維持・強化を図るために保有しております。,,
E33633,,,2025-03-31,000,㈱松屋,,12850,13672.0,収集運搬・処分事業における取引先であり、継続的な取引関係の維持・強化を図るために保有しております。　　　取引先持ち株会の定量増加による,,
E33633,,,2025-03-31,000,綜合警備保障㈱,,11242,12614.0,収集運搬・処分事業における取引先であり、継続的な取引関係の維持・強化を図るために保有しております。　　　取引先持ち株会の定量増加による,,
E33633,,,2025-03-31,000,㈱三菱ＵＦＪフィナンシャル・グループ,,6200,12468.0,当社の取引銀行であり、円滑な資金調達のための良好な関係を維持・強化すること、及び相互の取組による将来的な企業価値向上のため、継続して保有しております。,,
E33633,,,2025-03-31,000,東京ガス㈱,,2000,9526.0,収集運搬・処分事業における取引先であり、継続的な取引関係の維持・強化を図るために保有しております。,,
E33633,,,2025-03-31,000,イオン㈱,,2000,7500.0,収集運搬・処分事業における取引先であり、継続的な取引関係の維持・強化を図るために保有しております。,,
E33633,,,2025-03-31,000,第一生命ホールディングス㈱,,1400,6344.0,収集運搬・処分事業における取引先であり、継続的な取引関係の維持・強化を図るために保有しております。,,
E33633,,,2025-03-31,000,㈱ヤマダホールディングス,,10000,4307.0,収集運搬・処分事業における取引先であり、継続的な取引関係の維持・強化を図るために保有しております。,,
E33633,,,2025-03-31,000,東京電力ホールディングス㈱,,5000,2148.0,収集運搬・処分事業における取引先であり、継続的な取引関係の維持・強化を図るために保有しております。,,
E33633,,,2025-03-31,000,TREホールディングス㈱,,744,1203.0,収集運搬・処分事業における処分先であり、継続的な取引関係の維持・強化を図るために保有しております。,,
E33633,,,2025-03-31,000,東京ボード工業㈱,,1000,572.0,収集運搬・処分事業における処分先であり、継続的な取引関係の維持・強化を図るために保有しております。,,
E33633,,,2025-03-31,000,㈱みずほフィナンシャルグループ,,100,405.0,当社の取引銀行であり、円滑な資金調達のための良好な関係を維持・強化すること、及び相互の取組による将来的な企業価値向上のため、継続して保有しております。,,
E01325,,,2025-02-28,000,ユアサ商事㈱,,75021,339098.0,・建築関連製品事業の販売取引に関する安定的な取引関係の維持・強化を目的に保有しております。・定量的な保有効果については記載が困難であります。なお、保有の合理性は、配当金額、取引先との関係等、企業価値向上の観点から、2025年４月18日の取締役会において検証しております。・中長期的な取引関係の維持・強化のため、取引先持株会を通じて、当事業年度において同社株式を追加取得しております。,,
E01325,,,2025-02-28,000,杉田エース㈱,,93800,119782.0,・建築関連製品事業の販売取引に関する安定的な取引関係の維持・強化を目的に保有しております。・定量的な保有効果については記載が困難であります。なお、保有の合理性は、配当金額、取引先との関係等、企業価値向上の観点から、2025年４月18日の取締役会において検証しております。,,
E01325,,,2025-02-28,000,㈱三菱UFJフィナンシャル・グループ,,56500,107519.0,・預金、資金決済等の金融取引や資金融資枠を設定するなど当社の事業活動を円滑に行うことを目的に保有しております。・定量的な保有効果については記載が困難であります。なお、保有の合理性は、資金調達、取引先との関係等、企業価値向上の観点から、2025年４月18日の取締役会において検証しております。,,
E01325,,,2025-02-28,000,トラスコ中山㈱,,49600,98158.0,・建築関連製品事業の販売取引に関する安定的な取引関係の維持・強化を目的に保有しております。・定量的な保有効果については記載が困難であります。なお、保有の合理性は、配当金額、取引先との関係等、企業価値向上の観点から、2025年４月18日の取締役会において検証しております。,,
E01325,,,2025-02-28,000,㈱キムラ,,198742,94998.0,・建築関連製品事業の販売取引に関する安定的な取引関係の維持・強化を目的に保有しております。・定量的な保有効果については記載が困難であります。なお、保有の合理性は、配当金額、取引先との関係等、企業価値向上の観点から、2025年４月18日の取締役会において検証しております。・中長期的な取引関係の維持・強化のため、取引先持株会を通じて、当事業年度において同社株式を追加取得しております。,,
E01325,,,2025-02-28,000,㈱みずほフィナンシャルグループ,,18652,77909.0,・預金、資金決済等の金融取引や契約上の資金融資枠を設定するなど当社の事業活動を円滑に行うことを目的に保有しております。・定量的な保有効果については記載が困難であります。なお、保有の合理性は、資金調達、取引先との関係等、企業価値向上の観点から、2025年４月18日の取締役会において検証しております。,,
E01325,,,2025-02-28,000,㈱三井住友フィナンシャルグループ,,15000,56880.0,・預金、資金決済等の金融取引や契約上の資金融資枠を設定するなど当社の事業活動を円滑に行うことを目的に保有しております。・定量的な保有効果については記載が困難であります。なお、保有の合理性は、資金調達、取引先との関係等、企業価値向上の観点から、2025年４月18日の取締役会において検証しております。・同社株式の分割により保有株式数が増加しております。,,
E01325,,,2025-02-28,000,阪和興業㈱,,6634,32673.0,・建築関連製品事業の仕入取引に関する安定的な取引関係の維持・強化を目的に保有しております。・定量的な保有効果については記載が困難であります。なお、保有の合理性は、配当金額、取引先との関係等、企業価値向上の観点から、2025年４月18日の取締役会において検証しております。・中長期的な取引関係の維持・強化のため、取引先持株会を通じて、当事業年度において同社株式を追加取得しております。,,
E01325,,,2025-02-28,000,㈱りそなホールディングス,,22300,25957.0,・預金、資金決済等の金融取引や契約上の資金融資枠を設定するなど当社の事業活動を円滑に行うことを目的に保有しております。・定量的な保有効果については記載が困難であります。なお、保有の合理性は、資金調達、取引先との関係等、企業価値向上の観点から、2025年４月18日の取締役会において検証しております。,,
E01325,,,2025-02-28,000,大東建託㈱,,1000,15625.0,・建築関連製品事業の販売取引に関する安定的な取引関係の維持・強化を目的に保有しております。・定量的な保有効果については記載が困難であります。なお、保有の合理性は、配当金額、取引先との関係等、企業価値向上の観点から、2025年４月18日の取締役会において検証しております。,,
E00989,,,2025-03-31,000,㈱三井住友フィナンシャルグループ,,618300,2346.0,同社株式は、発行会社傘下の金融機関との資金調達等金融取引の円滑化及び国内外情報の収集、及び、デジタルワークプレイス事業における販売先としての取引関係の維持・強化のため保有しております。当社は、保有株式の保有の意義・合理性について、企業連携や事業シナジーが見込めるか、また保有に伴う便益やリスクが資本コストに見合っているかを検証した上で総合的に判断し同社株式を保有しております。定量的な効果については取引先との営業秘密や守秘義務等の観点から記載しておりません。なお、同社は、2024年10月１日に普通株式１株につき３株の割合で株式分割しております。,,
E00989,,,2025-03-31,000,ＭＳ＆ＡＤインシュアランスグループホールディングス㈱,,659751,2127.0,同社株式は、発行会社傘下の金融機関との安定的な保険取引の維持・強化、及び、デジタルワークプレイス事業における販売先としての取引関係の維持・強化のため保有しております。当社は、保有株式の保有の意義・合理性について、企業連携や事業シナジーが見込めるか、また保有に伴う便益やリスクが資本コストに見合っているかを検証した上で総合的に判断し同社株式を保有しております。定量的な効果については取引先との営業秘密や守秘義務等の観点から記載しておりません。なお、同社は、2024年10月１日に普通株式１株につき３株の割合で株式分割しております。,,
E00989,,,2025-03-31,000,㈱りそなホールディングス,,857818,1104.0,同社株式は、発行会社傘下の金融機関との資金調達等金融取引の円滑化のため保有しております。当社は、保有株式の保有の意義・合理性について、企業連携や事業シナジーが見込めるか、また保有に伴う便益やリスクが資本コストに見合っているかを検証した上で総合的に判断し同社株式を保有しております。定量的な効果については取引先との営業秘密や守秘義務等の観点から記載しておりません。,,
E00989,,,2025-03-31,000,ＳＯＭＰＯホールディングス㈱,,144900,655.0,同社株式は、発行会社傘下の金融機関との安定的な保険取引の維持・強化、及び、デジタルワークプレイス事業における販売先としての取引関係の維持・強化のため保有しております。当社は、保有株式の保有の意義・合理性について、企業連携や事業シナジーが見込めるか、また保有に伴う便益やリスクが資本コストに見合っているかを検証した上で総合的に判断し同社株式を保有しております。定量的な効果については取引先との営業秘密や守秘義務等の観点から記載しておりません。なお、同社は、2024年４月１日に普通株式１株につき３株の割合で株式分割しております。,,
E00989,,,2025-03-31,000,㈱Ｔ＆Ｄホールディングス,,188400,597.0,同社株式は、発行会社傘下の金融機関との安定的な保険取引の維持・強化、及び、デジタルワークプレイス事業における販売先としての取引関係の維持・強化のため保有しております。当社は、保有株式の保有の意義・合理性について、企業連携や事業シナジーが見込めるか、また保有に伴う便益やリスクが資本コストに見合っているかを検証した上で総合的に判断し同社株式を保有しております。定量的な効果については取引先との営業秘密や守秘義務等の観点から記載しておりません。,,
E00989,,,2025-03-31,000,㈱百十四銀行,,153900,534.0,同社株式は、発行会社との資金調達等金融取引の円滑化、及び、デジタルワークプレイス事業における販売先としての取引関係の維持・強化のため保有しております。当社は、保有株式の保有の意義・合理性について、企業連携や事業シナジーが見込めるか、また保有に伴う便益やリスクが資本コストに見合っているかを検証した上で総合的に判断し同社株式を保有しております。定量的な効果については取引先との営業秘密や守秘義務等の観点から記載しておりません。,,
E00989,,,2025-03-31,000,㈱小森コーポレーション,,200000,243.0,同社株式は、プロフェッショナルプリント事業の産業印刷ユニットにおける共同開発パートナー・生産委託先・販売提携先であり、また、デジタルワークプレイス事業における販売先として発行会社との取引関係の維持・強化のため保有しております。当社は、保有株式の保有の意義・合理性について、企業連携や事業シナジーが見込めるか、また保有に伴う便益やリスクが資本コストに見合っているかを検証した上で総合的に判断し同社株式を保有しております。定量的な効果については取引先との営業秘密や守秘義務等の観点から記載しておりません。,,
E01031,,,2024-08-31,000,株式会社マキタ,,18422,89697.0,保有目的は取引先との関係強化であります。定量的な保有効果は秘密保持の観点から記載いたしません。取引先持株会による取得による増加であります。,,
E00434,,,2025-03-31,000,三井物産(株),,385154,1078.0,油脂事業における安定的な取引の維持、相互の取組みによる将来的な企業価値向上のため保有しております。当事業年度に一部株式を売却しました。一部株式を売却しましたが、株式分割により株式数が増加しております。,,
E00434,,,2025-03-31,000,加藤産業(株),,188946,931.0,油脂事業における安定的な取引の維持、相互の取組みによる将来的な企業価値向上のため保有しております。,,
E00434,,,2025-03-31,000,(株)セブン＆アイ・ホールディングス,,419766,907.0,油脂事業における安定的な取引の維持、相互の取組みによる将来的な企業価値向上のため保有しております。,,
E00434,,,2025-03-31,000,キユーピー(株),,292973,855.0,油脂事業における安定的な取引の維持、相互の取組みによる将来的な企業価値向上のため保有しております。,,
E00434,,,2025-03-31,000,不二製油グループ本社(株),,200000,612.0,業務提携および株式相互保有に関する基本契約に基づき、各種油脂原料の効率的調達、中間原料油の相互供給、ならびに相互の生産設備を有効活用しての製品の受委託生産等の協業を円滑に行うために保有しております。,,
E00434,,,2025-03-31,000,亀田製菓(株),,147753,576.0,油脂事業における安定的な取引の維持、相互の取組みによる将来的な企業価値向上のため保有しております。取引先持株会を通じた定期購入により増加しております。,,
E00434,,,2025-03-31,000,(株)ホットランド,,210000,460.0,油脂事業における安定的な取引の維持、相互の取組みによる将来的な企業価値向上のため保有しております。,,
E00434,,,2025-03-31,000,(株)ダスキン,,50000,181.0,油脂事業における安定的な取引の維持、相互の取組みによる将来的な企業価値向上のため保有しております。,,
E00434,,,2025-03-31,000,ケンコーマヨネーズ(株),,93600,174.0,油脂事業における安定的な取引の維持、相互の取組みによる将来的な企業価値向上のため保有しております。,,
E00434,,,2025-03-31,000,ユナイテッド・スーパーマーケット・ホールディングス(株),,172199,142.0,油脂事業における安定的な取引の維持、相互の取組みによる将来的な企業価値向上のため保有しております。(株)いなげやとの株式交換により株式数が増加しております。,,
E00434,,,2025-03-31,000,イオン(株),,37368,140.0,油脂事業における安定的な取引の維持、相互の取組みによる将来的な企業価値向上のため保有しております。,,
E00434,,,2025-03-31,000,(株)マルイチ産商,,111867,123.0,油脂事業における安定的な取引の維持、相互の取組みによる将来的な企業価値向上のため保有しております。取引先持株会を通じた定期購入により増加しております。,,
E00434,,,2025-03-31,000,(株)リテールパートナーズ,,71356,96.0,油脂事業における安定的な取引の維持、相互の取組みによる将来的な企業価値向上のため保有しております。,,
E00434,,,2025-03-31,000,(株)アークス,,32481,94.0,油脂事業における安定的な取引の維持、相互の取組みによる将来的な企業価値向上のため保有しております。取引先持株会を通じた定期購入により増加しております。,,
E00434,,,2025-03-31,000,はごろもフーズ(株),,27138,88.0,油脂事業における安定的な取引の維持、相互の取組みによる将来的な企業価値向上のため保有しております。取引先持株会を通じた定期購入により増加しております。,,
E00434,,,2025-03-31,000,(株)モスフードサービス,,10000,36.0,油脂事業における安定的な取引の維持、相互の取組みによる将来的な企業価値向上のため保有しております。,,
E00434,,,2025-03-31,000,尾家産業(株),,12650,24.0,油脂事業における安定的な取引の維持、相互の取組みによる将来的な企業価値向上のため保有しております。,,
E00434,,,2025-03-31,000,(株)ロック・フィールド,,11821,18.0,油脂事業における安定的な取引の維持、相互の取組みによる将来的な企業価値向上のため保有しております。取引先持株会を通じた定期購入により増加しております。,,
E00434,,,2025-03-31,000,(株)トーホー,,4400,15.0,油脂事業における安定的な取引の維持、相互の取組みによる将来的な企業価値向上のため保有しております。,,
E00434,,,2025-03-31,000,セントラルフォレストグループ(株）,,2000,6.0,油脂事業における安定的な取引の維持、相互の取組みによる将来的な企業価値向上のため保有しております。,,
E00434,,,2025-03-31,000,一正蒲鉾(株),,6200,4.0,油脂事業における安定的な取引の維持、相互の取組みによる将来的な企業価値向上のため保有しております。,,
E00434,,,2025-03-31,000,明治ホールディングス(株),,1062,3.0,スペシャリティフード事業における安定的な取引の維持、相互の取組みによる将来的な企業価値向上のため保有しております。取引先持株会を通じた定期購入により増加しております。,,
E00434,,,2025-03-31,000,(株)マルヨシセンター,,100,0.0,油脂事業における安定的な取引の維持、相互の取組みによる将来的な企業価値向上のため保有しております。,,
E00434,,,2025-03-31,000,(株)ブルボン,,1877,4.0,油脂事業における安定的な取引の維持、相互の取組みによる将来的な企業価値向上のため保有しております。取引先持株会を通じた定期購入をしておりますが、一部株式を売却しました。,,
E32382,,,2025-02-28,000,株式会社カンセキ,,83000,74.0,同業他社の調査・研究の一環として、動向把握、情報収集等のため、保有しております。,,
E32382,,,2025-02-28,000,株式会社みずほフィナンシャルグループ,,17674,73.0,同社の子会社である株式会社みずほ銀行とは、当社グループの主力銀行として、資金借入その他金融取引を行っており、同行との安定的な取引関係の維持・強化を図るため、保有しております。,,
E32382,,,2025-02-28,000,株式会社東邦銀行,,200000,62.0,当社グループの主力銀行として、資金借入その他金融取引を行っており、同行との安定的な取引関係の維持・強化を図るため、保有しております。,,
E32382,,,2025-02-28,000,こころネット株式会社,,40000,37.0,株式の安定化及び、取引関係の維持、強化のため、同社株式を保有しております。,,
E32382,,,2025-02-28,000,株式会社北日本銀行,,2305,8.0,当社グループの主力銀行として、資金借入その他金融取引を行っており、同行との安定的な取引関係の維持・強化を図るため、保有しております。,,
E32382,,,2025-02-28,000,株式会社大東銀行,,10100,7.0,当社グループの主力銀行として、資金借入その他金融取引を行っており、同行との安定的な取引関係の維持・強化を図るため、保有しております。,,
E32382,,,2025-02-28,000,株式会社福島銀行,,32900,7.0,当社グループの主力銀行として、資金借入その他金融取引を行っており、同行との安定的な取引関係の維持・強化を図るため、保有しております。,,
E32382,,,2025-02-28,000,天馬株式会社,,1000,2.0,当社グループの主要な仕入取引先であり、同社との安定的な取引関係の維持・強化を図るため、保有しております。,,
E32382,,,2025-02-28,000,株式会社じもとホールディングス,,7400,2.0,当社グループの主力銀行として、資金借入その他金融取引を行っており、同行との安定的な取引関係の維持・強化を図るため、保有しております。,,
E00751,,,2024-12-31,000,㈱ヤクルト本社,,60000,179.0,営業取引関係のため継続して保有しておりましたが、縮減を進め、有価証券報告書提出日時点においては保有しておりません。,,
E00550,,,2025-03-31,000,MS&ADインシュアランスグループホールディングス,,416400,1342.0,各セグメント及び本社部門において、損害保険取引を円滑化するための政策投資として保有しております。取締役会において検証した結果、当期末においては保有の合理性があると判断しております。,,
E00550,,,2025-03-31,000,㈱三越伊勢丹ホールディングス,,443489,948.0,衣料事業の小売部門において、当該企業が運営する百貨店に店舗を出店しており、事業活動の円滑化のための政策投資として保有しております。取締役会において検証した結果、当期末においては保有の合理性があると判断しております。,,
E00550,,,2025-03-31,000,㈱ソトー,,1295000,885.0,衣料事業の製造工程において、原材料の加工を業務委託しており、資本・業務提携関係を構築するための政策投資として保有しております。取締役会において検証した結果、当期末においては保有の合理性があると判断しております。,,
E00550,,,2025-03-31,000,㈱コナカ,,220000,50.0,衣料事業の卸売部門において、事業活動の円滑化のための政策投資として保有しております。取締役会において検証した結果、当期末においては保有の合理性があると判断しております。,,
E00550,,,2025-03-31,000,㈱髙島屋,,16331,19.0,"衣料事業の小売部門において、当該企業が運営する百貨店に店舗を出店しており、事業活動の円滑化のための政策投資として保有しております。また、営業活動強化のため取引先持株会を通じて同社株式を追加取得しております。取締役会において検証した結果、当期末においては保有の合理性があると判断しております。2024年８月31日を効力発生日として、株式分割により7,960株増加しております。",,
E00550,,,2025-03-31,000,エイチ・ツー・オー　リテイリング㈱,,6121,13.0,衣料事業の小売部門において、事業活動の円滑化のための政策投資として保有しております。取締役会において検証した結果、当期末においては保有の合理性があると判断しております。,,
E00977,,,2025-03-31,000,株式会社みずほフィナンシャルグループ（普通株式）,,36419,147533.0,取引金融機関との取引・協力関係維持のため保有しております。（注）,,
E00977,,,2025-03-31,000,日本化薬株式会社,,49000,69188.0,重要な契約等に記載のとおり、技術及び仕入・販売の提携に関する契約のもと、同社との長期的な取引・協力関係の維持強化及び安定株主の確保のため保有しております。（注）,,
E00977,,,2025-03-31,000,東北化学薬品株式会社,,1000,3865.0,取引・協力関係の維持強化のため保有しております。（注）,,
E00977,,,2025-03-31,000,旭化成株式会社,,3000,3141.0,旭化成株式会社の子会社である旭化成ファーマ株式会社は当社の筆頭株主であり、当社はその持分法適用関連会社です。旭化成ファーマ株式会社は仕入及び製品販売等を通じ主要な取引先であり長期的な取引・協力関係の維持強化及び安定株主の確保のため保有しております。（注）,,
E00977,,,2025-03-31,000,株式会社りそなホールディングス,,4000,5148.0,取引金融機関との取引・協力関係維持のため保有しております。（注）,,
E00977,,,2025-03-31,000,株式会社ほくやく・竹山ホールディングス,,3000,2661.0,取引・協力関係の維持強化のため保有しております。（注）,,
E05695,,,2024-06-30,000,住友不動産㈱,,24000,113.0,安定的かつ継続的な取引関係維持のため,,
E05695,,,2024-06-30,000,JTP㈱,,60000,57.0,安定的かつ継続的な取引関係維持のため,,
E05695,,,2024-06-30,000,㈱高松コンストラクショングループ,,2811,8.0,安定的かつ継続的な取引関係の維持を目的に取引先持株会に加入しているため増加の理由は、取引先持株会での定期買付によるもの,,
E01230,,,2025-03-31,000,トヨタ自動車㈱,,3983405,10420.0,主として自動車・産業機械部品セグメントで取引があり、取引の強化及び事業の拡大等を図るため、保有しています。,,
E01230,,,2025-03-31,000,スズキ㈱,,1548704,2803.0,主として自動車・産業機械部品セグメントで取引があり、取引の強化及び事業の拡大等を図るため、保有しています。,,
E01230,,,2025-03-31,000,伊藤忠商事㈱,,241500,1666.0,主として自動車・産業機械部品セグメントで取引があり、取引の強化及び事業の拡大等を図るため、保有しています。,,
E01230,,,2025-03-31,000,㈱みずほフィナンシャルグループ,,359243,1455.0,発行会社傘下のみずほ銀行と財務面で取引があり、安定的かつ機動的な資金調達を行うため、保有しています。,,
E01230,,,2025-03-31,000,㈱三菱ＵＦＪフィナンシャル・グループ,,560150,1126.0,発行会社傘下の三菱ＵＦＪ銀行と財務面で取引があり、安定的かつ機動的な資金調達を行うため、保有しています。,,
E01230,,,2025-03-31,000,㈱コンコルディア・フィナンシャルグループ,,1058520,1038.0,発行会社傘下の横浜銀行と財務面で取引があり、安定的かつ機動的な資金調達を行うため、保有しています。,,
E01230,,,2025-03-31,000,東亜建設工業㈱,,349600,453.0,主として鉄鋼セグメントで取引があり、取引の強化及び事業の拡大等を図るため、保有しています。,,
E01230,,,2025-03-31,000,岡谷鋼機㈱,,50000,349.0,主として鉄鋼セグメントで取引があり、取引の強化及び事業の拡大等を図るため、保有しています。（注）２,,
E01230,,,2025-03-31,000,三井住友トラスト・ホールディングス㈱,,67048,249.0,発行会社傘下の三井住友信託銀行と財務面で取引があり、安定的かつ機動的な資金調達を行うため、保有しています。,,
E01230,,,2025-03-31,000,㈱りそなホールディングス,,227365,292.0,発行会社傘下のりそな銀行と財務面で取引があり、安定的かつ機動的な資金調達を行うため、保有しています。,,
E01230,,,2025-03-31,000,㈱ふくおかフィナンシャルグループ,,25069,98.0,発行会社傘下の福岡銀行と財務面で取引があり、安定的かつ機動的な資金調達を行うため、保有しています。,,
E01230,,,2025-03-31,000,㈱メタルアート,,28000,88.0,主として自動車・産業機械部品セグメントで取引があり、取引の強化及び事業の拡大等を図るため、保有しています。,,
E01230,,,2025-03-31,000,佐藤商事㈱,,43000,63.0,主として鉄鋼セグメントで取引があり、取引の強化及び事業の拡大等を図るため、保有しています。,,
E01230,,,2025-03-31,000,黒崎播磨㈱,,20000,51.0,主として鉄鋼セグメントで取引があり、取引の強化及び事業の拡大等を図るため、保有しています。,,
E01230,,,2025-03-31,000,住友重機械工業㈱,,13104,39.0,主として自動車・産業機械部品セグメントで取引があり、取引の強化及び事業の拡大等を図るため、保有しています。,,
E01230,,,2025-03-31,000,㈱大垣共立銀行,,11059,26.0,財務面で取引があり、安定的かつ機動的な資金調達をおこなうため、保有しています。,,
E01230,,,2025-03-31,000,高圧ガス工業㈱,,26000,23.0,主として鉄鋼セグメントで取引があり、取引の強化及び事業の拡大等を図るため、保有しています。,,
E01230,,,2025-03-31,000,日野自動車㈱,,54000,22.0,主として自動車・産業機械部品セグメントで取引があり、取引の強化及び事業の拡大等を図るため、保有しています。,,
E00393,,,2024-12-31,000,ＳＯＭＰＯホールディングス㈱,,336561,1386.0,取引関係の維持・強化並びに営業協力関係の構築・推進のため、保有しています。株式分割により株式数が増加しています。,,
E00393,,,2024-12-31,000,㈱みずほフィナンシャルグループ,,91432,354.0,取引関係の維持・強化並びに営業協力関係の構築・推進のため、保有しています。,,
E00393,,,2024-12-31,000,日本山村硝子㈱,,188800,313.0,取引関係の維持・強化並びに営業協力関係の構築・推進のため、保有しています。,,
E00393,,,2024-12-31,000,㈱北洋銀行,,683000,313.0,取引関係の維持・強化並びに営業協力関係の構築・推進のため、保有しています。,,
E00393,,,2024-12-31,000,鹿島建設㈱,,105000,303.0,取引関係の維持・強化並びに営業協力関係の構築・推進のため、保有しています。,,
E00393,,,2024-12-31,000,東京建物㈱,,115878,302.0,2025年３月までに全株式を売却しております。,,
E00393,,,2024-12-31,000,㈱七十七銀行,,33000,150.0,取引関係の維持・強化並びに営業協力関係の構築・推進のため、保有しています。,,
E00393,,,2024-12-31,000,信金中央金庫,,592,130.0,取引関係の維持・強化並びに営業協力関係の構築・推進のため、保有しています。,,
E00393,,,2024-12-31,000,アサヒグループホールディングス㈱,,300,0.0,同社株主総会へ参加し、当社株主総会運営の参考とするため、保有しています。株式分割により株式数が増加しています。,,
E00393,,,2024-12-31,000,キリンホールディングス㈱,,100,0.0,同社株主総会へ参加し、当社株主総会運営の参考とするため、保有しています。,,
E00393,,,2024-12-31,000,丸紅㈱,,336561,1386.0,取引関係の維持・強化並びに営業協力関係の構築・推進のため、保有しています。株式分割により株式数が増加しています。,,
E00393,,,2024-12-31,000,㈱フジオフードグループ本社,,91432,354.0,取引関係の維持・強化並びに営業協力関係の構築・推進のため、保有しています。,,
E00393,,,2024-12-31,000,大日本印刷㈱,,188800,313.0,取引関係の維持・強化並びに営業協力関係の構築・推進のため、保有しています。,,
E00393,,,2024-12-31,000,㈱日立製作所,,683000,313.0,取引関係の維持・強化並びに営業協力関係の構築・推進のため、保有しています。,,
E00393,,,2024-12-31,000,レンゴー㈱,,105000,303.0,取引関係の維持・強化並びに営業協力関係の構築・推進のため、保有しています。,,
E00393,,,2024-12-31,000,㈱帝国ホテル,,115878,302.0,2025年３月までに全株式を売却しております。,,
E00393,,,2024-12-31,000,㈱大庄,,33000,150.0,取引関係の維持・強化並びに営業協力関係の構築・推進のため、保有しています。,,
E00393,,,2024-12-31,000,日本空港ビルデング㈱,,592,130.0,取引関係の維持・強化並びに営業協力関係の構築・推進のため、保有しています。,,
E00393,,,2024-12-31,000,藤田観光㈱,,300,0.0,同社株主総会へ参加し、当社株主総会運営の参考とするため、保有しています。株式分割により株式数が増加しています。,,
E00393,,,2024-12-31,000,㈱西武ホールディングス,,100,0.0,同社株主総会へ参加し、当社株主総会運営の参考とするため、保有しています。,,
E00393,,,2024-12-31,000,東海旅客鉄道㈱,,165000,489.0,取引関係の維持・強化並びに営業協力関係の構築・推進のため、保有しています。,,
E00393,,,2024-12-31,000,王子ホールディングス㈱,,593000,358.0,取引関係の維持・強化並びに営業協力関係の構築・推進のため、保有しています。,,
E00393,,,2024-12-31,000,㈱浜木綿,,80000,312.0,取引関係の維持・強化並びに営業協力関係の構築・推進のため、保有しています。,,
E00393,,,2024-12-31,000,東京テアトル㈱,,270000,289.0,取引関係の維持・強化並びに営業協力関係の構築・推進のため、保有しています。,,
E00393,,,2024-12-31,000,㈱カクヤスグループ,,630000,284.0,取引関係の維持・強化並びに営業協力関係の構築・推進のため、保有しています。株式分割により株式数が増加しています。,,
E00393,,,2024-12-31,000,テンアライド㈱,,962600,269.0,取引関係の維持・強化並びに営業協力関係の構築・推進のため、保有しています。,,
E00393,,,2024-12-31,000,㈱東京會舘,,56432,217.0,取引関係の維持・強化並びに営業協力関係の構築・推進のため、保有しています。,,
E00393,,,2024-12-31,000,㈱三越伊勢丹ホールディングス,,68300,188.0,取引関係の維持・強化並びに営業協力関係の構築・推進のため、保有しています。,,
E00393,,,2024-12-31,000,㈱ＪＢイレブン,,258000,162.0,取引関係の維持・強化並びに営業協力関係の構築・推進のため、保有しています。,,
E00393,,,2024-12-31,000,㈱吉野家ホールディングス,,50400,157.0,取引関係の維持・強化並びに営業協力関係の構築・推進のため、保有しています。,,
E00393,,,2024-12-31,000,伊藤忠食品㈱,,20000,143.0,取引関係の維持・強化並びに営業協力関係の構築・推進のため、保有しています。,,
E00393,,,2024-12-31,000,東日本旅客鉄道㈱,,48000,134.0,取引関係の維持・強化並びに営業協力関係の構築・推進のため、保有しています。,,
E00393,,,2024-12-31,000,近鉄グループホールディングス㈱,,37831,125.0,取引関係の維持・強化並びに営業協力関係の構築・推進のため、保有しています。,,
E00393,,,2024-12-31,000,㈱アークス,,45738,119.0,取引関係の維持・強化並びに営業協力関係の構築・推進のため、保有しています。,,
E00393,,,2024-12-31,000,ヤマエグループホールディングス㈱,,40127,79.0,取引関係の維持・強化並びに営業協力関係の構築・推進のため、保有しています。保有株数増加分は持株会を通じた市場買付けによるものです。,,
E00393,,,2024-12-31,000,㈱リンガーハット,,31500,69.0,取引関係の維持・強化並びに営業協力関係の構築・推進のため、保有しています。,,
E00393,,,2024-12-31,000,東海汽船㈱,,22000,62.0,取引関係の維持・強化並びに営業協力関係の構築・推進のため、保有しています。,,
E00393,,,2024-12-31,000,㈱トライアルホールディング,,20000,54.0,取引関係の維持・強化並びに営業協力関係の構築・推進のため、保有しています。保有株数増加分は、株式上場のためです。,,
E00393,,,2024-12-31,000,㈱歌舞伎座,,8124,37.0,取引関係の維持・強化並びに営業協力関係の構築・推進のため、保有しています。,,
E00393,,,2024-12-31,000,㈱ペッパーフードサービス,,180000,30.0,取引関係の維持・強化並びに営業協力関係の構築・推進のため、保有しています。,,
E00393,,,2024-12-31,000,イオン北海道㈱,,26400,23.0,取引関係の維持・強化並びに営業協力関係の構築・推進のため、保有しています。,,
E00393,,,2024-12-31,000,イオン九州㈱,,5435,15.0,取引関係の維持・強化並びに営業協力関係の構築・推進のため、保有しています。保有株数増加分は持株会を通じた市場買付けによるものです。,,
E00393,,,2024-12-31,000,㈱東天紅,,16962,15.0,取引関係の維持・強化並びに営業協力関係の構築・推進のため、保有しています。,,
E00393,,,2024-12-31,000,イオン㈱,,3891,14.0,取引関係の維持・強化並びに営業協力関係の構築・推進のため、保有しています。,,
E00393,,,2024-12-31,000,㈱オークワ,,14117,13.0,取引関係の維持・強化並びに営業協力関係の構築・推進のため、保有しています。保有株数増加分は持株会を通じた市場買付けによるものです。,,
E00393,,,2024-12-31,000,㈱京都ホテル,,17000,11.0,取引関係の維持・強化並びに営業協力関係の構築・推進のため、保有しています。,,
E00393,,,2024-12-31,000,㈱グルメ杵屋,,10000,11.0,取引関係の維持・強化並びに営業協力関係の構築・推進のため、保有しています。,,
E00393,,,2024-12-31,000,㈱バローホールディングス,,4800,11.0,取引関係の維持・強化並びに営業協力関係の構築・推進のため、保有しています。,,
E00393,,,2024-12-31,000,S　FOODS㈱,,3466,9.0,取引関係の維持・強化並びに営業協力関係の構築・推進のため、保有しています。,,
E00393,,,2024-12-31,000,㈱大和,,22125,9.0,取引関係の維持・強化並びに営業協力関係の構築・推進のため、保有しています。,,
E00393,,,2024-12-31,000,㈱ゼネラル・オイスター,,13200,9.0,取引関係の維持・強化並びに営業協力関係の構築・推進のため、保有しています。,,
E00393,,,2024-12-31,000,チムニー㈱,,6000,7.0,取引関係の維持・強化並びに営業協力関係の構築・推進のため、保有しています。,,
E00393,,,2024-12-31,000,尾家産業㈱,,2000,4.0,取引関係の維持・強化並びに営業協力関係の構築・推進のため、保有しています。,,
E00393,,,2024-12-31,000,エイチ・ツー・オーリテイリング㈱,,1575,4.0,取引関係の維持・強化並びに営業協力関係の構築・推進のため、保有しています。,,
E00393,,,2024-12-31,000,㈱ヤマナカ,,5000,3.0,取引関係の維持・強化並びに営業協力関係の構築・推進のため、保有しています。,,
E00393,,,2024-12-31,000,㈱コスモス薬品,,400,3.0,取引関係の維持・強化並びに営業協力関係の構築・推進のため、保有しています。株式分割により株式数が増加しています。,,
E02258,,,2025-03-31,000,阪和興業株式会社,,307602.091,1504.0,鋼管関連事業における販売先である発行会社との取引関係の維持・強化を図るため。持株会へ加入しているため。,,
E02258,,,2025-03-31,000,三井物産株式会社,,373124,1044.0,鋼管関連事業における販売先である発行会社グループとの取引関係の維持・強化を図るため。株式分割による増加。,,
E02258,,,2025-03-31,000,株式会社三菱ＵＦＪフィナンシャル・グループ,,426950,858.0,発行会社傘下の金融機関との資金調達等金融取引円滑化を図るため。,,
E02258,,,2025-03-31,000,株式会社北國フィナンシャルホールディングス,,113900,668.0,発行会社傘下の金融機関との資金調達等金融取引円滑化を図るため。,,
E02258,,,2025-03-31,000,株式会社みずほフィナンシャルグループ,,130067,526.0,発行会社傘下の金融機関との資金調達等金融取引円滑化を図るため。,,
E02258,,,2025-03-31,000,株式会社シマノ,,24436,512.0,自転車関連事業における販売先である発行会社との取引関係の維持・強化を図るため。,,
E02258,,,2025-03-31,000,積水樹脂株式会社,,111000,212.0,鋼管関連事業における販売先である発行会社グループとの取引関係の維持・強化を図るため。,,
E02258,,,2025-03-31,000,極東開発工業株式会社,,68600,162.0,鋼管関連事業における販売先である発行会社との取引関係の維持・強化を図るため。,,
E02258,,,2025-03-31,000,大同工業株式会社,,133000,114.0,鋼管関連事業における販売先である発行会社との取引関係の維持・強化を図るため。,,
E02258,,,2025-03-31,000,株式会社カノークス,,52849,93.0,鋼管関連事業における販売先である発行会社との取引関係の維持・強化を図るため。,,
E02258,,,2025-03-31,000,株式会社りそなホールディングス,,49812,64.0,発行会社傘下の金融機関との資金調達等金融取引円滑化を図るため。,,
E02258,,,2025-03-31,000,株式会社ナガワ,,1000,6.0,鋼管関連事業における調達先及び販売先である発行会社グループとの取引関係の維持・強化を図るため。,,
E02258,,,2025-03-31,000,タカラスタンダード株式会社,,1559.800,2.0,鋼管関連事業における販売先である発行会社との取引関係の維持・強化を図るため。持株会へ加入しているため。,,
E01163,,,2025-03-31,000,㈱クワザワ,,80000,45.0,(保有目的)当社の建材事業における主要取引先であり、建設資材販売を幅広く営業展開していることから、取引関係の維持・強化を目的として同社の株式を保有しております。(定量的な保有効果)(注)２,,
E01163,,,2025-03-31,000,ＭＳ＆ＡＤインシュアランスグループホールディングス㈱,,12339,39.0,(保有目的)当社の企業財産包括保険、役員賠償責任保険等の契約先であり、取引関係の維持・円滑化を目的として同社の株式を保有しております。(定量的な保有効果)(注)２,,
E01163,,,2025-03-31,000,小野建㈱,,14300,21.0,(保有目的)当社の関係会社である㈱エーアンドエークレストの主要取引先であり、主に耐火被覆工事を受注しております。取引関係の維持・強化を目的として同社の株式を保有しております。(定量的な保有効果)(注)２,,
E01163,,,2025-03-31,000,中外炉工業㈱,,5100,18.0,(保有目的)当社の工業製品事業における主要取引先であり、主要商品であるディスクロールを受注しております。取引関係の維持・強化を目的として同社の株式を保有しております。(定量的な保有効果)(注)２,,
E01163,,,2025-03-31,000,ＪＫホールディングス㈱,,12700,12.0,(保有目的)当社の建材事業における主要取引先であり、主に住宅関係の建設資材販売を幅広く営業展開していることから、取引関係の維持・強化を目的として同社の株式を保有しております。(定量的な保有効果)(注)２,,
E01163,,,2025-03-31,000,東海運㈱,,16000,5.0,(保有目的)当社の工業製品事業における主要取引先であり、輸出入通関・輸送業務を主として委託しております。取引関係の維持・強化を目的として同社の株式を保有しております。(定量的な保有効果)(注)２,,
E01163,,,2025-03-31,000,㈱東京エネシス,,3300,3.0,(保有目的)当社の関係会社であるアスク・サンシンエンジニアリング㈱の主要取引先であり、発電所関係等の保温工事を受注しております。取引関係の維持・強化を目的として同社の株式を保有しております。(定量的な保有効果)(注)２,,
E01163,,,2025-03-31,000,カナデビア㈱（日立造船㈱）,,2200,2.0,(保有目的)当社の関係会社であるアスク・サンシンエンジニアリング㈱の主要取引先であり、バイオマス発電所、清掃工場等の保温工事を受注しております。取引関係の維持・強化を目的として同社の株式を保有しております。(定量的な保有効果)(注)２,,
E01163,,,2025-03-31,000,アイカ工業㈱,,400,1.0,(保有目的)当社の建材事業における主要取引先であり、建材事業・化成品事業等、幅広く営業展開していることから、取引関係の維持・強化を目的として同社の株式を保有しております。(定量的な保有効果)(注)２,,
E05147,,,2024-12-31,000,鈴与シンワート株式会社,,100000,200.0,同社は、当社のソフトウェア製品販売におけるパートナーであり、同社との関係の維持・強化のために保有しております。,,
E05147,,,2024-12-31,000,株式会社ＦＵＪＩ,,59000,142.0,同社に対し主に開発・商品販売を行っており、同社との関係の維持・強化のために保有しております。,,
E05147,,,2024-12-31,000,トヨタ自動車株式会社,,500,1.0,取引先の情報収集のために保有しております。,,
E05147,,,2024-12-31,000,キヤノン株式会社,,100,0.0,取引先の情報収集のために保有しております。,,
E05147,,,2024-12-31,000,本田技研工業株式会社,,300,0.0,取引先の情報収集のために保有しております。,,
E05147,,,2024-12-31,000,ＡＮＡホールディングス株式会社,,100,0.0,取引先の情報収集のために保有しております。,,
E02472,,,2025-03-31,000,東洋紡㈱,,50000,47.0,マットレスに使用する製品の仕入や共同開発など、同社のグループ会社を含め良好な関係の維持のため、継続して保有しております。,,
E02472,,,2025-03-31,000,㈱帝国ホテル,,4000,3.0,インテリア健康事業のホテル部門においてベッド等の納入を行っており、良好な関係の維持のため、継続して保有しております。,,
E02472,,,2025-03-31,000,エフビー介護サービス㈱,,50000,47.0,マットレスに使用する製品の仕入や共同開発など、同社のグループ会社を含め良好な関係の維持のため、継続して保有しております。,,
E03464,,,2024-05-15,000,イオン㈱,,270000,883.0,イオングループを統括する小売業最大手の企業であり、2024年2月28日リリースの資本業務提携にもとづき、業務提携等を維持するため保有継続しております。,,
E03464,,,2024-05-15,000,ウエルシアホールディングス㈱,,3352592,7712.0,イオングループ傘下の中核ドラッグストア企業であり、2024年2月28日リリースの資本業務提携にもとづき、業務提携等を維持するため保有継続しております。,,
E03464,,,2024-05-15,000,㈱クスリのアオキホールディングス,,4860000,14400.0,ＰＢ商品供給、薬剤師への教育等を提供する当社が属するハピコムグループの中核企業であり、将来の業界の動向等を考慮し、中長期的な関係を維持するため保有しております。,,
E03464,,,2024-05-15,000,スギホールディングス㈱,,3816000,9131.0,将来の業界動向を考慮し、業界及び同業他社の情報収集のため保有しております。,,
E32198,,,2025-03-31,000,㈱バローホールディングス,,69700,166583.0,（保有目的）取引関係の深耕（定量的な保有効果）（注２）,,
E32198,,,2025-03-31,000,㈱ライフコーポレーション（注１）,,31200,60309.0,（保有目的）取引関係の深耕（定量的な保有効果）（注２）,,
E32198,,,2025-03-31,000,㈱マルヨシセンター,,1500,5932.0,（保有目的）取引関係の深耕（定量的な保有効果）（注２）,,
E38525,,,2024-06-30,000,㈱PALTAC,,176300,772.0,主に流通小売セグメントにおける生活用品等の仕入取引関係の維持・強化のため（注）,,
E38525,,,2024-06-30,000,アサヒグループホールディングス㈱,,1300,7.0,主に流通小売セグメントにおける酒類・飲料等の仕入取引関係の維持・強化のため（注）,,
E38525,,,2024-06-30,000,協和キリン㈱,,1000,2.0,主に流通小売セグメントにおける医薬品等の仕入取引関係の維持・強化のため（注）,,
E38525,,,2024-06-30,000,キリンホールディングス㈱,,1140,2.0,主に流通小売セグメントにおける酒類・飲料等の仕入取引関係の維持・強化のため（注）,,
E38525,,,2024-06-30,000,サッポロホールディングス㈱,,200,1.0,主に流通小売セグメントにおける酒類・飲料等の仕入取引関係の維持・強化のため（注）,,
E38525,,,2024-06-30,000,フクシマガリレイ㈱,,176300,772.0,主に流通小売セグメントにおける生活用品等の仕入取引関係の維持・強化のため（注）,,
E02706,,,2025-02-28,000,㈱ナフコ,,267000,487.0,同業他社、業界動向等の情報収集継続的な取引関係の維持強化,,
E02706,,,2025-02-28,000,㈱エンチョー,,53405,44.0,同業他社、業界動向等の情報収集継続的な取引関係の維持強化（増加理由）持株会による買付,,
E02706,,,2025-02-28,000,マックス㈱,,29968,125.0,継続的な取引関係の維持強化（増加理由）持株会による買付,,
E02706,,,2025-02-28,000,㈱第四北越フィナンシャルグループ（注３）,,28900,78.0,継続的な取引関係の維持強化,,
E02706,,,2025-02-28,000,㈱キムラ,,61624,29.0,同業他社、業界動向等の情報収集継続的な取引関係の維持強化（増加理由）持株会による買付,,
E02706,,,2025-02-28,000,㈱セキチュー,,28496,29.0,同業他社、業界動向等の情報収集継続的な取引関係の維持強化（増加理由）持株会による買付,,
E02706,,,2025-02-28,000,㈱ＪＭホールディングス,,5000,11.0,同業他社、業界動向等の情報収集,,
E02706,,,2025-02-28,000,丸一鋼管㈱,,3599,12.0,継続的な取引関係の維持強化（増加理由）持株会による買付,,
E02706,,,2025-02-28,000,㈱みずほフィナンシャルグループ,,540,2.0,継続的な取引関係の維持強化,,
E30726,,,2024-10-31,000,株式会社ジャックス,,309,1188.0,当社顧客が利用する住宅ローンの提携先として取引があり、良好な関係・提携強化を目的として、取引先持株会に加入しております。,,
E03863,,,2025-03-31,000,ＡＮＡホールディングス㈱,,693395,1913.0,(保有目的)主に施設管理運営業セグメントにおける更なる連携の強化・信頼関係の構築（業務提携等の概要）同社のグループ会社との間の羽田空港旅客ターミナルビル等に係る賃貸借契約等の取引(定量的な保有効果)　(注)１,,
E03863,,,2025-03-31,000,日本航空㈱,,528000,1349.0,(保有目的)主に施設管理運営業セグメントにおける更なる連携の強化・信頼関係の構築(業務提携等の概要)羽田空港旅客ターミナルビル等に係る賃貸借契約等の取引(定量的な保有効果)　(注)１,,
E03863,,,2025-03-31,000,住友不動産㈱,,255000,1426.0,(保有目的)更なる連携の強化・信頼関係の構築(業務提携等の概要)国際線需要の拡大における今後の連携強化(定量的な保有効果)　(注)１,,
E03863,,,2025-03-31,000,京浜急行電鉄㈱,,640000,968.0,(保有目的)主に施設管理運営業セグメントにおける更なる連携の強化・信頼関係の構築(業務提携等の概要)羽田空港旅客ターミナルビル等に係る施設管理委託契約等の取引(定量的な保有効果)　(注)１,,
E03863,,,2025-03-31,000,東日本旅客鉄道㈱(注)２,,234600,692.0,(保有目的)更なる連携の強化・信頼関係の構築(業務提携等の概要)空港を起点とした地上交通アクセスの今後の連携強化(定量的な保有効果)　(注)１,,
E03863,,,2025-03-31,000,㈱みずほフィナンシャルグループ,,101341,410.0,(保有目的)当社グループの財務活動の円滑化及び安定化のため(業務提携等の概要)当社の主要な借入先(定量的な保有効果)　(注)１,,
E03863,,,2025-03-31,000,㈱ビックカメラ,,92000,143.0,(保有目的)主に物品販売業セグメントにおける更なる連携の強化・信頼関係の構築(業務提携等の概要)合弁会社を設立し、羽田空港ターミナルビル内等にて物品販売店を運営(定量的な保有効果)　(注)１,,
E03863,,,2025-03-31,000,三愛オブリ㈱,,74418,128.0,(保有目的)主に施設管理運営業セグメントにおける更なる連携の強化・信頼関係の構築(業務提携等の概要)羽田空港旅客ターミナルビルに係る賃貸借契約の取引(定量的な保有効果)　(注)１,,
E03863,,,2025-03-31,000,空港施設㈱,,146410,89.0,(保有目的)主に施設管理運営業セグメントにおける更なる連携の強化・信頼関係の構築(業務提携等の概要)同社のグループ会社との間の羽田空港旅客ターミナルビル等に係る給排水サービス等の取引(定量的な保有効果)　(注)１,,
E03863,,,2025-03-31,000,サッポロホールディングス㈱,,8200,62.0,(保有目的)主に飲食業セグメントにおける更なる連携の強化・信頼関係の構築(業務提携等の概要)同社のグループ会社との間の羽田空港旅客ターミナルビルに係る賃貸借契約等の取引(定量的な保有効果)　(注)１,,
E37098,,,2024-08-31,000,株式会社リベロ,,72000,95040.0,コールセンター業務を協業して連携強化を行うため、資本業務提携契約を締結し新規取得,,
E30103,,,2025-03-31,000,大和ハウス工業株式会社,,2768000,13668.0,（保有目的）地域経済の成長・活性化において、先進的な知見や技術等の活用が期待できる中央有力企業との関係維持・強化等を通じた当社グループの企業価値向上を目的に保有しております。（定量的な保有効果）上記②aイに記載の検証方法に従って検証した結果、収益性、信用力、地域性（当社の主要営業地盤との関係等）、取引関係強化等を加味し、総合的な判断による合理性が認められるため保有しております。,,
E30103,,,2025-03-31,000,ダイキン工業株式会社,,678700,10954.0,（保有目的）地域経済の成長・活性化において、先進的な知見や技術等の活用が期待できる中央有力企業との関係維持・強化等を通じた当社グループの企業価値向上を目的に保有しております。（定量的な保有効果）上記②aイに記載の検証方法に従って検証した結果、収益性、信用力、地域性（当社の主要営業地盤との関係等）、取引関係強化等を加味し、総合的な判断による合理性が認められるため保有しております。,,
E30103,,,2025-03-31,000,三菱地所株式会社,,4044000,9835.0,（保有目的）地域経済の成長・活性化において、先進的な知見や技術等の活用が期待できる中央有力企業との関係維持・強化等を通じた当社グループの企業価値向上を目的に保有しております。（定量的な保有効果）上記②aイに記載の検証方法に従って検証した結果、収益性、信用力、地域性（当社の主要営業地盤との関係等）、取引関係強化等を加味し、総合的な判断による合理性が認められるため保有しております。,,
E30103,,,2025-03-31,000,住友不動産株式会社,,1684000,9418.0,（保有目的）地域経済の成長・活性化において、先進的な知見や技術等の活用が期待できる中央有力企業との関係維持・強化等を通じた当社グループの企業価値向上を目的に保有しております。（定量的な保有効果）上記②aイに記載の検証方法に従って検証した結果、収益性、信用力、地域性（当社の主要営業地盤との関係等）、取引関係強化等を加味し、総合的な判断による合理性が認められるため保有しております。,,
E30103,,,2025-03-31,000,日本化薬株式会社,,5089000,7185.0,（保有目的）地域経済の成長・活性化において、先進的な知見や技術等の活用が期待できる中央有力企業との関係維持・強化等を通じた当社グループの企業価値向上を目的に保有しております。（定量的な保有効果）上記②aイに記載の検証方法に従って検証した結果、収益性、信用力、地域性（当社の主要営業地盤との関係等）、取引関係強化等を加味し、総合的な判断による合理性が認められるため保有しております。,,
E30103,,,2025-03-31,000,株式会社セブン＆アイ・ホールディングス,,3000000,6489.0,（保有目的）地域において産業・雇用創出力が高く、かつ、地域経済の成長・活性化に重要な役割を担う有力企業との関係維持・強化等を通じた当社グループの企業価値向上を目的に保有しております。（定量的な保有効果）上記②aイに記載の検証方法に従って検証した結果、収益性、信用力、地域性（当社の主要営業地盤との関係等）、取引関係強化等を加味し、総合的な判断による合理性が認められるため保有しております。,,
E30103,,,2025-03-31,000,株式会社ＴＫＣ,,834800,3213.0,（保有目的）取引先中小企業等の支援をはじめとした業務連携により、事業機会の拡大が期待できる有力企業との関係維持・強化等を通じた当社グループの企業価値向上を目的に保有しております。（定量的な保有効果）上記②aイに記載の検証方法に従って検証した結果、収益性の指標が基準を満たすほか、地域性や取引関係強化等から見て合理性が認められるため保有しております。,,
E30103,,,2025-03-31,000,東日本旅客鉄道株式会社,,1080000,3188.0,（保有目的）地域との関係が深く、かつ、地域経済の成長・活性化において、保有する経営基盤の活用が期待できる中央有力企業との関係維持・強化等を通じた当社グループの企業価値向上を目的に保有しております。（定量的な保有効果）上記②aイに記載の検証方法に従って検証した結果、収益性、信用力、地域性（当社の主要営業地盤との関係等）、取引関係強化等を加味し、総合的な判断による合理性が認められるため保有しております。,,
E30103,,,2025-03-31,000,タカラスタンダード株式会社,,1620000,2846.0,（保有目的）地域経済の成長・活性化において、先進的な知見や技術等の活用が期待できる中央有力企業との関係維持・強化等を通じた当社グループの企業価値向上を目的に保有しております。（定量的な保有効果）上記②aイに記載の検証方法に従って検証した結果、収益性の指標が基準を満たすほか、地域性や取引関係強化等から見て合理性が認められるため保有しております。,,
E30103,,,2025-03-31,000,日本ハム株式会社,,550500,2759.0,（保有目的）地域経済の成長・活性化において、先進的な知見や技術等の活用が期待できる中央有力企業との関係維持・強化等を通じた当社グループの企業価値向上を目的に保有しております。（定量的な保有効果）上記②aイに記載の検証方法に従って検証した結果、収益性、信用力、地域性（当社の主要営業地盤との関係等）、取引関係強化等を加味し、総合的な判断による合理性が認められるため保有しております。,,
E30103,,,2025-03-31,000,日清食品ホールディングス株式会社,,900000,2747.0,（保有目的）地域経済の成長・活性化において、先進的な知見や技術等の活用が期待できる中央有力企業との関係維持・強化等を通じた当社グループの企業価値向上を目的に保有しております。（定量的な保有効果）上記②aイに記載の検証方法に従って検証した結果、収益性、信用力、地域性（当社の主要営業地盤との関係等）、取引関係強化等を加味し、総合的な判断による合理性が認められるため保有しております。,,
E30103,,,2025-03-31,000,高砂香料工業株式会社,,390000,2480.0,（保有目的）地域経済の成長・活性化において、先進的な知見や技術等の活用が期待できる中央有力企業との関係維持・強化等を通じた当社グループの企業価値向上を目的に保有しております。（定量的な保有効果）上記②aイに記載の検証方法に従って検証した結果、収益性、信用力、地域性（当社の主要営業地盤との関係等）、取引関係強化等を加味し、総合的な判断による合理性が認められるため保有しております。,,
E30103,,,2025-03-31,000,京成電鉄株式会社,,1648500,2221.0,（保有目的）地域経済の成長・活性化において、沿線開発などにより蓄積された知見やノウハウ等の活用が期待できる中央有力企業との関係維持・強化等を通じた当社グループの企業価値向上を目的に保有しております。（定量的な保有効果）上記②aイに記載の検証方法に従って検証した結果、収益性、信用力、地域性（当社の主要営業地盤との関係等）、取引関係強化等を加味し、総合的な判断による合理性が認められるため保有しております。（株式数の増加は株式分割によるもの）,,
E30103,,,2025-03-31,000,三菱瓦斯化学株式会社,,875000,2034.0,（保有目的）地域経済の成長・活性化において、先進的な知見や技術等の活用が期待できる中央有力企業との関係維持・強化等を通じた当社グループの企業価値向上を目的に保有しております。（定量的な保有効果）上記②aイに記載の検証方法に従って検証した結果、収益性の指標が基準を満たすほか、地域性や取引関係強化等から見て合理性が認められるため保有しております。,,
E30103,,,2025-03-31,000,株式会社クレハ,,614100,1693.0,（保有目的）地域経済の成長・活性化において、先進的な知見や技術等の活用が期待できる中央有力企業との関係維持・強化等を通じた当社グループの企業価値向上を目的に保有しております。（定量的な保有効果）上記②aイに記載の検証方法に従って検証した結果、収益性、信用力、地域性（当社の主要営業地盤との関係等）、取引関係強化等を加味し、総合的な判断による合理性が認められるため保有しております。,,
E30103,,,2025-03-31,000,イオン株式会社,,411000,1541.0,（保有目的）地域において産業・雇用創出力が高く、かつ、地域経済の成長・活性化に重要な役割を担う有力企業との関係維持・強化等を通じた当社グループの企業価値向上を目的に保有しております。（定量的な保有効果）上記②aイに記載の検証方法に従って検証した結果、収益性、信用力、地域性（当社の主要営業地盤との関係等）、取引関係強化等を加味し、総合的な判断による合理性が認められるため保有しております。,,
E30103,,,2025-03-31,000,水戸証券株式会社,,2774000,1467.0,（保有目的）協力関係の維持・強化等による当社グループの企業価値向上を目的に保有しております。（定量的な保有効果）上記②aイに記載の検証方法に従って検証した結果、収益性の指標が基準を満たすほか、地域性や取引関係強化等から見て合理性が認められるため保有しております。,,
E30103,,,2025-03-31,000,東武鉄道株式会社,,525300,1339.0,（保有目的）地域経済の成長・活性化において、沿線開発などにより蓄積された知見やノウハウ等の活用が期待できる中央有力企業との関係維持・強化等を通じた当社グループの企業価値向上を目的に保有しております。（定量的な保有効果）上記②aイに記載の検証方法に従って検証した結果、収益性、信用力、地域性（当社の主要営業地盤との関係等）、取引関係強化等を加味し、総合的な判断による合理性が認められるため保有しております。,,
E30103,,,2025-03-31,000,ゼリア新薬工業株式会社,,568700,1283.0,（保有目的）地域経済の成長・活性化において、先進的な知見や技術等の活用が期待できる中央有力企業との関係維持・強化等を通じた当社グループの企業価値向上を目的に保有しております。（定量的な保有効果）上記②aイに記載の検証方法に従って検証した結果、収益性、信用力、地域性（当社の主要営業地盤との関係等）、取引関係強化等を加味し、総合的な判断による合理性が認められるため保有しております。,,
E30103,,,2025-03-31,000,エスビー食品株式会社,,440000,1173.0,（保有目的）地域経済の成長・活性化において、先進的な知見や技術等の活用が期待できる中央有力企業との関係維持・強化等を通じた当社グループの企業価値向上を目的に保有しております。（定量的な保有効果）上記②aイに記載の検証方法に従って検証した結果、収益性、信用力、地域性（当社の主要営業地盤との関係等）、取引関係強化等を加味し、総合的な判断による合理性が認められるため保有しております。（株式数の増加は株式分割によるもの）,,
E30103,,,2025-03-31,000,藤田観光株式会社,,114100,1105.0,（保有目的）地域経済の成長・活性化において、先進的な知見や技術等の活用が期待できる中央有力企業との関係維持・強化等を通じた当社グループの企業価値向上を目的に保有しております。（定量的な保有効果）上記②aイに記載の検証方法に従って検証した結果、収益性、信用力、地域性（当社の主要営業地盤との関係等）、取引関係強化等を加味し、総合的な判断による合理性が認められるため保有しております。,,
E30103,,,2025-03-31,000,ＤＯＷＡホールディングス株式会社,,234990,1087.0,（保有目的）地域経済の成長・活性化において、先進的な知見や技術等の活用が期待できる中央有力企業との関係維持・強化等を通じた当社グループの企業価値向上を目的に保有しております。（定量的な保有効果）上記②aイに記載の検証方法に従って検証した結果、収益性、信用力、地域性（当社の主要営業地盤との関係等）、取引関係強化等を加味し、総合的な判断による合理性が認められるため保有しております。,,
E30103,,,2025-03-31,000,株式会社明電舎,,247000,1065.0,（保有目的）地域経済の成長・活性化において、先進的な知見や技術等の活用が期待できる中央有力企業との関係維持・強化等を通じた当社グループの企業価値向上を目的に保有しております。（定量的な保有効果）上記②aイに記載の検証方法に従って検証した結果、収益性、信用力、地域性（当社の主要営業地盤との関係等）、取引関係強化等を加味し、総合的な判断による合理性が認められるため保有しております。,,
E30103,,,2025-03-31,000,住友化学株式会社,,2935000,1060.0,（保有目的）地域経済の成長・活性化において、先進的な知見や技術等の活用が期待できる中央有力企業との関係維持・強化等を通じた当社グループの企業価値向上を目的に保有しております。（定量的な保有効果）上記②aイに記載の検証方法に従って検証した結果、収益性、信用力、地域性（当社の主要営業地盤との関係等）、取引関係強化等を加味し、総合的な判断による合理性が認められるため保有しております。,,
E30103,,,2025-03-31,000,レンゴー株式会社,,1282000,1015.0,（保有目的）地域経済の成長・活性化において、先進的な知見や技術等の活用が期待できる中央有力企業との関係維持・強化等を通じた当社グループの企業価値向上を目的に保有しております。（定量的な保有効果）上記②aイに記載の検証方法に従って検証した結果、収益性の指標が基準を満たすほか、地域性や取引関係強化等から見て合理性が認められるため保有しております。,,
E30103,,,2025-03-31,000,森永乳業株式会社,,321200,1000.0,（保有目的）地域経済の成長・活性化において、先進的な知見や技術等の活用が期待できる中央有力企業との関係維持・強化等を通じた当社グループの企業価値向上を目的に保有しております。（定量的な保有効果）上記②aイに記載の検証方法に従って検証した結果、収益性、信用力、地域性（当社の主要営業地盤との関係等）、取引関係強化等を加味し、総合的な判断による合理性が認められるため保有しております。,,
E30103,,,2025-03-31,000,株式会社ＡＤＥＫＡ,,358000,962.0,（保有目的）地域経済の成長・活性化において、先進的な知見や技術等の活用が期待できる中央有力企業との関係維持・強化等を通じた当社グループの企業価値向上を目的に保有しております。（定量的な保有効果）上記②aイに記載の検証方法に従って検証した結果、収益性の指標が基準を満たすほか、地域性や取引関係強化等から見て合理性が認められるため保有しております。,,
E30103,,,2025-03-31,000,エア・ウォーター株式会社,,500000,944.0,（保有目的）地域経済の成長・活性化において、先進的な知見や技術等の活用が期待できる中央有力企業との関係維持・強化等を通じた当社グループの企業価値向上を目的に保有しております。（定量的な保有効果）上記②aイに記載の検証方法に従って検証した結果、収益性、信用力、地域性（当社の主要営業地盤との関係等）、取引関係強化等を加味し、総合的な判断による合理性が認められるため保有しております。,,
E30103,,,2025-03-31,000,日本電子株式会社,,193000,883.0,（保有目的）地域経済の成長・活性化において、先進的な知見や技術等の活用が期待できる中央有力企業との関係維持・強化等を通じた当社グループの企業価値向上を目的に保有しております。（定量的な保有効果）上記②aイに記載の検証方法に従って検証した結果、収益性、信用力、地域性（当社の主要営業地盤との関係等）、取引関係強化等を加味し、総合的な判断による合理性が認められるため保有しております。,,
E30103,,,2025-03-31,000,昭和産業株式会社,,307400,871.0,（保有目的）地域経済の成長・活性化において、先進的な知見や技術等の活用が期待できる中央有力企業との関係維持・強化等を通じた当社グループの企業価値向上を目的に保有しております。（定量的な保有効果）上記②aイに記載の検証方法に従って検証した結果、収益性、信用力、地域性（当社の主要営業地盤との関係等）、取引関係強化等を加味し、総合的な判断による合理性が認められるため保有しております。,,
E30103,,,2025-03-31,000,東急株式会社,,500000,842.0,（保有目的）地域経済の成長・活性化において、沿線開発などにより蓄積された知見やノウハウ等の活用が期待できる中央有力企業との関係維持・強化等を通じた当社グループの企業価値向上を目的に保有しております。（定量的な保有効果）上記②aイに記載の検証方法に従って検証した結果、収益性、信用力、地域性（当社の主要営業地盤との関係等）、取引関係強化等を加味し、総合的な判断による合理性が認められるため保有しております。,,
E30103,,,2025-03-31,000,三櫻工業株式会社,,1243000,820.0,（保有目的）地域経済の成長・活性化において、先進的な知見や技術等の活用が期待できる中央有力企業との関係維持・強化等を通じた当社グループの企業価値向上を目的に保有しております。（定量的な保有効果）上記②aイに記載の検証方法に従って検証した結果、収益性の指標が基準を満たすほか、地域性や取引関係強化等から見て合理性が認められるため保有しております。,,
E30103,,,2025-03-31,000,飯野海運株式会社,,800000,797.0,（保有目的）地域経済の成長・活性化において、先進的な知見や技術等の活用が期待できる中央有力企業との関係維持・強化等を通じた当社グループの企業価値向上を目的に保有しております。（定量的な保有効果）上記②aイに記載の検証方法に従って検証した結果、収益性の指標が基準を満たすほか、地域性や取引関係強化等から見て合理性が認められるため保有しております。,,
E30103,,,2025-03-31,000,株式会社東京精密,,100000,796.0,（保有目的）地域経済の成長・活性化において、先進的な知見や技術等の活用が期待できる中央有力企業との関係維持・強化等を通じた当社グループの企業価値向上を目的に保有しております。（定量的な保有効果）上記②aイに記載の検証方法に従って検証した結果、収益性、信用力、地域性（当社の主要営業地盤との関係等）、取引関係強化等を加味し、総合的な判断による合理性が認められるため保有しております。,,
E30103,,,2025-03-31,000,京王電鉄株式会社,,205000,780.0,（保有目的）地域経済の成長・活性化において、沿線開発などにより蓄積された知見やノウハウ等の活用が期待できる中央有力企業との関係維持・強化等を通じた当社グループの企業価値向上を目的に保有しております（定量的な保有効果）上記②aイに記載の検証方法に従って検証した結果、収益性の指標が基準を満たすほか、地域性や取引関係強化等から見て合理性が認められるため保有しております。,,
E30103,,,2025-03-31,000,ダイワボウホールディングス株式会社,,303500,767.0,（保有目的）地域経済の成長・活性化において、先進的な知見や技術等の活用が期待できる中央有力企業との関係維持・強化等を通じた当社グループの企業価値向上を目的に保有しております。（定量的な保有効果）上記②aイに記載の検証方法に従って検証した結果、収益性、信用力、地域性（当社の主要営業地盤との関係等）、取引関係強化等を加味し、総合的な判断による合理性が認められるため保有しております。,,
E30103,,,2025-03-31,000,三井倉庫ホールディングス株式会社,,96000,764.0,（保有目的）地域経済の成長・活性化において、先進的な知見や技術等の活用が期待できる中央有力企業との関係維持・強化等を通じた当社グループの企業価値向上を目的に保有しております。（定量的な保有効果）上記②aイに記載の検証方法に従って検証した結果、収益性、信用力、地域性（当社の主要営業地盤との関係等）、取引関係強化等を加味し、総合的な判断による合理性が認められるため保有しております。,,
E30103,,,2025-03-31,000,京浜急行電鉄株式会社,,500000,756.0,（保有目的）地域経済の成長・活性化において、沿線開発などにより蓄積された知見やノウハウ等の活用が期待できる中央有力企業との関係維持・強化等を通じた当社グループの企業価値向上を目的に保有しております。（定量的な保有効果）上記②aイに記載の検証方法に従って検証した結果、収益性、信用力、地域性（当社の主要営業地盤との関係等）、取引関係強化等を加味し、総合的な判断による合理性が認められるため保有しております。,,
E30103,,,2025-03-31,000,小池酸素工業株式会社,,565000,712.0,（保有目的）地域経済の成長・活性化において、先進的な知見や技術等の活用が期待できる中央有力企業との関係維持・強化等を通じた当社グループの企業価値向上を目的に保有しております。（定量的な保有効果）上記②aイに記載の検証方法に従って検証した結果、収益性、信用力、地域性（当社の主要営業地盤との関係等）、取引関係強化等を加味し、総合的な判断による合理性が認められるため保有しております。（株式数の増加は株式分割によるもの）,,
E30103,,,2025-03-31,000,あすか製薬ホールディングス株式会社,,300000,691.0,（保有目的）地域経済の成長・活性化において、先進的な知見や技術等の活用が期待できる中央有力企業との関係維持・強化等を通じた当社グループの企業価値向上を目的に保有しております。（定量的な保有効果）上記②aイに記載の検証方法に従って検証した結果、収益性、信用力、地域性（当社の主要営業地盤との関係等）、取引関係強化等を加味し、総合的な判断による合理性が認められるため保有しております。,,
E30103,,,2025-03-31,000,電源開発株式会社,,250000,633.0,（保有目的）地域経済の成長・活性化において、先進的な知見や技術等の活用が期待できる中央有力企業との関係維持・強化等を通じた当社グループの企業価値向上を目的に保有しております。（定量的な保有効果）上記②aイに記載の検証方法に従って検証した結果、収益性、信用力、地域性（当社の主要営業地盤との関係等）、取引関係強化等を加味し、総合的な判断による合理性が認められるため保有しております。,,
E30103,,,2025-03-31,000,株式会社カネカ,,149800,570.0,（保有目的）地域経済の成長・活性化において、先進的な知見や技術等の活用が期待できる中央有力企業との関係維持・強化等を通じた当社グループの企業価値向上を目的に保有しております。（定量的な保有効果）上記②aイに記載の検証方法に従って検証した結果、収益性、信用力、地域性（当社の主要営業地盤との関係等）、取引関係強化等を加味し、総合的な判断による合理性が認められるため保有しております。,,
E30103,,,2025-03-31,000,株式会社大真空,,979200,552.0,（保有目的）地域経済の成長・活性化において、先進的な知見や技術等の活用が期待できる中央有力企業との関係維持・強化等を通じた当社グループの企業価値向上を目的に保有しております。（定量的な保有効果）上記②aイに記載の検証方法に従って検証した結果、収益性の指標が基準を満たすほか、地域性や取引関係強化等から見て合理性が認められるため保有しております。,,
E30103,,,2025-03-31,000,太平電業株式会社,,110500,528.0,（保有目的）地域経済の成長・活性化において、先進的な知見や技術等の活用が期待できる中央有力企業との関係維持・強化等を通じた当社グループの企業価値向上を目的に保有しております。（定量的な保有効果）上記②aイに記載の検証方法に従って検証した結果、収益性の指標が基準を満たすほか、地域性や取引関係強化等から見て合理性が認められるため保有しております。,,
E30103,,,2025-03-31,000,京阪神ビルディング株式会社,,387000,526.0,（保有目的）地域経済の成長・活性化において、先進的な知見や技術等の活用が期待できる中央有力企業との関係維持・強化等を通じた当社グループの企業価値向上を目的に保有しております。（定量的な保有効果）上記②aイに記載の検証方法に従って検証した結果、収益性、信用力、地域性（当社の主要営業地盤との関係等）、取引関係強化等を加味し、総合的な判断による合理性が認められるため保有しております。,,
E30103,,,2025-03-31,000,住友電気工業株式会社,,198900,490.0,（保有目的）地域経済の成長・活性化において、先進的な知見や技術等の活用が期待できる中央有力企業との関係維持・強化等を通じた当社グループの企業価値向上を目的に保有しております。（定量的な保有効果）上記②aイに記載の検証方法に従って検証した結果、収益性の指標が基準を満たすほか、地域性や取引関係強化等から見て合理性が認められるため保有しております。,,
E30103,,,2025-03-31,000,佐藤商事株式会社,,324000,481.0,（保有目的）地域経済の成長・活性化において、先進的な知見や技術等の活用が期待できる中央有力企業との関係維持・強化等を通じた当社グループの企業価値向上を目的に保有しております。（定量的な保有効果）上記②aイに記載の検証方法に従って検証した結果、収益性の指標が基準を満たすほか、地域性や取引関係強化等から見て合理性が認められるため保有しております。,,
E30103,,,2025-03-31,000,助川電気工業株式会社,,263700,463.0,（保有目的）地域において産業・雇用創出力が高く、かつ、地域経済の成長・活性化に重要な役割を担う有力企業との関係維持・強化等を通じた当社グループの企業価値向上を目的に保有しております。（定量的な保有効果）上記②aイに記載の検証方法に従って検証した結果、収益性、信用力、地域性（当社の主要営業地盤との関係等）、取引関係強化等を加味し、総合的な判断による合理性が認められるため保有しております。,,
E30103,,,2025-03-31,000,品川リフラクトリーズ株式会社,,250000,423.0,（保有目的）地域経済の成長・活性化において、先進的な知見や技術等の活用が期待できる中央有力企業との関係維持・強化等を通じた当社グループの企業価値向上を目的に保有しております。（定量的な保有効果）上記②aイに記載の検証方法に従って検証した結果、収益性の指標が基準を満たすほか、地域性や取引関係強化等から見て合理性が認められるため保有しております。,,
E30103,,,2025-03-31,000,仙波糖化工業株式会社,,542000,390.0,（保有目的）地域経済の成長・活性化において、先進的な知見や技術等の活用が期待できる中央有力企業との関係維持・強化等を通じた当社グループの企業価値向上を目的に保有しております。（定量的な保有効果）上記②aイに記載の検証方法に従って検証した結果、収益性、信用力、地域性（当社の主要営業地盤との関係等）、取引関係強化等を加味し、総合的な判断による合理性が認められるため保有しております。,,
E30103,,,2025-03-31,000,JFEホールディングス株式会社,,145700,266.0,（保有目的）地域経済の成長・活性化において、先進的な知見や技術等の活用が期待できる中央有力企業との関係維持・強化等を通じた当社グループの企業価値向上を目的に保有しております。（定量的な保有効果）上記②aイに記載の検証方法に従って検証した結果、収益性、信用力、地域性（当社の主要営業地盤との関係等）、取引関係強化等を加味し、総合的な判断による合理性が認められるため保有しております。,,
E30103,,,2025-03-31,000,株式会社トミタ,,172900,234.0,（保有目的）地域経済の成長・活性化において、先進的な知見や技術等の活用が期待できる中央有力企業との関係維持・強化等を通じた当社グループの企業価値向上を目的に保有しております。（定量的な保有効果）上記②aイに記載の検証方法に従って検証した結果、収益性、信用力、地域性（当社の主要営業地盤との関係等）、取引関係強化等を加味し、総合的な判断による合理性が認められるため保有しております。,,
E30103,,,2025-03-31,000,イワブチ株式会社,,35900,226.0,（保有目的）地域経済の成長・活性化において、先進的な知見や技術等の活用が期待できる中央有力企業との関係維持・強化等を通じた当社グループの企業価値向上を目的に保有しております。（定量的な保有効果）上記②aイに記載の検証方法に従って検証した結果、収益性の指標が基準を満たすほか、地域性や取引関係強化等から見て合理性が認められるため保有しております。,,
E00530,,,2025-03-31,000,ヤマトインターナショナル㈱,,250000,83.0,(保有目的)カジュアルウエアを中心としたアパレルメーカーで繊維セグメントの重要販売先として、企業間取引の強化のため保有,,
E00530,,,2025-03-31,000,㈱自重堂,,1638,16.0,(保有目的)ワーキングウェア大手で繊維セグメントの重要販売先として、企業間取引の強化のため保有,,
E01744,,,2025-03-31,000,豊田通商株式会社,,1452750,3621.0,主として電力インフラ事業などで取引があり、取引関係維持・強化を目的として保有している。株式分割により株式数が増加している。,,
E01744,,,2025-03-31,000,株式会社三井住友フィナンシャルグループ,,734649,2787.0,主として財務面などで取引があり、資金調達などの各種金融取引の関係維持・強化を目的として保有している。子会社保有株式の整理集約及び株式分割により株式数が増加している。,,
E01744,,,2025-03-31,000,住友不動産株式会社,,405000,2265.0,主として社会システム事業などで取引があり、取引関係維持・強化を目的として保有している。,,
E01744,,,2025-03-31,000,株式会社ダイヘン,,237200,1501.0,主として産業電子モビリティ事業などで取引があり、取引関係維持・強化を目的として保有している。,,
E01744,,,2025-03-31,000,株式会社めぶきフィナンシャルグループ,,1775315,1288.0,主として財務面などで取引があり、資金調達などの各種金融取引の関係維持・強化を目的として保有している。,,
E01744,,,2025-03-31,000,横河電機株式会社,,274000,792.0,主として社会システム事業などで取引があり、取引関係維持・強化を目的として保有している。,,
E01744,,,2025-03-31,000,京阪神ビルディング株式会社,,549900,747.0,主として社会システム事業などで取引があり、取引関係維持・強化を目的として保有している。,,
E01744,,,2025-03-31,000,東京ガス株式会社,,146748,698.0,主として社会システム事業などで取引があり、取引関係維持・強化を目的として保有している。,,
E01744,,,2025-03-31,000,株式会社豊田自動織機,,50000,635.0,主として産業電子モビリティ事業などで取引があり、取引関係維持・強化を目的として保有している。,,
E01744,,,2025-03-31,000,三井住友トラストグループ株式会社,,163944,609.0,主として財務面などで取引があり、資金調達などの各種金融取引の関係維持・強化を目的として保有している。,,
E01744,,,2025-03-31,000,株式会社三菱UFJフィナンシャル・グループ,,298680,600.0,主として財務面などで取引があり、資金調達などの各種金融取引の関係維持・強化を目的として保有している。,,
E01744,,,2025-03-31,000,丸一鋼管株式会社,,178569,594.0,主として社会システム事業などで取引があり、取引関係維持・強化を目的として保有している。,,
E01744,,,2025-03-31,000,住友大阪セメント株式会社,,157200,565.0,主として社会システム事業などで取引があり、取引関係維持・強化を目的として保有している。,,
E01744,,,2025-03-31,000,株式会社電業社機械製作所,,127500,531.0,主として社会システム事業などで取引があり、取引関係維持・強化を目的として保有している。,,
E01744,,,2025-03-31,000,スルガ銀行株式会社,,371665,499.0,主として財務面などで取引があり、資金調達などの各種金融取引の関係維持・強化を目的として保有している。,,
E01744,,,2025-03-31,000,東海旅客鉄道株式会社,,175000,499.0,主として社会システム事業などで取引があり、取引関係維持・強化を目的として保有している。,,
E01744,,,2025-03-31,000,株式会社日本製鋼所,,84600,442.0,主として産業電子モビリティ事業などで取引があり、取引関係維持・強化を目的として保有している。,,
E01744,,,2025-03-31,000,中部電力株式会社,,240489,390.0,主として電力インフラ事業などで取引があり、取引関係維持・強化を目的として保有している。,,
E01744,,,2025-03-31,000,東日本旅客鉄道株式会社,,103500,305.0,主として社会システム事業などで取引があり、取引関係維持・強化を目的として保有している。株式分割により株式数が増加している。,,
E01744,,,2025-03-31,000,東京電力ホールディングス株式会社,,681258,292.0,主として電力インフラ事業などで取引があり、取引関係維持・強化を目的として保有している。,,
E01744,,,2025-03-31,000,新明和工業株式会社,,173300,242.0,主として社会システム事業での取引関係創出を目的として保有している。,,
E01744,,,2025-03-31,000,北海道電力株式会社,,309204,235.0,主として電力インフラ事業などで取引があり、取引関係維持・強化を目的として保有している。,,
E01744,,,2025-03-31,000,東北電力株式会社,,227910,235.0,主として電力インフラ事業などで取引があり、取引関係維持・強化を目的として保有している。,,
E01744,,,2025-03-31,000,日本碍子株式会社,,125840,230.0,主として社会システム事業などで取引があり、取引関係維持・強化を目的として保有している。,,
E01744,,,2025-03-31,000,株式会社三十三フィナンシャルグループ,,92671,219.0,主として財務面などで取引があり、資金調達などの各種金融取引の関係維持・強化を目的として保有している。,,
E01744,,,2025-03-31,000,日本電設工業株式会社,,94000,197.0,主として社会システム事業などで取引があり、取引関係維持・強化を目的として保有している。,,
E01744,,,2025-03-31,000,九州電力株式会社,,148422,193.0,主として電力インフラ事業などで取引があり、取引関係維持・強化を目的として保有している。,,
E01744,,,2025-03-31,000,株式会社タクマ,,101000,185.0,主として社会システム事業などで取引があり、取引関係維持・強化を目的として保有している。,,
E01744,,,2025-03-31,000,鹿島建設株式会社,,57881,176.0,主として社会システム事業などで取引があり、取引関係維持・強化を目的として保有している。,,
E01744,,,2025-03-31,000,MS&ADインシュアランスグループホールディングス株式会社,,50001,161.0,主として社会システム事業などで取引があり、取引関係維持・強化を目的として保有している。株式分割により株式数が増加している。,,
E01744,,,2025-03-31,000,住友ゴム工業株式会社,,77050,145.0,主としてフィールドエンジニアリング事業などで取引があり、取引関係維持・強化を目的として保有している。,,
E01744,,,2025-03-31,000,関西電力株式会社,,66188,117.0,主として電力インフラ事業などで取引があり、取引関係維持・強化を目的として保有している。,,
E01744,,,2025-03-31,000,住友金属鉱山株式会社,,33390,108.0,主としてフィールドエンジニアリング事業などで取引があり、取引関係維持・強化を目的として保有している。,,
E01744,,,2025-03-31,000,西日本旅客鉄道株式会社,,30000,87.0,主として社会システム事業などで取引があり、取引関係維持・強化を目的として保有している。株式分割により株式数が増加している。,,
E01744,,,2025-03-31,000,株式会社みずほフィナンシャルグループ,,21301,86.0,主として財務面などで取引があり、資金調達などの各種金融取引の関係維持・強化を目的として保有している。,,
E01744,,,2025-03-31,000,株式会社南都銀行,,17039,67.0,主として財務面などで取引があり、資金調達などの各種金融取引の関係維持・強化を目的として保有している。,,
E01744,,,2025-03-31,000,岡谷鋼機株式会社,,8400,58.0,主として産業電子モビリティ事業などで取引があり、取引関係維持・強化を目的として保有している。株式分割により株式数が増加している。,,
E01744,,,2025-03-31,000,オリジナル設計株式会社,,39000,54.0,主として社会システム事業などで取引があり、取引関係維持・強化を目的として保有している。,,
E01744,,,2025-03-31,000,月島ホールディングス株式会社,,24200,41.0,主として社会システム事業などで取引があり、取引関係維持・強化を目的として保有している。,,
E01744,,,2025-03-31,000,北陸電力株式会社,,39318,32.0,主として電力インフラ事業などで取引があり、取引関係維持・強化を目的として保有している。,,
E01744,,,2025-03-31,000,三精テクノロジーズ株式会社,,24500,31.0,主として産業電子モビリティ事業などで取引があり、取引関係維持・強化を目的として保有している。,,
E01744,,,2025-03-31,000,株式会社ヒラノテクシード,,15750,25.0,主として産業電子モビリティ事業などで取引があり、取引関係維持・強化を目的として保有している。,,
E01744,,,2025-03-31,000,中部鋼鈑株式会社,,12000,25.0,主として社会システム事業などで取引があり、取引関係維持・強化を目的として保有している。,,
E01744,,,2025-03-31,000,株式会社ナ・デックス,,20000,18.0,主としてフィールドエンジニアリング事業などで取引があり、取引関係維持・強化を目的として保有している。,,
E01744,,,2025-03-31,000,住友重機械工業株式会社,,3200,9.0,主として産業電子モビリティ事業などで取引があり、取引関係維持・強化を目的として保有している。,,
E01744,,,2025-03-31,000,株式会社ふくおかフィナンシャルグループ,,2365,9.0,主として財務面などで取引があり、資金調達などの各種金融取引の関係維持・強化を目的として保有している。,,
E01744,,,2025-03-31,000,株式会社不二越,,1000,3.0,主として産業電子モビリティ事業などで取引があり、取引関係維持・強化を目的として保有している。,,
E01744,,,2025-03-31,000,株式会社山形銀行,,1600,2.0,主として財務面などで取引があり、資金調達などの各種金融取引の関係維持・強化を目的として保有している。,,
E01744,,,2025-03-31,000,日本ギア工業株式会社,,1000,0.0,主として産業電子モビリティ事業などで取引があり、取引関係維持・強化を目的として保有している。,,
E01014,,,2025-03-31,000,東京応化工業㈱,,149925,464.0,（目的）営業上の取引（概要）安定的な取引関係強化・維持のため（効果）製品の売上および原料の仕入,,
E01014,,,2025-03-31,000,日本精化㈱,,170000,340.0,（目的）営業上の取引（概要）安定的な取引関係強化・維持のため（効果）製品の売上,,
E01014,,,2025-03-31,000,㈱テクノスマート,,167000,279.0,（目的）営業上の取引（概要）安定的な取引関係強化・維持のため,,
E01014,,,2025-03-31,000,㈱大阪ソーダ,,170000,276.0,（目的）営業上の取引（概要）安定的な取引関係強化・維持のため（効果）製品の売上（増加理由）株式分割により、株数が増加しております。（注）1,,
E01014,,,2025-03-31,000,富士フイルムホールディングス㈱,,52272,148.0,（目的）営業上の取引（概要）安定的な取引関係強化・維持のため（効果）製品の売上および原料の仕入（注）2,,
E01014,,,2025-03-31,000,㈱京仁洋行,,482000,142.0,（目的）営業上の取引および業務上の提携（概要）安定的な取引関係強化・維持のためおよび韓国における持分法適用関連会社DAITO-KISCO Corporationの合弁パートナーとして提携,,
E01014,,,2025-03-31,000,大阪有機化学工業㈱,,58000,141.0,（目的）営業上の取引（概要）安定的な取引関係強化・維持のため（効果）製品の売上,,
E01014,,,2025-03-31,000,長瀬産業㈱,,24000,63.0,（目的）営業上の取引（概要）安定的な取引関係強化・維持のため（効果）製品の売上および原料の仕入,,
E01014,,,2025-03-31,000,大日精化工業㈱,,18920,56.0,（目的）営業上の取引（概要）安定的な取引関係強化・維持のため,,
E01014,,,2025-03-31,000,蝶理㈱,,16300,49.0,（目的）営業上の取引（概要）安定的な取引関係強化・維持のため,,
E01014,,,2025-03-31,000,㈱アサヒペン,,22000,38.0,（目的）営業上の取引（概要）安定的な取引関係強化・維持のため,,
E01014,,,2025-03-31,000,㈱南都銀行,,8200,32.0,（目的）業務上の提携（概要）資金調達・運用の取引関係強化・維持のため（効果）資金の借入,,
E01014,,,2025-03-31,000,住友化学㈱,,72100,26.0,（目的）営業上の取引（概要）安定的な取引関係強化・維持のため（効果）製品の売上および原料の仕入,,
E01014,,,2025-03-31,000,㈱みずほフィナンシャルグループ,,2720,11.0,（目的）業務上の提携（概要）みずほ証券㈱が当社株式上場時主幹事であり、また持株会事務業務にて提携,,
E01014,,,2025-03-31,000,三京化成㈱,,2541,8.0,（目的）営業上の取引（概要）安定的な取引関係強化・維持のため（効果）原料の仕入,,
E01014,,,2025-03-31,000,田岡化学工業㈱,,1000,1.0,（目的）営業上の取引（概要）安定的な取引関係強化・維持のため,,
E00153,,,2025-03-31,000,㈱みずほフィナンシャルグループ,,465395,1885.0,工事受注及び資金調達を主とした取引関係の維持発展等、中長期的な企業価値の向上を実現するため。,,
E00153,,,2025-03-31,000,小野薬品工業㈱,,965605,1547.0,工事受注を主とした取引関係の維持発展等、中長期的な企業価値の向上を実現するため。,,
E00153,,,2025-03-31,000,㈱ダイフク,,300000,1092.0,工事受注を主とした取引関係の維持発展等、中長期的な企業価値の向上を実現するため。,,
E00153,,,2025-03-31,000,アステラス製薬㈱,,449625,650.0,工事受注を主とした取引関係の維持発展等、中長期的な企業価値の向上を実現するため。,,
E00153,,,2025-03-31,000,森永乳業㈱,,184800,575.0,工事受注を主とした取引関係の維持発展等、中長期的な企業価値の向上を実現するため。,,
E00153,,,2025-03-31,000,京阪ホールディングス㈱,,132512,431.0,工事受注を主とした取引関係の維持発展等、中長期的な企業価値の向上を実現するため。,,
E00153,,,2025-03-31,000,東海旅客鉄道㈱,,125000,356.0,工事受注を主とした取引関係の維持発展等、中長期的な企業価値の向上を実現するため。,,
E00153,,,2025-03-31,000,㈱テーオーシー,,395250,254.0,工事受注を主とした取引関係の維持発展等、中長期的な企業価値の向上を実現するため。,,
E00153,,,2025-03-31,000,ニッタ㈱,,62900,235.0,工事受注を主とした取引関係の維持発展等、中長期的な企業価値の向上を実現するため。,,
E00153,,,2025-03-31,000,東日本旅客鉄道㈱（注３）,,69600,205.0,工事受注を主とした取引関係の維持発展等、中長期的な企業価値の向上を実現するため。,,
E00153,,,2025-03-31,000,㈱ＳＣＲＥＥＮホールディングス,,20000,191.0,工事受注を主とした取引関係の維持発展等、中長期的な企業価値の向上を実現するため。,,
E00153,,,2025-03-31,000,㈱ニコン,,129000,191.0,工事受注を主とした取引関係の維持発展等、中長期的な企業価値の向上を実現するため。,,
E00153,,,2025-03-31,000,松井建設㈱,,199100,177.0,工事受注を主とした取引関係の維持発展等、中長期的な企業価値の向上を実現するため。,,
E00153,,,2025-03-31,000,共同印刷㈱,,38700,159.0,工事受注を主とした取引関係の維持発展等、中長期的な企業価値の向上を実現するため。,,
E00153,,,2025-03-31,000,清水建設㈱,,112828,149.0,"工事受注を主とした取引関係の維持発展等、中長期的な企業価値の向上を実現するため。持株会への拠出により2,106株増加しております。",,
E00153,,,2025-03-31,000,西日本旅客鉄道㈱（注４）,,48000,139.0,工事受注を主とした取引関係の維持発展等、中長期的な企業価値の向上を実現するため。,,
E00153,,,2025-03-31,000,住友不動産㈱,,24200,135.0,工事受注を主とした取引関係の維持発展等、中長期的な企業価値の向上を実現するため。,,
E00153,,,2025-03-31,000,東京都競馬㈱,,19369,84.0,工事受注を主とした取引関係の維持発展等、中長期的な企業価値の向上を実現するため。,,
E00153,,,2025-03-31,000,戸田建設㈱,,68700,60.0,工事受注を主とした取引関係の維持発展等、中長期的な企業価値の向上を実現するため。,,
E00153,,,2025-03-31,000,名工建設㈱,,44467,57.0,工事受注を主とした取引関係の維持発展等、中長期的な企業価値の向上を実現するため。,,
E00153,,,2025-03-31,000,日本電気硝子㈱,,8607,30.0,工事受注を主とした取引関係の維持発展等、中長期的な企業価値の向上を実現するため。持株会への拠出により586株増加しております。,,
E00153,,,2025-03-31,000,㈱ツムラ,,6598,28.0,工事受注を主とした取引関係の維持発展等、中長期的な企業価値の向上を実現するため。持株会への拠出により417株増加しております。,,
E00153,,,2025-03-31,000,日本ケミファ㈱,,18000,26.0,工事受注を主とした取引関係の維持発展等、中長期的な企業価値の向上を実現するため。,,
E00153,,,2025-03-31,000,ＡＮＡホールディングス㈱,,9052,24.0,工事受注を主とした取引関係の維持発展等、中長期的な企業価値の向上を実現するため。,,
E00153,,,2025-03-31,000,㈱東京自働機械製作所,,6521,23.0,工事受注を主とした取引関係の維持発展等、中長期的な企業価値の向上を実現するため。,,
E00153,,,2025-03-31,000,㈱カナデン,,12000,17.0,工事受注を主とした取引関係の維持発展等、中長期的な企業価値の向上を実現するため。,,
E00153,,,2025-03-31,000,㈱宮崎太陽銀行,,10000,12.0,工事受注及び資金調達を主とした取引関係の維持発展等、中長期的な企業価値の向上を実現するため。,,
E00153,,,2025-03-31,000,㈱プロクレアホールディングス,,3000,5.0,工事受注及び資金調達を主とした取引関係の維持発展等、中長期的な企業価値の向上を実現するため。,,
E00153,,,2025-03-31,000,㈱Ｏｌｙｍｐｉｃグループ,,1000,0.0,工事受注を主とした取引関係の維持発展等、中長期的な企業価値の向上を実現するため。,,
E04147,,,2025-03-31,000,三菱重工業㈱※１,,11585000,29263.0,鉄道の車両用品や発電・変電機器など、資材調達等での安定的な取引関係を維持・強化していくため。,,
E04147,,,2025-03-31,000,㈱オリエンタルランド,,7068500,20816.0,当該会社が運営するテーマパークが当社の沿線にあることを踏まえ、鉄道営業等での安定的な取引関係を維持・強化していくため。,,
E04147,,,2025-03-31,000,㈱みずほフィナンシャルグループ,,4067380,16476.0,当該グループの金融機関から借入を継続していることなどを踏まえ、金融取引等での安定的な取引関係を維持・強化していくため。,,
E04147,,,2025-03-31,000,川崎重工業㈱,,1534400,13699.0,新幹線の車体・車両用品など、資材調達等での安定的な取引関係を維持・強化していくため。,,
E04147,,,2025-03-31,000,東京海上ホールディングス㈱,,2348350,13470.0,土木構造物保険等の契約締結を踏まえ、金融取引等での安定的な取引関係を維持・強化していくため。,,
E04147,,,2025-03-31,000,㈱三菱UFJフィナンシャル・グループ,,5138567,10333.0,当該グループの金融機関から借入を継続していることなどを踏まえ、金融取引等での安定的な取引関係を維持・強化していくため。,,
E04147,,,2025-03-31,000,㈱三井住友フィナンシャルグループ※６,,2688150,10201.0,当該グループの金融機関から借入を継続していることなどを踏まえ、金融取引等での安定的な取引関係を維持・強化していくため。,,
E04147,,,2025-03-31,000,三井不動産㈱※２,,7332000,9755.0,グラントウキョウノースタワーの共同事業者であるなど、不動産開発・運営等での安定的な取引関係を維持・強化していくため。,,
E04147,,,2025-03-31,000,三菱地所㈱,,3760000,9144.0,JPタワーの共同事業者であるなど、不動産開発・運営等での安定的な取引関係を維持・強化していくため。,,
E04147,,,2025-03-31,000,住友不動産㈱,,1593000,8909.0,当社用地の共同開発など、不動産開発・運営等での安定的な取引関係を維持・強化していくため。,,
E04147,,,2025-03-31,000,㈱西武ホールディングス,,2630100,8684.0,新たなライフスタイルの創造での連携や旅行商品の造成・販売、ICカードの相互利用など、鉄道営業等での安定的な取引関係を維持・強化していくため。,,
E04147,,,2025-03-31,000,東海旅客鉄道㈱,,2594000,7403.0,列車運行の安全性向上や技術開発、観光振興、ICカードの相互利用など、鉄道営業等での安定的な取引関係を維持・強化していくため。,,
E04147,,,2025-03-31,000,九州旅客鉄道㈱,,1974100,7205.0,乗車券類の販売、技術開発、MaaS、ICカードの相互利用、STATION WORKなど、鉄道及び生活ソリューションの各事業での安定的な取引関係を維持・強化していくため。,,
E04147,,,2025-03-31,000,MS&ADインシュアランスグループホールディングス㈱　　※３,,2187390,7054.0,土木構造物保険等の契約締結を踏まえ、金融取引等での安定的な取引関係を維持・強化していくため。,,
E04147,,,2025-03-31,000,SOMPOホールディングス㈱※４,,1281096,5791.0,地震保険や土木構造物保険等の契約締結を踏まえ、金融取引等での安定的な取引関係を維持・強化していくため。,,
E04147,,,2025-03-31,000,京王電鉄㈱,,1374300,5231.0,駅周辺整備やICカードの相互利用など、鉄道営業等での安定的な取引関係を維持・強化していくため。,,
E04147,,,2025-03-31,000,東武鉄道㈱,,2024800,5164.0,特急列車の直通運転やICカードの相互利用など、鉄道営業等での安定的な取引関係を維持・強化していくため。,,
E04147,,,2025-03-31,000,西日本旅客鉄道㈱※５,,1733400,5055.0,列車運行の安全性向上や観光振興、MaaS、ICカードの相互利用、STATION WORKなど、鉄道及び生活ソリューションの各事業での安定的な取引関係を維持・強化していくため。,,
E04147,,,2025-03-31,000,東急不動産ホールディングス㈱,,4607400,4599.0,当社用地の共同開発など、不動産開発・運営等での安定的な取引関係や、再生可能エネルギー事業での連携を維持・強化していくため。,,
E04147,,,2025-03-31,000,日本航空㈱,,1600200,4090.0,MaaSやカード事業での連携など、鉄道営業等での安定的な取引関係を維持・強化していくため。,,
E04147,,,2025-03-31,000,ANAホールディングス㈱,,1387800,3829.0,MaaSやカード事業での連携など、鉄道営業等での安定的な取引関係を維持・強化していくため。,,
E04147,,,2025-03-31,000,松竹㈱,,256600,3158.0,「文化の力」のアップデートによる地域活性化等や、TAKANAWA GATEWAY CITYでの連携拡大に向けた安定的な取引関係を維持・強化していくため。,,
E04147,,,2025-03-31,000,日本製鉄㈱,,940800,3005.0,鉄道の施設用品など、資材調達等での安定的な取引関係を維持・強化していくため。,,
E04147,,,2025-03-31,000,東急㈱,,1764000,2972.0,駅周辺整備やICカードの相互利用など、鉄道営業等での安定的な取引関係を維持・強化していくため。,,
E04147,,,2025-03-31,000,㈱コンコルディア・フィナンシャルグループ,,3023500,2966.0,当該グループの金融機関から借入を継続していることなどを踏まえ、金融取引等での安定的な取引関係を維持・強化していくため。,,
E04147,,,2025-03-31,000,イーレックス㈱,,3646500,2935.0,再生可能エネルギーの有効活用による脱炭素社会の実現に向けた連携など、再生可能エネルギー事業における安定的な取引関係を維持・強化していくため。,,
E04147,,,2025-03-31,000,㈱Liberaware,,2216900,2310.0,インフラ業界における建設やメンテナンス業務のデジタル化推進に向けた連携など、鉄道工事等での安定的な取引関係を維持・強化していくため。,,
E04147,,,2025-03-31,000,電源開発㈱,,723000,1830.0,風力発電事業の共同実施に向けた検討など、エネルギー調達等での安定的な取引関係を維持・強化していくため。,,
E04147,,,2025-03-31,000,京浜急行電鉄㈱,,1143500,1730.0,駅周辺整備やICカードの相互利用など、鉄道営業等での安定的な取引関係を維持・強化していくため。,,
E04147,,,2025-03-31,000,㈱ヤクルト本社,,559400,1596.0,商品仕入や自動販売機オペレーションの委託など、生活ソリューションの各事業での安定的な取引関係を維持・強化していくため。,,
E04147,,,2025-03-31,000,小田急電鉄㈱,,1054900,1559.0,駅周辺整備やICカードの相互利用など、鉄道営業等での安定的な取引関係を維持・強化していくため。,,
E04147,,,2025-03-31,000,㈱千趣会,,5714200,1548.0,JRE MALLへの出店や、エキナカと連携したリアルとデジタルを融合したサービスなど、Ｅコマース事業等での安定的な取引関係を維持・強化していくため。,,
E04147,,,2025-03-31,000,日本空港ビルデング㈱,,357000,1467.0,東京モノレールとの施設の相互管理など、鉄道営業等での安定的な取引関係を維持・強化していくため。,,
E04147,,,2025-03-31,000,相鉄ホールディングス㈱,,658100,1440.0,相互直通運転やICカードの相互利用など、鉄道営業等での安定的な取引関係を維持・強化していくため。,,
E04147,,,2025-03-31,000,東北電力㈱,,1265200,1305.0,鉄道運行に必要な電力の確保など、エネルギー調達等での安定的な取引関係を維持・強化していくため。,,
E04147,,,2025-03-31,000,㈱めぶきフィナンシャルグループ,,1203228,873.0,当該グループの金融機関から借入を継続していることなどを踏まえ、金融取引等での安定的な取引関係を維持・強化していくため。,,
E04147,,,2025-03-31,000,㈱群馬銀行,,707000,870.0,当該金融機関から借入を継続していることなどを踏まえ、金融取引等での安定的な取引関係を維持・強化していくため。,,
E04147,,,2025-03-31,000,㈱八十二銀行,,674000,711.0,当該金融機関から借入を継続していることなどを踏まえ、金融取引等での安定的な取引関係を維持・強化していくため。,,
E04147,,,2025-03-31,000,㈱第四北越フィナンシャルグループ※７,,215400,679.0,当該グループの金融機関から借入を継続していることなどを踏まえ、金融取引等での安定的な協力関係を維持・強化していくため。,,
E04147,,,2025-03-31,000,㈱七十七銀行,,132000,627.0,当該金融機関から借入を継続していることなどを踏まえ、金融取引等での安定的な取引関係を維持・強化していくため。,,
E04147,,,2025-03-31,000,㈱岩手銀行,,98500,310.0,当該金融機関から借入を継続していることなどを踏まえ、金融取引等での安定的な取引関係を維持・強化していくため。,,
E04147,,,2025-03-31,000,㈱ホテル、ニューグランド,,43800,254.0,ホテル利用を組み込んだ旅行商品の造成・販売など、鉄道営業等での安定的な取引関係を維持・強化していくため。,,
E04147,,,2025-03-31,000,㈱秋田銀行,,86940,223.0,当該金融機関から借入を継続していることなどを踏まえ、金融取引等での安定的な取引関係を維持・強化していくため。,,
E03997,,,2025-03-31,000,タカラレーベン不動産投資法人,,14385,1237.0,当社が同法人のスポンサーであり、良好な関係維持・強化を図るため保有しております。,,
E03997,,,2025-03-31,000,㈱アズパートナーズ,,517000,960.0,業界動向及び事業領域拡大のための情報収集を目的に、2024年４月４日の当該銘柄の上場以前より株式を保有しております。新規上場に伴い、2024年度より特定投資株式に該当しております。,,
E03997,,,2025-03-31,000,㈱コンコルディア・フィナンシャルグループ,,43280,42.0,プロジェクト融資を中心に継続的な銀行取引を行っており、引続き円滑な財務活動を確保するため保有しております。,,
E03997,,,2025-03-31,000,㈱筑波銀行,,141000,35.0,茨城県内のプロジェクトを中心に借入等の銀行取引を行っており、引続き財務活動を確保するため保有しております。,,
E03997,,,2025-03-31,000,㈱武蔵野銀行,,10000,32.0,長期に及ぶ大型プロジェクトに融資いただいております。今後も円滑な財務活動を確保するため保有しております。,,
E03997,,,2025-03-31,000,㈱りそなホールディングス,,20000,25.0,エリアや事業に囚われない融資をいただいており、引続き円滑な財務活動を確保するため保有しております。,,
E03997,,,2025-03-31,000,㈱東京きらぼしフィナンシャルグループ,,1000,5.0,東京都内を中心に新築マンション事業に限ることなく多岐にわたる事業への融資をいただいております。引続き円滑な財務活動を確保するため保有しております。,,
E02248,,,2025-03-31,000,三菱電機㈱,,115007,312819.0,当社グループは同社と取引関係があり、取引関係の維持・強化による自動車部品での収益拡大、第9次中期経営計画の事業戦略であるプーリ外商品の開発と拡販のための取り組みの円滑化持株会の定期購入での増加,,
E02248,,,2025-03-31,000,㈱クボタ,,133089,243685.0,当社グループは同社と取引関係があり、取引関係の維持・強化による農業機械部品での収益拡大、第9次中期経営計画の事業戦略であるプーリ外商品の開発と拡販のための取り組みの円滑化持株会の定期購入での増加,,
E02248,,,2025-03-31,000,極東開発工業㈱,,83100,196863.0,協力関係の維持・強化による自動車部品での収益拡大、友好関係による特に海外事業等の情報共有,,
E02248,,,2025-03-31,000,バンドー化学㈱,,25000,41200.0,当社グループは同社と取引関係があり、取引関係、協力関係の維持・強化による自動車部品での収益拡大、自動車事業における情報共有,,
E02248,,,2025-03-31,000,三菱自動車工業㈱,,63800,26087.0,当社グループは同社と取引関係があり、取引関係、協力関係の維持・強化による自動車部品での収益拡大、第9次中期経営計画の事業戦略であるプーリ外商品の開発と拡販のための取り組みの円滑化,,
E02248,,,2025-03-31,000,マツダ㈱,,22200,20916.0,当社グループは同社と取引関係があり、取引関係、協力関係の維持・強化による自動車部品での収益拡大、第9次中期経営計画の事業戦略であるプーリ外商品の開発と拡販のための取り組みの円滑化,,
E02248,,,2025-03-31,000,ＪＦＥホールディングス㈱,,10972,20073.0,当社グループは同社と取引関係があり、取引関係、協力関係の維持・強化による主材料、新素材などの加工技術の向上、友好関係による特に海外事業および自動車事業等の情報共有,,
E02248,,,2025-03-31,000,トヨタ自動車㈱,,6500,17004.0,当社グループは同社と取引関係があり、取引関係の維持・強化による自動車部品での収益拡大,,
E02248,,,2025-03-31,000,㈱三井住友フィナンシャルグループ,,1440,5464.0,主要金融機関として、取引の円滑化海外事業の情報収集株式分割による株数の増加,,
E02248,,,2025-03-31,000,㈱日立製作所,,1110,3838.0,当社グループは同社と取引関係があり取引関係の維持・強化による自動車部品での収益拡大、第9次中期経営計画の事業戦略であるプーリ外商品の開発と拡販のための取り組みの円滑化株式分割による株数の増加,,
E02248,,,2025-03-31,000,エスフーズ㈱,,500,1244.0,異業種の情報収集,,
E02248,,,2025-03-31,000,㈱ニチリン,,143,511.0,異業種の情報収集,,
E02248,,,2025-03-31,000,住友ゴム工業㈱,,100,188.0,異業種の情報収集,,
E02248,,,2025-03-31,000,㈱ノーリツ,,100,176.0,異業種の情報収集,,
E02248,,,2025-03-31,000,第一生命ホールディングス㈱,,100,113.0,取引関係の維持・強化による総合的な事業の収益の拡大,,
E04148,,,2025-03-31,000,九州旅客鉄道株式会社,,1972100,7198.0,安全で安定的な輸送サービスの提供、鉄道事業の技術面における連携、及びEXサービスの拡大等営業面における連携の強化等に資するため。(注２),,
E04148,,,2025-03-31,000,東日本旅客鉄道株式会社(注４),,2115000,6243.0,安全で安定的な輸送サービスの提供、新幹線の自動運転、車両・電気設備をはじめとする鉄道事業の技術面における連携、及び営業面における連携の強化等に資するため。（注２）,,
E04148,,,2025-03-31,000,東海旅客鉄道株式会社,,1684500,4807.0,安全で安定的な輸送サービスの提供、鉄道事業の技術面における連携、及びEXサービスの拡大等営業面における連携の強化等に資するため。(注２),,
E04148,,,2025-03-31,000,株式会社三菱UFJフィナンシャル・グループ,,2045100,4112.0,経営に資する情報収集及び安定的な資金調達に資するため。(注２),,
E04148,,,2025-03-31,000,株式会社三井住友フィナンシャルグループ(注５),,857520,3254.0,経営に資する情報収集及び安定的な資金調達に資するため。(注２),,
E04148,,,2025-03-31,000,三井住友トラストグループ株式会社,,746906,2778.0,経営に資する情報収集及び安定的な資金調達に資するため。(注２),,
E04148,,,2025-03-31,000,日本信号株式会社(注１),,2050200,1834.0,信号システム装置に関する技術協力関係の強化、メンテナンス作業の安全性向上・効率化に関する共同開発等に資するため。(注２),,
E04148,,,2025-03-31,000,株式会社三越伊勢丹ホールディングス(注１),,500000,1069.0,共同して百貨店を運営することに資するため。(注２),,
E04148,,,2025-03-31,000,近畿車輛株式会社(注１),,345400,519.0,車両製造に関する技術協力関係の強化に資するため。(注２),,
E04148,,,2025-03-31,000,株式会社りそなホールディングス(注１),,299300,385.0,経営に資する情報収集及び安定的な資金調達に資するため。(注２),,
E04148,,,2025-03-31,000,株式会社みずほフィナンシャルグループ(注１),,27400,110.0,経営に資する情報収集及び安定的な資金調達に資するため。(注２),,
E04334,,,2025-03-31,000,トヨタ自動車㈱,,9000000,23544.0,（保有目的、業務提携等の概要）当社の主たる事業である運送事業において営業取引関係にあり、将来における更なる取引推進を図るため保有（定量的な保有効果）（注１）,,
E04334,,,2025-03-31,000,寿スピリッツ㈱,,1800000,4374.0,（保有目的、業務提携等の概要）当社の主たる事業である運送事業において営業取引関係にあり、将来における更なる取引推進を図るため保有（定量的な保有効果）（注１）,,
E04334,,,2025-03-31,000,近鉄グループホールディングス㈱,,939400,2996.0,（保有目的、業務提携等の概要）当社の主たる事業である運送事業において営業取引関係にあり、将来における更なる取引推進を図るため保有（定量的な保有効果）（注１）,,
E04334,,,2025-03-31,000,イオン㈱,,748964,2808.0,（保有目的、業務提携等の概要）当社の主たる事業である運送事業において営業取引関係にあり、将来における更なる取引推進を図るため保有（定量的な保有効果）（注１）（株式の増加した理由）更なる取引推進のため、取引先持株会を通じた株式の取得,,
E04334,,,2025-03-31,000,セイノーホールディングス㈱,,1112000,2564.0,（保有目的、業務提携等の概要）共同一括配送等業務提携により、企業価値向上を図るため保有（定量的な保有効果）（注１）,,
E04334,,,2025-03-31,000,レック㈱,,1896000,2254.0,（保有目的、業務提携等の概要）当社の主たる事業である運送事業において営業取引関係にあり、将来における更なる取引推進を図るため保有（定量的な保有効果）（注１）,,
E04334,,,2025-03-31,000,㈱ひろぎんホールディングス,,1751803,2122.0,（保有目的、業務提携等の概要）資金借入取引や営業情報、不動産等の情報提供を受けるなど同社との円滑な取引関係維持・強化を図るため保有（定量的な保有効果）(注１）,,
E04334,,,2025-03-31,000,ＳＯＭＰＯホールディングス㈱,,417855,1889.0,（保有目的、業務提携等の概要）リスク管理関連の円滑な業務の推進のため保有（定量的な保有効果）（注１）（株式が増加した理由）１株につき３株の割合で株式分割,,
E04334,,,2025-03-31,000,㈱長府製作所,,692050,1274.0,（保有目的、業務提携等の概要）当社の主たる事業である運送事業において営業取引関係にあり、将来における更なる取引推進を図るため保有（定量的な保有効果）（注１）,,
E04334,,,2025-03-31,000,住友不動産㈱,,227500,1272.0,（保有目的、業務提携等の概要）当社の主たる事業である運送事業において営業取引関係にあり、将来における更なる取引推進を図るため保有（定量的な保有効果）（注１）,,
E04334,,,2025-03-31,000,フジテック㈱,,179080,1057.0,（保有目的、業務提携等の概要）当社の主たる事業である運送事業において営業取引関係にあり、将来における更なる取引推進を図るため保有（定量的な保有効果）（注１）,,
E04334,,,2025-03-31,000,㈱ちゅうぎんフィナンシャルグループ,,480000,801.0,（保有目的、業務提携等の概要）資金借入取引や営業情報、不動産等の情報提供を受けるなど同社との円滑な取引関係維持・強化を図るため保有（定量的な保有効果）（注１）,,
E04334,,,2025-03-31,000,㈱中電工,,226000,744.0,（保有目的、業務提携等の概要）当社の主たる事業である運送事業において営業取引関係にあり、将来における更なる取引推進を図るため保有（定量的な保有効果）（注１）,,
E04334,,,2025-03-31,000,㈱ハニーズホールディングス,,421700,694.0,（保有目的、業務提携等の概要）当社の主たる事業である運送事業において営業取引関係にあり、将来における更なる取引推進を図るため保有（定量的な保有効果）（注１）,,
E04334,,,2025-03-31,000,アズビル㈱,,360000,414.0,（保有目的、業務提携等の概要）当社の主たる事業である運送事業において営業取引関係にあり、将来における更なる取引推進を図るため保有（定量的な保有効果）（注１）（株式が増加した理由）１株につき４株の割合で株式分割,,
E04334,,,2025-03-31,000,㈱いよぎんホールディングス,,221649,389.0,（保有目的、業務提携等の概要）資金借入取引や営業情報、不動産等の情報提供を受けるなど同社との円滑な取引関係維持・強化を図るため保有（定量的な保有効果）（注１）,,
E04334,,,2025-03-31,000,㈱自重堂,,39312,385.0,（保有目的、業務提携等の概要）当社の主たる事業である運送事業において営業取引関係にあり、将来における更なる取引推進を図るため保有（定量的な保有効果）（注１）,,
E04334,,,2025-03-31,000,岡山県貨物運送㈱,,100000,343.0,（保有目的、業務提携等の概要）当社の主たる事業である運送事業において営業取引関係にあり、将来における更なる取引推進を図るため保有（定量的な保有効果）（注１）,,
E04334,,,2025-03-31,000,フマキラー㈱,,300000,325.0,（保有目的、業務提携等の概要）当社の主たる事業である運送事業において営業取引関係にあり、将来における更なる取引推進を図るため保有（定量的な保有効果）（注１）,,
E04334,,,2025-03-31,000,イオンフィナンシャルサービス㈱,,237000,312.0,（保有目的、業務提携等の概要）当該会社の関係会社と営業取引関係にあり、将来における更なる取引推進を図るため保有（定量的な保有効果）（注１）,,
E04334,,,2025-03-31,000,ＡＮＡホールディングス㈱,,100000,275.0,（保有目的、業務提携等の概要）当社の主たる事業である運送事業において輸送取引関係にあり、円滑な業務の推進のため保有（定量的な保有効果）（注１）,,
E04334,,,2025-03-31,000,㈱ファーストリテイリング,,6000,264.0,（保有目的、業務提携等の概要）当社の主たる事業である運送事業において営業取引関係にあり、将来における更なる取引推進を図るため保有（定量的な保有効果）（注１）,,
E04334,,,2025-03-31,000,フクシマガリレイ㈱（注３）,,92629,255.0,（保有目的、業務提携等の概要）当社の主たる事業である運送事業において営業取引関係にあり、将来における更なる取引推進を図るため保有（定量的な保有効果）（注１）（株式の増加した理由）更なる取引推進のため、取引先持株会を通じた株式の取得、１株につき２株の割合で株式分割,,
E04334,,,2025-03-31,000,㈱セリア,,100000,250.0,（保有目的、業務提携等の概要）当社の主たる事業である運送事業において営業取引関係にあり、将来における更なる取引推進を図るため保有（定量的な保有効果）（注１）,,
E04334,,,2025-03-31,000,㈱ヨンドシーホールディングス,,125000,230.0,（保有目的、業務提携等の概要）当社の主たる事業である運送事業において営業取引関係にあり、将来における更なる取引推進を図るため保有（定量的な保有効果）（注１）,,
E04334,,,2025-03-31,000,フジ日本㈱,,219615,227.0,（保有目的、業務提携等の概要）当社の主たる事業である運送事業において営業取引関係にあり、将来における更なる取引推進を図るため保有（定量的な保有効果）（注１）,,
E04334,,,2025-03-31,000,㈱タイミー,,150000,225.0,（保有目的、業務提携等の概要）生産性向上を目的とした人材確保のため保有（定量的な保有効果）（注１）（株式の増加した理由）株式上場に伴い特定投資株式に該当,,
E04334,,,2025-03-31,000,㈱メニコン,,131969,164.0,（保有目的、業務提携等の概要）当社の主たる事業である運送事業において営業取引関係にあり、将来における更なる取引推進を図るため保有（定量的な保有効果）（注１）（株式の増加した理由）更なる取引推進のため、取引先持株会を通じた株式の取得、並びに取引拡大を目的とした株式の取得,,
E04334,,,2025-03-31,000,萩原工業㈱,,92700,144.0,（保有目的、業務提携等の概要）当社の主たる事業である運送事業において営業取引関係にあり、将来における更なる取引推進を図るため保有（定量的な保有効果）（注１）,,
E04334,,,2025-03-31,000,リョービ㈱,,61600,137.0,（保有目的、業務提携等の概要）当社の主たる事業である運送事業において営業取引関係にあり、将来における更なる取引推進を図るため保有（定量的な保有効果）（注１）,,
E04334,,,2025-03-31,000,㈱キング,,131000,97.0,（保有目的、業務提携等の概要）当社の主たる事業である運送事業において営業取引関係にあり、将来における更なる取引推進を図るため保有（定量的な保有効果）（注１）,,
E04334,,,2025-03-31,000,日東工業㈱,,27648,86.0,（保有目的、業務提携等の概要）当社の主たる事業である運送事業において営業取引関係にあり、将来における更なる取引推進を図るため保有（定量的な保有効果）（注１）（株式数が増加した理由）更なる取引推進のため、取引先持株会を通じた株式の取得,,
E04334,,,2025-03-31,000,いすゞ自動車㈱,,19161,38.0,（保有目的、業務提携等の概要）運送事業等における車両設備の購入取引を行っており、円滑な業務の推進のため保有（定量的な保有効果）（注１）,,
E04334,,,2025-03-31,000,ヤマトインターナショナル㈱,,114100,38.0,（保有目的、業務提携等の概要）当社の主たる事業である運送事業において営業取引関係にあり、将来における更なる取引推進を図るため保有（定量的な保有効果）（注１）,,
E04334,,,2025-03-31,000,㈱ハマキョウレックス,,16000,20.0,（保有目的、業務提携等の概要）当社の主たる事業である運送事業において営業取引関係にあり、将来における更なる取引推進を図るため保有（定量的な保有効果）（注１）（株式が増加した理由）１株につき４株の割合で株式分割,,
E04334,,,2025-03-31,000,タキヒヨー㈱,,12491,17.0,（保有目的、業務提携等の概要）当社の主たる事業である運送事業において営業取引関係にあり、将来における更なる取引推進を図るため保有（定量的な保有効果）（注１）（株式数が増加した理由）更なる取引推進のため、取引先持株会を通じた株式の取得,,
E04334,,,2025-03-31,000,センコーグループホールディングス㈱,,10000,15.0,（保有目的、業務提携等の概要）当社の主たる事業である運送事業において営業取引関係にあり、将来における更なる取引推進を図るため保有（定量的な保有効果）（注１）,,
E04334,,,2025-03-31,000,青山商事㈱,,5703,11.0,（保有目的、業務提携等の概要）当社の主たる事業である運送事業において営業取引関係にあり、将来における更なる取引推進を図るため保有（定量的な保有効果）（注１）,,
E04334,,,2025-03-31,000,萬世電機㈱,,1500,6.0,（保有目的、業務提携等の概要）当社の主たる事業である運送事業において営業取引関係にあり、将来における更なる取引推進を図るため保有（定量的な保有効果）（注１）,,
E33535,,,2025-03-31,000,日建工学(株),,132300,182044.0,政策目的等として保有し、当社の中長期的な事業戦略上（建設関連）必要であると判断し、保有しております。,,
E33535,,,2025-03-31,000,ナイス(株),,2040000,3227280.0,"政策目的等として保有し、当社の中長期的な事業戦略上（建設関連）必要であると判断し、保有し当期14,300株を追加取得しております。",,
E33535,,,2025-03-31,000,(株)ラピーヌ,,52500,11077.0,"政策目的等として保有し、当社の中長期的な事業戦略上（他業種関連）必要であると判断し、保有し当期に2,000株を追加取得しております。",,
E33535,,,2025-03-31,000,(株)高知銀行,,1343200,1071873.0,"政策目的等として保有し、当社の中長期的な事業戦略上（地域関連）必要であると判断し、当期に477,800株を追加取得しております。",,
E33535,,,2025-03-31,000,(株)栃木銀行,,190000,60230.0,政策目的等として保有し、当社の中長期的な事業戦略上（地域関連）必要であると判断し、保有しております。,,
E33535,,,2025-03-31,000,(株)福島銀行,,1867700,420232.0,"政策目的等として保有し、当社の中長期的な事業戦略上（地域関連）必要であると判断し、保有し当期に468,600株を追加取得しております。",,
E33535,,,2025-03-31,000,(株)大東銀行,,46000,32614.0,政策目的等として保有し、当社の中長期的な事業戦略上（地域関連）必要であると判断し、保有しております。,,
E33535,,,2025-03-31,000,(株)豊和銀行,,63500,30797.0,政策目的等として保有し、当社の中長期的な事業戦略上（地域関連）必要であると判断し、保有しております。,,
E33535,,,2025-03-31,000,(株)東京ソワール,,20000,16800.0,政策目的等として保有し、当社の中長期的な事業戦略上（他業種関連）必要であると判断し、保有しております。,,
E33535,,,2025-03-31,000,(株)協和コンサルタンツ,,3900,24297.0,"政策目的等として保有し、当社の中長期的な事業戦略上（建設関連）必要であると判断し、保有しており、当期に3,800株を追加取得しております。",,
E33535,,,2025-03-31,000,ニシオホールディングス(株),,100,418.0,政策目的等として保有し、当社の中長期的な事業戦略上（建設関連）必要であると判断し、保有しております。,,
E33535,,,2025-03-31,000,ANAホールディングス(株),,39000,107620.0,政策目的等として保有し、当社の中長期的な事業戦略上（他業種関連）必要であると判断し、保有しております。,,
E33535,,,2025-03-31,000,日本航空(株),,51000,130381.0,政策目的等として保有し、当社の中長期的な事業戦略上（他業種関連）必要であると判断し、保有しております。,,
E33535,,,2025-03-31,000,東日本旅客鉄道(株),,36000,106272.0,政策目的等として保有し、当社の中長期的な事業戦略上（他業種関連）必要であると判断し、保有しております。,,
E01690,,,2024-08-31,000,㈱四国銀行,,371300,376.0,当社は、取引先との安定的な協力関係の維持・強化の観点において、当社の持続的な成長と中長期的な企業価値の向上に資すると判断し保有しております。また、中長期的な経済合理性や将来の見通し等を踏まえてその保有意義を検証しております。定量的な保有効果は営業上の守秘事項との判断から記載いたしませんが、上記方針に基づく十分な定量的効果があると判断しております。,,
E01690,,,2024-08-31,000,㈱高知銀行,,169700,146.0,当社は、取引先との安定的な協力関係の維持・強化の観点において、当社の持続的な成長と中長期的な企業価値の向上に資すると判断し保有しております。また、中長期的な経済合理性や将来の見通し等を踏まえてその保有意義を検証しております。定量的な保有効果は営業上の守秘事項との判断から記載いたしませんが、上記方針に基づく十分な定量的効果があると判断しております。,,
E01690,,,2024-08-31,000,㈱いよぎんホールディングス（注）,,10802,14.0,当社は、取引先との安定的な協力関係の維持・強化の観点において、当社の持続的な成長と中長期的な企業価値の向上に資すると判断し保有しております。また、中長期的な経済合理性や将来の見通し等を踏まえてその保有意義を検証しております。定量的な保有効果は営業上の守秘事項との判断から記載いたしませんが、上記方針に基づく十分な定量的効果があると判断しております。,,
E02004,,,2025-03-31,000,日本電計㈱,,280225.692,513653.0,当社グループの主要な販売代理店の１社であり、安定的・長期的な取引関係の維持・強化、事業上の協力関係構築等を目的として保有しております。(注)１株式数が増加した理由は、同社取引先持株会に加入しているためであります。,,
E02004,,,2025-03-31,000,㈱三菱UFJフィナンシャル・グループ,,86500,173951.0,主要な取引金融機関の１社であり、安定的・長期的な取引関係の維持・強化、事業上の協力関係構築等を目的として保有しております。(注)１,,
E02004,,,2025-03-31,000,エスペック㈱,,52537.475,125144.0,当社グループの主要な顧客の１社であり、安定的・長期的な取引関係の維持・強化、事業上の協力関係構築等を目的として保有しております。(注)１株式数が増加した理由は、同社取引先持株会に加入しているためであります。,,
E02004,,,2025-03-31,000,西川計測㈱,,15000,125100.0,当社グループの主要な販売代理店の１社であり、安定的・長期的な取引関係の維持・強化、事業上の協力関係構築等を目的として保有しております。(注)１,,
E02004,,,2025-03-31,000,㈱IC,,100000,92800.0,当社グループと投資先との将来的な事業展開、業務展開等取引関係を構築することを目的として保有しております。(注)１,,
E02004,,,2025-03-31,000,エブレン㈱,,30000,69420.0,当社グループと投資先との将来的な事業展開、業務展開等取引関係を構築することを目的として保有しております。(注)１,,
E02004,,,2025-03-31,000,㈱みずほフィナンシャルグループ,,4680,18958.0,主要な取引金融機関の１社であり、安定的・長期的な取引関係の維持・強化、事業上の協力関係構築等を目的として保有しております。(注)１,,
E02004,,,2025-03-31,000,NKKスイッチズ㈱,,2700,12366.0,当社グループの主要な仕入先の１社であり、安定的・長期的な取引関係の維持・強化、事業上の協力関係構築等を目的として保有しております。(注)１,,
E01113,,,2025-03-31,000,㈱三菱UFJフィナンシャル・グループ,,50000,100.0,取引金融機関との金融取引円滑化のため保有しております。定量的な保有効果の記載については困難ですが、配当利回り等の当社への便益から取締役会において保有の合理性を検証しております。,,
E01113,,,2025-03-31,000,㈱エクセディ,,21767,95.0,取引先との関係維持のため保有しております。定量的な保有効果の記載については困難ですが、配当利回り等の当社への便益から取締役会において保有の合理性を検証しております。持株会に加入しており株式数が増加しております。,,
E01113,,,2025-03-31,000,いすゞ自動車㈱,,15148,30.0,取引先との関係維持のため保有しております。定量的な保有効果の記載については困難ですが、配当利回り等の当社への便益から取締役会において保有の合理性を検証しております。持株会に加入しており株式数が増加しております。,,
E01113,,,2025-03-31,000,㈱ミツバ,,31306,25.0,取引先との関係維持のため保有しております。定量的な保有効果の記載については困難ですが、配当利回り等の当社への便益から取締役会において保有の合理性を検証しております。持株会に加入しており株式数が増加しております。,,
E01113,,,2025-03-31,000,小倉クラッチ㈱,,6389,20.0,取引先との関係維持のため保有しております。定量的な保有効果の記載については困難ですが、配当利回り等の当社への便益から取締役会において保有の合理性を検証しております。持株会に加入しており株式数が増加しております。,,
E01113,,,2025-03-31,000,第一生命ホールディングス㈱,,17600,19.0,関係維持のため保有しております。定量的な保有効果の記載については困難ですが、配当利回り等の当社への便益から取締役会において保有の合理性を検証しております。株式数の増加については、株式分割によるものです。,,
E01113,,,2025-03-31,000,㈱東海理化電機製作所,,8400,18.0,取引先との関係維持のため保有しております。定量的な保有効果の記載については困難ですが、配当利回り等の当社への便益から取締役会において保有の合理性を検証しております。,,
E01113,,,2025-03-31,000,東日本旅客鉄道㈱,,6000,17.0,取引先との関係維持のため保有しております。定量的な保有効果の記載については困難ですが、配当利回り等の当社への便益から取締役会において保有の合理性を検証しております。,,
E01113,,,2025-03-31,000,東海旅客鉄道㈱,,5000,14.0,取引先との関係維持のため保有しております。定量的な保有効果の記載については困難ですが、配当利回り等の当社への便益から取締役会において保有の合理性を検証しております。,,
E01113,,,2025-03-31,000,㈱三井住友フィナンシャルグループ,,2400,9.0,取引金融機関との金融取引円滑化のため保有しております。定量的な保有効果の記載については困難ですが、配当利回り等の当社への便益から取締役会において保有の合理性を検証しております。株式数の増加については、株式分割によるものです。,,
E01113,,,2025-03-31,000,㈱みずほフィナンシャルグループ,,2000,8.0,取引金融機関との金融取引円滑化のため保有しております。定量的な保有効果の記載については困難ですが、配当利回り等の当社への便益から取締役会において保有の合理性を検証しております。,,
E01113,,,2025-03-31,000,西日本旅客鉄道㈱,,2000,5.0,取引先との関係維持のため保有しております。定量的な保有効果の記載については困難ですが、配当利回り等の当社への便益から取締役会において保有の合理性を検証しております。,,
E01113,,,2025-03-31,000,㈱りそなホールディングス,,1300,1.0,取引金融機関との金融取引円滑化のため保有しております。定量的な保有効果の記載については困難ですが、配当利回り等の当社への便益から取締役会において保有の合理性を検証しております。,,
E01113,,,2025-03-31,000,曙ブレーキ工業㈱,,14456,1.0,取引先との関係維持のため保有しております。定量的な保有効果の記載については困難ですが、配当利回り等の当社への便益から取締役会において保有の合理性を検証しております。持株会に加入しており株式数が増加しております。,,
E01113,,,2025-03-31,000,三菱自動車工業㈱,,2100,0.0,取引先との関係維持のため保有しております。定量的な保有効果の記載については困難ですが、配当利回り等の当社への便益から取締役会において保有の合理性を検証しております。,,
E01699,,,2025-03-31,000,株式会社ワキタ,,1104,1909.0,同社は当社主力商品であるアロードリルや全自動バッチャープラントの販売先であることから、取引関係を維持・強化することを目的として保有しております。また当社は株式会社ワキタの取引先持株会を通じて同社株式を継続的に取得しているため、株式数が増加しております。,,
E01699,,,2025-03-31,000,日本基礎技術株式会社,,231,152.0,同社と個別仕様のボーリングマシンを共同開発し、量産を開始していることから、取引関係を維持・強化することを目的として保有しております。また当社は日本基礎技術株式会社の取引先持株会を通じて同社株式を継続的に取得しているため、株式数が増加しております。,,
E35340,,,2024-12-31,000,和田興産㈱,,35000,48790.0,当社類型：ＣＶＣ型①将来のビジネスチャンス、シナジー効果の醸成、深化に向けて布石を打つことを主目的として保有。,,
E35340,,,2024-12-31,000,インフォメティス㈱,,35000,48790.0,当社類型：ＣＶＣ型①将来のビジネスチャンス、シナジー効果の醸成、深化に向けて布石を打つことを主目的として保有。,,
E05374,,,2024-12-31,000,株式会社コマースOneホールディングス,,20000,15.0,事業戦略上のシナジーの享受を目的として保有しております。,,
E01048,,,2025-03-31,000,㈱大阪ソーダ,,1000000,1624.0,原材料調達における長期的かつ安定的な仕入取引関係の維持・強化株式分割による株式数の増加,,
E01048,,,2025-03-31,000,㈱三菱ＵＦＪフィナンシャル・グループ,,741188,1490.0,資金調達等の財務活動における長期的かつ安定的な金融取引関係ならびにM&Aに係る情報提供等の維持・強化,,
E01048,,,2025-03-31,000,ａｒｔｉｅｎｃｅ㈱,,362952,1119.0,機能性コーティング事業における長期的かつ安定的な販売取引関係の維持・強化取引先持株会における株式買付による増加,,
E01048,,,2025-03-31,000,タイマイド・テクノロジー社,,3969001,1016.0,ファイン・エレクトロニクス事業における長期的かつ安定的な販売取引関係ならびに事業パートナーとしての関係の維持・強化,,
E01048,,,2025-03-31,000,大阪有機化学工業㈱,,289100,707.0,原材料調達における長期的かつ安定的な仕入取引関係の維持・強化,,
E01048,,,2025-03-31,000,久光製薬㈱,,95556,386.0,粘接着・バイオマス事業における長期的かつ安定的な販売取引関係の維持・強化取引先持株会における株式買付による増加,,
E01048,,,2025-03-31,000,日東電工㈱,,127825,349.0,機能性コーティングおよび粘接着・バイオマス事業における長期的かつ安定的な販売取引関係の維持・強化株式分割による株式数の増加,,
E01048,,,2025-03-31,000,王子ホールディングス㈱,,531139,333.0,製紙・環境事業における長期的かつ安定的な販売取引関係の維持・強化,,
E01048,,,2025-03-31,000,大日本印刷㈱,,148628,315.0,機能性コーティング事業における長期的かつ安定的な販売取引関係の維持・強化株式分割による株式数の増加,,
E01048,,,2025-03-31,000,コニシ㈱,,100000,117.0,粘接着・バイオマス事業における長期的かつ安定的な販売取引関係の維持・強化,,
E01048,,,2025-03-31,000,大日精化工業㈱,,37756,113.0,機能性コーティング事業における長期的かつ安定的な販売取引関係の維持・強化,,
E01048,,,2025-03-31,000,三井物産㈱,,40000,111.0,原材料調達における長期的かつ安定的な仕入取引関係の維持・強化株式分割による株式数の増加,,
E01048,,,2025-03-31,000,東京インキ㈱,,27036,111.0,機能性コーティング事業における長期的かつ安定的な販売取引関係の維持・強化取引先持株会における株式買付による増加,,
E01048,,,2025-03-31,000,三井住友トラストグループ㈱,,29846,111.0,資金調達等の財務活動ならびに年金資産運用等における長期的かつ安定的な金融取引関係の維持・強化,,
E01048,,,2025-03-31,000,綜研化学㈱,,68544,106.0,粘接着・バイオマス事業における長期的かつ安定的な販売取引関係の維持・強化株式分割による株式数の増加,,
E01048,,,2025-03-31,000,サカタインクス㈱,,53150,101.0,機能性コーティング事業における長期的かつ安定的な販売取引関係の維持・強化,,
E01048,,,2025-03-31,000,北越コーポレーション㈱,,63900,78.0,製紙・環境事業における長期的かつ安定的な販売取引関係の維持・強化取引関係の維持・強化を目的とした追加購入,,
E01048,,,2025-03-31,000,㈱みずほフィナンシャルグループ,,18900,76.0,資金調達等の財務活動における長期的かつ安定的な金融取引関係の維持・強化,,
E01048,,,2025-03-31,000,㈱三井住友フィナンシャルグループ,,20028,76.0,資金調達等の財務活動における長期的かつ安定的な金融取引関係の維持・強化株式分割による株式数の増加,,
E01048,,,2025-03-31,000,デンカ㈱,,30075,64.0,機能性コーティングおよび粘接着・バイオマス事業における長期的かつ安定的な販売取引関係の維持・強化,,
E01048,,,2025-03-31,000,㈱ＭＯＲＥＳＣＯ,,50000,60.0,粘接着・バイオマス事業における長期的かつ安定的な販売取引関係の維持・強化,,
E01048,,,2025-03-31,000,リンテック㈱,,21728,59.0,機能性コーティングおよび製紙・環境事業における長期的かつ安定的な販売取引関係の維持・強化,,
E01048,,,2025-03-31,000,ニチバン㈱,,29757,59.0,粘接着・バイオマス事業における長期的かつ安定的な販売取引関係の維持・強化取引先持株会における株式買付による増加,,
E01048,,,2025-03-31,000,東京海上ホールディングス㈱,,10400,59.0,損害保険取引およびリスク管理支援における長期的かつ安定的な取引関係の維持・強化,,
E01048,,,2025-03-31,000,東ソー㈱,,28987,59.0,機能性コーティング事業における長期的かつ安定的な販売取引関係の維持・強化取引先持株会における株式買付による増加ならびに一部売却による減少,,
E01048,,,2025-03-31,000,ＮＩＳＳＨＡ㈱,,41231,56.0,機能性コーティング事業における長期的かつ安定的な販売取引関係の維持・強化取引先持株会における株式買付による増加,,
E01048,,,2025-03-31,000,三菱ケミカルグループ㈱,,75966,55.0,原材料調達における長期的かつ安定的な仕入取引関係の維持・強化,,
E01048,,,2025-03-31,000,アイカ工業㈱,,10875,35.0,粘接着・バイオマス事業における長期的かつ安定的な販売取引関係の維持・強化取引先持株会における株式買付による増加,,
E01048,,,2025-03-31,000,ナトコ㈱,,21000,32.0,機能性コーティング事業における長期的かつ安定的な販売取引関係の維持・強化,,
E01048,,,2025-03-31,000,フジコピアン㈱,,20000,29.0,粘接着・バイオマス事業における長期的かつ安定的な販売取引関係の維持・強化,,
E01048,,,2025-03-31,000,明和産業㈱,,9000,6.0,原材料調達における長期的かつ安定的な仕入取引関係の維持・強化,,
E01048,,,2025-03-31,000,イサム塗料㈱,,1900,6.0,機能性コーティング事業における長期的かつ安定的な販売取引関係の維持・強化,,
E01048,,,2025-03-31,000,三菱製紙㈱,,3500,2.0,製紙・環境事業における長期的かつ安定的な販売取引関係の維持・強化,,
E03592,,,2025-03-31,000,株式会社安川電機,,472000,1760.0,銀行取引関係の維持・強化のために保有しております。定量的な保有効果の記載は困難ですが、取締役会において、保有意義や保有に伴う便益・リスク等の要素を総合的に判断し、保有の合理性を検証しております。,,
E03592,,,2025-03-31,000,久光製薬株式会社,,428000,1732.0,銀行取引関係の維持・強化のために保有しております。定量的な保有効果の記載は困難ですが、取締役会において、保有意義や保有に伴う便益・リスク等の要素を総合的に判断し、保有の合理性を検証しております。,,
E03592,,,2025-03-31,000,九州電力株式会社,,826465,1078.0,銀行取引関係の維持・強化のために保有しております。定量的な保有効果の記載は困難ですが、取締役会において、保有意義や保有に伴う便益・リスク等の要素を総合的に判断し、保有の合理性を検証しております。,,
E03592,,,2025-03-31,000,西日本鉄道株式会社,,314058,675.0,銀行取引関係の維持・強化のために保有しております。定量的な保有効果の記載は困難ですが、取締役会において、保有意義や保有に伴う便益・リスク等の要素を総合的に判断し、保有の合理性を検証しております。,,
E03592,,,2025-03-31,000,九州旅客鉄道株式会社,,84500,308.0,銀行取引関係の維持・強化のために保有しております。定量的な保有効果の記載は困難ですが、取締役会において、保有意義や保有に伴う便益・リスク等の要素を総合的に判断し、保有の合理性を検証しております。,,
E03592,,,2025-03-31,000,株式会社九電工,,51638,248.0,銀行取引関係の維持・強化のために保有しております。定量的な保有効果の記載は困難ですが、取締役会において、保有意義や保有に伴う便益・リスク等の要素を総合的に判断し、保有の合理性を検証しております。,,
E03592,,,2025-03-31,000,西部ガスホールディングス株式会社,,127843,218.0,銀行取引関係の維持・強化のために保有しております。定量的な保有効果の記載は困難ですが、取締役会において、保有意義や保有に伴う便益・リスク等の要素を総合的に判断し、保有の合理性を検証しております。,,
E03592,,,2025-03-31,000,株式会社大和証券グループ本社,,170000,168.0,銀行取引関係の維持・強化のために保有しております。定量的な保有効果の記載は困難ですが、取締役会において、保有意義や保有に伴う便益・リスク等の要素を総合的に判断し、保有の合理性を検証しております。,,
E03592,,,2025-03-31,000,鳥越製粉株式会社,,160348,132.0,銀行取引関係の維持・強化のために保有しております。定量的な保有効果の記載は困難ですが、取締役会において、保有意義や保有に伴う便益・リスク等の要素を総合的に判断し、保有の合理性を検証しております。,,
E03592,,,2025-03-31,000,株式会社三井ハイテック,,174240,120.0,銀行取引関係の維持・強化のために保有しております。定量的な保有効果の記載は困難ですが、取締役会において、保有意義や保有に伴う便益・リスク等の要素を総合的に判断し、保有の合理性を検証しております。また、株式分割により、株式数が増加しております。,,
E03592,,,2025-03-31,000,株式会社南陽,,68000,78.0,銀行取引関係の維持・強化のために保有しております。定量的な保有効果の記載は困難ですが、取締役会において、保有意義や保有に伴う便益・リスク等の要素を総合的に判断し、保有の合理性を検証しております。,,
E03592,,,2025-03-31,000,グリーンランドリゾート株式会社,,102400,63.0,銀行取引関係の維持・強化のために保有しております。定量的な保有効果の記載は困難ですが、取締役会において、保有意義や保有に伴う便益・リスク等の要素を総合的に判断し、保有の合理性を検証しております。,,
E03592,,,2025-03-31,000,東京センチュリー株式会社,,40000,58.0,ビジネスマッチングなど事業上の業務提携取引及び銀行取引関係の維持・強化のために保有しております。定量的な保有効果の記載は困難ですが、取締役会において、保有意義や保有に伴う便益・リスク等の要素を総合的に判断し、保有の合理性を検証しております。,,
E03592,,,2025-03-31,000,株式会社プラッツ,,60000,41.0,銀行取引関係の維持・強化のために保有しております。定量的な保有効果の記載は困難ですが、取締役会において、保有意義や保有に伴う便益・リスク等の要素を総合的に判断し、保有の合理性を検証しております。,,
E03592,,,2025-03-31,000,サイタホールディングス株式会社,,9000,29.0,銀行取引関係の維持・強化のために保有しております。定量的な保有効果の記載は困難ですが、取締役会において、保有意義や保有に伴う便益・リスク等の要素を総合的に判断し、保有の合理性を検証しております。,,
E03592,,,2025-03-31,000,株式会社RKB毎日ホールディングス,,5500,25.0,銀行取引関係の維持・強化のために保有しております。定量的な保有効果の記載は困難ですが、取締役会において、保有意義や保有に伴う便益・リスク等の要素を総合的に判断し、保有の合理性を検証しております。,,
E03592,,,2025-03-31,000,BIPROGY株式会社,,5000,22.0,銀行取引関係の維持・強化のために保有しております。定量的な保有効果の記載は困難ですが、取締役会において、保有意義や保有に伴う便益・リスク等の要素を総合的に判断し、保有の合理性を検証しております。,,
E03592,,,2025-03-31,000,株式会社梅の花,,10000,8.0,銀行取引関係の維持・強化のために保有しております。定量的な保有効果の記載は困難ですが、取締役会において、保有意義や保有に伴う便益・リスク等の要素を総合的に判断し、保有の合理性を検証しております。,,
E03592,,,2025-03-31,000,ブライトパス・バイオ株式会社,,50000,2.0,銀行取引関係の維持・強化のために保有しております。定量的な保有効果の記載は困難ですが、取締役会において、保有意義や保有に伴う便益・リスク等の要素を総合的に判断し、保有の合理性を検証しております。,,
E02058,,,2024-06-30,000,ＳＭＫ㈱,,59906,156235.0,（保有目的）取引関係の維持のため（株式数が増加した理由）取引先持株会を通じた株式の取得,,
E02058,,,2024-06-30,000,㈱八十二銀行,,79000,82910.0,（保有目的）金融機関との取引関係の維持・強化のため,,
E02058,,,2024-06-30,000,新光電気工業㈱,,6500,36660.0,（保有目的）取引関係の維持のため,,
E02660,,,2025-03-31,000,㈱りそなホールディングス,,272682,350941.0,（保有目的）主な借入先の一つであり、当社の業績維持・拡大の為、継続して保有（定量的な保有効果）（注）,,
E02660,,,2025-03-31,000,㈱ほくほくフィナンシャルグループ,,44148,113372.0,（保有目的）主な借入先の一つであり、当社の業績維持・拡大の為、継続して保有（定量的な保有効果）（注）,,
E02660,,,2025-03-31,000,エステールホールディングス㈱,,136400,80476.0,（保有目的）主な宝飾品卸売先の一つとして良好な関係維持強化を図るため保有（定量的な保有効果）（注）,,
E02660,,,2025-03-31,000,㈱三菱UFJフィナンシャル・グループ,,30920,62180.0,（保有目的）主な借入先の一つであり、当社の業績維持・拡大の為、継続して保有（定量的な保有効果）（注）,,
E02660,,,2025-03-31,000,㈱セブン＆アイ・ホールディングス,,18443,39892.0,（保有目的）百貨店事業における販売関連の取引維持・強化を目的として保有（定量的な保有効果）（注）（株式数が増加した理由）同社の取引先持株会に加入していることから、保有株式数が増加。,,
E02660,,,2025-03-31,000,日本ルツボ㈱,,65500,39562.0,（保有目的）宝飾品製造時の貴金属の溶解に必要な耐火物を供給する同社は、当社の事業と関係性があることから、良好な関係の維持・強化を図るため、継続して保有しております（定量的な保有効果）（注）,,
E02660,,,2025-03-31,000,㈱三栄コ－ポレ－ション,,40531,38545.0,（保有目的）業界環境、動向など事業活動に有益な情報収集のため（定量的な保有効果）（注）（株式数が増加した理由）同社の取引先持株会に加入していることから、保有株式数が増加。同社株式の分割により保有株式数が増加。,,
E02660,,,2025-03-31,000,第一生命ホールディングス㈱,,11200,12689.0,（保有目的）保険契約締結の際の保険会社として取引関係の維持・強化（定量的な保有効果）（注）（株式数が増加した理由）同社株式の分割により保有株式数が増加。,,
E02660,,,2025-03-31,000,㈱光・彩,,10800,11178.0,（保有目的）宝飾品用部品関連の調達に良好な関係維持強化を図るため保有（定量的な保有効果）（注）（株式数が増加した理由）同社株式の分割により保有株式数が増加。,,
E02660,,,2025-03-31,000,㈱髙島屋,,6565,7943.0,（保有目的）主な宝飾品卸売先の一つとして良好な関係維持強化を図るため保有（定量的な保有効果）（注）（株式数が増加した理由）同社の取引先持株会に加入していることから、保有株式数が増加。同社株式の分割により保有株式数が増加。,,
E02660,,,2025-03-31,000,フェスタリアホールディングス㈱,,8400,4762.0,（保有目的）主な宝飾品卸売先の一つとして良好な関係維持強化を図るため保有（定量的な保有効果）（注）（株式数が増加した理由）同社株式の分割により保有株式数が増加。,,
E02660,,,2025-03-31,000,野村ホールディングス㈱,,4000,3632.0,（保有目的）証券投資の際の委託証券会社として取引関係の維持・強化（定量的な保有効果）（注）,,
E02660,,,2025-03-31,000,㈱小林洋行,,5000,1470.0,（保有目的）業界環境、動向など事業活動に有益な情報収集のため（定量的な保有効果）（注）,,
E02660,,,2025-03-31,000,㈱TSIホールディングス,,825,915.0,（保有目的）ライセンスブランドの運用について良好な関係維持強化を図るため保有（定量的な保有効果）（注）,,
E02660,,,2025-03-31,000,㈱コナカ,,651,150.0,（保有目的）㈱コナカの子会社を主な宝飾品卸売先の一つとして良好な関係維持強化を図るため保有（定量的な保有効果）（注）（株式数が増加した理由）㈱サマンサタバサジャパンリミテッドを株式交換完全子会社とする株式交換により取得。,,
E00883,,,2024-12-31,000,東京海上ホールディングス㈱,,265460,1521.0,（保有目的）保険業務を中心とした取引先であり、当社グループのリスクマネジメントに係る協力関係維持のため保有,,
E00883,,,2024-12-31,000,イオン㈱,,282541,1044.0,（保有目的）コンシューマープロダクツ事業の販売先であり、当社グループの営業取引に係る協力関係維持のため保有（株式数が増加した理由）持株会による株式の取得,,
E00883,,,2024-12-31,000,日本ゼオン㈱,,130000,195.0,（保有目的）ケミカル事業の取引先であり、当社グループの　営業取引等に係る協力関係維持のため保有,,
E00883,,,2024-12-31,000,三京化成㈱,,35112,151.0,（保有目的）ケミカル事業の取引先であり、当社グループの営業取引等に係る協力関係維持のため保有,,
E00883,,,2024-12-31,000,ニチレキグループ㈱,,52807,142.0,（保有目的）ケミカル事業の販売先であり、当社グループの営業取引に係る協力関係維持のため保有,,
E00883,,,2024-12-31,000,㈱山形銀行,,73458,74.0,（保有目的）資金調達等の金融取引先であり、当社グループの財務取引に係る協力関係維持のため保有,,
E00883,,,2024-12-31,000,㈱みずほフィナンシャルグループ,,14477,56.0,（保有目的）資金調達等の金融取引先であり、当社グループの財務取引に係る協力関係維持のため保有,,
E00883,,,2024-12-31,000,㈱めぶきフィナンシャルグループ,,50223,32.0,（保有目的）資金調達等の金融取引先であり、当社グループの財務取引に係る協力関係維持のため保有,,
E00883,,,2024-12-31,000,㈱プラネット,,24000,30.0,（保有目的）トイレタリー業界における共通インフラ形成　において協業関係にあり、当社グループを含めた業界標準化活動における協力関係維持のため保有,,
E00883,,,2024-12-31,000,アジアパイルホールディングス㈱,,11000,9.0,（保有目的）ケミカル事業の販売先であり、当社グループの営業取引に係る協力関係維持のため保有,,
E00883,,,2024-12-31,000,㈱不二家,,3000,8.0,（保有目的）ケミカル事業の販売先であり、当社グループの営業取引に係る協力関係維持のため保有,,
E00883,,,2024-12-31,000,㈱トーホー,,2400,7.0,（保有目的）ライフケア事業の取引先であり、当社グループの営業取引に係る協力関係維持のため保有,,
E00883,,,2024-12-31,000,日本コンクリート工業㈱,,14000,5.0,（保有目的）ケミカル事業の販売先であり、当社グループの営業取引に係る協力関係維持のため保有,,
E04801,,,2024-12-31,000,株式会社みずほフィナンシャルグループ,,65476,253590.0,継続的な取引関係の維持・拡大、緊密なリレーションの維持・強化のため,,
E04801,,,2024-12-31,000,株式会社北洋銀行,,430500,197169.0,継続的な取引関係の維持・拡大、緊密なリレーションの維持・強化のため,,
E04801,,,2024-12-31,000,株式会社アークス,,72524,188852.0,現在の取引状況を考慮し、安定的かつ良好な関係を維持するため,,
E04801,,,2024-12-31,000,芙蓉総合リース株式会社,,13500,157950.0,モビリティビジネス関連における業務提携や営業連携の維持・強化のため,,
E04801,,,2024-12-31,000,株式会社ほくほくフィナンシャルグループ,,55620,106818.0,取引金融機関として、安定的かつ円滑な取引を維持するため,,
E04801,,,2024-12-31,000,株式会社ほくやく・竹山ホールディングス,,80375,70891.0,現在の取引状況を考慮し、安定的かつ良好な関係を維持するため,,
E04801,,,2024-12-31,000,北雄ラッキー株式会社,,11800,39648.0,現在の取引状況を考慮し、安定的かつ良好な関係を維持するため,,
E04801,,,2024-12-31,000,ＳＤエンターテイメント株式会社,,74000,20572.0,現在の取引状況を考慮し、安定的かつ良好な関係を維持するため,,
E04801,,,2024-12-31,000,株式会社第四北越フィナンシャルグループ(注３),,6600,19074.0,取引金融機関として、安定的かつ円滑な取引を維持するため,,
E04801,,,2024-12-31,000,札幌臨床検査センター株式会社,,17000,16728.0,現在の取引状況を考慮し、安定的かつ良好な関係を維持するため,,
E04801,,,2024-12-31,000,株式会社三井住友フィナンシャルグループ(注４),,2646,9960.0,取引金融機関として、安定的かつ円滑な取引を維持するため,,
E04801,,,2024-12-31,000,株式会社プロクレアホールディングス,,5455,9650.0,取引金融機関として、安定的かつ円滑な取引を維持するため,,
E04801,,,2024-12-31,000,株式会社東和銀行,,13000,8333.0,取引金融機関として、安定的かつ円滑な取引を維持するため,,
E04801,,,2024-12-31,000,株式会社大和証券グループ本社,,5150,5397.0,現在の取引状況を考慮し、安定的かつ良好な関係を維持するため,,
E04801,,,2024-12-31,000,株式会社福島銀行,,20400,4529.0,取引金融機関として、安定的かつ円滑な取引を維持するため,,
E04801,,,2024-12-31,000,株式会社ニラク,,798000,3497.0,現在の取引状況を考慮し、安定的かつ良好な関係を維持するため,,
E04801,,,2024-12-31,000,株式会社ロジネットジャパン,,730,2142.0,現在の取引状況を考慮し、安定的かつ良好な関係を維持するため,,
E04801,,,2024-12-31,000,株式会社フジタコーポレーション,,7500,1808.0,現在の取引状況を考慮し、安定的かつ良好な関係を維持するため,,
E02228,,,2025-03-31,000,阪和興業㈱,,39221,191.0,（保有目的）長期的な取引関係の維持、強化（定量的な保有効果）定量的な保有効果については、記載が困難であります。（株式数の増加）持株会への拠出による増加,,
E02228,,,2025-03-31,000,アイダエンジニアリング㈱,,14674,13.0,（保有目的）長期的な取引関係の維持、強化（定量的な保有効果）取得簿価配当利回りは当社の加重平均資本コストを上回っております。,,
E00962,,,2025-03-31,000,塩野義製薬株式会社,,3231000,7256.0,同社は医薬品事業における取引先の一つであるため、取引関係維持・強化のために株式を保有しています。具体的には、臨床試験段階にある中枢神経科用薬剤の導入元です。2025年４月の取締役会において、個別の政策保有株式について、保有目的、保有に伴う便益・リスク、資本コスト等を総合的に検証し、経済合理性・戦略妥当性を確認しています。株式数が増加した理由は、当事業年度において１：３の割合で株式分割が行われたことによるものです。,,
E00962,,,2025-03-31,000,第一三共株式会社,,1214000,4262.0,同社は医薬品事業における取引先の一つであるため、取引関係維持・強化のために株式を保有しています。具体的には、泌尿器科用薬剤の受託製造を行っています。2025年４月の取締役会において、個別の政策保有株式について、保有目的、保有に伴う便益・リスク、資本コスト等を総合的に検証し、経済合理性・戦略妥当性を確認しています。株式数が減少した理由は、当事業年度において一部売却したことによるものです。,,
E00962,,,2025-03-31,000,株式会社八十二銀行,,3276402,3459.0,同社は当社及び当グループの取引金融機関の一つであるため、取引関係維持のために株式を保有しています。2025年４月の取締役会において、個別の政策保有株式について、保有目的、保有に伴う便益・リスク、資本コスト等を総合的に検証し、経済合理性・戦略妥当性を確認しています。,,
E00962,,,2025-03-31,000,みずほリース株式会社,,2000000,2086.0,同社は医薬品事業における取引先の一つであるため、取引関係維持・強化のために株式を保有しています。具体的には、主に社有車のリース契約先です。2025年４月の取締役会において、個別の政策保有株式について、保有目的、保有に伴う便益・リスク、資本コスト等を総合的に検証し、経済合理性・戦略妥当性を確認しています。,,
E00962,,,2025-03-31,000,ゼリア新薬工業株式会社,,867900,1958.0,同社とは医薬品事業における業務提携活動の中で、情報交換を行っています。2025年４月の取締役会において、個別の政策保有株式について、保有目的、保有に伴う便益・リスク、資本コスト等を総合的に検証し、経済合理性・戦略妥当性を確認しています。,,
E00962,,,2025-03-31,000,東邦ホールディングス株式会社,,356581,1590.0,同社は医薬品事業における取引先の一つであるため、取引関係維持・強化のために株式を保有しています。具体的には、医療用医薬品の販売先です。2025年４月の取締役会において、個別の政策保有株式について、保有目的、保有に伴う便益・リスク、資本コスト等を総合的に検証し、経済合理性・戦略妥当性を確認しています。,,
E00962,,,2025-03-31,000,わかもと製薬株式会社,,3778000,1197.0,同社は医薬品事業における取引先の一つであるため、取引関係維持・強化のために株式を保有しています。具体的には、眼科用薬剤の仕入先です。2025年４月の取締役会において、個別の政策保有株式について、保有目的、保有に伴う便益・リスク、資本コスト等を総合的に検証し、経済合理性・戦略妥当性を確認しています。,,
E00962,,,2025-03-31,000,杏林製薬株式会社,,690000,1036.0,同社は医薬品事業における取引先の一つであるため、取引関係維持・強化のために株式を保有しています。具体的には、泌尿器科用薬剤の共同販売を行っています。2025年４月の取締役会において、個別の政策保有株式について、保有目的、保有に伴う便益・リスク、資本コスト等を総合的に検証し、経済合理性・戦略妥当性を確認しています。,,
E00962,,,2025-03-31,000,ホクト株式会社,,499700,932.0,同社は医薬品事業及びヘルスケア事業の研究開発における業務提携活動の中で、情報交換を行っています。2025年４月の取締役会において、個別の政策保有株式について、保有目的、保有に伴う便益・リスク、資本コスト等を総合的に検証し、経済合理性・戦略妥当性を確認しています。,,
E00962,,,2025-03-31,000,株式会社メディパルホールディングス,,373325,871.0,同社は医薬品事業における取引先の一つであるため、取引関係維持・強化のために株式を保有しています。具体的には、医療用医薬品の販売先です。2025年４月の取締役会において、個別の政策保有株式について、保有目的、保有に伴う便益・リスク、資本コスト等を総合的に検証し、経済合理性・戦略妥当性を確認しています。,,
E00962,,,2025-03-31,000,株式会社T&Dホールディングス,,200000,634.0,同社は、当社及び当グループの企業年金運用の委託先です。2025年４月の取締役会において、個別の政策保有株式について、保有目的、保有に伴う便益・リスク、資本コスト等を総合的に検証し、経済合理性・戦略妥当性を確認しています。,,
E00962,,,2025-03-31,000,株式会社スズケン,,115860,572.0,同社は医薬品事業における取引先の一つであるため、取引関係維持・強化のために株式を保有しています。具体的には、医療用医薬品の販売先です。2025年４月の取締役会において、個別の政策保有株式について、保有目的、保有に伴う便益・リスク、資本コスト等を総合的に検証し、経済合理性・戦略妥当性を確認しています。株式数が減少した理由は、当事業年度において一部売却したことによるものです。,,
E00962,,,2025-03-31,000,アルフレッサ ホールディングス株式会社,,242800,512.0,同社は医薬品事業における取引先の一つであるため、取引関係維持・強化のために株式を保有しています。具体的には、医療用医薬品の販売先です。2025年４月の取締役会において、個別の政策保有株式について、保有目的、保有に伴う便益・リスク、資本コスト等を総合的に検証し、経済合理性・戦略妥当性を確認しています。,,
E00962,,,2025-03-31,000,日本新薬株式会社,,122000,463.0,同社は医薬品事業における取引先の一つであるため、取引関係維持・強化のために株式を保有しています。具体的には、代謝内分泌用薬剤の製造委託先です。2025年４月の取締役会において、個別の政策保有株式について、保有目的、保有に伴う便益・リスク、資本コスト等を総合的に検証し、経済合理性・戦略妥当性を確認しています。,,
E00962,,,2025-03-31,000,株式会社CAC Holdings,,201200,416.0,同社は医薬品事業における取引先の一つであるため、取引関係維持・強化のために株式を保有しています。2025年４月の取締役会において、個別の政策保有株式について、保有目的、保有に伴う便益・リスク、資本コスト等を総合的に検証し、経済合理性・戦略妥当性を確認しています。,,
E00962,,,2025-03-31,000,株式会社みずほフィナンシャルグループ,,92960,376.0,同社は、当社及び当グループの取引金融機関の一つであるため、取引関係維持のために株式を保有しています。2025年４月の取締役会において、個別の政策保有株式について、保有目的、保有に伴う便益・リスク、資本コスト等を総合的に検証し、経済合理性・戦略妥当性を確認しています。,,
E00962,,,2025-03-31,000,株式会社ほくやく・竹山ホールディングス,,292000,259.0,同社は医薬品事業における取引先の一つであるため、取引関係維持・強化のために株式を保有しています。具体的には、医療用医薬品の販売先です。2025年４月の取締役会において、個別の政策保有株式について、保有目的、保有に伴う便益・リスク、資本コスト等を総合的に検証し、経済合理性・戦略妥当性を確認しています。,,
E00962,,,2025-03-31,000,株式会社バイタルケーエスケー・ホールディングス,,160777,202.0,同社は医薬品事業における取引先の一つであるため、取引関係維持・強化のために株式を保有しています。具体的には、医療用医薬品の販売先です。2025年４月の取締役会において、個別の政策保有株式について、保有目的、保有に伴う便益・リスク、資本コスト等を総合的に検証し、経済合理性・戦略妥当性を確認しています。,,
E00962,,,2025-03-31,000,朝日印刷株式会社,,110200,99.0,同社は医薬品事業における取引先の一つであるため、取引関係維持・強化のために株式を保有しています。2025年４月の取締役会において、個別の政策保有株式について、保有目的、保有に伴う便益・リスク、資本コスト等を総合的に検証し、経済合理性・戦略妥当性を確認しています。,,
E03251,,,2025-03-31,000,㈱三菱ＵＦＪフィナンシャル・グループ,,213900,430152.0,取引金融機関であることと資金調達機能の強化の目的で保有しており、取引事項の交渉、決定が迅速に進められ、合理的に行われております。（注）２．,,
E03251,,,2025-03-31,000,㈱グリーンクロスホールディングス,,40000,45640.0,当社と同業種であり、業界動向の情報収集等と営業上取引の安定化の目的で保有しており、取引の強化や円滑な交渉に役立てております。（注）２．,,
E03251,,,2025-03-31,000,名古屋電機工業㈱,,10000,11350.0,当社の携わる業種であり、また営業上取引の強化や円滑な交渉、業界動向の情報収集等を行う目的で取得いたしました。（注）１．２,,
E03251,,,2025-03-31,000,㈱みずほフィナンシャルグループ,,2015,8162.0,取引金融機関であることと資金調達機能の強化の目的で保有しており、取引事項の交渉、決定が迅速に進められ、合理的に行われております。（注）２,,
E03251,,,2025-03-31,000,㈱りそなホールディングス,,3300,4247.0,取引金融機関であることと資金調達機能の強化の目的で保有しており、取引事項の交渉、決定が迅速に進められ、合理的に行われております。（注）２,,
E03251,,,2025-03-31,000,㈱ナガワ,,700,4200.0,当社の携わる業種であり、また営業上取引の強化や円滑な交渉、業界動向の情報収集等を行う目的で取得いたしました。（注）２,,
E03543,,,2025-03-31,000,日本酸素ホールディングス株式会社,,1272849,5745.0,当社のグループ企業は岩手県内に営業拠点を有し、地域経済の発展に重要な役割を担っており、当社との取引関係の維持・拡大が当行の企業価値向上に資するため。,,
E03543,,,2025-03-31,000,東日本旅客鉄道株式会社,,600000,1771.0,当行が営業基盤とする地域に事業拠点を有し、観光面の連携により地域経済の発展に重要な役割を担っており、取引関係の維持・拡大が当行の企業価値向上に資するため。なお、同社が2024年４月１日付で株式分割を行ったことにより、株式数が増加しております。,,
E03543,,,2025-03-31,000,東京海上ホールディングス株式会社,,186858,1071.0,先進的な金融サービスにかかる知見の活用等、業務上の連携を通じた当行の総合金融力の強化が、当行の中長期的な企業価値向上に資するため。,,
E03543,,,2025-03-31,000,セコム株式会社,,104688,532.0,当社は岩手県内に事業拠点を有し、地域経済の発展に重要な役割を担っており、取引関係の維持・拡大が当行の企業価値向上に資するため。なお、同社が2024年10月１日付で株式分割を行ったことにより、株式数が増加しております。,,
E03543,,,2025-03-31,000,ＤＣＭホールディングス株式会社,,317949,442.0,当社子会社は岩手県内で複数の店舗を展開し、当地域での雇用創出に貢献しており、当社との取引関係を維持・強化することにより地域経済の発展に寄与するとともに、当行の企業価値向上に資するため。,,
E03543,,,2025-03-31,000,オリックス株式会社,,132300,408.0,当社との連携・協力関係を通じた金融サービスの向上により、当行の中長期的な企業価値向上を図るため。,,
E03543,,,2025-03-31,000,株式会社秋田銀行,,151715,389.0,「既存事業の深堀り」「構造改革」「新事業領域の開拓」を目的とした秋田・岩手アライアンスや、相互の支店網・情報収集力を活かし法人のお客さまへのサービス向上を図る北東北三行共同ビジネスネット（Ｎｅｔｂｉｘ）の連携など、経営上の協力関係の維持・強化を通じた当行の総合金融力強化のため。,,
E03543,,,2025-03-31,000,ＭＳ＆ＡＤインシュアランスグループホールディングス株式会社,,120168,387.0,先進的な金融サービスにかかる知見の活用等、業務上の連携を通じた当行の総合金融力の強化が、当行の中長期的な企業価値向上に資するため。なお、同社が2024年４月１日付で株式分割を行ったことにより、株式数が増加しております。,,
E03543,,,2025-03-31,000,株式会社山形銀行,,264760,373.0,東北地域での同業種として、情報交換や協力関係の維持・強化を通じた当行の総合金融力強化のため。,,
E03543,,,2025-03-31,000,ＪＦＥホールディングス株式会社,,200047,365.0,当社グループ会社は岩手県内に事業拠点を有し、県内経済の発展に重要な役割を担っており、当社との取引関係の維持・拡大が当行の企業価値向上に資するため。,,
E03543,,,2025-03-31,000,長瀬産業株式会社,,137000,363.0,当社の事業は中長期的に成長が見込まれる分野であり、業界内の有力企業である当社との取引関係の維持・拡大が当行の企業価値向上に資するため。,,
E03543,,,2025-03-31,000,株式会社薬王堂ホールディングス,,180000,338.0,岩手県に本社を置く上場企業として、県内経済の発展および雇用創出に貢献しており、取引を通じて当社の成長に貢献することが地域経済の発展に寄与するとともに、当行の企業価値向上に資するため。,,
E03543,,,2025-03-31,000,電源開発株式会社,,72000,182.0,当社は岩手県内に事業拠点を有し、地域経済の発展に重要な役割を担っており、取引関係の維持・拡大が当行の企業価値向上に資するため。,,
E03543,,,2025-03-31,000,株式会社ミクニ,,537684,163.0,岩手県内に事業拠点および工場を有し、当地域での産業・雇用創出に貢献しており、取引を通じて当社の成長に貢献することが地域経済の発展に寄与するとともに、当行の企業価値向上に資するため。,,
E03543,,,2025-03-31,000,株式会社プロクレアホールディングス,,93700,159.0,相互の支店網・情報収集力を活かし法人のお客さまへのサービス向上を図る北東北三行共同ビジネスネット（Ｎｅｔｂｉｘ）の連携など、経営上の協力関係の維持・強化を通じた当行の総合金融力強化のため。,,
E03543,,,2025-03-31,000,カメイ株式会社,,50000,98.0,当行が営業基盤とする地域に事業拠点を有し、地域経済の発展に重要な役割を担っており、取引関係の維持・拡大が、当行の企業価値向上に資するため。,,
E03543,,,2025-03-31,000,株式会社清水銀行,,45400,68.0,営業基盤が異なる同業種として、協力関係の維持・強化を通じた当行の総合金融力強化のため。,,
E03543,,,2025-03-31,000,三菱マテリアル株式会社,,25179,61.0,当社の関係会社は当行が営業基盤とする地域に事業拠点を有し、当地域での産業・雇用創出に貢献しており、取引関係を維持・強化することにより地域経済の発展に寄与するとともに、当行の企業価値向上に資するため。,,
E03543,,,2025-03-31,000,株式会社サンデー,,53240,59.0,当社は岩手県内で複数の店舗を展開し、当地域での雇用創出に貢献しており、取引関係を維持・強化することにより地域経済の発展に寄与するとともに、当行の企業価値向上に資するため。,,
E03543,,,2025-03-31,000,三菱製紙株式会社,,48200,31.0,当行が営業基盤とする地域に事業拠点を有し、当地域での産業・雇用創出に貢献しており、取引関係を維持・強化することにより地域経済の発展に寄与するとともに、当行の企業価値向上に資するため。,,
E03543,,,2025-03-31,000,日本製紙株式会社,,25000,25.0,当行が営業基盤とする地域に事業拠点を有し、地域経済の発展に重要な役割を担っており、取引関係の維持・拡大が当行の企業価値向上に資するため。,,
E03543,,,2025-03-31,000,株式会社ファインシンター,,12000,9.0,当社子会社が岩手県内の誘致企業で、当地域での産業・雇用創出に貢献しており、当社との取引関係を維持・強化することにより地域経済の発展に寄与するとともに、当行の企業価値向上に資するため。,,
E03543,,,2025-03-31,000,株式会社北日本銀行,,1000,3.0,県内の同業種として情報収集や協力関係の維持・強化を図るため。,,
E03543,,,2025-03-31,000,株式会社東北銀行,,2680,2.0,県内の同業種として情報収集や協力関係の維持・強化を図るため。,,
E02412,,,2025-03-31,000,積水化成品工業㈱,,1348933,480.0,当社製品原材料の安定供給等取引関係維持強化を図るため。定量的な保有効果については秘密保持の観点から記載しておりません。経済合理性の検証は、取引金額、受取配当金、株式評価損益等を資本コストと比較し、資本コストを上回るかどうかを検証しております。,,
E02412,,,2025-03-31,000,イオン㈱,,124102,465.0,営業上の取引関係維持強化を図るため。定量的な保有効果については秘密保持の観点から記載しておりません。経済合理性の検証は、直近事業年度の取引により当社利益に寄与した金額、受取配当金、株式評価損益等を資本コストと比較し、資本コストを上回るかどうかを検証しております。株式数の増加は取引先持株会を通じた定期買付によるものです。,,
E02412,,,2025-03-31,000,イオン北海道㈱,,326880,277.0,営業上の取引関係維持強化を図るため。定量的な保有効果については秘密保持の観点から記載しておりません。経済合理性の検証は、直近事業年度の取引により当社利益に寄与した金額、受取配当金、株式評価損益等を資本コストと比較し、資本コストを上回るかどうかを検証しております。,,
E02412,,,2025-03-31,000,第一生命ホールディングス㈱,,41900,189.0,取引関係等の円滑化を図るため。定量的な保有効果については秘密保持の観点から記載しておりません。経済合理性の検証は、取引金額、受取配当金、株式評価損益等を資本コストと比較し、資本コストを上回るかどうかを検証しております。,,
E02412,,,2025-03-31,000,㈱高速,,80328,164.0,営業上の取引関係維持強化を図るため。定量的な保有効果については秘密保持の観点から記載しておりません。経済合理性の検証は、直近事業年度の取引により当社利益に寄与した金額、受取配当金、株式評価損益等を資本コストと比較し、資本コストを上回るかどうかを検証しております。,,
E02412,,,2025-03-31,000,㈱西日本フィナンシャルホールディングス,,68717,143.0,安定的かつ継続的な金融取引関係を維持するため。定量的な保有効果については秘密保持の観点から記載しておりません。経済合理性の検証は、取引金額、受取配当金、株式評価損益等を資本コストと比較し、資本コストを上回るかどうかを検証しております。,,
E02412,,,2025-03-31,000,㈱イズミ,,30160,95.0,営業上の取引関係維持強化を図るため。定量的な保有効果については秘密保持の観点から記載しておりません。経済合理性の検証は、直近事業年度の取引により当社利益に寄与した金額、受取配当金、株式評価損益等を資本コストと比較し、資本コストを上回るかどうかを検証しております。,,
E02412,,,2025-03-31,000,㈱リテールパートナーズ,,68332,92.0,営業上の取引関係維持強化を図るため。定量的な保有効果については秘密保持の観点から記載しておりません。経済合理性の検証は、直近事業年度の取引により当社利益に寄与した金額、受取配当金、株式評価損益等を資本コストと比較し、資本コストを上回るかどうかを検証しております。株式数の増加は取引先持株会を通じた定期買付によるものです。,,
E02412,,,2025-03-31,000,ホクト㈱,,43204,80.0,営業上の取引関係維持強化を図るため。定量的な保有効果については秘密保持の観点から記載しておりません。経済合理性の検証は、直近事業年度の取引により当社利益に寄与した金額、受取配当金、株式評価損益等を資本コストと比較し、資本コストを上回るかどうかを検証しております。,,
E02412,,,2025-03-31,000,アルビス㈱,,20000,55.0,営業上の取引関係維持強化を図るため。定量的な保有効果については秘密保持の観点から記載しておりません。経済合理性の検証は、直近事業年度の取引により当社利益に寄与した金額、受取配当金、株式評価損益等を資本コストと比較し、資本コストを上回るかどうかを検証しております。,,
E02412,,,2025-03-31,000,㈱マミーマート,,10000,48.0,営業上の取引関係維持強化を図るため。定量的な保有効果については秘密保持の観点から記載しておりません。経済合理性の検証は、直近事業年度の取引により当社利益に寄与した金額、受取配当金、株式評価損益等を資本コストと比較し、資本コストを上回るかどうかを検証しております。,,
E02412,,,2025-03-31,000,㈱魚力,,20000,47.0,営業上の取引関係維持強化を図るため。定量的な保有効果については秘密保持の観点から記載しておりません。経済合理性の検証は、直近事業年度の取引により当社利益に寄与した金額、受取配当金、株式評価損益等を資本コストと比較し、資本コストを上回るかどうかを検証しております。,,
E02412,,,2025-03-31,000,㈱ちゅうぎんフィナンシャルグループ,,27120,45.0,安定的かつ継続的な金融取引関係を維持するため。定量的な保有効果については秘密保持の観点から記載しておりません。経済合理性の検証は、取引金額、受取配当金、株式評価損益等を資本コストと比較し、資本コストを上回るかどうかを検証しております。,,
E02412,,,2025-03-31,000,㈱天満屋ストア,,46368,44.0,営業上の取引関係維持強化を図るため。定量的な保有効果については秘密保持の観点から記載しておりません。経済合理性の検証は、直近事業年度の取引により当社利益に寄与した金額、受取配当金、株式評価損益等を資本コストと比較し、資本コストを上回るかどうかを検証しております。株式数の増加は取引先持株会を通じた定期買付によるものです。,,
E02412,,,2025-03-31,000,アクシアルリテイリング(株),,40000,38.0,営業上の取引関係維持強化を図るため。定量的な保有効果については秘密保持の観点から記載しておりません。経済合理性の検証は、直近事業年度の取引により当社利益に寄与した金額、受取配当金、株式評価損益等を資本コストと比較し、資本コストを上回るかどうかを検証しております。株式数の増加は株式分割によるものです。,,
E02412,,,2025-03-31,000,㈱バローホールディングス,,15840,37.0,営業上の取引関係維持強化を図るため。定量的な保有効果については秘密保持の観点から記載しておりません。経済合理性の検証は、直近事業年度の取引により当社利益に寄与した金額、受取配当金、株式評価損益等を資本コストと比較し、資本コストを上回るかどうかを検証しております。,,
E02412,,,2025-03-31,000,㈱ライフコーポレーション,,18616,35.0,営業上の取引関係維持強化を図るため。定量的な保有効果については秘密保持の観点から記載しておりません。経済合理性の検証は、直近事業年度の取引により当社利益に寄与した金額、受取配当金、株式評価損益等を資本コストと比較し、資本コストを上回るかどうかを検証しております。株式数の増加は取引先持株会を通じた定期買付及び株式分割によるものです。,,
E02412,,,2025-03-31,000,㈱ひろぎんホールディングス,,26445,32.0,安定的かつ継続的な金融取引関係を維持するため。定量的な保有効果については秘密保持の観点から記載しておりません。経済合理性の検証は、取引金額、受取配当金、株式評価損益等を資本コストと比較し、資本コストを上回るかどうかを検証しております。,,
E02412,,,2025-03-31,000,イオン九州㈱,,13052,31.0,営業上の取引関係維持強化を図るため。定量的な保有効果については秘密保持の観点から記載しておりません。経済合理性の検証は、直近事業年度の取引により当社利益に寄与した金額、受取配当金、株式評価損益等を資本コストと比較し、資本コストを上回るかどうかを検証しております。株式数の増加は取引先持株会を通じた定期買付によるものです。,,
E02412,,,2025-03-31,000,㈱フジ,,12400,26.0,営業上の取引関係維持強化を図るため。定量的な保有効果については秘密保持の観点から記載しておりません。経済合理性の検証は、直近事業年度の取引により当社利益に寄与した金額、受取配当金、株式評価損益等を資本コストと比較し、資本コストを上回るかどうかを検証しております。,,
E02412,,,2025-03-31,000,日本ハム㈱,,5000,25.0,営業上の取引関係維持強化を図るため。定量的な保有効果については秘密保持の観点から記載しておりません。経済合理性の検証は、直近事業年度の取引により当社利益に寄与した金額、受取配当金、株式評価損益等を資本コストと比較し、資本コストを上回るかどうかを検証しております。,,
E02412,,,2025-03-31,000,㈱吉野家ホールディングス,,8174,24.0,営業上の取引関係維持強化を図るため。定量的な保有効果については秘密保持の観点から記載しておりません。経済合理性の検証は、直近事業年度の取引により当社利益に寄与した金額、受取配当金、株式評価損益等を資本コストと比較し、資本コストを上回るかどうかを検証しております。株式数の増加は取引先持株会を通じた定期買付によるものです。,,
E02412,,,2025-03-31,000,㈱エコス,,10000,21.0,営業上の取引関係維持強化を図るため。定量的な保有効果については秘密保持の観点から記載しておりません。経済合理性の検証は、直近事業年度の取引により当社利益に寄与した金額、受取配当金、株式評価損益等を資本コストと比較し、資本コストを上回るかどうかを検証しております。,,
E02412,,,2025-03-31,000,㈱平和堂,,5900,14.0,営業上の取引関係維持強化を図るため。定量的な保有効果については秘密保持の観点から記載しておりません。経済合理性の検証は、直近事業年度の取引により当社利益に寄与した金額、受取配当金、株式評価損益等を資本コストと比較し、資本コストを上回るかどうかを検証しております。株式数の増加は取引先持株会を通じた定期買付によるものです。,,
E02412,,,2025-03-31,000,ユナイテッド・スーパーマーケット・ホールディングス㈱,,15364,12.0,営業上の取引関係維持強化を図るため。定量的な保有効果については秘密保持の観点から記載しておりません。経済合理性の検証は、直近事業年度の取引により当社利益に寄与した金額、受取配当金、株式評価損益等を資本コストと比較し、資本コストを上回るかどうかを検証しております。株式数の増加は㈱いなげやとの株式交換によるものです。,,
E02412,,,2025-03-31,000,㈱ポプラ,,46078,9.0,営業上の取引関係維持強化を図るため。定量的な保有効果については秘密保持の観点から記載しておりません。経済合理性の検証は、直近事業年度の取引により当社利益に寄与した金額、受取配当金、株式評価損益等を資本コストと比較し、資本コストを上回るかどうかを検証しております。株式数の増加は取引先持株会を通じた定期買付によるものです。,,
E02412,,,2025-03-31,000,㈱魚喜,,8200,8.0,営業上の取引関係維持強化を図るため。定量的な保有効果については秘密保持の観点から記載しておりません。経済合理性の検証は、直近事業年度の取引により当社利益に寄与した金額、受取配当金、株式評価損益等を資本コストと比較し、資本コストを上回るかどうかを検証しております。,,
E02412,,,2025-03-31,000,㈱アークス,,2000,5.0,営業上の取引関係維持強化を図るため。定量的な保有効果については秘密保持の観点から記載しておりません。経済合理性の検証は、直近事業年度の取引により当社利益に寄与した金額、受取配当金、株式評価損益等を資本コストと比較し、資本コストを上回るかどうかを検証しております。,,
E02412,,,2025-03-31,000,㈱マルヨシセンター,,1000,3.0,営業上の取引関係維持強化を図るため。定量的な保有効果については秘密保持の観点から記載しておりません。経済合理性の検証は、直近事業年度の取引により当社利益に寄与した金額、受取配当金、株式評価損益等を資本コストと比較し、資本コストを上回るかどうかを検証しております。,,
E02412,,,2025-03-31,000,㈱ヤマナカ,,5000,2.0,営業上の取引関係維持強化を図るため。定量的な保有効果については秘密保持の観点から記載しておりません。経済合理性の検証は、直近事業年度の取引により当社利益に寄与した金額、受取配当金、株式評価損益等を資本コストと比較し、資本コストを上回るかどうかを検証しております。,,
E04233,,,2025-03-31,000,㈱百五銀行,,2209071,1623.0,三重県に本社を置く主要取引金融機関であり、資金調達等金融取引の円滑化及び営業情報の収集並びに地域での関係維持・強化のため,,
E04233,,,2025-03-31,000,AFLAC Inc．(アフラック),,88335,1465.0,傘下の保険会社との保険販売業務における取引関係維持・強化のため株式数増加は持株会（休会中）配当金による買付のため,,
E04233,,,2025-03-31,000,㈱みずほフィナンシャルグループ,,129341,523.0,傘下の金融機関は主要取引機関であり、資金調達等金融取引の円滑化及び営業情報の収集のため,,
E04233,,,2025-03-31,000,MS&ADインシュアランスグループホールディングス㈱,,125007,403.0,傘下の保険会社との保険販売業務における取引関係維持・強化のため（注）３,,
E04233,,,2025-03-31,000,コスモエネルギーホールディングス㈱,,27500,176.0,傘下の会社は当社グループ会社の石油製品調達先であり、取引関係の維持・強化のため,,
E04233,,,2025-03-31,000,㈱三菱UFJフィナンシャル・グループ,,77660,156.0,傘下の金融機関との資金調達等金融取引の円滑化及び営業情報の収集のため,,
E04233,,,2025-03-31,000,㈱三十三フィナンシャルグループ,,44840,106.0,三重県に本社を置き、傘下の金融機関は主要取引機関であり、資金調達等金融取引の円滑化及び営業情報の収集並びに地域での関係維持・強化のため,,
E04233,,,2025-03-31,000,㈱岡三証券グループ,,134410,89.0,傘下の証券会社が当社の副幹事証券会社であり、取引関係の維持・強化のため,,
E04233,,,2025-03-31,000,キクカワエンタープライズ㈱,,10000,59.0,三重県に本社を置き、地域での関係維持・強化のため,,
E04233,,,2025-03-31,000,㈱滋賀銀行,,8800,46.0,資金調達等金融取引の円滑化及び営業情報の収集のため,,
E04233,,,2025-03-31,000,KNT-CTホールディングス㈱,,22695,26.0,傘下の会社から、旅行事業における当社グループ会社への送客等取引関係の維持・強化のため,,
E04233,,,2025-03-31,000,三井住友トラストグループ㈱,,4240,15.0,傘下の金融機関との資金調達等金融取引の円滑化及び営業情報の収集のため,,
E04233,,,2025-03-31,000,中部日本放送㈱,,8350,5.0,広告宣伝関連等取引関係の維持・強化のため,,
E04233,,,2025-03-31,000,名古屋鉄道㈱,,1912,3.0,傘下の会社と高速バス路線の共同運行実施や名鉄バスセンターへのバス乗り入れ、乗車券等の販売委託などで協業関係にあるため,,
E04233,,,2025-03-31,000,中部電力㈱,,1467,2.0,当社グループ会社における電力販売等取引関係の維持・強化のため,,
E04233,,,2025-03-31,000,㈱みずほフィナンシャルグループ,,2209071,1623.0,三重県に本社を置く主要取引金融機関であり、資金調達等金融取引の円滑化及び営業情報の収集並びに地域での関係維持・強化のため,,
E04233,,,2025-03-31,000,㈱百五銀行,,88335,1465.0,傘下の保険会社との保険販売業務における取引関係維持・強化のため株式数増加は持株会（休会中）配当金による買付のため,,
E04233,,,2025-03-31,000,東邦瓦斯㈱,,129341,523.0,傘下の金融機関は主要取引機関であり、資金調達等金融取引の円滑化及び営業情報の収集のため,,
E04233,,,2025-03-31,000,㈱岡三証券グループ,,125007,403.0,傘下の保険会社との保険販売業務における取引関係維持・強化のため（注）３,,
E04233,,,2025-03-31,000,㈱三十三フィナンシャルグループ,,27500,176.0,傘下の会社は当社グループ会社の石油製品調達先であり、取引関係の維持・強化のため,,
E04233,,,2025-03-31,000,㈱滋賀銀行,,77660,156.0,傘下の金融機関との資金調達等金融取引の円滑化及び営業情報の収集のため,,
E04233,,,2025-03-31,000,㈱あいちフィナンシャルグループ,,44840,106.0,三重県に本社を置き、傘下の金融機関は主要取引機関であり、資金調達等金融取引の円滑化及び営業情報の収集並びに地域での関係維持・強化のため,,
E04233,,,2025-03-31,000,㈱三菱UFJフィナンシャル・グループ,,134410,89.0,傘下の証券会社が当社の副幹事証券会社であり、取引関係の維持・強化のため,,
E04233,,,2025-03-31,000,三井住友トラストグループ㈱,,10000,59.0,三重県に本社を置き、地域での関係維持・強化のため,,
E37595,,,2025-01-31,000,（株）パルマ,,99800,52694.0,取引関係の維持強化による中長期的な収益の拡大等を目的として保有しています。,,
E02585,,,2024-11-30,000,㈱大阪ソーダ,,593000,866.0,定量的な保有効果の記載は困難ですが、主にファインケミカル事業における取引先であり、良好な関係の維持、強化を図るために保有しております。信頼関係の構築・維持強化の必要性や事業上の取引状況等に基づく保有意義、同社との取引関係等による経済合理性について経営陣が定期的に検証・審議を行い、保有の合理性があると判断しております。なお、株式分割により保有株式数が増加しております。,,
E02585,,,2024-11-30,000,ロート製薬㈱,,150480,446.0,定量的な保有効果の記載は困難ですが、主にファインケミカル事業、ＨＢＣ・食品事業における取引先であり、良好な関係の維持、強化を図るために保有しております。信頼関係の構築・維持強化の必要性や事業上の取引状況等に基づく保有意義、同社との取引関係等による経済合理性について経営陣が定期的に検証・審議を行い、保有の合理性があると判断しております。,,
E02585,,,2024-11-30,000,サワイグループホールディングス㈱,,198000,430.0,定量的な保有効果の記載は困難ですが、主にファインケミカル事業における取引先であり、良好な関係の維持、強化を図るために保有しております。信頼関係の構築・維持強化の必要性や事業上の取引状況等に基づく保有意義、同社との取引関係等による経済合理性について経営陣が定期的に検証・審議を行い、保有の合理性があると判断しております。なお、株式分割により保有株式数が増加しております。,,
E02585,,,2024-11-30,000,エーザイ㈱,,34858,162.0,定量的な保有効果の記載は困難ですが、主にファインケミカル事業、ＨＢＣ・食品事業における取引先であり、良好な関係の維持、強化を図るために保有しております。信頼関係の構築・維持強化の必要性や事業上の取引状況等に基づく保有意義、同社との取引関係等による経済合理性について経営陣が定期的に検証・審議を行い、保有の合理性があると判断しております。,,
E02585,,,2024-11-30,000,ＮＯＫ㈱,,72000,161.0,定量的な保有効果の記載は困難ですが、主に当社グループの化学品事業における取引先であり、良好な関係の維持、強化を図るために保有しております。信頼関係の構築・維持強化の必要性や事業上の取引状況等に基づく保有意義、同社との取引関係等による経済合理性について経営陣が定期的に検証・審議を行い、保有の合理性があると判断しております。,,
E02585,,,2024-11-30,000,森永製菓㈱,,57062,156.0,定量的な保有効果の記載は困難ですが、主にＨＢＣ・食品事業における取引先であり、良好な関係の維持、強化を図るために保有しております。信頼関係の構築・維持強化の必要性や事業上の取引状況等に基づく保有意義、同社との取引関係等による経済合理性について経営陣が定期的に検証・審議を行い、保有の合理性があると判断しております。株式数増加の理由は、取引先持株会を通じた株式の取得に加え、株式分割により保有株式数が増加しております。,,
E02585,,,2024-11-30,000,大塚ホールディングス㈱,,15960,138.0,定量的な保有効果の記載は困難ですが、主にファインケミカル事業における取引先であり、良好な関係の維持、強化を図るために保有しております。信頼関係の構築・維持強化の必要性や事業上の取引状況等に基づく保有意義、同社との取引関係等による経済合理性について経営陣が定期的に検証・審議を行い、保有の合理性があると判断しております。,,
E02585,,,2024-11-30,000,東和薬品㈱,,36300,102.0,定量的な保有効果の記載は困難ですが、主にファインケミカル事業における取引先であり、良好な関係の維持、強化を図るために保有しております。信頼関係の構築・維持強化の必要性や事業上の取引状況等に基づく保有意義、同社との取引関係等による経済合理性について経営陣が定期的に検証・審議を行い、保有の合理性があると判断しております。,,
E02585,,,2024-11-30,000,小林製薬㈱,,8891,52.0,定量的な保有効果の記載は困難ですが、主にファインケミカル事業における取引先であり、良好な関係の維持、強化を図るために保有しております。信頼関係の構築・維持強化の必要性や事業上の取引状況等に基づく保有意義、同社との取引関係等による経済合理性について経営陣が定期的に検証・審議を行い、保有の合理性があると判断しております。株式数増加の理由は、取引先持株会を通じた株式の取得であります。,,
E02585,,,2024-11-30,000,富士製薬工業㈱,,31000,50.0,定量的な保有効果の記載は困難ですが、主にファインケミカル事業における取引先であり、良好な関係の維持、強化を図るために保有しております。信頼関係の構築・維持強化の必要性や事業上の取引状況等に基づく保有意義、同社との取引関係等による経済合理性について経営陣が定期的に検証・審議を行い、保有の合理性があると判断しております。,,
E02585,,,2024-11-30,000,ゼリア新薬工業㈱,,16500,38.0,定量的な保有効果の記載は困難ですが、主にファインケミカル事業における取引先であり、良好な関係の維持、強化を図るために保有しております。信頼関係の構築・維持強化の必要性や事業上の取引状況等に基づく保有意義、同社との取引関係等による経済合理性について経営陣が定期的に検証・審議を行い、保有の合理性があると判断しております。,,
E02585,,,2024-11-30,000,三菱ケミカルグループ㈱,,24595,19.0,定量的な保有効果の記載は困難ですが、主にＨＢＣ・食品事業における取引先であり、良好な関係の維持、強化を図るために保有しております。信頼関係の構築・維持強化の必要性や事業上の取引状況等に基づく保有意義、同社との取引関係等による経済合理性について経営陣が定期的に検証・審議を行い、保有の合理性があると判断しております。,,
E02585,,,2024-11-30,000,住友ファーマ㈱,,30000,16.0,定量的な保有効果の記載は困難ですが、主にファインケミカル事業における取引先であり、良好な関係の維持、強化を図るために保有しております。信頼関係の構築・維持強化の必要性や事業上の取引状況等に基づく保有意義、同社との取引関係等による経済合理性について経営陣が定期的に検証・審議を行い、保有の合理性があると判断しております。,,
E02585,,,2024-11-30,000,㈱ブルボン,,6994,16.0,定量的な保有効果の記載は困難ですが、主にＨＢＣ・食品事業における取引先であり、良好な関係の維持、強化を図るために保有しております。信頼関係の構築・維持強化の必要性や事業上の取引状況等に基づく保有意義、同社との取引関係等による経済合理性について経営陣が定期的に検証・審議を行い、保有の合理性があると判断しております。株式数減少の理由は、取引先持株会の株式の売却であります。,,
E02585,,,2024-11-30,000,㈱ツムラ,,3238,15.0,定量的な保有効果の記載は困難ですが、主にファインケミカル事業における取引先であり、良好な関係の維持、強化を図るために保有しております。信頼関係の構築・維持強化の必要性や事業上の取引状況等に基づく保有意義、同社との取引関係等による経済合理性について経営陣が定期的に検証・審議を行い、保有の合理性があると判断しております。株式数増加の理由は、取引先持株会を通じた株式の取得であります。,,
E02585,,,2024-11-30,000,日本ケミファ㈱,,10000,15.0,定量的な保有効果の記載は困難ですが、主にファインケミカル事業における取引先であり、良好な関係の維持、強化を図るために保有しております。信頼関係の構築・維持強化の必要性や事業上の取引状況等に基づく保有意義、同社との取引関係等による経済合理性について経営陣が定期的に検証・審議を行い、保有の合理性があると判断しております。,,
E02585,,,2024-11-30,000,㈱日本ピグメントホールディングス,,3800,11.0,定量的な保有効果の記載は困難ですが、良好な関係の維持、強化を図るために保有しております。信頼関係の構築・維持強化の必要性や事業上の取引状況等に基づく保有意義、同社との取引関係等による経済合理性について経営陣が定期的に検証・審議を行い、保有の合理性があると判断しております。,,
E02585,,,2024-11-30,000,持田製薬㈱,,3200,10.0,定量的な保有効果の記載は困難ですが、主にファインケミカル事業における取引先であり、良好な関係の維持、強化を図るために保有しております。信頼関係の構築・維持強化の必要性や事業上の取引状況等に基づく保有意義、同社との取引関係等による経済合理性について経営陣が定期的に検証・審議を行い、保有の合理性があると判断しております。,,
E02585,,,2024-11-30,000,わかもと製薬㈱,,42933,10.0,定量的な保有効果の記載は困難ですが、主にファインケミカル事業における取引先であり、良好な関係の維持、強化を図るために保有しております。信頼関係の構築・維持強化の必要性や事業上の取引状況等に基づく保有意義、同社との取引関係等による経済合理性について経営陣が定期的に検証・審議を行い、保有の合理性があると判断しております。株式数増加の理由は、取引先持株会を通じた株式の取得であります。,,
E02585,,,2024-11-30,000,扶桑薬品工業㈱,,3925,10.0,定量的な保有効果の記載は困難ですが、主にファインケミカル事業における取引先であり、良好な関係の維持、強化を図るために保有しております。信頼関係の構築・維持強化の必要性や事業上の取引状況等に基づく保有意義、同社との取引関係等による経済合理性について経営陣が定期的に検証・審議を行い、保有の合理性があると判断しております。,,
E02585,,,2024-11-30,000,ニプロ㈱,,5779,7.0,定量的な保有効果の記載は困難ですが、主にファインケミカル事業における取引先であり、良好な関係の維持、強化を図るために保有しております。信頼関係の構築・維持強化の必要性や事業上の取引状況等に基づく保有意義、同社との取引関係等による経済合理性について経営陣が定期的に検証・審議を行い、保有の合理性があると判断しております。株式数増加の理由は、取引先持株会を通じた株式の取得であります。,,
E02585,,,2024-11-30,000,武田薬品工業㈱,,895,3.0,定量的な保有効果の記載は困難ですが、主にファインケミカル事業における取引先であり、良好な関係の維持、強化を図るために保有しております。信頼関係の構築・維持強化の必要性や事業上の取引状況等に基づく保有意義、同社との取引関係等による経済合理性について経営陣が定期的に検証・審議を行い、保有の合理性があると判断しております。,,
E02585,,,2024-11-30,000,イビデン㈱,,793,3.0,定量的な保有効果の記載は困難ですが、主に化学品事業における取引先であり、良好な関係の維持、強化を図るために保有しております。信頼関係の構築・維持強化の必要性や事業上の取引状況等に基づく保有意義、同社との取引関係等による経済合理性について経営陣が定期的に検証・審議を行い、保有の合理性があると判断しております。株式数増加の理由は、取引先持株会を通じた株式の取得であります。,,
E02585,,,2024-11-30,000,日東ベスト㈱,,2600,2.0,定量的な保有効果の記載は困難ですが、主にＨＢＣ・食品事業における取引先であり、良好な関係の維持、強化を図るために保有しております。信頼関係の構築・維持強化の必要性や事業上の取引状況等に基づく保有意義、同社との取引関係等による経済合理性について経営陣が定期的に検証・審議を行い、保有の合理性があると判断しております。株式数減少の理由は、保有株式の売却であります。,,
E02124,,,2025-03-31,000,Southern Petrochemical Industries Corporation Limited,,500000,71.0,当社プラント事業の顧客であり、取引関係維持のために保有していたが、年間の取引高等をもとに保有の合理性を検証した結果、今後の売却を予定している（具体的な売却時期は未定）。,,
E03099,,,2025-02-28,000,岩塚製菓㈱,,100000,282000.0,（注）1.5.6.,,
E03099,,,2025-02-28,000,㈱ふくおかフィナンシャルグループ,,61812,242550.0,（注）2.5.,,
E03099,,,2025-02-28,000,㈱三菱ＵＦＪフィナンシャル・グループ,,120000,228360.0,（注）2.5.,,
E03099,,,2025-02-28,000,㈱紀文食品,,50000,51900.0,（注）1.5.,,
E03099,,,2025-02-28,000,イオン㈱,,11592,42706.0,（注）3.5.7.,,
E03099,,,2025-02-28,000,イオンモール㈱,,8273,16819.0,（注）3.5.7.,,
E03099,,,2025-02-28,000,第一生命ホールディングス㈱,,1700,7505.0,（注）4.5.,,
E01442,,,2024-04-30,000,㈱小松製作所,,399402,1899156.0,同社は国内を代表する建設機械・鉱山機械のメーカーであり、当社グループの主要販売先のひとつであります。当社グループの販路拡大および配当利回り等の経済的合理性を勘案のうえ、同社株式を保有しております。株式数増加の理由は、取引先持株会を通じた株式の取得であります。,,
E01442,,,2024-04-30,000,日立建機㈱,,30000,136140.0,同社は国内を代表する建設機械メーカーであり、当社グループの主要販売先のひとつであります。当社グループの販路拡大および株式保有の経済的合理性を勘案のうえ、同社株式を保有しております。,,
E01442,,,2024-04-30,000,㈱北國フィナンシャルホールディングス（注２）,,19000,96520.0,同社は、北國銀行グループを統括する金融持株会社であります。金融取引の関係強化の目的および株式保有の経済的合理性を勘案のうえ、同社株式を保有しております。,,
E01442,,,2024-04-30,000,トピー工業㈱,,21908,58603.0,同社は、自動車・建設機械用部品を中心に製造する鉄鋼メーカーであり、当社グループの販売先のひとつであります。当社グループの販路拡大および株式保有の経済的合理性を勘案のうえ、同社株式を保有しております。株式数増加の理由は、取引先持株会を通じた株式の取得であります。,,
E01442,,,2024-04-30,000,ダイハツディーゼル㈱,,11000,17237.0,同社は、中・大型船舶、鉄道車輌用ディーゼルエンジンなどを製造するエンジンメーカーであり、当社グループの販売先のひとつであります。当社グループの販路拡大および経済的合理性を勘案の上、同社株式を保有しております。,,
E01442,,,2024-04-30,000,㈱ニチダイ,,30357,11869.0,同社は、精密鍛造金型を生産する金型メーカーであります。当社グループの仕入先のひとつであり、同社との取引関係強化および株式保有の経済的合理性を勘案のうえ、同社株式を保有しております。株式数増加の理由は、取引先持株会を通じた株式の取得であります。,,
E01442,,,2024-04-30,000,㈱Ｔ＆Ｄホールディングス,,400,1030.0,同社は、生命保険会社を傘下におく金融持株会社であります。当初は金融取引の関係強化の目的から保有しておりましたが、現在は配当利回りなどの経済合理性を勘案の上、同社株式を保有しております。,,
E05729,,,2024-05-31,000,株式会社リクルートホールディングス,,300,2.0,（保有目的）業務調査及び情報収集（定量的な保有効果）（注）,,
E05729,,,2024-05-31,000,パーソルホールディングス株式会社,,3000,0.0,（保有目的）業務調査及び情報収集（定量的な保有効果）（注）2023年９月30日を基準日として普通株式を１株につき、10株の割合で株式分割しております。,,
E05729,,,2024-05-31,000,株式会社プレステージ・インターナショナル,,300,2.0,（保有目的）業務調査及び情報収集（定量的な保有効果）（注）,,
E02294,,,2025-03-31,000,シチズン時計㈱,,1172029,1045.0,精密部品・生活用品事業における取引維持・強化のために保有しています。同社とは、国内向けクロックの商標使用許諾を受けており、同社ブランド製品の製造・販売を行っております。取引先・投資先としての実績から保有の合理性を検証しています。株式数の増加は、持株会参加に伴うものです。,,
E02294,,,2025-03-31,000,㈱三井住友フィナンシャルグループ,,88000,1001.0,金融取引の円滑化のために保有しています。同社とは、資金調達をはじめとした総合的な取引や、金融情勢、経済環境等の情報交換を通じて、中長期的な企業価値の向上を目指し連携しています。取引先・投資先としての実績から保有の合理性を検証しています。,,
E02294,,,2025-03-31,000,㈱りそなホールディングス,,251100,323.0,金融取引の円滑化のために保有しています。同社とは、資金調達をはじめとした総合的な取引や、金融情勢、経済環境等の情報交換を通じて、中長期的な企業価値の向上を目指し連携しています。取引先・投資先としての実績から保有の合理性を検証しています。,,
E02294,,,2025-03-31,000,㈱武蔵野銀行,,60000,195.0,金融取引の円滑化のために保有しています。地元金融機関である同行とは、地元の経済環境等の情報交換を通じて、中長期的な企業価値の向上や地元との関係強化に連携しています。取引先・投資先としての実績から保有の合理性を検証しています。,,
E02294,,,2025-03-31,000,㈱Ｃ＆Ｇシステムズ,,210100,65.0,当社事業における取引維持・強化のために保有しています。同社とは、同社の提供するシステムにより業務の効率化を推進しています。取引先・投資先としての実績から保有の合理性を検証しています。,,
E02294,,,2025-03-31,000,㈱タムロン,,16394,56.0,精密部品事業における取引維持・強化のために保有しています。同社とは、金型製作・樹脂製品の提供を通じた取引により、相互に協力して製品の品質向上や製品販売の推進に連携しています。取引先・投資先としての実績から保有の合理性を検証しています。株式数の増加は、持株会参加に伴うものです。,,
E05215,,,2025-03-31,000,ＡＮＡホールディングス株式会社,,4716,13.0,同社グループとは、30年以上にわたり継続取引を行っております。保有実績に対して定量的な保有効果を計ることはできませんが、事業上の関係を勘案し、同社グループとの良好的な関係を維持、継続するため保有しております。同社グループと当社グループとの間には、年間807百万円（2025年３月期実績）の取引が存在しております。協力会社持株会を通じて保有している株式において、配当金の再投資により、保有株式数が増加しております。,,
E05215,,,2025-03-31,000,株式会社ＮＳＤ,,100,0.0,定量的な保有効果を計ることはできませんが、当社が属する業界及び同業他社の情報収集のため保有しております。,,
E05215,,,2025-03-31,000,株式会社ＣＡＣ Ｈｏｌｄｉｎｇｓ,,100,0.0,定量的な保有効果を計ることはできませんが、当社が属する業界及び同業他社の情報収集のため保有しております。,,
E05215,,,2025-03-31,000,株式会社キューブシステム,,100,0.0,定量的な保有効果を計ることはできませんが、当社が属する業界及び同業他社の情報収集のため保有しております。,,
E05173,,,2025-03-31,000,株式会社ビジネスブレイン太田昭和,,600000,1526400.0,当社は当該会社の株式を「相互の顧客基盤・サービスをベースとしたソリューション拡販協力」と「システム開発案件における共同受注・相互補完」を目的に保有しています。当該会社とは、当社の「e-ドキュメントソリューション」事業や「Web調達/購買ソリューション」事業において、共同セミナーの開催、顧客の相互紹介、顧客への共同提案などの拡販協力を中心に連携しており、当社の「e-ドキュメントソリューション」事業に重点を置いて協力体制を築いています。定量的な保有効果については記載が困難でありますが、保有の合理性は「ａ．保有方針及び保有の合理性を検証する方法並びに個別銘柄の保有の適否に関する取締役会等における検証の内容」に記載の方法によっております。,,
E23250,,,2025-03-31,000,ロート製薬株式会社,,1496328,3346.0,N/A,,
E23250,,,2025-03-31,000,南海電気鉄道株式会社,,1289087,3158.0,N/A,,
E23250,,,2025-03-31,000,飯野海運株式会社,,1745200,1739.0,N/A,,
E23250,,,2025-03-31,000,株式会社フジオフードグループ本社,,895600,1049.0,N/A,,
E23250,,,2025-03-31,000,塩野義製薬株式会社,,376461,845.0,N/A,,
E23250,,,2025-03-31,000,石原ケミカル株式会社,,320000,675.0,N/A,,
E23250,,,2025-03-31,000,日亜鋼業株式会社,,2040575,632.0,N/A,,
E23250,,,2025-03-31,000,高圧ガス工業株式会社,,661000,586.0,N/A,,
E23250,,,2025-03-31,000,東リ株式会社,,1220745,576.0,N/A,,
E23250,,,2025-03-31,000,株式会社大紀アルミニウム工業所,,498000,495.0,N/A,,
E23250,,,2025-03-31,000,三井倉庫ホールディングス株式会社,,59200,471.0,N/A,,
E23250,,,2025-03-31,000,株式会社島精機製作所,,490000,443.0,N/A,,
E23250,,,2025-03-31,000,澁澤倉庫株式会社,,125000,405.0,N/A,,
E23250,,,2025-03-31,000,株式会社シマノ,,18287,383.0,N/A,,
E23250,,,2025-03-31,000,株式会社テクノスマート,,213000,356.0,N/A,,
E23250,,,2025-03-31,000,株式会社ウィザス,,136600,300.0,N/A,,
E23250,,,2025-03-31,000,株式会社三社電機製作所,,314000,271.0,N/A,,
E23250,,,2025-03-31,000,ダイワボウホールディングス株式会社,,100000,252.0,N/A,,
E23250,,,2025-03-31,000,株式会社オークワ,,293670,252.0,N/A,,
E23250,,,2025-03-31,000,合同製鐵株式会社,,51200,197.0,N/A,,
E23250,,,2025-03-31,000,株式会社近鉄百貨店,,90000,197.0,N/A,,
E23250,,,2025-03-31,000,株式会社大阪ソーダ,,120000,194.0,N/A,,
E23250,,,2025-03-31,000,ＳＵＭＩＮＯＥ株式会社,,147054,179.0,N/A,,
E23250,,,2025-03-31,000,クリヤマホールディングス株式会社,,133000,175.0,N/A,,
E23250,,,2025-03-31,000,株式会社サカイ引越センター,,64400,160.0,N/A,,
E23250,,,2025-03-31,000,木村工機株式会社,,20000,159.0,N/A,,
E23250,,,2025-03-31,000,日本パワーファスニング株式会社,,652668,157.0,N/A,,
E23250,,,2025-03-31,000,コーナン商事株式会社,,40480,151.0,N/A,,
E23250,,,2025-03-31,000,株式会社錢高組,,38200,147.0,N/A,,
E23250,,,2025-03-31,000,株式会社酉島製作所,,70050,143.0,N/A,,
E23250,,,2025-03-31,000,神栄株式会社,,72500,116.0,N/A,,
E23250,,,2025-03-31,000,保土谷化学工業株式会社,,30200,94.0,N/A,,
E23250,,,2025-03-31,000,株式会社京都ホテル,,117000,82.0,N/A,,
E23250,,,2025-03-31,000,神島化学工業株式会社,,55000,81.0,N/A,,
E23250,,,2025-03-31,000,高田機工株式会社,,72900,74.0,N/A,,
E23250,,,2025-03-31,000,株式会社ケー・エフ・シー,,55000,73.0,N/A,,
E23250,,,2025-03-31,000,日本パレットプール株式会社,,40000,67.0,N/A,,
E23250,,,2025-03-31,000,株式会社スーパーツール,,34000,66.0,N/A,,
E23250,,,2025-03-31,000,株式会社カワサキ,,46600,62.0,N/A,,
E23250,,,2025-03-31,000,ナカバヤシ株式会社,,111424,56.0,N/A,,
E23250,,,2025-03-31,000,ホクシン株式会社,,430510,45.0,N/A,,
E23250,,,2025-03-31,000,株式会社ノザワ,,52500,44.0,N/A,,
E23250,,,2025-03-31,000,東洋炭素株式会社,,10800,42.0,N/A,,
E23250,,,2025-03-31,000,東邦化学工業株式会社,,61000,41.0,N/A,,
E23250,,,2025-03-31,000,株式会社京進,,104000,36.0,N/A,,
E23250,,,2025-03-31,000,フジコピアン株式会社,,20000,29.0,N/A,,
E23250,,,2025-03-31,000,浅香工業株式会社,,16025,25.0,N/A,,
E23250,,,2025-03-31,000,南海辰村建設株式会社,,66550,21.0,N/A,,
E23250,,,2025-03-31,000,神戸電鉄株式会社,,5000,11.0,N/A,,
E23250,,,2025-03-31,000,グローリー株式会社,,3800,9.0,N/A,,
E23250,,,2025-03-31,000,東海東京フィナンシャル・ホールディングス株式会社,,17402,8.0,N/A,,
E23250,,,2025-03-31,000,扶桑化学工業株式会社,,1800,6.0,N/A,,
E01676,,,2024-09-30,000,株式会社京都フィナンシャルグループ,,304000,670.0,同行とは長期借入先としての取引の他、日常の金融・資金取引における取引維持・強化のため保有しております。株式分割による増加であります。,,
E01676,,,2024-09-30,000,東洋炭素株式会社,,108500,617.0,同社の製造設備の供給元として、取引先との取引維持・強化のため保有しております。,,
E01676,,,2024-09-30,000,日本カーボン株式会社,,26100,117.0,同社の炭素製品関連事業に関して取引先との取引維持・強化のため保有しております。,,
E01676,,,2024-09-30,000,株式会社椿本チエイン,,27000,152.0,同社の子会社が取り扱う粉粒体の輸送システム取引において、取引維持・強化のため保有しております。,,
E01676,,,2024-09-30,000,堺化学工業株式会社,,34400,88.0,同社の製造設備の供給元として、取引先との取引維持・強化のため保有しております。,,
E01676,,,2024-09-30,000,株式会社三菱UFJフィナンシャルグループ,,50000,72.0,同行グループとは長期借入先としての取引の他、日常の金融・資金取引における取引維持・強化のため保有しております。,,
E01676,,,2024-09-30,000,株式会社三井住友フィナンシャルグループ（注）２,,8100,73.0,同行グループとは長期借入先としての取引の他、日常の金融・資金取引における取引維持・強化のため保有しております。,,
E01676,,,2024-09-30,000,株式会社百十四銀行,,22000,54.0,同行とは長期借入先としての取引の他、日常の金融・資金取引における取引維持・強化のため保有しております。,,
E01676,,,2024-09-30,000,森下仁丹株式会社,,12200,25.0,同社の粉粒体製造において取引先との取引維持・強化のため保有しております。,,
E01676,,,2024-09-30,000,日本毛織株式会社(注)３,,10736,14.0,同社の子会社は、当社が製造販売する集塵機に使用するろ布の供給元となります。取引先との取引維持・強化のため保有しております。,,
E01676,,,2024-09-30,000,日本電気硝子株式会社,,3775,12.0,同社の製造設備の供給元として、取引維持・強化のため保有しております。株式数の増加は、中長期的な観点より、企業価値向上に資すると判断し、取引先持株会を通じて、毎月一定額を拠出しているものです。,,
E02439,,,2025-01-31,000,株式会社　ナガホリ,,35000,47775.0,円滑な取引関係維持のため,,
E02439,,,2025-01-31,000,株式会社　ヨンドシーホールディングス,,52251,100.0,円滑な取引関係維持のため,,
E02878,,,2025-03-31,000,東日本旅客鉄道㈱,,24000,70848.0,業界情報取得のため。,,
E02878,,,2025-03-31,000,東京エレクトロン㈱,,9000,180990.0,事業上の取引関係維持のため。,,
E02878,,,2025-03-31,000,富士倉庫運輸㈱,,150000,58710.0,取引関係維持のため。,,
E02878,,,2025-03-31,000,㈱三井住友フィナンシャルグループ,,60324,228929.0,財務上の取引関係維持のため。株数増加は、株式分割による。,,
E02878,,,2025-03-31,000,㈱ニッキ,,20000,51000.0,事業上の取引関係維持のため。,,
E02878,,,2025-03-31,000,山一電機㈱,,22000,45518.0,事業上の取引関係維持のため。,,
E02878,,,2025-03-31,000,リーダー電子㈱,,42332.48,18626.0,取引関係維持のため。株数増加は、持株会での買付による。,,
E02878,,,2025-03-31,000,㈱りそなホールディンングス,,42050,54118.0,財務上の取引関係維持、強化のため。,,
E02878,,,2025-03-31,000,ぷらっとホーム㈱,,24000,41496.0,事業上の取引関係維持のため。株数増加は、株式分割による。,,
E02878,,,2025-03-31,000,㈱小阪研究所,,5000,3600.0,事業上の取引関係維持のため。,,
E02878,,,2025-03-31,000,日本電子㈱,,1000,4580.0,事業上の取引関係維持のため。,,
E02878,,,2025-03-31,000,三菱電機㈱,,1700,4624.0,事業上の取引関係維持のため。,,
E02878,,,2025-03-31,000,㈱日立製作所,,3500,12103.0,取引関係維持のため。株数増加は、株式分割による。,,
E02878,,,2025-03-31,000,第一生命ホールディング㈱,,6400,7251.0,業界情報取得、取引関係維持のため。株数増加は、株式分割による。,,
E02878,,,2025-03-31,000,㈱オカムラ,,1000,1967.0,事業上の取引関係維持のため。,,
E02878,,,2025-03-31,000,㈱山田クラブ２１,,18,642.0,業界情報取得のため。,,
E02878,,,2025-03-31,000,㈱みずほフィナンシャルグループ,,108,437.0,財務上の取引関係維持のため。,,
E02878,,,2025-03-31,000,㈱日本抵抗器製作所,,200,160.0,事業上の取引関係維持のため。,,
E02878,,,2025-03-31,000,㈱ロジックリサーチ,,500,50.0,取引関係維持のため。,,
E02878,,,2025-03-31,000,八幡電子工業㈱,,5000,0.0,事業上の取引関係維持のため。,,
E34137,,,2025-03-31,000,㈱りそなホールディングス,,260500,335263.0,当社グループの取引銀行であり、円滑な資金調達のための良好な関係を維持・強化すること及び将来的な企業価値向上のため、継続して保有しております。,,
E34137,,,2025-03-31,000,太平洋セメント㈱,,45000,175365.0,当社グループにおける原材料等の仕入先であり、主にコンクリート事業における原材料等の安定的な調達のための良好な関係を維持・強化するため、継続して保有しております。,,
E34137,,,2025-03-31,000,㈱ほくほくフィナンシャルグループ,,17844,45823.0,当社グループの取引銀行であり、円滑な資金調達のための良好な関係を維持・強化すること及び相互の取り組みによる将来的な企業価値向上のため、継続して保有しております。,,
E34137,,,2025-03-31,000,㈱滋賀銀行,,1600,8416.0,当社グループの取引銀行であり、円滑な資金調達のための良好な関係を維持・強化するため、継続して保有しております。,,
E34137,,,2025-03-31,000,日本コンクリート工業㈱,,20000,6840.0,当社グループのパイル事業における取引関係（技術）の維持・強化のため、継続して保有しております。,,
E01205,,,2024-12-31,000,㈱七十七銀行,,301,1371.0,営業上の取引関係の維持・強化を目的として保有しております。,,
E01161,,,2025-03-31,000,株式会社大林組,,530000,1051.0,主に土木事業・建築事業において営業取引関係維持のため保有しており、当該会社より継続的な工事受注実績があります。（注２）,,
E01161,,,2025-03-31,000,東京応化工業株式会社,,302094,935.0,主に建築事業において営業取引関係維持のため保有しており、当該会社より継続的な工事受注実績があります。（注２）,,
E01161,,,2025-03-31,000,ショーボンドホールディングス株式会社,,63800,304.0,主に土木事業において営業面での一層の拡大を図るため保有しており、当該会社から補修用材料を安定的に調達及び工事受注実績があります。（注２）,,
E01161,,,2025-03-31,000,株式会社三菱総合研究所,,57000,267.0,事業活動に有益な情報収集のため保有しており、経営計画に関連した情報を得ております。（注２）,,
E01161,,,2025-03-31,000,京成電鉄株式会社(注１),,37500,50.0,主に土木事業において営業面での一層の拡大を図るため保有しており、当該会社の関連する建設工事を受注しております。（注２）,,
E00255,,,2025-03-31,000,㈱ＩＨＩ,,192850,1990.0,主要発注者として同社より工事を受注しております。今後も継続して保有することにより、良好な関係の維持・強化を通じて、当社の中長期的な企業価値の向上を図ることを目的としております。,,
E00255,,,2025-03-31,000,㈱ちゅうぎんフィナンシャルグループ,,660000,1102.0,同社子会社である㈱中国銀行は、当社の主要取引金融機関であり資金調達等の金融取引を行っております。今後も継続して保有することにより、良好な関係の維持・強化を通じて、当社の中長期的な企業価値の向上を図ることを目的としております。,,
E00255,,,2025-03-31,000,明治ホールディングス㈱,,234000,760.0,主要発注者として同社より工事を受注しております。今後も継続して保有することにより、良好な関係の維持・強化を通じて、当社の中長期的な企業価値の向上を図ることを目的としております。,,
E00255,,,2025-03-31,000,㈱三菱ＵＦＪフィナンシャル・グループ,,358400,720.0,同社子会社である㈱三菱ＵＦＪ銀行は、当社の主要取引金融機関であり資金調達等の金融取引を行っております。今後も継続して保有することにより、良好な関係の維持・強化を通じて、当社の中長期的な企業価値の向上を図ることを目的としております。,,
E00255,,,2025-03-31,000,㈱共立メンテナンス,,197680,615.0,近年、工事受注の実績はないものの、工事獲得の蓋然性を高めるため、今後も継続して保有することにより、良好な関係の維持・強化を通じて、当社の中長期的な企業価値の向上を図ることを目的としております。(注)６,,
E00255,,,2025-03-31,000,西日本旅客鉄道㈱,,200000,583.0,主要発注者として同社より工事を受注しております。今後も継続して保有することにより、良好な関係の維持・強化を通じて、当社の中長期的な企業価値の向上を図ることを目的としております。(注)７,,
E00255,,,2025-03-31,000,東海旅客鉄道㈱,,150000,428.0,主要発注者として同社より工事を受注しております。今後も継続して保有することにより、良好な関係の維持・強化を通じて、当社の中長期的な企業価値の向上を図ることを目的としております。,,
E00255,,,2025-03-31,000,川崎重工業㈱,,40150,358.0,近年、工事受注の実績はないものの、工事獲得の蓋然性を高めるため、今後も継続して保有することにより、良好な関係の維持・強化を通じて、当社の中長期的な企業価値の向上を図ることを目的としております。,,
E00255,,,2025-03-31,000,㈱メディパルホールディングス,,133280,311.0,主要発注者として同社より工事を受注しております。今後も継続して保有することにより、良好な関係の維持・強化を通じて、当社の中長期的な企業価値の向上を図ることを目的としております。,,
E00255,,,2025-03-31,000,㈱三井住友フィナンシャルグループ,,69900,265.0,同社子会社である㈱三井住友銀行は、当社の主要取引金融機関であり資金調達等の金融取引を行っております。今後も継続して保有することにより、良好な関係の維持・強化を通じて、当社の中長期的な企業価値の向上を図ることを目的としております。(注)８,,
E00255,,,2025-03-31,000,南海電気鉄道㈱,,100000,245.0,主要発注者として同社より工事を受注しております。今後も継続して保有することにより、良好な関係の維持・強化を通じて、当社の中長期的な企業価値の向上を図ることを目的としております。,,
E00255,,,2025-03-31,000,中国電力㈱,,247982,213.0,主要発注者として同社より工事を受注しております。今後も継続して保有することにより、良好な関係の維持・強化を通じて、当社の中長期的な企業価値の向上を図ることを目的としております。,,
E00255,,,2025-03-31,000,イオン㈱,,55803,209.0,主要発注者として同社より工事を受注しております。今後も継続して保有することにより、良好な関係の維持・強化を通じて、当社の中長期的な企業価値の向上を図ることを目的としております。(注)９,,
E00255,,,2025-03-31,000,ＥＮＥＯＳホールディングス㈱,,224700,175.0,主要発注者として同社より工事を受注しております。今後も継続して保有することにより、良好な関係の維持・強化を通じて、当社の中長期的な企業価値の向上を図ることを目的としております。,,
E00255,,,2025-03-31,000,グンゼ㈱,,32160,169.0,主要発注者として同社より工事を受注しております。今後も継続して保有することにより、良好な関係の維持・強化を通じて、当社の中長期的な企業価値の向上を図ることを目的としております。,,
E00255,,,2025-03-31,000,東京製鐵㈱,,105100,167.0,主要発注者として同社より工事を受注しております。今後も継続して保有することにより、良好な関係の維持・強化を通じて、当社の中長期的な企業価値の向上を図ることを目的としております。,,
E00255,,,2025-03-31,000,ＪＦＥホールディングス㈱,,90897,166.0,主要発注者として同社より工事を受注しております。今後も継続して保有することにより、良好な関係の維持・強化を通じて、当社の中長期的な企業価値の向上を図ることを目的としております。,,
E00255,,,2025-03-31,000,九州電力㈱,,80600,105.0,主要発注者として同社より工事を受注しております。今後も継続して保有することにより、良好な関係の維持・強化を通じて、当社の中長期的な企業価値の向上を図ることを目的としております。,,
E00255,,,2025-03-31,000,アマノ㈱,,22000,87.0,主要発注者として同社より工事を受注しております。今後も継続して保有することにより、良好な関係の維持・強化を通じて、当社の中長期的な企業価値の向上を図ることを目的としております。,,
E00255,,,2025-03-31,000,㈱ひろぎんホールディングス,,54523,66.0,同社子会社である㈱広島銀行は、当社の主要取引金融機関であり資金調達等の金融取引を行っております。今後も継続して保有することにより、良好な関係の維持・強化を通じて、当社の中長期的な企業価値の向上を図ることを目的としております。,,
E00255,,,2025-03-31,000,イオンモール㈱,,27729,64.0,主要発注者として同社より工事を受注しております。今後も継続して保有することにより、良好な関係の維持・強化を通じて、当社の中長期的な企業価値の向上を図ることを目的としております。(注)９,,
E00255,,,2025-03-31,000,三井住友トラストグループ㈱,,16208,60.0,同社子会社である三井住友信託銀行㈱は、当社の主要取引金融機関であり資金調達等の金融取引を行っております。今後も継続して保有することにより、良好な関係の維持・強化を通じて、当社の中長期的な企業価値の向上を図ることを目的としております。,,
E00255,,,2025-03-31,000,アコム㈱,,110000,41.0,主要発注者として同社より工事を受注しております。今後も継続して保有することにより、良好な関係の維持・強化を通じて、当社の中長期的な企業価値の向上を図ることを目的としております。,,
E00255,,,2025-03-31,000,三菱ケミカルグループ㈱,,56800,41.0,主要発注者として同社より工事を受注しております。今後も継続して保有することにより、良好な関係の維持・強化を通じて、当社の中長期的な企業価値の向上を図ることを目的としております。,,
E00255,,,2025-03-31,000,㈱ウエスコホールディングス,,62500,41.0,主要発注者として同社より工事を受注しております。今後も継続して保有することにより、良好な関係の維持・強化を通じて、当社の中長期的な企業価値の向上を図ることを目的としております。,,
E00255,,,2025-03-31,000,岡山県貨物運送㈱,,12000,41.0,主要発注者として同社より工事を受注しております。今後も継続して保有することにより、良好な関係の維持・強化を通じて、当社の中長期的な企業価値の向上を図ることを目的としております。,,
E00255,,,2025-03-31,000,㈱みずほフィナンシャルグループ,,7820,31.0,同社子会社である㈱みずほ銀行は、当社の主要取引金融機関であり資金調達等の金融取引を行っております。今後も継続して保有することにより、良好な関係の維持・強化を通じて、当社の中長期的な企業価値の向上を図ることを目的としております。,,
E00255,,,2025-03-31,000,㈱トマト銀行,,15400,18.0,当社の主要取引金融機関であり資金調達等の金融取引を行っております。今後も継続して保有することにより、良好な関係の維持・強化を通じて、当社の中長期的な企業価値の向上を図ることを目的としております。,,
E00255,,,2025-03-31,000,㈱百十四銀行,,5200,18.0,当社の主要取引金融機関であり資金調達等の金融取引を行っております。今後も継続して保有することにより、良好な関係の維持・強化を通じて、当社の中長期的な企業価値の向上を図ることを目的としております。,,
E00255,,,2025-03-31,000,㈱中電工,,4430,14.0,主要発注者として同社より工事を受注しております。今後も継続して保有することにより、良好な関係の維持・強化を通じて、当社の中長期的な企業価値の向上を図ることを目的としております。,,
E00255,,,2025-03-31,000,千代田化工建設㈱,,38140,12.0,主要発注者として同社より工事を受注しております。今後も継続して保有することにより、良好な関係の維持・強化を通じて、当社の中長期的な企業価値の向上を図ることを目的としております。,,
E00255,,,2025-03-31,000,東邦ホールディングス㈱,,2700,12.0,主要発注者として同社より工事を受注しております。今後も継続して保有することにより、良好な関係の維持・強化を通じて、当社の中長期的な企業価値の向上を図ることを目的としております。,,
E00255,,,2025-03-31,000,住友重機械工業㈱,,2854,8.0,主要発注者として同社より工事を受注しております。今後も継続して保有することにより、良好な関係の維持・強化を通じて、当社の中長期的な企業価値の向上を図ることを目的としております。,,
E00255,,,2025-03-31,000,㈱天満屋ストア,,1100,1.0,主要発注者として同社より工事を受注しております。今後も継続して保有することにより、良好な関係の維持・強化を通じて、当社の中長期的な企業価値の向上を図ることを目的としております。,,
E24991,,,2024-09-30,000,㈱キーエンス,,35788,2446.0,取引関係や協力関係の維持強化により、中長期的な企業価値の向上を図るため、株式を保有しております。,,
E24991,,,2024-09-30,000,㈱三井住友フィナンシャルグループ,,37903,346.0,取引金融機関との緊密な信頼関係を維持し、円滑な資金調達など財務面での安全性を高めるため、株式を保有しております。,,
E00138,,,2025-03-20,000,㈱群馬銀行,,1297933,1650321.0,主要取引金融機関であり、資金調達、事業展開の情報収集、安定的な協力関係の維持強化等を目的とし保有しています。,,
E00138,,,2025-03-20,000,ＳＯＭＰＯホールディングス㈱（注）３,,235086,1103493.0,主要取引金融機関であり、保険業務に係る協力関係の維持強化等を目的とし保有しています。,,
E00138,,,2025-03-20,000,高砂熱学工業㈱,,152688,892461.0,業務及び資本提携により、より顧客にダイレクトに訴求したサービスの提供を実現すべく保有していましたが、2024年５月12日付けで本提携を解消したため、売却する方針です。,,
E00138,,,2025-03-20,000,松井建設㈱,,609300,572742.0,建設工事の受注先であり、今後の事業戦略と取引の維持拡大を目的とし保有しています。,,
E00138,,,2025-03-20,000,マックス㈱,,110667,499109.0,建設工事の受注先であり、今後の事業戦略と取引の維持拡大を目的とし保有しています。（株式数の増加理由）取引先持株会を通じた株式の取得,,
E00138,,,2025-03-20,000,㈱三井住友フィナンシャルグループ（注）４,,111480,443913.0,主要取引金融機関であり、資金調達、事業展開の情報収集、安定的な協力関係の維持強化等を目的とし保有しています。,,
E00138,,,2025-03-20,000,㈱キッツ,,326000,401306.0,主要調達先であり、今後の安定した調達のため良好な関係維持を目的とし保有しています。,,
E00138,,,2025-03-20,000,佐田建設㈱,,356917,397963.0,建設工事の受注先であり、今後の事業戦略と取引の維持拡大を目的とし保有しています。（株式数の増加理由）取引先持株会を通じた株式の取得,,
E00138,,,2025-03-20,000,㈱オーテック,,81000,346680.0,主要調達先であり、今後の安定した調達のため良好な関係維持を目的とし保有しています。,,
E00138,,,2025-03-20,000,㈱コンコルディア・フィナンシャルグループ,,309000,309463.0,主要取引金融機関であり、資金調達、事業展開の情報収集、安定的な協力関係の維持強化等を目的とし保有しています。,,
E00138,,,2025-03-20,000,㈱第四北越フィナンシャルグループ（注）５,,85926,281837.0,主要取引金融機関であり、資金調達、事業展開の情報収集、安定的な協力関係の維持強化等を目的とし保有しています。,,
E00138,,,2025-03-20,000,㈱東和銀行,,351200,230387.0,主要取引金融機関であり、資金調達、事業展開の情報収集、安定的な協力関係の維持強化等を目的とし保有しています。,,
E00138,,,2025-03-20,000,カネコ種苗㈱,,141618,200673.0,地元企業との関係強化・情報収集、地域社会への貢献等による企業価値向上を目的とし保有しています。（株式数の増加理由）取引先持株会を通じた株式の取得,,
E00138,,,2025-03-20,000,㈱ＲＹＯＤＥＮ,,76000,197828.0,主要調達先であり、今後の安定した調達のため良好な関係維持を目的とし保有しています。,,
E00138,,,2025-03-20,000,藤田エンジニアリング㈱,,130000,196950.0,地元企業との関係強化・情報収集、地域社会への貢献等による企業価値向上を目的とし保有しています。,,
E00138,,,2025-03-20,000,三井住友トラストグループ㈱（注）６,,42912,169416.0,主要取引金融機関であり、資金調達、事業展開の情報収集、安定的な協力関係の維持強化等を目的とし保有しています。,,
E00138,,,2025-03-20,000,㈱ワークマン,,40200,167433.0,地元企業との関係強化・情報収集、地域社会への貢献等による企業価値向上を目的とし保有しています。,,
E00138,,,2025-03-20,000,ＴＯＴＯ㈱,,37000,151330.0,主要調達先であり、今後の安定した調達のため良好な関係維持を目的とし保有しています。,,
E00138,,,2025-03-20,000,㈱西武ホールディングス,,32600,118990.0,建設工事の受注先であり、今後の事業戦略と取引の維持拡大を目的とし保有しています。,,
E00138,,,2025-03-20,000,橋本総業ホールディングス㈱,,80344,104286.0,主要調達先であり、今後の安定した調達のため良好な関係維持を目的とし保有しています。,,
E00138,,,2025-03-20,000,ユアサ商事㈱,,20432,97157.0,主要調達先であり、今後の安定した調達のため良好な関係維持を目的とし保有しています。（株式数の増加理由）取引先持株会を通じた株式の取得,,
E00138,,,2025-03-20,000,㈱タクマ,,53000,97096.0,主要調達先であり、今後の安定した調達のため良好な関係維持を目的とし保有しています。,,
E00138,,,2025-03-20,000,㈱ＩＣ,,100000,95600.0,主要調達先であり、今後の安定した調達のため良好な関係維持を目的とし保有しています。,,
E00138,,,2025-03-20,000,朝日印刷㈱,,102200,92797.0,取引先であり、良好な関係維持を目的とし保有しています。,,
E00138,,,2025-03-20,000,昭和化学工業㈱,,194000,91762.0,取引先であり、良好な関係維持を目的とし保有しています。,,
E00138,,,2025-03-20,000,エムケー精工㈱,,178000,88466.0,取引先であり、良好な関係維持を目的とし保有しています。,,
E00138,,,2025-03-20,000,東京電力ホールディングス㈱,,155000,71780.0,建設工事の受注先であり、今後の事業戦略と取引の維持拡大を目的とし保有しています。,,
E00138,,,2025-03-20,000,名糖産業㈱,,34800,71618.0,取引先であり、良好な関係維持を目的とし保有しています。,,
E00138,,,2025-03-20,000,ダイキン工業㈱,,3600,61254.0,主要調達先であり、今後の安定した調達のため良好な関係維持を目的とし保有しています。,,
E00138,,,2025-03-20,000,㈱ベルーナ,,49559,46932.0,建設工事の受注先であり、今後の事業戦略と取引の維持拡大を目的とし保有しています。（株式数の増加理由）取引先持株会を通じた株式の取得,,
E00138,,,2025-03-20,000,サンワテクノス㈱,,20200,44480.0,主要調達先であり、今後の安定した調達のため良好な関係維持を目的とし保有しています。,,
E00138,,,2025-03-20,000,㈱星医療酸器,,9500,42132.0,主要調達先であり、今後の安定した調達のため良好な関係維持を目的とし保有しています。,,
E00138,,,2025-03-20,000,仙波糖化工業㈱,,58000,41528.0,取引先であり、良好な関係維持を目的とし保有しています。,,
E00138,,,2025-03-20,000,㈱ライフコーポレーション（注）７,,20000,38020.0,建設工事の受注先であり、今後の事業戦略と取引の維持拡大を目的とし保有しています。,,
E00138,,,2025-03-20,000,第一生命ホールディングス㈱,,8200,37802.0,主要取引金融機関であり、保険業務に係る協力関係の維持強化等を目的とし保有しています。,,
E00138,,,2025-03-20,000,インフロニア・ホールディングス㈱,,26449,32229.0,建設工事の受注先であり、今後の事業戦略と取引の維持拡大を目的とし保有しています。（株式数の増加理由）取引先持株会を通じた株式の取得,,
E00138,,,2025-03-20,000,パナソニックホールディングス㈱,,10900,20366.0,主要調達先であり、今後の安定した調達のため良好な関係維持を目的とし保有しています。,,
E00138,,,2025-03-20,000,ユナイテッド・スーパーマーケット・ホールディングス㈱,,18090,15032.0,建設工事の受注先であり、今後の事業戦略と取引の維持拡大を目的とし保有しています。（株式数の増加理由）㈱いなげやの株式交換によるものです。,,
E00138,,,2025-03-20,000,太陽誘電㈱,,5319,14120.0,建設工事の受注先であり、今後の事業戦略と取引の維持拡大を目的とし保有しています。（株式数の増加理由）取引先持株会を通じた株式の取得,,
E00138,,,2025-03-20,000,Fastly Inc,,6110,6475.0,他社株転換可能債が株式に転換されたため取得していますが、市場環境を勘案しつつ、保有株式のすべてを売却予定です。,,
E00138,,,2025-03-20,000,㈱ニップン,,37,83.0,当事業年度において保有株式を売却しています。また、提出日現在においては取引先持株会を退会し、左記の貸借対照表計上額は全て精算されています。,,
E02307,,,2025-03-31,000,ＩＭＶ㈱,,766000,1185.0,主として装置事業の販売取引先及びサービス事業の業務委託先であり、取引関係の維持・強化を目的として保有しております。,,
E02307,,,2025-03-31,000,因幡電器産業㈱,,167868,637.0,主として装置事業の資材調達で取引があり、取引関係の維持・強化を目的として保有しております。,,
E02307,,,2025-03-31,000,㈱立花エレテック,,136010,326.0,主として装置事業の販売取引先及び資材調達で取引があり、取引関係の維持・強化を目的として保有しております。,,
E02307,,,2025-03-31,000,アズビル㈱,,240000,276.0,主として装置事業の販売取引先及び資材調達で取引があり、取引関係の維持・強化を目的として保有しております。株式数の増加は株式分割によるものです。,,
E02307,,,2025-03-31,000,㈱みずほフィナンシャルグループ,,53384,216.0,金融取引先であり、取引関係の維持・強化を目的として保有しています。,,
E02307,,,2025-03-31,000,ＣＫＤ㈱,,99000,199.0,主として装置事業の資材調達で取引があり、取引関係の維持・強化を目的として保有しております。,,
E02307,,,2025-03-31,000,グローリー㈱,,62000,162.0,主として装置事業の販売取引先であり、取引関係の維持・強化を目的として保有しております。,,
E02307,,,2025-03-31,000,㈱チノー,,60000,119.0,主として装置事業の資材調達で取引があり、取引関係の維持・強化を目的として保有しております。,,
E02307,,,2025-03-31,000,サンワテクノス㈱,,50400,107.0,主として装置事業の販売取引先及び資材調達で取引があり、取引関係の維持・強化を目的として保有しております。,,
E02307,,,2025-03-31,000,㈱京都フィナンシャルグループ,,46032,104.0,金融取引先であり、取引関係の維持・強化を目的として保有しています。,,
E02307,,,2025-03-31,000,㈱日阪製作所,,75720,74.0,主として装置事業の資材調達で取引があり、取引関係の維持・強化を目的として保有しております。,,
E02307,,,2025-03-31,000,日本電計㈱,,30000,54.0,主として装置事業の販売及び資材調達で取引があり、取引関係の維持・強化を目的として保有しております。,,
E02307,,,2025-03-31,000,㈱りそなホールディングス,,28927,37.0,金融取引先であり、取引関係の維持・強化を目的として保有しています。,,
E03283,,,2024-04-30,000,株式会社百五銀行,,283735,184.0,資金取引関係等の維持・強化のため保有しております。,,
E03283,,,2024-04-30,000,株式会社三越伊勢丹ホールディングス,,10000,22.0,営業上の取引（店舗出店）としての関係維持・強化による当社事業拡大のため保有しております。,,
E03283,,,2024-04-30,000,株式会社髙島屋,,1000,2.0,営業上の取引（店舗出店）としての関係維持・強化による当社事業拡大のため保有しております。,,
E03283,,,2024-04-30,000,J．フロントリテイリング株式会社,,1000,1.0,営業上の取引（店舗出店）としての関係維持・強化による当社事業拡大のため保有しております。,,
E02882,,,2025-01-20,000,㈱バンダイナムコホールディングス,,46800,161881.0,当社の大株主であり、業界大手グループであることから、双方にとってより安定的かつ継続的な取引関係を維持するために保有しております。,,
E01729,,,2025-03-31,000,ミクロン精密㈱,,15000,22.0,取引関係強化のため保有しております。定量的な保有効果の記載は困難でありますが、当社ではセンタレスグラインダのトップメーカーである同社のグラインダを使用しており、同社との協力が、当社の中長期的な企業価値向上に資すると判断しております。なお、保有の合理性につきましては、当社の資本コスト及び同社からの受取配当金等を含めて総合的に勘案し検証しております。,,
E01670,,,2025-03-31,000,寿スピリッツ㈱,,300000,729000.0,配当利回りが高く、含み益が多いことや、営業上の取引関係維持強化のため保有しております。,,
E01670,,,2025-03-31,000,㈱めぶきフィナンシャルグループ,,599450,435020.0,毎年安定した配当があることや、主要取引金融機関である発行会社傘下の足利銀行及び常陽銀行と財務面での取引があり、安定的な運転資金確保のため保有しております。,,
E01670,,,2025-03-31,000,㈱三菱ＵＦＪフィナンシャル・グループ,,99536,200166.0,毎年安定した配当があることや、主要取引金融機関である発行会社傘下の三菱ＵＦＪ信託銀行と取引があり、関係維持強化のため保有しております。,,
E01670,,,2025-03-31,000,㈱みずほフィナンシャルグループ,,48136,194998.0,毎年安定した配当があることや、主要取引金融機関である発行会社傘下のみずほ銀行と財務面での取引があり、安定的な運転資金確保のため保有しております。,,
E01670,,,2025-03-31,000,理研ビタミン㈱,,57403,138857.0,毎年安定した配当があることや、商品開発における取引関係維持強化のため保有しております。また、取引先持株会に加入しているため、株式数が増加しております。,,
E01670,,,2025-03-31,000,㈱栃木銀行,,209120,66291.0,毎年安定した配当があることや、財務面での取引があり、安定的な運転資金確保のため保有しております。,,
E01670,,,2025-03-31,000,㈱ニップン,,19888,43156.0,毎年安定した配当があることや、大手顧客との取引関係維持強化のため保有しております。また、取引先持株会に加入しているため、株式数が増加しております。,,
E01670,,,2025-03-31,000,第一生命ホールディングス㈱,,9000,40788.0,毎年安定した配当があることや、取引関係維持強化のため保有しております。,,
E01670,,,2025-03-31,000,㈱中村屋,,12771,39976.0,毎年安定した配当があることや、大手顧客との取引関係維持強化のため保有しております。また、取引先持株会に加入しているため、株式数が増加しております。,,
E01670,,,2025-03-31,000,ミヨシ油脂㈱,,5000,8440.0,毎年安定した配当があることや、原材料調達における取引関係維持強化のため保有しております。,,
E01670,,,2025-03-31,000,日糧製パン㈱,,400,885.0,毎年安定した配当があることや、顧客との取引関係維持強化のため保有しております。,,
E01092,,,2025-03-31,000,株式会社三菱ＵＦＪフィナンシャル・グループ,,2228900,4482.0,主要取引金融機関であり、株式会社三菱ＵＦＪ銀行との間で資金借入取引等の銀行取引を行っており、継続的な取引を目的とし、同社との良好な取引関係の維持、強化を図るため。,,
E01092,,,2025-03-31,000,株式会社三井住友フィナンシャルグループ,,376695,1429.0,主要取引金融機関であり、株式会社三井住友銀行との間で資金借入取引等の銀行取引を行っており、継続的な取引を目的とし、同社との良好な取引関係の維持、強化を図るため。また、株式分割により保有株式数が増加。,,
E01092,,,2025-03-31,000,ＭＳ＆ＡＤインシュアランスグループホールディングス株式会社,,219543,708.0,あいおいニッセイ同和損害保険株式会社との間で損害保険契約等の取引を行っており、同社との良好な取引関係の維持、強化を図るため。また、株式分割により保有株式数が増加。,,
E01092,,,2025-03-31,000,株式会社マキタ,,118000,581.0,一般産業用伝動ベルト製品の取引を行っており、継続的な取引を目的とし、同社との良好な取引関係の維持、強化を図るため。,,
E01092,,,2025-03-31,000,株式会社みずほフィナンシャルグループ,,100100,405.0,主要取引金融機関であり、株式会社みずほ銀行との間で資金借入取引等の銀行取引を行っており、継続的な取引を目的とし、同社との良好な取引関係の維持、強化を図るため。,,
E01092,,,2025-03-31,000,オイレス工業株式会社,,106450,240.0,免震支承用ゴム製品の材料を供給しており、継続的な取引を目的とし、同社との良好な取引関係の維持、強化を図るため。,,
E01092,,,2025-03-31,000,株式会社カネミツ,,141220,118.0,パワーシーブ等プーリの外注先であり、継続的な取引を目的とし、同社との良好な取引関係の維持、強化を図るため。,,
E01092,,,2025-03-31,000,東ソー株式会社,,55500,113.0,合成ゴムおよびウレタンの主要仕入先であり、継続的な取引を目的とし、同社との良好な取引関係の維持、強化を図るため。,,
E01092,,,2025-03-31,000,岩塚製菓株式会社,,33000,93.0,樹脂コンベヤベルト製品の取引を行っており、継続的な取引を目的とし、同社との良好な取引関係の維持、強化を図るため。,,
E01092,,,2025-03-31,000,井関農機株式会社,,77200,83.0,農業機械向け伝動ベルト製品の取引を行っており、継続的な取引を目的とし、同社との良好な取引関係の維持、強化を図るため。,,
E01092,,,2025-03-31,000,東海旅客鉄道株式会社,,25000,71.0,ゴム床材の取引を行っており、継続的な取引を目的とし、同社との良好な取引関係の維持、強化を図るため。,,
E01092,,,2025-03-31,000,株式会社ノザワ,,72000,60.0,同じ経営研究会に参画し、経営者同士の交流を行っており、継続的に交流を重ねることを目的とし、同社との良好な関係の維持、強化を図るため。,,
E01092,,,2025-03-31,000,日鉄鉱業株式会社,,9000,59.0,コンベヤベルト製品の取引を行っており、継続的な取引を目的とし、同社との良好な取引関係の維持、強化を図るため。,,
E01092,,,2025-03-31,000,株式会社さくらケーシーエス,,30000,34.0,当社のシステム構築および運用支援を受けており、継続的な取引を目的とし、同社との良好な取引関係の維持、強化を図るため。,,
E01092,,,2025-03-31,000,日本ゼオン株式会社,,20000,29.0,合成ゴムの主要仕入先であり、継続的な取引を目的とし、同社との良好な取引関係の維持、強化を図るため。,,
E01092,,,2025-03-31,000,西日本旅客鉄道株式会社,,10000,29.0,ゴム床材の取引を行っており、継続的な取引を目的とし、同社との良好な取引関係の維持、強化を図るため。また、株式分割により保有株式数が増加。,,
E03768,,,2025-03-31,000,㈱ひろぎんホールディングス（注３）,,1000000,1211.0,中・長期的に安定的な取引関係を維持するため保有する株式。取引関係、保有に伴う便益等により、取締役会で保有の適否を検証した結果、売却方針といたしました。,,
E03768,,,2025-03-31,000,㈱ＣＩＪ（注４）,,1174692,538.0,中・長期的に安定的な取引関係を維持するため保有する株式。取引関係、人的交流に加え、保有に伴う便益が資本コストを上回っていることから、取締役会で保有の適否を検証した結果、証券取引において継続的に一定水準の収益計上があったことに加え今後のビジネスチャンスも考慮し、保有方針といたしました。但し、資本の効率活用を踏まえた財務戦略上の観点を含め、修正６次中期経営計画期間中において、改めて保有の是非（含む一部売却）を毎年検証してまいります。,,
E03768,,,2025-03-31,000,㈱ヨンドシーホールディングス（注５）,,140800,259.0,中・長期的に安定的な取引関係を維持するため保有する株式。取引関係、人的交流に加え、保有に伴う便益が資本コストを上回っていることから、取締役会で保有の適否を検証した結果、最近の証券取引における収益計上は少額なものの今後のビジネスチャンスも考慮し、保有方針といたしました。但し、資本の効率活用を踏まえた財務戦略上の観点を含め、修正６次中期経営計画期間中において、改めて保有の是非（含む一部売却）を毎年検証してまいります。,,
E03768,,,2025-03-31,000,カンダホールディングス㈱,,232000,183.0,中・長期的に安定的な取引関係を維持するため保有する株式。グループ持株会も含めた証券取引関係に加え、保有に伴う便益が資本コストを上回っていることから、取締役会で保有の適否を検証した結果、今後の証券取引に関するビジネスチャンスも考慮し、保有方針といたしました。但し、資本の効率活用を踏まえた財務戦略上の観点を含め、修正６次中期経営計画期間中において、改めて保有の是非（含む一部売却）を毎年検証してまいります。,,
E03768,,,2025-03-31,000,Ｋ＆Ｏエナジーグループ㈱,,50000,149.0,中・長期的に安定的な取引関係を維持するため保有する株式。取引関係、保有に伴う便益等により、取締役会で保有の適否を検証した結果、売却方針といたしました。,,
E03768,,,2025-03-31,000,平和不動産㈱,,27600,129.0,中・長期的に安定的な取引関係を維持するため保有する株式。取引関係、保有に伴う便益等により、取締役会で保有の適否を検証した結果、売却方針といたしました。,,
E03768,,,2025-03-31,000,リョーサン菱洋ホールディングス㈱（注６）,,51480,125.0,中・長期的に安定的な取引関係を維持するため保有する株式。取引関係、保有に伴う便益等により、取締役会で保有の適否を検証した結果、売却方針といたしました。,,
E03768,,,2025-03-31,000,日本フエルト㈱,,200000,96.0,中・長期的に安定的な取引関係を維持するため保有する株式。保有に伴う便益は資本コストを下回っているものの 以前は資本施策の一環で法人ビジネスがあった取引先でもあり、取締役会で保有の適否を検証した結果、今後の法人ビジネスや人的提携等の模索も含め、当面の間、保有方針といたしました。但し、資本の効率活用を踏まえた財務戦略上の観点を含め、修正６次中期経営計画期間中において、改めて保有の是非（含む一部売却）を毎年検証してまいります。,,
E03768,,,2025-03-31,000,リョービ㈱,,40000,89.0,中・長期的に安定的な取引関係を維持するため保有する株式。グループ持株会や政策投資有価証券に関わる取引関係において、資本コストを上回る便益を認識しています。取締役会で保有の適否を検証した結果、今後の証券取引に関するビジネスチャンスも考慮し、保有方針といたしました。但し、資本の効率活用を踏まえた財務戦略上の観点を含め、修正６次中期経営計画期間中において、改めて保有の是非（含む一部売却）を毎年検証してまいります。,,
E03768,,,2025-03-31,000,ＮＫＫスイッチズ㈱,,15800,72.0,中・長期的に安定的な取引関係を維持するため保有する株式。人的な提携先としても重要である一方、保有に伴う便益が資本コストを下回っている状況。取締役会で保有の適否を検証した結果、直近で証券取引における便益認識ができていることに加え、金融教育を介した証券ビジネス機会を鑑みて、当面の間、保有方針といたしました。但し、資本の効率活用を踏まえた財務戦略上の観点を含め、修正６次中期経営計画期間中において、改めて保有の是非（含む一部売却）を毎年検証してまいります。,,
E03768,,,2025-03-31,000,㈱ノザワ,,78500,66.0,中・長期的に安定的な取引関係を維持するため保有する株式。取引関係、保有に伴う便益等により、取締役会で保有の適否を検証した結果、売却方針といたしました。,,
E03768,,,2025-03-31,000,㈱マナック・ケミカル・パートナーズ,,100000,58.0,中・長期的に安定的な取引関係を維持するため保有する株式。取引関係、保有に伴う便益等により、取締役会で保有の適否を検証した結果、売却方針といたしました。,,
E03768,,,2025-03-31,000,㈱小林洋行,,5000,1.0,中・長期的に安定的な取引関係を維持するため保有する株式。取締役会で保有の適否を検証した結果、少額ながら継続的な証券取引における収益があり、保有に伴う便益が資本コストを上回る状況を認識しており、当面の間、保有方針といたしました。但し、資本の効率活用を踏まえた財務戦略上の観点を含め、修正６次中期経営計画期間中において、改めて保有の是非（含む一部売却）を毎年検証してまいります。,,
E20385,,,2025-02-28,000,アララ㈱,,250000,137750.0,発行会社との取引関係を維持・強化するため保有しております。定量的な保有効果の記載は困難ですが、保有目的や取引状況等により合理性を検証しております。,,
E20385,,,2025-02-28,000,㈱セルシス,,78000,95238.0,発行会社との取引関係を維持・強化するため保有しております。定量的な保有効果の記載は困難ですが、保有目的や取引状況等により合理性を検証しております。,,
E20385,,,2025-02-28,000,ピクシーダストテクノロジーズ㈱,,121125,11137.0,発行会社との取引関係を維持するため継続保有しております。定量的な保有効果の記載は困難ですが、保有目的や取引状況等により合理性を検証しております。営業上の関係維持、強化を目的とした株式の追加取得に伴い株式数が増加しております。なお、同社は当事業年度中に上場廃止となっていることから当事業年度末時点においては特定投資株式に該当しておりません。,,
E03615,,,2025-03-31,000,伊藤忠商事株式会社,,31200000,215311.0,発行会社との金融分野を中心とした総合的な取引関係を維持強化するため。,,
E03615,,,2025-03-31,000,東日本旅客鉄道株式会社,,39000000,115128.0,N/A,,
E03615,,,2025-03-31,000,キヤノン株式会社,,22558173,104782.0,N/A,,
E03615,,,2025-03-31,000,イオン株式会社,,23914700,89680.0,発行会社との金融分野を中心とした総合的な取引関係を維持強化するため。,,
E03615,,,2025-03-31,000,東海旅客鉄道株式会社,,28757500,82073.0,発行会社との金融分野を中心とした総合的な取引関係を維持強化するため。,,
E03615,,,2025-03-31,000,丸紅株式会社,,30000000,71385.0,発行会社との金融分野を中心とした総合的な取引関係を維持強化するため。,,
E03615,,,2025-03-31,000,第一生命ホールディングス株式会社,,56000000,63448.0,発行会社との保険分野を中心とした業務上の関係、及び総合的な取引上の関係を維持強化するため。株式分割により株式数増加。,,
E03615,,,2025-03-31,000,株式会社クボタ,,25347500,46411.0,発行会社との金融分野を中心とした総合的な取引関係を維持強化するため。,,
E03615,,,2025-03-31,000,三井物産株式会社,,13389036,37482.0,発行会社との金融分野を中心とした総合的な取引関係を維持強化するため。株式分割により株式数増加。,,
E03615,,,2025-03-31,000,日本製鉄株式会社,,11046666,35294.0,発行会社との金融分野を中心とした総合的な取引関係を維持強化するため。,,
E03615,,,2025-03-31,000,株式会社ダイフク,,9265057,33743.0,発行会社との金融分野を中心とした総合的な取引関係を維持強化するため。,,
E03615,,,2025-03-31,000,株式会社安川電機,,8100856,30216.0,発行会社との金融分野を中心とした総合的な取引関係を維持強化するため。,,
E03615,,,2025-03-31,000,東京センチュリー株式会社,,18752120,27406.0,発行会社とのリース分野を中心とした業務上の関係、及び総合的な取引上の関係を維持強化するため。,,
E03615,,,2025-03-31,000,株式会社ＳＵＢＡＲＵ,,10078909,26658.0,発行会社との金融分野を中心とした総合的な取引関係を維持強化するため。,,
E03615,,,2025-03-31,000,川崎汽船株式会社,,12694020,25686.0,発行会社との金融分野を中心とした総合的な取引関係を維持強化するため。,,
E03615,,,2025-03-31,000,関西電力株式会社,,12377966,21939.0,発行会社との金融分野を中心とした総合的な取引関係を維持強化するため。,,
E03615,,,2025-03-31,000,スズキ株式会社,,12000000,21720.0,発行会社との金融分野を中心とした総合的な取引関係を維持強化するため。,,
E03615,,,2025-03-31,000,株式会社西武ホールディングス,,6409800,21165.0,発行会社との金融分野を中心とした総合的な取引関係を維持強化するため。,,
E03615,,,2025-03-31,000,横浜ゴム株式会社,,6093250,20972.0,発行会社との金融分野を中心とした総合的な取引関係を維持強化するため。,,
E03615,,,2025-03-31,000,ヤマトホールディングス株式会社,,10247442,20100.0,発行会社との金融分野を中心とした総合的な取引関係を維持強化するため。,,
E03615,,,2025-03-31,000,川崎重工業株式会社,,2239412,19993.0,発行会社との金融分野を中心とした総合的な取引関係を維持強化するため。,,
E03615,,,2025-03-31,000,京成電鉄株式会社,,14595087,19666.0,発行会社との金融分野を中心とした総合的な取引関係を維持強化するため。株式分割により株式数増加。,,
E03615,,,2025-03-31,000,日本酸素ホールディングス株式会社,,4332847,19558.0,発行会社との金融分野を中心とした総合的な取引関係を維持強化するため。,,
E03615,,,2025-03-31,000,株式会社村田製作所,,8456122,19495.0,発行会社との金融分野を中心とした総合的な取引関係を維持強化するため。,,
E03615,,,2025-03-31,000,ダイキン工業株式会社,,1200000,19368.0,発行会社との金融分野を中心とした総合的な取引関係を維持強化するため。,,
E03615,,,2025-03-31,000,ＪＦＥホールディングス株式会社,,9776680,17886.0,発行会社との金融分野を中心とした総合的な取引関係を維持強化するため。,,
E03615,,,2025-03-31,000,大和ハウス工業株式会社,,3500854,17287.0,発行会社との金融分野を中心とした総合的な取引関係を維持強化するため。,,
E03615,,,2025-03-31,000,東急株式会社,,9906415,16692.0,発行会社との金融分野を中心とした総合的な取引関係を維持強化するため。,,
E03615,,,2025-03-31,000,株式会社日清製粉グループ本社,,9447048,16348.0,発行会社との金融分野を中心とした総合的な取引関係を維持強化するため。,,
E03615,,,2025-03-31,000,株式会社商船三井,,3150000,16342.0,発行会社との金融分野を中心とした総合的な取引関係を維持強化するため。,,
E03615,,,2025-03-31,000,大日本印刷株式会社,,7666600,16249.0,発行会社との金融分野を中心とした総合的な取引関係を維持強化するため。株式分割により株式数増加。,,
E03615,,,2025-03-31,000,いすゞ自動車株式会社,,7965705,16062.0,発行会社との金融分野を中心とした総合的な取引関係を維持強化するため。,,
E03615,,,2025-03-31,000,日清食品ホールディングス株式会社,,5061000,15451.0,発行会社との金融分野を中心とした総合的な取引関係を維持強化するため。,,
E03615,,,2025-03-31,000,東ソー株式会社,,7046755,14470.0,発行会社との金融分野を中心とした総合的な取引関係を維持強化するため。,,
E03615,,,2025-03-31,000,日本空港ビルデング株式会社,,3300000,13569.0,発行会社との金融分野を中心とした総合的な取引関係を維持強化するため。,,
E03615,,,2025-03-31,000,株式会社ニチレイ,,7627730,13558.0,発行会社との金融分野を中心とした総合的な取引関係を維持強化するため。株式分割により株式数増加。,,
E03615,,,2025-03-31,000,日本郵船株式会社,,2743921,13502.0,発行会社との金融分野を中心とした総合的な取引関係を維持強化するため。,,
E03615,,,2025-03-31,000,大和工業株式会社,,1675000,13245.0,発行会社との金融分野を中心とした総合的な取引関係を維持強化するため。,,
E03615,,,2025-03-31,000,トヨタ自動車株式会社,,5021890,13137.0,発行会社との金融分野を中心とした総合的な取引関係を維持強化するため。,,
E03615,,,2025-03-31,000,日本ゼオン株式会社,,8370000,12513.0,発行会社との金融分野を中心とした総合的な取引関係を維持強化するため。,,
E03615,,,2025-03-31,000,王子ホールディングス株式会社,,18030890,11308.0,発行会社との金融分野を中心とした総合的な取引関係を維持強化するため。,,
E03615,,,2025-03-31,000,宝ホールディングス株式会社,,9738000,11154.0,発行会社との金融分野を中心とした総合的な取引関係を維持強化するため。,,
E03615,,,2025-03-31,000,中国中信股份有限公司,,57863000,10676.0,発行会社との金融分野を中心とした総合的な取引関係を維持強化するため。,,
E03615,,,2025-03-31,000,株式会社クレディセゾン,,3000000,10578.0,発行会社との金融分野を中心とした総合的な取引関係を維持強化するため。,,
E03615,,,2025-03-31,000,芙蓉総合リース株式会社,,2723700,10510.0,発行会社とのリース分野を中心とした業務上の関係、及び総合的な取引上の関係を維持強化するため。株式分割により株式数増加。,,
E03615,,,2025-03-31,000,大同特殊鋼株式会社,,7886570,9385.0,発行会社との金融分野を中心とした総合的な取引関係を維持強化するため。,,
E03615,,,2025-03-31,000,サッポロホールディングス株式会社,,1106584,8441.0,発行会社との金融分野を中心とした総合的な取引関係を維持強化するため。,,
E03615,,,2025-03-31,000,古河電気工業株式会社,,1206873,5949.0,発行会社との金融分野を中心とした総合的な取引関係を維持強化するため。,,
E03615,,,2025-03-31,000,セイコーエプソン株式会社,,2009100,4794.0,発行会社との金融分野を中心とした総合的な取引関係を維持強化するため。,,
E03615,,,2025-03-31,000,ライオン株式会社,,23844,42.0,発行会社との金融分野を中心とした総合的な取引関係を維持強化するため。,,
E30002,,,2025-02-28,000,㈱Amazia,,140000,43.0,電子書籍流通事業及び戦略投資事業における販売先・仕入先であり、良好な取引関係を維持・発展させるため,,
E22995,,,2024-06-30,000,テルモ㈱,,750400,1990811.0,"医療機器調達等における関係維持・強化のため保有しております。なお、同社との取引に対する担保として、504,000株(貸借対照表計上額 1,337,112千円)を提供しております。また、株式分割に伴い株式数が増加しております。定量的な保有効果については、(注)に記載しております。",,
E22995,,,2024-06-30,000,オリンパス㈱,,154335,400269.0,医療機器調達等における関係維持・強化のため保有しております。定量的な保有効果については、(注)に記載しております。,,
E22995,,,2024-06-30,000,㈱しずおかフィナンシャルグループ,,50000,77200.0,取引金融機関であり、関係の構築、維持及び強化のため保有しております。定量的な保有効果については、(注)に記載しております。,,
E22995,,,2024-06-30,000,㈱ハマキョウレックス,,2400,10572.0,事業上の関係を強化するため保有しております。定量的な保有効果については、(注)に記載しております。,,
E22995,,,2024-06-30,000,㈱あいちフィナンシャルグループ,,2610,7010.0,取引金融機関であり、関係の構築、維持及び強化のため保有しております。定量的な保有効果については、(注)に記載しております。,,
E22995,,,2024-06-30,000,㈱清水銀行,,1000,1646.0,取引金融機関であり、関係の構築、維持及び強化のため保有しております。定量的な保有効果については、(注)に記載しております。,,
E01221,,,2025-03-31,000,株式会社小糸製作所,,4020,7387.0,取引先との関係強化による収益拡大のため保有しており、主に照明事業等における販売取引を行っております。/取引先持株会,,
E01221,,,2025-03-31,000,スタンレー電気株式会社,,3435,9638.0,取引先との関係強化による収益拡大のため保有しており、主に照明事業等における販売取引を行っております。/取引先持株会,,
E01221,,,2025-03-31,000,AGC株式会社,,100,454.0,取引先との関係強化による収益拡大のため保有しており、主に照明事業等における販売取引を行っております。,,
E01221,,,2025-03-31,000,株式会社昭和真空,,100,133.0,取引先との関係強化による収益拡大のため保有しており、主に機能性薄膜・ガラス事業における購買取引を行っております。,,
E01221,,,2025-03-31,000,星和電機株式会社,,13208,6868.0,取引先との関係強化による収益拡大のため保有しており、主に照明事業等における販売取引を行っております。/取引先持株会,,
E01221,,,2025-03-31,000,株式会社みずほフィナンシャルグループ,,10,40.0,金融機関からの円滑な資金調達、及び金融機関の取引先とのビジネスマッチングの促進を目的として保有しております。,,
E39254,,,2025-03-31,000,日本電気株式会社,,50157,788.0,サーバー、通信インフラを始めとする領域において、当社ソリューション及びデバイス事業の新たな価値の創造、事業機会の創出や取引・協業関係の構築・維持・強化を目的として保有しております。同社との取引関係等によって得られる便益等の経済合理性や人的交流関係等を踏まえた保有意義について検証を行った結果、保有の合理性があるものと判断しております。,,
E39254,,,2025-03-31,000,日本航空電子工業株式会社,,193304,504.0,コネクター事業において、自動車、携帯機器商品分野のビジネス強化、安定確保を目的として保有しております。同社との取引関係等によって得られる便益等の経済合理性や人的交流関係等を踏まえた保有意義について検証を行った結果、保有の合理性があるものと判断しております。,,
E39254,,,2025-03-31,000,カシオ計算機株式会社,,346665,423.0,エレクトロニクス領域において、当社デバイス事業の新たな価値の創造、事業機会の創出や取引・協業関係の構築・維持・強化を目的として保有しております。同社との取引関係等によって得られる便益等の経済合理性や人的交流関係等を踏まえた保有意義について検証を行った結果、保有の合理性があるものと判断しております。,,
E39254,,,2025-03-31,000,株式会社三菱ＵＦＪフィナンシャル・グループ,,187400,376.0,傘下の金融機関との中長期の安定サービス確保のために保有しています。当社は保有株式について資本コストを踏まえ、配当・取引額等に加え、経営戦略上の重要性や事業上の関係によって得られる便益等の経済合理性や人的交流関係等を踏まえた保有意義について検証を行った結果、保有の合理性があるものと判断しております。,,
E39254,,,2025-03-31,000,横河電機株式会社,,126800,366.0,制御システム機器領域において、当社ソリューション及びデバイス事業の新たな価値の創造、事業機会の創出や取引・協業関係の構築・維持・強化を目的として保有しております。同社との取引関係等によって得られる便益等の経済合理性や人的交流関係等を踏まえた保有意義について検証を行った結果、保有の合理性があるものと判断しております。,,
E39254,,,2025-03-31,000,ブラザー工業株式会社,,132900,358.0,デジタル複合機等の領域において、当社デバイス事業の新たな価値の創造、事業機会の創出や取引・協業関係の構築・維持・強化を目的として保有しております。同社との取引関係等によって得られる便益等の経済合理性や人的交流関係等を踏まえた保有意義について検証を行った結果、保有の合理性があるものと判断しております。,,
E39254,,,2025-03-31,000,コーセル株式会社,,247732,261.0,スイッチ電源領域において、当社ソリューション事業の新たな価値の創造、事業機会の創出や取引・協業関係の構築・維持・強化を目的として保有しております。同社との取引関係等によって得られる便益等の経済合理性や人的交流関係等を踏まえた保有意義について検証を行った結果、保有の合理性があるものと判断しております。,,
E39254,,,2025-03-31,000,株式会社三井住友フィナンシャルグループ株式会社（注）,,57822,219.0,傘下の金融機関との中長期の安定サービス確保のために保有しています。当社は保有株式について資本コストを踏まえ、配当・取引額等に加え、経営戦略上の重要性や事業上の関係によって得られる便益等の経済合理性や人的交流関係等を踏まえた保有意義について検証を行った結果、保有の合理性があるものと判断しております。,,
E39254,,,2025-03-31,000,ルネサスエレクトロニクス株式会社,,100000,198.0,エレクトロニクス領域において、自動車、産業、家電商品分野のビジネス強化、安定確保を目的として保有しております。同社との取引関係等によって得られる便益等の経済合理性や人的交流関係等を踏まえた保有意義について検証を行った結果、保有の合理性があるものと判断しております。,,
E39254,,,2025-03-31,000,三井住友トラスト・ホールディングス株式会社,,37144,138.0,傘下の金融機関との中長期の安定サービス確保のために保有しています。当社は保有株式について資本コストを踏まえ、配当・取引額等に加え、経営戦略上の重要性や事業上の関係によって得られる便益等の経済合理性や人的交流関係等を踏まえた保有意義について検証を行った結果、保有の合理性があるものと判断しております。,,
E39254,,,2025-03-31,000,ＳＭＫ株式会社,,49116,117.0,リモコン、タッチパネル領域において、当社デバイス事業の新たな価値の創造、事業機会の創出や取引・協業関係の構築・維持・強化を目的として保有しております。同社との取引関係等によって得られる便益等の経済合理性や人的交流関係等を踏まえた保有意義について検証を行った結果、保有の合理性があるものと判断しております。,,
E39254,,,2025-03-31,000,東洋証券株式会社,,118537,60.0,同社との中長期の安定サービス確保のために保有しています。当社は保有株式について資本コストを踏まえ、配当・取引額等に加え、経営戦略上の重要性や事業上の関係によって得られる便益等の経済合理性や人的交流関係等を踏まえた保有意義について検証を行った結果、保有の合理性があるものと判断しております。,,
E39254,,,2025-03-31,000,ケル株式会社,,44000,58.0,工業・車載向けコネクター事業領域において、当社ソリューション及びデバイス事業の新たな価値の創造、事業機会の創出や取引・協業関係の構築・維持・強化を目的として保有しております。同社との取引関係等によって得られる便益等の経済合理性や人的交流関係等を踏まえた保有意義について検証を行った結果、保有の合理性があるものと判断しております。,,
E39254,,,2025-03-31,000,株式会社大和証券グループ本社,,57884,57.0,同社との中長期の安定サービス確保のために保有しています。当社は保有株式について資本コストを踏まえ、配当・取引額等に加え、経営戦略上の重要性や事業上の関係によって得られる便益等の経済合理性や人的交流関係等を踏まえた保有意義について検証を行った結果、保有の合理性があるものと判断しております。,,
E39254,,,2025-03-31,000,スタンレー電気株式会社,,18900,53.0,電子機器、ＬＥＤ、自動車ランプ領域において、当社デバイス事業の新たな価値の創造、事業機会の創出や取引・協業関係の構築・維持・強化を目的として保有しております。同社との取引関係等によって得られる便益等の経済合理性や人的交流関係等を踏まえた保有意義について検証を行った結果、保有の合理性があるものと判断しております。,,
E39254,,,2025-03-31,000,山洋電気株式会社,,3948,36.0,冷却ファン領域において、当社ソリューション及びデバイス事業の新たな価値の創造、事業機会の創出や取引・協業関係の構築・維持・強化を目的として保有しております。同社との取引関係等によって得られる便益等の経済合理性や人的交流関係等を踏まえた保有意義について検証を行った結果、保有の合理性があるものと判断しております。,,
E39254,,,2025-03-31,000,古野電気株式会社,,8437,21.0,電子機器市場において、当社ソリューション及びデバイス事業の新たな価値の創造、事業機会の創出や取引・協業関係の構築・維持・強化を目的として保有しております。同社との取引関係等によって得られる便益等の経済合理性や人的交流関係等を踏まえた保有意義について検証を行った結果、保有の合理性があるものと判断しております。,,
E39254,,,2025-03-31,000,アルプスアルパイン株式会社,,13641,20.0,自動車、入出力機器領域において、当社ソリューション及びデバイス事業の新たな価値の創造、事業機会の創出や取引・協業関係の構築・維持・強化を目的として保有しております。同社との取引関係等によって得られる便益等の経済合理性や人的交流関係等を踏まえた保有意義について検証を行った結果、保有の合理性があるものと判断しております。,,
E39254,,,2025-03-31,000,ミネベアミツミ株式会社,,5000,10.0,エレクトロニクス領域において、当社ソリューション及びデバイス事業の新たな価値の創造、事業機会の創出や取引・協業関係の構築・維持・強化を目的として保有しております。同社との取引関係等によって得られる便益等の経済合理性や人的交流関係等を踏まえた保有意義について検証を行った結果、保有の合理性があるものと判断しております。,,
E39254,,,2025-03-31,000,東芝テック株式会社,,3491,9.0,流通端末市場において、当社ソリューション及びデバイス事業の新たな価値の創造、事業機会の創出や取引・協業関係の構築・維持・強化を目的として保有しております。同社との取引関係等によって得られる便益等の経済合理性や人的交流関係等を踏まえた保有意義について検証を行った結果、保有の合理性があるものと判断しております。,,
E39254,,,2025-03-31,000,株式会社小野測器,,5000,2.0,計測機器市場領域において、当社デバイス事業の新たな価値の創造、事業機会の創出や取引・協業関係の構築・維持・強化を目的として保有しております。同社との取引関係等によって得られる便益等の経済合理性や人的交流関係等を踏まえた保有意義について検証を行った結果、保有の合理性があるものと判断しております。,,
E39254,,,2025-03-31,000,双葉電子工業株式会社,,3993,2.0,電子部品事業領域において、当社デバイス事業の新たな価値の創造、事業機会の創出や取引・協業関係の構築・維持・強化を目的として保有しております。同社との取引関係等によって得られる便益等の経済合理性や人的交流関係等を踏まえた保有意義について検証を行った結果、保有の合理性があるものと判断しております。,,
E39254,,,2025-03-31,000,三菱電機株式会社,,50157,788.0,サーバー、通信インフラを始めとする領域において、当社ソリューション及びデバイス事業の新たな価値の創造、事業機会の創出や取引・協業関係の構築・維持・強化を目的として保有しております。同社との取引関係等によって得られる便益等の経済合理性や人的交流関係等を踏まえた保有意義について検証を行った結果、保有の合理性があるものと判断しております。,,
E39254,,,2025-03-31,000,ＨＰＣシステムズ株式会社,,193304,504.0,コネクター事業において、自動車、携帯機器商品分野のビジネス強化、安定確保を目的として保有しております。同社との取引関係等によって得られる便益等の経済合理性や人的交流関係等を踏まえた保有意義について検証を行った結果、保有の合理性があるものと判断しております。,,
E39254,,,2025-03-31,000,株式会社三菱ＵＦＪフィナンシャル・グループ,,346665,423.0,エレクトロニクス領域において、当社デバイス事業の新たな価値の創造、事業機会の創出や取引・協業関係の構築・維持・強化を目的として保有しております。同社との取引関係等によって得られる便益等の経済合理性や人的交流関係等を踏まえた保有意義について検証を行った結果、保有の合理性があるものと判断しております。,,
E39254,,,2025-03-31,000,株式会社大塚商会,,187400,376.0,傘下の金融機関との中長期の安定サービス確保のために保有しています。当社は保有株式について資本コストを踏まえ、配当・取引額等に加え、経営戦略上の重要性や事業上の関係によって得られる便益等の経済合理性や人的交流関係等を踏まえた保有意義について検証を行った結果、保有の合理性があるものと判断しております。,,
E39254,,,2025-03-31,000,カシオ計算機株式会社,,126800,366.0,制御システム機器領域において、当社ソリューション及びデバイス事業の新たな価値の創造、事業機会の創出や取引・協業関係の構築・維持・強化を目的として保有しております。同社との取引関係等によって得られる便益等の経済合理性や人的交流関係等を踏まえた保有意義について検証を行った結果、保有の合理性があるものと判断しております。,,
E39254,,,2025-03-31,000,アルプスアルパイン株式会社,,132900,358.0,デジタル複合機等の領域において、当社デバイス事業の新たな価値の創造、事業機会の創出や取引・協業関係の構築・維持・強化を目的として保有しております。同社との取引関係等によって得られる便益等の経済合理性や人的交流関係等を踏まえた保有意義について検証を行った結果、保有の合理性があるものと判断しております。,,
E02185,,,2025-03-31,000,トヨタ自動車㈱,,39000,102.0,同社との取引関係等によって得られる便益等の経済合理性や人的交流関係等を踏まえた保有意義について検証を行った結果、保有の合理性があるものと判断しております。,,
E02185,,,2025-03-31,000,㈱滋賀銀行,,10892,57.0,当社の主要取引金融機関として資金の借入を行っております。また、当社グループの海外進出や新規事業展開等に際しては、情報提供等の各種支援を受ける等、当社の中長期的な成長に向けて重要な取引関係を有していると認識しており、保有の合理性があるものと判断しております。,,
E02185,,,2025-03-31,000,トピー工業㈱,,14000,29.0,同社との取引関係等によって得られる便益等の経済合理性や人的交流関係等を踏まえた保有意義について検証を行った結果、保有の合理性があるものと判断しております。,,
E02185,,,2025-03-31,000,㈱りそなホールディングス,,26565,34.0,当社の主要取引金融機関として資金の借入を行っております。また、当社グループの海外進出や新規事業展開等に際しては、情報提供等の各種支援を受ける等、当社の中長期的な成長に向けて重要な取引関係を有していると認識しており、保有の合理性があるものと判断しております。,,
E02185,,,2025-03-31,000,㈱不二越,,3300,11.0,同社との取引関係等によって得られる便益等の経済合理性や人的交流関係等を踏まえた保有意義について検証を行った結果、保有の合理性があるものと判断しておりましたが、全株売却の合意に至っております。2024年８月開催取締役会において売却を決議しておりますので、市場環境を勘案し、今後全株売却予定です。[株式数が増加した理由]取引先持株会を通じた株式の取得,,
E02185,,,2025-03-31,000,㈱クボタ,,3744,6.0,同社との取引関係等によって得られる便益等の経済合理性や人的交流関係等を踏まえた保有意義について検証を行った結果、保有の合理性があるものと判断しておりましたが、全株売却の合意に至っております。2024年８月開催取締役会において売却を決議しておりますので、市場環境を勘案し、今後全株売却予定です。[株式数が増加した理由]取引先持株会を通じた株式の取得,,
E34938,,,2025-03-31,000,タカラスタンダード株式会社,,959,1686.0,取引先持株会を通じた株式の取得(注),,
E01415,,,2025-03-31,000,愛知電機㈱,,8000,34240.0,（保有目的）主要材料調達の取引を行っており、同社との良好な関係の維持、強化を図るため,,
E01415,,,2025-03-31,000,㈱タクマ,,12500,22937.0,（保有目的）同社からの受注促進、新製品の共同開発等の促進を図るため,,
E01415,,,2025-03-31,000,㈱エディオン,,126,237.0,（保有目的）安定的な営業取引関係の維持、強化を図るため（株式数が増加した理由）配当金再投資,,
E01415,,,2025-03-31,000,㈱安藤・間,,26,36.0,（保有目的）安定的な営業取引関係の維持、強化を図るため（株式数が増加した理由）配当金再投資,,
E25269,,,2024-12-31,000,Elanco Animal Health Inc.（米国）,,15267,29243.0,保有目的は、取引関係維持強化のためであります。定量的な保有効果は記載が困難なため、記載しておりません。保有の合理性については、取締役会において当社の事業戦略及び取引上の関係などを総合的に勘案し、その投資価値を検証しております。,,
E03464,,,2025-02-28,000,イオン㈱,,270000,994.0,イオングループを統括する小売業最大手の企業であり、資本業務提携にもとづき、業務提携等を維持するため保有継続しております。,,
E03464,,,2025-02-28,000,ウエルシアホールディングス㈱,,3352592,7434.0,イオングループ傘下の中核ドラッグストア企業であり、資本業務提携にもとづき、業務提携等を維持するため保有継続しております。,,
E03464,,,2025-02-28,000,㈱クスリのアオキホールディングス,,4860000,15172.0,ＰＢ商品供給、薬剤師への教育等を提供する当社が属するハピコムグループの中核企業であり、将来の業界の動向等を考慮し、中長期的な関係を維持するため保有しております。,,
E03464,,,2025-02-28,000,スギホールディングス㈱,,2266000,6121.0,将来の業界動向を考慮し、業界及び同業他社の情報収集のため保有しております。,,
E00884,,,2025-03-31,000,株式会社日本触媒,,5070400,8833.0,当社グループの主に生活・健康産業関連分野の製品に関する主要原料の供給元であります。原料調達面でのシナジー効果を目的として同社株式を保有しております。株式数の増加は、１株を４株に株式分割したことによるものであります。,,
E00884,,,2025-03-31,000,ENEOSホールディングス株式会社,,2477050,1938.0,当社グループの主に石油・輸送機関連分野の製品販売先であり、各種製品の主要原料の供給元である企業の持株会社であります。また、化学品の合弁事業を営む提携先企業の持株会社であります。販売促進面・原料調達面でのシナジー効果を目的として同社株式を保有しております。,,
E00884,,,2025-03-31,000,東京応化工業株式会社,,405300,1255.0,当社子会社であるサンアプロ㈱の重要な取引先であります。製品開発面での円滑な取引関係の維持・拡大を目的として同社株式を保有しております。,,
E00884,,,2025-03-31,000,ＫＰＸ Ｃｈｅｍｉｃａｌ,,158621,691.0,石油・輸送機産業関連分野の取引先であり、同社設立時に出資しております。KPXグループは技術開発面における重要なパートナー企業であり、技術交流を通じた事業基盤拡大を目的として同社株式を保有しております。,,
E00884,,,2025-03-31,000,高圧ガス工業株式会社,,424000,377.0,当社グループの主要原料供給元であります。原料調達面での円滑な取引関係の維持・拡大を目的として同社株式を保有しております。,,
E00884,,,2025-03-31,000,ＫＰＸ Ｈｏｌｄｉｎｇｓ,,58990,328.0,KPX Chemicalの株式を40％保有する大株主であります。KPXグループは技術開発面における重要なパートナー企業であり、技術交流を通じた事業基盤拡大を目的として同社株式を保有しております。,,
E00884,,,2025-03-31,000,ロート製薬株式会社,,123400,276.0,生活・健康産業関連分野における研究開発のパートナー企業であります。化粧品及びバイオ・メディカル事業における共同研究開発の促進を目的として資本業務提携契約を締結した事に伴い、同社株式を保有しております。,,
E00884,,,2025-03-31,000,大日精化工業株式会社,,78800,237.0,プラスチック・繊維産業関連分野の取引先であります。製品開発面におけるシナジーの維持・拡大を目的として同社株式を保有しております。,,
E00884,,,2025-03-31,000,株式会社ファーマフーズ,,133000,119.0,生活・健康産業関連分野における研究開発のパートナー企業であります。化粧品・医薬品及びアグリ・ニュートリション分野での共同研究開発及び新規事業開発の促進を目的として資本業務提携契約を締結したことに伴い、同社株式を保有しております。,,
E00884,,,2025-03-31,000,Delta-Fly Pharma株式会社,,150000,86.0,バイオ・メディカル事業における研究開発のパートナー企業であります。創薬分野での技術開発促進を目的として共同開発契約を締結したことに伴い、同社株式を保有しております。,,
E00886,,,2025-03-31,000,三井物産㈱,,466000,1304.0,主要原料の調達面及び海外主要顧客向けの販売面等で重要な役割を果たしており、事業上の関係を勘案し、同社との良好な関係の維持、強化を図るため、継続して保有しています。2024年７月１日付で普通株式１株につき２株の割合で株式分割を行っております。,,
E00886,,,2025-03-31,000,日産化学㈱,,240000,1066.0,界面活性剤セグメントの主要顧客であり、事業上の関係を勘案し、同社との良好な関係の維持、強化を図るため、継続して保有しています。,,
E00886,,,2025-03-31,000,㈱三井住友フィナンシャルグループ,,93054,353.0,㈱三井住友銀行との間で資金借入取引等の銀行取引を行っており、事業上の関係を勘案し、同社との良好な関係の維持、強化を図るため、継続して保有しています。2024年10月１日付で普通株式１株につき３株の割合で株式分割を行っております。,,
E00886,,,2025-03-31,000,東京応化工業㈱,,75612,234.0,スペシャリティーケミカルセグメントの主要顧客であり、事業上の関係を勘案し、同社との良好な関係の維持、強化を図るため、継続して保有しています。,,
E00886,,,2025-03-31,000,三井化学㈱,,31610,105.0,主要原料の調達先であり、事業上の関係を勘案し、同社との良好な関係の維持、強化を図るため、継続して保有しています。,,
E00886,,,2025-03-31,000,㈱みずほフィナンシャルグループ,,21118,85.0,㈱みずほ銀行との間で資金借入取引等の銀行取引を行っており、事業上の関係を勘案し、同社との良好な関係の維持、強化を図るため、継続して保有しています。,,
E00886,,,2025-03-31,000,ＭＳ＆ＡＤインシュアランスグループホールディングス㈱,,26460,85.0,三井住友海上火災保険㈱は損害保険契約等の主要取引先であり、事業上の関係を勘案し、同社との良好な関係の維持、強化を図るため、継続して保有しています。2024年４月１日付で普通株式１株につき３株の割合で株式分割を行っております。,,
E00886,,,2025-03-31,000,クミアイ化学工業㈱,,92400,76.0,界面活性剤セグメントの主要顧客であり、事業上の関係を勘案し、同社との良好な関係の維持、強化を図るため、継続して保有しています。,,
E00886,,,2025-03-31,000,三井住友トラストグループ㈱,,20038,74.0,三井住友信託銀行㈱との間で資金借入取引等の銀行取引を行っており、事業上の関係を勘案し、同社との良好な関係の維持、強化を図るため、継続して保有しています。,,
E00886,,,2025-03-31,000,第一生命ホールディングス㈱,,13300,60.0,第一生命保険㈱は総合福祉団体定期保険の幹事会社であり、事業上の関係を勘案し、同社との良好な関係の維持、強化を図るため、継続して保有しています。,,
E00886,,,2025-03-31,000,東亞合成㈱,,38516,54.0,スペシャリティーケミカルセグメントの主要顧客であり、事業上の関係を勘案し、同社との良好な関係の維持、強化を図るため、継続して保有しています。,,
E00886,,,2025-03-31,000,テイカ㈱,,25000,33.0,主要原料の調達先であり、事業上の関係を勘案し、同社との良好な関係の維持、強化を図るため、継続して保有しています。,,
E00886,,,2025-03-31,000,㈱日本触媒,,18800,32.0,主要原料の調達先であり、事業上の関係を勘案し、同社との良好な関係の維持、強化を図るため、継続して保有しています。2024年４月１日付で普通株式１株につき４株の割合で株式分割を行っております。,,
E00886,,,2025-03-31,000,三菱ケミカルグループ㈱,,43329,31.0,三菱ケミカル㈱は、主要原料の調達先であり、また界面活性剤セグメントの主要顧客でもあることから、事業上の関係を勘案し、同社との良好な関係の維持、強化を図るため、継続して保有しています。,,
E00886,,,2025-03-31,000,㈱名古屋銀行,,3800,29.0,資金借入取引等の銀行取引を行っており、事業上の関係を勘案し、同行との良好な関係の維持、強化を図るため、継続して保有しています。,,
E00886,,,2025-03-31,000,昭栄薬品㈱,,15000,24.0,主要原料の調達先であり、事業上の関係を勘案し、同社との良好な関係の維持、強化を図るため、継続して保有しています。,,
E00886,,,2025-03-31,000,新日本理化㈱,,115000,22.0,主要原料の調達先であり、事業上の関係を勘案し、同社との良好な関係の維持、強化を図るため、継続して保有しています。,,
E00886,,,2025-03-31,000,石原産業㈱,,6420,11.0,界面活性剤セグメントの主要顧客であり、事業上の関係を勘案し、同社との良好な関係の維持、強化を図るため、継続して保有しています。,,
E00886,,,2025-03-31,000,㈱池田泉州ホールディングス,,14060,6.0,㈱池田泉州銀行との間で資金借入取引等の銀行取引を行っており、事業上の関係を勘案し、同社との良好な関係の維持、強化を図るため、継続して保有しています。,,
E00886,,,2025-03-31,000,サンケイ化学㈱,,4300,5.0,界面活性剤セグメントの主要顧客であり、事業上の関係を勘案し、同社との関係の維持、強化を図るため、継続して保有しています。なお、政策保有株式の検証の結果を踏まえて2024年１月に同社持株会を退会し、2024年６月より売却を開始しております。,,
E00886,,,2025-03-31,000,阪和興業㈱,,245,1.0,主要原料の調達面及び海外主要顧客向けの販売面等で重要な役割を果たしており、事業上の関係を勘案し、同社との良好な関係の維持、強化を図るため、継続して保有しています。保有株式の増加については、同社持株会を通じて取得したものであります。,,
E04925,,,2024-09-30,000,㈱コンコルディア・フィナンシャルグループ,,30000,23760.0,主要取引金融機関としての取引の円滑化を図るため,,
E00895,,,2025-03-31,000,オーウエル㈱,,100000,96.0,当社の顧客として良好な取引関係を維持・強化することを目的として保有しております。,,
E00895,,,2025-03-31,000,コクヨ㈱,,35,0.0,当社の顧客として良好な取引関係を維持・強化することを目的として保有しておりましたが当事業年度に売却いたしました。,,
E00895,,,2025-03-31,000,オークマ㈱,,1000,3.0,当社の顧客として良好な取引関係を維持・強化することを目的として保有しておりましたが当事業年度に売却いたしました。,,
E04908,,,2025-03-31,000,㈱三井住友フィナンシャルグループ,,227532,863.0,（保有目的）機動的で安定的な資金調達の維持及び主に寮・ホテル事業の取引関係等の円滑化を目的として保有（定量的な保有効果）（注）（増加理由）株式分割による増加,,
E04908,,,2025-03-31,000,㈱三菱ＵＦＪフィナンシャル・グループ,,202560,407.0,（保有目的）機動的で安定的な資金調達の維持及び主に寮・ホテル事業の取引関係等の円滑化を目的として保有（定量的な保有効果）（注）,,
E04908,,,2025-03-31,000,㈱みずほフィナンシャルグループ,,80793,327.0,（保有目的）機動的で安定的な資金調達の維持及び主に寮・ホテル事業の取引関係等の円滑化を目的として保有（定量的な保有効果）（注）,,
E04908,,,2025-03-31,000,松井建設㈱,,258500,230.0,（保有目的）主に寮・ホテル事業の取引関係等の円滑化を目的として保有（定量的な保有効果）（注）,,
E04908,,,2025-03-31,000,㈱ＩＤホールディングス,,77080,141.0,（保有目的）主に寮事業の取引関係等の円滑化を目的として保有（定量的な保有効果）（注）,,
E04908,,,2025-03-31,000,㈱フジマック,,74000,79.0,（保有目的）主にホテル事業の取引関係等の円滑化を目的として保有（定量的な保有効果）（注）,,
E04908,,,2025-03-31,000,フジテック㈱,,10000,59.0,（保有目的）主に寮・ホテル事業の取引関係等の円滑化を目的として保有（定量的な保有効果）（注）,,
E04908,,,2025-03-31,000,㈱八十二銀行,,49530,52.0,（保有目的）機動的で安定的な資金調達の維持のため保有（定量的な保有効果）（注）,,
E04908,,,2025-03-31,000,㈱大本組,,18480,22.0,（保有目的）主に寮・ホテル事業の取引関係等の円滑化を目的として保有（定量的な保有効果）（注）（増加理由）株式分割による増加,,
E04908,,,2025-03-31,000,㈱岡三証券グループ,,31000,20.0,（保有目的）主に寮事業の取引関係等の円滑化を目的として保有（定量的な保有効果）（注）,,
E04908,,,2025-03-31,000,㈱福田組,,2000,10.0,（保有目的）主に寮・ホテル事業の取引関係等の円滑化を目的として保有（定量的な保有効果）（注）,,
E04908,,,2025-03-31,000,㈱さくらケーシーエス,,7400,8.0,（保有目的）主に寮事業の取引関係等の円滑化を目的として保有（定量的な保有効果）（注）,,
E04856,,,2025-03-31,000,ＡＧＳ㈱,,400000,328.0,定量的な保有効果については営業秘密等の観点から記載が困難ですが、保守業務等の取引を行っており、信頼関係の構築・維持強化の必要性や事業上の取引関係等により当社が実際に得た利益等の保有に伴う便益等が資本コストに見合っているかといった経済合理性の検証等を行い、保有の合理性があると判断しております。,,
E04856,,,2025-03-31,000,㈱アイ・エス・ビー,,123200,165.0,定量的な保有効果については営業秘密等の観点から記載が困難ですが、信頼関係の構築・維持強化の必要性や事業上の取引関係等により当社が実際に得た利益等の保有に伴う便益等が資本コストに見合っているかといった経済合理性の検証等を行い、保有の合理性があると判断しております。,,
E04856,,,2025-03-31,000,㈱ＩＣ,,100000,92.0,定量的な保有効果については営業秘密等の観点から記載が困難ですが、信頼関係の構築・維持強化の必要性や事業上の取引関係等により当社が実際に得た利益等の保有に伴う便益等が資本コストに見合っているかといった経済合理性の検証等を行い、保有の合理性があると判断しております。,,
E04856,,,2025-03-31,000,三井住友トラストグループ㈱,,9834,36.0,定量的な保有効果については営業秘密等の観点から記載が困難ですが、事業子会社と取引を行っており、信頼関係の構築・維持強化の必要性や事業上の取引関係等により当社が実際に得た利益等の保有に伴う便益等が資本コストに見合っているかといった経済合理性の検証等を行い、保有の合理性があると判断しております。,,
E02645,,,2025-03-31,000,㈱三菱ＵＦＪフィナンシャル・グループ,,308520,620.0,（保有目的）金融取引関係等の維持・強化（保有効果）（注）１,,
E02645,,,2025-03-31,000,㈱ワコールホールディングス,,94320,480.0,（保有目的）アパレル事業における取引関係等の維持・強化（保有効果）（注）１,,
E02645,,,2025-03-31,000,㈱中央倉庫,,308812,439.0,（保有目的）アパレル事業における取引関係等の維持・強化（保有効果）（注）１,,
E02645,,,2025-03-31,000,㈱ＴＳＩホールディングス,,308700,342.0,（保有目的）アパレル事業における取引関係等の維持・強化（保有効果）（注）１,,
E02645,,,2025-03-31,000,三共生興㈱,,495000,304.0,（保有目的）アパレル事業における参考情報の取得、テキスタイル事業における取引関係等の維持・強化（保有効果）（注）１,,
E02645,,,2025-03-31,000,㈱ＳＣＲＥＥＮホールディングス,,30400,291.0,（保有目的）事業展開における協力・取引関係等の維持・構築（保有効果）（注）１,,
E02645,,,2025-03-31,000,㈱Ｔ＆Ｄホールディングス,,74000,234.0,（保有目的）金融取引関係等の維持・強化（保有効果）（注）１,,
E02645,,,2025-03-31,000,㈱京都フィナンシャルグループ,,38432,87.0,（保有目的）金融取引関係等の維持・強化（保有効果）（注）１,,
E02645,,,2025-03-31,000,㈱丸井グループ,,30297,81.0,（保有目的）アパレル事業における取引関係等の維持・強化（保有効果）（注）１,,
E02645,,,2025-03-31,000,福山通運㈱,,20083,72.0,（保有目的）アパレル事業における取引関係等の維持・強化（保有効果）（注）１,,
E02645,,,2025-03-31,000,Ｊ．フロント　リテイリング㈱,,34905,64.0,（保有目的）アパレル事業における取引関係等の維持・強化（保有効果）（注）１（増加理由）取引先持株会による取得,,
E02645,,,2025-03-31,000,㈱三越伊勢丹ホールディングス,,11795,25.0,（保有目的）アパレル事業における取引関係等の維持・強化（保有効果）（注）１（増加理由）取引先持株会による取得,,
E02645,,,2025-03-31,000,㈱堀場製作所,,2000,19.0,（保有目的）事業展開における協力・取引関係等の維持・構築（保有効果）（注）１,,
E02645,,,2025-03-31,000,㈱オンワードホールディングス,,1080,0.0,（保有目的）アパレル事業における参考情報の取得（保有効果）（注）１,,
E02645,,,2025-03-31,000,ヤマトインターナショナル㈱,,1102,0.0,（保有目的）アパレル事業における参考情報の取得（保有効果）（注）１,,
E32988,,,2024-06-30,000,株式会社百五銀行,,136680,94.0,（保有目的）円滑な事業運営ならびに取引関係等の維持のため。なお、株式累積投資により増加しております。（定量的な保有効果）（注）,,
E32988,,,2024-06-30,000,ＡＮＡホールディングス株式会社,,800,2.0,（保有目的）業界の動向把握のため。（定量的な保有効果）（注）,,
E32988,,,2024-06-30,000,株式会社共立メンテナンス,,960,2.0,（保有目的）ホテル業界ならびに事業運営に係る情報収集のため。なお、株式数の増加は、株式分割によるものであります。（定量的な保有効果）（注）,,
E32988,,,2024-06-30,000,株式会社アメイズ,,1400,1.0,（保有目的）ホテル業界ならびに事業運営に係る情報収集のため。（定量的な保有効果）（注）,,
E32988,,,2024-06-30,000,藤田観光株式会社,,200,1.0,（保有目的）ホテル業界ならびに事業運営に係る情報収集のため。（定量的な保有効果）（注）,,
E01831,,,2025-03-31,000,シスメックス㈱,,1920000,5447.0,保有目的は、政策保有方針の(1)発行会社と当社事業における中長期の協力関係の維持・強化、取引関係等の円滑化に該当し、定量的効果等を有しております。なお、株式分割により株式数が増加しております。,,
E01831,,,2025-03-31,000,因幡電機産業㈱,,279600,1062.0,保有目的は、政策保有方針の(1)発行会社と当社事業における中長期の協力関係の維持・強化、取引関係等の円滑化に該当し、定量的効果等を有しております。,,
E01831,,,2025-03-31,000,㈱三菱ＵＦＪフィナンシャル・グループ,,814000,1636.0,保有目的は、政策保有方針の(2)資金調達等の円滑化に該当し、定量的効果等を有しております。,,
E01831,,,2025-03-31,000,古野電気㈱,,81000,207.0,保有目的は、政策保有方針の(1)発行会社と当社事業における中長期の協力関係の維持・強化、取引関係等の円滑化に該当し、定量的効果等を有しております。,,
E01831,,,2025-03-31,000,㈱三井住友フィナンシャルグループ,,50700,192.0,保有目的は、政策保有方針の(2)資金調達等の円滑化に該当し、定量的効果等を有しております。なお、株式分割により株式数が増加しております。,,
E02274,,,2024-12-31,000,ルネサスエレクトロニクス(株),,4166600,8527.0,半導体露光装置の大口顧客、ならびに半導体サプライヤーとして取引関係の維持・強化等のため,,
E02274,,,2024-12-31,000,Median Technologies S.A.,,961826,599.0,メディカル事業における診断/診療ソリューションの販売・提供に係る取引関係の維持・強化等のため,,
E02274,,,2024-12-31,000,トヨタ自動車(株),,6995,22.0,株主への情報開示、株主総会運営に関する情報収集のため,,
E02274,,,2024-12-31,000,日本電気（株）,,100,1.0,株主への情報開示、株主総会運営に関する情報収集のため,,
E02274,,,2024-12-31,000,ソニーグループ(株),,100,0.0,株主への情報開示、株主総会運営に関する情報収集のため,,
E02274,,,2024-12-31,000,日本製鉄（株）,,100,0.0,株主への情報開示、株主総会運営に関する情報収集のため,,
E02274,,,2024-12-31,000,パナソニックホールディングス（株）,,155,0.0,株主への情報開示、株主総会運営に関する情報収集のため,,
E02274,,,2024-12-31,000,日本航空（株）,,100,0.0,株主への情報開示、株主総会運営に関する情報収集のため,,
E02274,,,2024-12-31,000,丸紅（株）,,100,0.0,株主への情報開示、株主総会運営に関する情報収集のため,,
E02274,,,2024-12-31,000,（株）LIXIL,,100,0.0,株主への情報開示、株主総会運営に関する情報収集のため,,
E02274,,,2024-12-31,000,日産自動車（株）,,100,0.0,株主への情報開示、株主総会運営に関する情報収集のため,,
E00846,,,2024-12-31,000,株式会社デンキョーグループホールディングス,,243,282913.0,販売先の一つとして、営業上の取引関係の維持強化を目的とし、保有の意義に照らした取引実績、資本コストを踏まえた、配当、総利回りなどを総合的に勘案した上で保有しております。守秘義務の観点から定量的な保有効果は記載しておりませんが、上記方針に基づいた定量的な保有効果を有していると判断しております。株式数の増加は取引先持株会を通じた取得によるものです。,,
E00846,,,2024-12-31,000,泉州電業株式会社,,150,737250.0,販売先の一つとして、営業上の取引関係の維持強化を目的とし、保有の意義に照らした取引実績、資本コストを踏まえた、配当、総利回りなどを総合的に勘案した上で保有しております。守秘義務の観点から定量的な保有効果は記載しておりませんが、上記方針に基づいた定量的な保有効果を有していると判断しております。,,
E00846,,,2024-12-31,000,住友電気工業株式会社,,90,256815.0,仕入先の一つとして、両社の業務における協力関係の強化を目的とし、保有の意義に照らした取引実績、資本コストを踏まえた、配当、総利回りなどを総合的に勘案した上で保有しております。守秘義務の観点から定量的な保有効果は記載しておりませんが、上記方針に基づいた定量的な保有効果を有していると判断しております。,,
E00846,,,2024-12-31,000,株式会社カネカ,,34,127636.0,販売先の一つとして、営業上の取引関係の維持強化を目的とし、保有の意義に照らした取引実績、資本コストを踏まえた、配当、総利回りなどを総合的に勘案した上で保有しております。守秘義務の観点から定量的な保有効果は記載しておりませんが、上記方針に基づいた定量的な保有効果を有していると判断しております。,,
E00846,,,2024-12-31,000,三菱電機株式会社,,20,53740.0,販売先の一つとして、営業上の取引関係の維持強化を目的とし、保有の意義に照らした取引実績、資本コストを踏まえた、配当、総利回りなどを総合的に勘案した上で保有しております。守秘義務の観点から定量的な保有効果は記載しておりませんが、上記方針に基づいた定量的な保有効果を有していると判断しております。,,
E00846,,,2024-12-31,000,株式会社三菱ＵＦＪフィナンシャル・グループ,,51,95124.0,友好関係維持及び安定的な取引関係の維持強化を目的とし、保有の意義に照らした取引実績、資本コストを踏まえた、配当、総利回りなどを総合的に勘案した上で保有しております。守秘義務の観点から定量的な保有効果は記載しておりませんが、上記方針に基づいた定量的な保有効果を有していると判断しております。,,
E00846,,,2024-12-31,000,株式会社南都銀行,,5,16432.0,友好関係維持及び安定的な取引関係の維持強化を目的とし、保有の意義に照らした取引実績、資本コストを踏まえた、配当、総利回りなどを総合的に勘案した上で保有しております。守秘義務の観点から定量的な保有効果は記載しておりませんが、上記方針に基づいた定量的な保有効果を有していると判断しております。株式数の増加は株式累積投資による取得によるものです。,,
E00846,,,2024-12-31,000,株式会社三井住友フィナンシャルグループ,,6,23713.0,友好関係維持及び安定的な取引関係の維持強化を目的とし、保有の意義に照らした取引実績、資本コストを踏まえた、配当、総利回りなどを総合的に勘案した上で保有しております。守秘義務の観点から定量的な保有効果は記載しておりませんが、上記方針に基づいた定量的な保有効果を有していると判断しております。株式数の増加は株式分割によるものです。,,
E00846,,,2024-12-31,000,株式会社岡三証券グループ,,15,9600.0,友好関係維持及び安定的な取引関係の維持強化を目的とし、保有の意義に照らした取引実績、資本コストを踏まえた、配当、総利回りなどを総合的に勘案した上で保有しております。守秘義務の観点から定量的な保有効果は記載しておりませんが、上記方針に基づいた定量的な保有効果を有していると判断しております。,,
E00846,,,2024-12-31,000,テスホールディングス株式会社,,620,172360.0,非連結子会社への共同出資者として、両社の業務における協力関係の強化を目的とし、保有の意義に照らした取引実績、資本コストを踏まえた、配当、総利回りなどを総合的に勘案した上で保有しております。守秘義務の観点から定量的な保有効果は記載しておりませんが、上記方針に基づいた定量的な保有効果を有していると判断しております。,,
E00414,,,2024-04-30,000,東洋製罐グループＨＤ㈱,,300000,732.0,原材料仕入における協力関係の維持・強化を目的として保有しております。,,
E00414,,,2024-04-30,000,㈱りそなＨＤ,,429655,430.0,金融・資金取引における協力関係の維持・強化を目的として保有しております。,,
E00414,,,2024-04-30,000,イオン㈱,,102716,339.0,製品販売における協力関係の維持・強化を目的として保有しております。,,
E00414,,,2024-04-30,000,㈱ヤクルト本社,,100000,308.0,戦略的な取引関係の維持・強化を目的として保有しております。,,
E00414,,,2024-04-30,000,㈱良品計画,,100000,255.0,製品販売における協力関係の維持・強化を目的として保有しております。,,
E00414,,,2024-04-30,000,ＡＮＡ　ＨＤ㈱　※,,51900,155.0,戦略的な取引関係の維持・強化を目的として保有しております。,,
E00414,,,2024-04-30,000,オーウイル㈱　※,,90000,134.0,原材料仕入における協力関係の維持・強化を目的として保有しております。,,
E00414,,,2024-04-30,000,㈱モスフードサービス　※,,38000,132.0,戦略的な取引関係の維持・強化を目的として保有しております。,,
E00414,,,2024-04-30,000,㈱バローＨＤ　※,,50400,122.0,製品販売における協力関係の維持・強化を目的として保有しております。,,
E00414,,,2024-04-30,000,東映㈱　※,,25000,94.0,戦略的な取引関係の維持・強化を目的として保有しております。,,
E00414,,,2024-04-30,000,㈱イズミ　※,,22000,80.0,製品販売における協力関係の維持・強化を目的として保有しております。,,
E00414,,,2024-04-30,000,イオン北海道㈱　※,,85280,79.0,製品販売における協力関係の維持・強化を目的として保有しております。,,
E00414,,,2024-04-30,000,㈱西武ＨＤ　※,,30000,73.0,製品販売における協力関係の維持・強化を目的として保有しております。,,
E00414,,,2024-04-30,000,ユナイテッド・スーパーマーケット・ＨＤ㈱　※,,74405,66.0,製品販売における協力関係の維持・強化を目的として保有しております。,,
E00414,,,2024-04-30,000,㈱いなげや　※,,49492,63.0,製品販売における協力関係の維持・強化を目的として保有しております。,,
E00414,,,2024-04-30,000,㈱フジ　※,,28880,55.0,製品販売における協力関係の維持・強化を目的として保有しております。,,
E00414,,,2024-04-30,000,東急㈱　※,,25001,46.0,戦略的な取引関係の維持・強化を目的として保有しております。,,
E00414,,,2024-04-30,000,太陽化学㈱　※,,28000,43.0,戦略的な取引関係の維持・強化を目的として保有しております。,,
E00414,,,2024-04-30,000,㈱ライフコーポレーション　※,,10350,40.0,製品販売における協力関係の維持・強化を目的として保有しております。,,
E00414,,,2024-04-30,000,㈱東京きらぼしＦＧ　※,,7585,35.0,金融・資本取引における協力関係の維持・強化を目的として保有しております。,,
E00414,,,2024-04-30,000,㈱みずほＦＧ　※,,10940,33.0,金融・資本取引における協力関係の維持・強化を目的として保有しております。,,
E00414,,,2024-04-30,000,大塚商会㈱　※,,10000,31.0,戦略的な取引関係の維持・強化を目的として保有しました。,,
E00414,,,2024-04-30,000,鹿島建設㈱　※,,10000,30.0,設備関連における協力関係の維持・強化を目的として保有しております。,,
E00414,,,2024-04-30,000,㈱エコス　※,,12594,29.0,製品販売における協力関係の維持・強化を目的として保有しております。,,
E00414,,,2024-04-30,000,㈱セブン＆アイ・ＨＤ　※,,13902,28.0,製品販売における協力関係の維持・強化を目的として保有しております。,,
E00414,,,2024-04-30,000,スギＨＤ㈱　※,,12000,27.0,製品販売における協力関係の維持・強化を目的として保有しております。,,
E00414,,,2024-04-30,000,㈱ハローズ　※,,6000,27.0,製品販売における協力関係の維持・強化を目的として保有しております。,,
E00414,,,2024-04-30,000,住友不動産㈱　※,,5000,27.0,戦略的な取引関係の維持・強化を目的として保有しております。,,
E00414,,,2024-04-30,000,ミニストップ㈱　※,,16105,24.0,製品販売における協力関係の維持・強化を目的として保有しております。,,
E00414,,,2024-04-30,000,㈱リテールパートナーズ　※,,13346,22.0,製品販売における協力関係の維持・強化を目的として保有しております。,,
E00414,,,2024-04-30,000,大和ハウス工業㈱　※,,5000,22.0,設備関連における協力関係の維持・強化を目的として保有しております。,,
E00414,,,2024-04-30,000,㈱ヤオコー　※,,2200,18.0,製品販売における協力関係の維持・強化を目的として保有しております。,,
E00414,,,2024-04-30,000,東海旅客鉄道㈱　※,,5000,18.0,戦略的な取引関係の維持・強化を目的として保有しております。,,
E00414,,,2024-04-30,000,㈱ヤマザワ　※,,14520,18.0,製品販売における協力関係の維持・強化を目的として保有しております。,,
E00414,,,2024-04-30,000,㈱三井住友ＦＧ　※,,2000,17.0,金融・資金取引における協力関係の維持・強化を目的として保有しております。,,
E00414,,,2024-04-30,000,㈱資生堂　※,,4000,16.0,戦略的な取引関係の維持・強化を目的として保有しております。,,
E00414,,,2024-04-30,000,㈱ヤマナカ　※,,20040,13.0,製品販売における協力関係の維持・強化を目的として保有しております。,,
E00414,,,2024-04-30,000,阪急阪神ＨＤ㈱　※,,2520,10.0,戦略的な取引関係の維持・強化を目的として保有しております。,,
E00414,,,2024-04-30,000,㈱松屋　※,,10000,9.0,製品販売における協力関係の維持・強化を目的として保有しております。,,
E00414,,,2024-04-30,000,エイチ・ツー・オーリテイリング㈱　※,,4807,8.0,製品販売における協力関係の維持・強化を目的として保有しております。,,
E00414,,,2024-04-30,000,㈱丸井グループ　※,,3000,7.0,製品販売における協力関係の維持・強化を目的として保有しております。,,
E00414,,,2024-04-30,000,日本スキー場開発㈱　※,,6400,6.0,戦略的な取引関係の維持・強化を目的として保有しております。,,
E00414,,,2024-04-30,000,㈱アークス　※,,1836,5.0,製品販売における協力関係の維持・強化を目的として保有しております。,,
E00414,,,2024-04-30,000,リンテック㈱　※,,1728,5.0,戦略的な取引関係の維持・強化を目的として保有しております。,,
E00414,,,2024-04-30,000,第一交通産業㈱　※,,6000,4.0,戦略的な取引関係の維持・強化を目的として保有しております。,,
E00414,,,2024-04-30,000,三井住友トラストＨＤ㈱　※,,1368,4.0,金融・資金取引における協力関係の維持・強化を目的として保有しております。,,
E00414,,,2024-04-30,000,マックスバリュ東海㈱　※,,1240,3.0,製品販売における協力関係の維持・強化を目的として保有しております。,,
E00414,,,2024-04-30,000,㈱トーホー　※,,1008,3.0,製品販売における協力関係の維持・強化を目的として保有しております。,,
E00414,,,2024-04-30,000,㈱吉野家ＨＤ　※,,1000,2.0,戦略的な取引関係の維持・強化を目的として保有しております。,,
E00414,,,2024-04-30,000,アルビス㈱　※,,880,2.0,製品販売における協力関係の維持・強化を目的として保有しております。,,
E00414,,,2024-04-30,000,セントラルフォレストグループ㈱　※,,1000,2.0,製品販売における協力関係の維持・強化を目的として保有しております。,,
E00414,,,2024-04-30,000,㈱あじかん　※,,1100,1.0,製品販売における協力関係の維持・強化を目的として保有しております。,,
E00414,,,2024-04-30,000,㈱スリーエフ　※,,2420,1.0,製品販売における協力関係の維持・強化を目的として保有しております。,,
E00414,,,2024-04-30,000,㈱ Ｏｌｙｍｐｉｃグループ　※,,1000,0.0,製品販売における協力関係の維持・強化を目的として保有しております。,,
E04539,,,2025-03-31,000,アサヒグループホールディングス㈱,,561000,1072.0,主に食堂、宴会の取引関係等の円滑化を目的として保有しております。定量的な保有効果については記載が困難であります。保有の合理性は、関連する収益や受取配当金などのリターン、保有リスク、資本コストとのバランス等により検証しております。（株式増加の理由）１株につき３株の割合で株式分割,,
E04539,,,2025-03-31,000,㈱大和証券グループ本社,,450000,447.0,取引関係等の円滑化を目的として保有しております。定量的な保有効果については記載が困難であります。保有の合理性は、関連する収益や受取配当金などのリターン、保有リスク、資本コストとのバランス等により検証しております。,,
E04539,,,2025-03-31,000,㈱ニチレイ,,100000,355.0,主に持分法適用関連会社における取引関係等の円滑化を目的として保有しております。定量的な保有効果については記載が困難であります。保有の合理性は、関連する収益や受取配当金などのリターン、保有リスク、資本コストとのバランス等により検証しております。,,
E04539,,,2025-03-31,000,サッポロホールディングス㈱,,34000,259.0,主に食堂、宴会の取引関係等の円滑化を目的として保有しております。定量的な保有効果については記載が困難であります。保有の合理性は、関連する収益や受取配当金などのリターン、保有リスク、資本コストとのバランス等により検証しております。,,
E04539,,,2025-03-31,000,㈱みずほフィナンシャルグループ,,49148,199.0,取引関係等の円滑化を目的として保有しております。定量的な保有効果については記載が困難であります。保有の合理性は、関連する収益や受取配当金などのリターン、保有リスク、資本コストとのバランス等により検証しております。,,
E04539,,,2025-03-31,000,キリンホールディングス㈱,,7000,14.0,主に食堂、宴会の取引関係等の円滑化を目的として保有しております。定量的な保有効果については記載が困難であります。保有の合理性は、関連する収益や受取配当金などのリターン、保有リスク、資本コストとのバランス等により検証しております。,,
E04539,,,2025-03-31,000,タカラスタンダード㈱(注)１,,6700,11.0,主に宴会の取引関係等の円滑化を目的として保有しております。定量的な保有効果については記載が困難であります。保有の合理性は、関連する収益や受取配当金などのリターン、保有リスク、資本コストとのバランス等により検証しております。,,
E04539,,,2025-03-31,000,第一生命ホールディングス㈱(注)１,,1900,8.0,取引関係等の円滑化を目的として保有しております。定量的な保有効果については記載が困難であります。保有の合理性は、関連する収益や受取配当金などのリターン、保有リスク、資本コストとのバランス等により検証しております。,,
E02265,,,2025-03-31,000,ジーエルテクノホールディングス(株)(注)3,,580000,1684.0,計測機器での取引および協力関係の維持・強化により、中長期的な企業価値向上を図るため保有しています。,,
E02265,,,2025-03-31,000,大日本塗料(株),,1000288,1165.0,計測機器での取引および協力関係の維持・強化により、中長期的な企業価値向上を図るため保有しています。,,
E02265,,,2025-03-31,000,(株)村田製作所,,435600,1004.0,計測機器や資材調達での取引および協力関係の維持・強化により、中長期的な企業価値向上を図るため保有しています。,,
E02265,,,2025-03-31,000,日本電子(株),,214500,982.0,計測機器での取引および協力関係の維持・強化により、中長期的な企業価値向上を図るため保有しています。,,
E02265,,,2025-03-31,000,小野薬品工業(株),,583000,934.0,計測機器での取引および協力関係の維持・強化により、中長期的な企業価値向上を図るため保有しています。,,
E02265,,,2025-03-31,000,(株)ＳＣＲＥＥＮホールディングス,,94968,911.0,計測機器での取引および協力関係の維持・強化により、中長期的な企業価値向上を図るため保有しています。,,
E02265,,,2025-03-31,000,日本新薬(株),,181080,688.0,計測機器での取引および協力関係の維持・強化により、中長期的な企業価値向上を図るため保有しています。,,
E02265,,,2025-03-31,000,(株)ジーエス・ユアサコーポレーション,,225795,537.0,計測機器での取引および協力関係の維持・強化により、中長期的な企業価値向上を図るため保有しています。,,
E02265,,,2025-03-31,000,シンフォニアテクノロジー(株),,59600,356.0,航空機器での取引および協力関係の維持・強化により、中長期的な企業価値向上を図るため保有しています。,,
E02265,,,2025-03-31,000,ＮＩＳＳＨＡ(株),,247079,337.0,資材調達での取引および協力関係の維持・強化により、中長期的な企業価値向上を図るため保有しています。,,
E02265,,,2025-03-31,000,(株)オキサイド,,200000,228.0,計測機器での取引および協力関係の維持・強化により、中長期的な企業価値向上を図るため保有しています。,,
E02265,,,2025-03-31,000,三菱重工業(株)(注)6,,84970,214.0,航空機器や計測機器での取引および協力関係の維持・強化により、中長期的な企業価値向上を図るため保有しています。,,
E02265,,,2025-03-31,000,大阪瓦斯(株),,24600,83.0,資材調達での取引および協力関係の維持・強化により、中長期的な企業価値向上を図るため保有しています。,,
E02265,,,2025-03-31,000,(株)三菱ＵＦＪフィナンシャル・グループ,,26270,52.0,金融取引関係の維持・強化により、資金調達など財務面での安全性を高めるために保有しています。,,
E02265,,,2025-03-31,000,丸文(株),,34848,34.0,資材調達での取引および協力関係の維持・強化により、中長期的な企業価値向上を図るため保有しています。,,
E02265,,,2025-03-31,000,東京海上ホールディングス(株),,2955,16.0,金融取引関係の維持・強化により、損害保険など財務面での安全性を高めるために保有しています。,,
E02265,,,2025-03-31,000,(株)Ｔ＆Ｄホールディングス,,3530,11.0,金融取引関係の維持・強化により、資金調達など財務面での安全性を高めるために保有しています。,,
E02265,,,2025-03-31,000,(株)滋賀銀行,,2000,10.0,金融取引関係の維持・強化により、資金調達など財務面での安全性を高めるために保有しています。,,
E02265,,,2025-03-31,000,三菱ロジスネクスト(株),,1750,3.0,産業機器での取引および協力関係の維持・強化により、中長期的な企業価値向上を図るため保有しています。,,
E02265,,,2025-03-31,000,(株)京都フィナンシャルグループ,,1580,3.0,金融取引関係の維持・強化により、資金調達など財務面での安全性を高めるために保有しています。,,
E27622,,,2024-12-31,000,日本空港ビルデング㈱,,5082,25.0,日本事業における取引関係（当社製品の販売）の維持・強化,,
E00376,,,2025-03-31,000,東邦瓦斯㈱,,1187872,4913.0,取引および協力関係の維持・発展による企業価値の向上を図るため,,
E00376,,,2025-03-31,000,キッコーマン㈱,,3155000,4546.0,取引および協力関係の維持・発展による企業価値の向上を図るため。株式分割により、持株数が増加した。,,
E00376,,,2025-03-31,000,㈱パイロットコーポレーション,,735000,3048.0,取引および協力関係の維持・発展による企業価値の向上を図るため,,
E00376,,,2025-03-31,000,高砂香料工業㈱,,355610,2261.0,原材料仕入における取引関係および製品販売における取引関係の維持・強化のため,,
E00376,,,2025-03-31,000,三井住友トラストグループ㈱（注４）,,570400,2121.0,資金の安定調達等、主に財務面における安全性・安定性を高めるため,,
E00376,,,2025-03-31,000,不二製油グループ本社㈱（注５）,,606000,1855.0,原材料仕入における取引関係の維持・強化のため,,
E00376,,,2025-03-31,000,㈱ヤクルト本社,,362000,1032.0,取引および協力関係の維持・発展による企業価値の向上を図るため,,
E00376,,,2025-03-31,000,小野薬品工業㈱,,318500,510.0,取引および協力関係の維持・発展による企業価値の向上を図るため,,
E00376,,,2025-03-31,000,日本電設工業㈱,,234000,491.0,取引および協力関係の維持・発展による企業価値の向上を図るため,,
E00376,,,2025-03-31,000,㈱トーカイ,,200800,419.0,環境美化用品等のレンタル取引における安定的な取引関係の維持・強化のため,,
E00376,,,2025-03-31,000,イオン㈱,,108126,405.0,製品販売における取引関係の維持・強化のため,,
E00376,,,2025-03-31,000,キムラユニティー㈱,,248400,399.0,営業活動に必要な車両等のリース取引における安定的な取引関係の維持・強化のため,,
E00376,,,2025-03-31,000,名工建設㈱,,266200,344.0,建物設備等の施工委託先であり、安定的な取引関係の維持・強化のため,,
E00376,,,2025-03-31,000,㈱大垣共立銀行,,119275,283.0,資金の安定調達等、主に財務面における安全性・安定性を高めるため,,
E00376,,,2025-03-31,000,知多鋼業㈱,,113000,226.0,取引および協力関係の維持・発展による企業価値の向上を図るため,,
E00376,,,2025-03-31,000,キッセイ薬品工業㈱,,58000,223.0,取引および協力関係の維持・発展による企業価値の向上を図るため,,
E00376,,,2025-03-31,000,㈱ふくおかフィナンシャルグループ,,55356,217.0,資金の安定調達等、主に財務面における安全性・安定性を高めるため,,
E00376,,,2025-03-31,000,井村屋グループ㈱,,80891,194.0,取引および協力関係の維持・発展による企業価値の向上を図るため,,
E00376,,,2025-03-31,000,㈱ヤマト,,117000,173.0,取引および協力関係の維持・発展による企業価値の向上を図るため,,
E00376,,,2025-03-31,000,東陽倉庫㈱,,106780,158.0,商品物流における安定的な取引関係の維持・強化のため,,
E00376,,,2025-03-31,000,㈱あいちフィナンシャルグループ,,43200,123.0,資金の安定調達等、主に財務面における安全性・安定性を高めるため,,
E00376,,,2025-03-31,000,㈱歌舞伎座,,26000,117.0,取引および協力関係の維持・発展による企業価値の向上を図るため,,
E00376,,,2025-03-31,000,高田機工㈱,,78000,79.0,取引および協力関係の維持・発展による企業価値の向上を図るため。株式分割により、持株数が増加した。,,
E00376,,,2025-03-31,000,ダイナパック㈱,,37264,71.0,原材料仕入における取引関係の維持・強化のため,,
E00376,,,2025-03-31,000,セントラルフォレストグループ㈱,,15569,48.0,製品販売における取引関係の維持・強化のため。取引先持株会買付により、株式数が増加した。,,
E00376,,,2025-03-31,000,㈱御園座,,24000,40.0,取引および協力関係の維持・発展による企業価値の向上を図るため,,
E00376,,,2025-03-31,000,㈱ヤマナカ,,70000,38.0,製品販売における取引関係の維持・強化のため,,
E00376,,,2025-03-31,000,菊水化学工業㈱,,100000,37.0,取引および協力関係の維持・発展による企業価値の向上を図るため,,
E00376,,,2025-03-31,000,㈱スズケン,,4791,23.0,製品販売における取引関係の維持・強化のため,,
E00376,,,2025-03-31,000,三菱食品㈱,,3000,14.0,原材料仕入における取引関係および製品販売における取引関係の維持・強化のため,,
E00376,,,2025-03-31,000,㈱バローホールディングス,,3168,7.0,製品販売における取引関係の維持・強化のため,,
E00376,,,2025-03-31,000,エイチ・ツー・オー・リテイリング㈱,,3150,7.0,製品販売における取引関係の維持・強化のため,,
E00376,,,2025-03-31,000,㈱リテールパートナーズ,,3060,4.0,製品販売における取引関係の維持・強化のため,,
E00376,,,2025-03-31,000,中部日本放送㈱,,5445,3.0,取引および協力関係の維持・発展による企業価値の向上を図るため,,
E00376,,,2025-03-31,000,第一生命ホールディングス㈱,,600,2.0,保険取引における取引関係の維持・強化のため,,
E00376,,,2025-03-31,000,アルフレッサホールディングス㈱,,968,2.0,製品販売における取引関係の維持・強化のため,,
E02438,,,2025-02-28,000,㈱テンポスホールディングス,,510000,1876800.0,当社の業務用厨房機器の販売先であり、取引の安定的かつ継続的な維持・強化の観点から保有しております。（定量的な保有効果）（注）１,,
E02438,,,2025-02-28,000,日本調理機㈱,,107400,429600.0,当社の業務用厨房機器の販売先であり、取引の安定的かつ継続的な維持・強化の観点から保有しております。（定量的な保有効果）（注）１,,
E02438,,,2025-02-28,000,ガリレイ㈱,,96600,260143.0,当社グループの販売先であり、取引の安定的かつ継続的な維持・強化の観点から保有しております。（定量的な保有効果）（注）１（増加理由等）（注）３,,
E02438,,,2025-02-28,000,ホシザキ㈱,,40000,241360.0,当社グループの販売先であり、取引の安定的かつ継続的な維持・強化の観点から保有しております。（定量的な保有効果）（注）１,,
E02438,,,2025-02-28,000,㈱きちりホールディングス,,96000,80832.0,当社の業務用厨房機器の販売先であり、取引の安定的かつ継続的な維持・強化の観点から保有しております。（定量的な保有効果）（注）１,,
E02438,,,2025-02-28,000,ＳＦＰホールディングス㈱,,30000,60960.0,当社の業務用厨房機器の販売先であり、取引の安定的かつ継続的な維持・強化の観点から保有しております。（定量的な保有効果）（注）１,,
E02438,,,2025-02-28,000,㈱ペッパーフードサービス,,312600,50641.0,当社の業務用厨房機器の販売先であり、取引の安定的かつ継続的な維持・強化の観点から保有しております。（定量的な保有効果）（注）１,,
E02438,,,2025-02-28,000,ヒューリック㈱,,26690,37419.0,当社の業務用厨房機器の販売先であり、取引の安定的かつ継続的な維持・強化の観点から保有しております。（定量的な保有効果）（注）１,,
E02438,,,2025-02-28,000,㈱Genki Global Dining Concepts,,7650,25131.0,当社の業務用厨房機器の販売先であり、取引の安定的かつ継続的な維持・強化の観点から保有しております。（定量的な保有効果）（注）１（増加理由）（注）２,,
E02438,,,2025-02-28,000,ミニストップ㈱,,12200,20142.0,当社の業務用厨房機器の販売先であり、取引の安定的かつ継続的な維持・強化の観点から保有しております。（定量的な保有効果）（注）１,,
E02438,,,2025-02-28,000,㈱バローホールディングス,,7200,16293.0,当社の業務用厨房機器の販売先であり、取引の安定的かつ継続的な維持・強化の観点から保有しております。（定量的な保有効果）（注）１,,
E02438,,,2025-02-28,000,イオン㈱,,2708,9979.0,当社グループの販売先であり、取引の安定的かつ継続的な維持・強化の観点から保有しております。（定量的な保有効果）（注）１（増加理由）（注）２,,
E02438,,,2025-02-28,000,阪和興業㈱,,2000,9850.0,当社グループの仕入先であり、取引の安定的かつ継続的な維持・強化の観点から保有しております。（定量的な保有効果）（注）１,,
E02438,,,2025-02-28,000,㈱ライフフーズ,,4000,6500.0,当社の業務用厨房機器の販売先であり、取引の安定的かつ継続的な維持・強化の観点から保有しております。（定量的な保有効果）（注）１,,
E02438,,,2025-02-28,000,クリナップ㈱,,6466,4300.0,当社の業務用厨房機器の販売先であり、取引の安定的かつ継続的な維持・強化の観点から保有しております。（定量的な保有効果）（注）１（増加理由）（注）２,,
E02438,,,2025-02-28,000,㈱ＳＡＮＫＯ　ＭＡＲＫＥＴＩＮＧ　ＦＯＯＤＳ,,40000,4040.0,当社の業務用厨房機器の販売先であり、取引の安定的かつ継続的な維持・強化の観点から保有しております。（定量的な保有効果）（注）１,,
E02438,,,2025-02-28,000,㈱みずほフィナンシャルグループ,,561,2343.0,当社グループの金融機関の主要な取引先であり、取引の安定的かつ継続的な維持・強化の観点から保有しております。（定量的な保有効果）（注）１,,
E02438,,,2025-02-28,000,㈱中西製作所,,100,263.0,当社の業務用厨房機器の販売先であり、取引の安定的かつ継続的な維持・強化の観点から保有しております。（定量的な保有効果）（注）１,,
E02438,,,2025-02-28,000,㈱フジマック,,200,211.0,当社の業務用厨房機器の販売先であり、取引の安定的かつ継続的な維持・強化の観点から保有しております。（定量的な保有効果）（注）１,,
E02438,,,2025-02-28,000,北沢産業㈱,,500,176.0,当社の業務用厨房機器の販売先であり、取引の安定的かつ継続的な維持・強化の観点から保有しております。（定量的な保有効果）（注）１,,
E03555,,,2025-03-31,000,株式会社ヤオコー,,1292544,11877.0,当行の主要な営業地域である埼玉県に本社を置き食品スーパーを展開する企業で、同社との総合的な銀行取引関係の維持・強化を図るため保有しております。,,
E03555,,,2025-03-31,000,株式会社千葉銀行,,4479500,6266.0,包括業務提携「千葉・武蔵野アライアンス」及び、国内最大規模の広域連携である「TSUBASAアライアンス」を通じ、地域経済の持続的成長に一層貢献していくことにより、当行の中長期的な企業価値向上に資するため保有しております。,,
E03555,,,2025-03-31,000,東京海上ホールディングス株式会社,,897000,5145.0,同社グループの保険商品販売など、金融関連業務における連携関係の維持・強化などにより、地域経済の発展や当行の中長期的な企業価値向上に資するため保有しております。,,
E03555,,,2025-03-31,000,株式会社ベルク,,677200,4611.0,当行の主要な営業地域である埼玉県に本社を置き食品スーパーを展開する企業で、同社との総合的な銀行取引関係の維持・強化を図るため保有しております。,,
E03555,,,2025-03-31,000,株式会社三菱UFJフィナンシャル・グループ,,1737039,3493.0,同社グループとの金融関連業務における経営戦略上の協力関係の維持・強化を図ることにより、地域経済の発展や、当行の中長期的な企業価値向上に資するため保有しております。,,
E03555,,,2025-03-31,000,住友不動産株式会社,,445000,2488.0,同社との銀行取引の維持・拡大のみならず、営業地域内の不動産開発案件や住宅ローン案件などにおける連携関係を強化するため保有しております。,,
E03555,,,2025-03-31,000,株式会社西武ホールディングス,,655000,2162.0,当行の主要な営業地域である埼玉県に、鉄道・ホテルなど様々な営業基盤を有する企業であり、同社との総合的な銀行取引関係の維持・強化を図るため保有しております。,,
E03555,,,2025-03-31,000,株式会社ヤクルト本社,,686400,1958.0,同社との安定的・中長期的な取引関係の維持・強化により、地域経済の発展や当行の中長期的な企業価値向上に資するため、保有しております。,,
E03555,,,2025-03-31,000,株式会社ハイデイ日高,,647060,1785.0,当行の主要な営業地域である埼玉県に本社を置き外食チェーン店を展開する企業で、同社との総合的な銀行取引関係の維持・強化を図るため保有しております。,,
E03555,,,2025-03-31,000,株式会社第四北越フィナンシャルグループ,,477000,1504.0,国内最大規模の広域連携である「TSUBASAアライアンス」を通じ、地域経済の持続的成長に一層貢献していくことにより、当行の中長期的な企業価値向上に資するため保有しております。株式数は同社の株式分割により増加しております。,,
E03555,,,2025-03-31,000,株式会社マミーマート,,303010,1468.0,当行の主要な営業地域である埼玉県に本社を置き食品スーパーを展開する企業で、同社との総合的な銀行取引関係の維持・強化を図るため保有しております。,,
E03555,,,2025-03-31,000,野村ホールディングス株式会社,,1500000,1362.0,同社グループの金融商品販売など、金融関連業務における連携関係の維持・強化などにより、地域経済の発展や、当行の中長期的な企業価値向上に資するため保有しております。,,
E03555,,,2025-03-31,000,株式会社しまむら,,138600,1186.0,当行の主要な営業地域である埼玉県に本社を置き衣料品チェーン店を展開する企業で、同社との総合的な銀行取引関係の維持・強化を図るため保有しております。,,
E03555,,,2025-03-31,000,リズム株式会社,,217161,806.0,当行の主要な営業地域である埼玉県に本社を置く時計・精密部品等の製造・販売を行う企業で、同社との総合的な銀行取引関係の維持・強化を図るため保有しております。,,
E03555,,,2025-03-31,000,株式会社宮崎銀行,,216200,715.0,システム共同化プロジェクトである「じゅうだん会」を通じ、地域経済の持続的成長に一層貢献していくことにより、当行の中長期的な企業価値向上に資するため保有しております。,,
E03555,,,2025-03-31,000,SOMPOホールディングス株式会社,,158100,714.0,同社グループの保険商品販売など、金融関連業務における連携関係の維持・強化などにより、地域経済の発展や、当行の中長期的な企業価値向上に資するため保有しております。,,
E03555,,,2025-03-31,000,株式会社芝浦電子,,154880,683.0,当行の主要な営業地域である埼玉県に本社を置く温度センサー製造・販売を行う企業で、同社との総合的な銀行取引関係の維持・強化を図るため保有しております。株式数は同社の株式分割により増加しております。,,
E03555,,,2025-03-31,000,株式会社八十二銀行,,621372,656.0,システム共同化プロジェクトである「じゅうだん会」を通じ、地域経済の持続的成長に一層貢献していくことにより、当行の中長期的な企業価値向上に資するため保有しております。,,
E03555,,,2025-03-31,000,株式会社東邦銀行,,1763000,627.0,国内最大規模の広域連携である「TSUBASAアライアンス」を通じ、地域経済の持続的成長に一層貢献していくことにより、当行の中長期的な企業価値向上に資するため保有しております。,,
E03555,,,2025-03-31,000,水戸証券株式会社,,1167000,617.0,金融関連業務における連携関係の維持・強化などにより、当行の中長期的な企業価値向上に資するため保有しております。,,
E03555,,,2025-03-31,000,ケイアイスター不動産株式会社,,128000,579.0,当行の主要な営業地域である埼玉県に本社を置く不動産会社で、同社との総合的な銀行取引関係の維持・強化を図るため保有しております。,,
E03555,,,2025-03-31,000,株式会社群馬銀行,,467000,575.0,国内最大規模の広域連携である「TSUBASAアライアンス」を通じ、地域経済の持続的成長に一層貢献していくことにより、当行の中長期的な企業価値向上に資するため保有しております。,,
E03555,,,2025-03-31,000,東日本旅客鉄道株式会社,,192600,568.0,同社との安定的・中長期な取引関係の維持・強化により、地域経済の発展や当行の中長期的な企業価値向上に資するため、保有しております。,,
E03555,,,2025-03-31,000,株式会社大和証券グループ本社,,469000,466.0,同社グループの金融商品販売など、金融関連業務における連携関係の維持・強化などにより、地域経済の発展や、当行の中長期的な企業価値向上に資するため保有しております。,,
E03555,,,2025-03-31,000,株式会社京葉銀行,,450073,403.0,首都圏を営業基盤とする同業種として、情報交換等に留まらず、金融関連業務における連携関係の維持・強化などにより、地域経済の発展や、当行の中長期的な企業価値向上に資するため保有しております。,,
E03555,,,2025-03-31,000,株式会社クレディセゾン,,106260,374.0,同社との銀行取引の維持・拡大のみならず、金融関連業務における連携関係の維持・強化などにより、地域経済の発展や、当行の中長期的な企業価値向上に資するため保有しております。,,
E03555,,,2025-03-31,000,日本電子株式会社,,75500,345.0,同社との安定的・中長期的な取引関係の維持・強化により、地域経済の発展や当行の中長期的な企業価値向上に資するため、保有しております。,,
E03555,,,2025-03-31,000,太平洋セメント株式会社,,76560,298.0,当行の主要な営業地域である埼玉県に工場を有するセメント・資源事業を営む企業で、同社との総合的な銀行取引関係の維持・強化を図るため保有しております。,,
E03555,,,2025-03-31,000,リケンNPR株式会社,,105667,263.0,同社との安定的・中長期的な取引関係の維持・強化により、地域経済の発展や当行の中長期的な企業価値向上に資するため、保有しております。,,
E03555,,,2025-03-31,000,大成ラミック株式会社,,100000,248.0,当行の主要な営業地域である埼玉県に本社を置く包装用フィルム等の製造・販売を行う企業で、同社との総合的な銀行取引関係の維持・強化を図るため保有しております。,,
E03555,,,2025-03-31,000,株式会社エイチワン,,216000,244.0,当行の主要な営業地域である埼玉県に本社を置く自動車部品などの製造・販売を行う企業で、同社との総合的な銀行取引関係の維持・強化を図るため保有しております。,,
E03555,,,2025-03-31,000,株式会社おきなわフィナンシャルグループ,,88200,226.0,営業基盤が異なる同業種として、情報交換等に留まらず、金融関連業務における連携関係の維持・強化などにより、地域経済の発展や、当行の中長期的な企業価値向上に資するため保有しております。,,
E03555,,,2025-03-31,000,株式会社大垣共立銀行,,85200,202.0,営業基盤が異なる同業種として、情報交換等に留まらず、金融関連業務における連携関係の維持・強化などにより、地域経済の発展や、当行の中長期的な企業価値向上に資するため保有しております。,,
E03555,,,2025-03-31,000,株式会社ピックルスホールディングス,,200000,193.0,当行の主要な営業地域である埼玉県に本社を置くキムチ・漬物の製造・販売を行う企業で、同社との総合的な銀行取引関係の維持・強化を図るため保有しております。,,
E03555,,,2025-03-31,000,日本フエルト株式会社,,357200,171.0,当行の主要な営業地域である埼玉県に工場を有する製紙用フェルト・工業用繊維製品等の製造・販売を営む企業で、同社との総合的な銀行取引関係の維持・強化を図るため保有しております。,,
E03555,,,2025-03-31,000,ダイニック株式会社,,192000,144.0,当行の主要な営業地域である埼玉県に工場を有する各種クロス類、床材、不織布等の製造・販売を営む企業で、同社との総合的な銀行取引関係の維持・強化を図るため保有しております。,,
E03555,,,2025-03-31,000,パシフィックシステム株式会社,,30000,130.0,当行の主要な営業地域である埼玉県に本社を置く情報サービス業を営む企業で、同社との総合的な銀行取引関係の維持・強化を図るため保有しております。,,
E03555,,,2025-03-31,000,株式会社エンプラス,,30000,129.0,当行の主要な営業地域である埼玉県に本社を置く精密プラスチックメーカーで、同社との総合的な銀行取引関係の維持・強化を図るため保有しております。,,
E03555,,,2025-03-31,000,株式会社琉球銀行,,108300,124.0,国内最大規模の広域連携である「TSUBASAアライアンス」及び、システム共同化プロジェクトである「じゅうだん会」を通じ、地域経済の持続的成長に一層貢献していくことにより、当行の中長期的な企業価値向上に資するため保有しております。,,
E03555,,,2025-03-31,000,株式会社朝日ラバー,,196500,111.0,当行の主要な営業地域である埼玉県に本社を置く工業用ゴム製品の製造・販売を行う企業で、同社との総合的な銀行取引関係の維持・強化を図るため保有しております。,,
E03555,,,2025-03-31,000,株式会社ナガワ,,18000,108.0,当行の主要な営業地域である埼玉県に工場を有するユニットハウスの製造・販売、建材資材の販売等を営む企業で、同社との総合的な銀行取引関係の維持・強化を図るため保有しております。,,
E03555,,,2025-03-31,000,株式会社サンテック,,132000,107.0,同社との安定的・中長期的な取引関係の維持・強化により、地域経済の発展や当行の中長期的な企業価値向上に資するため、保有しております。,,
E03555,,,2025-03-31,000,株式会社清水銀行,,67500,101.0,営業基盤が異なる同業種として、情報交換等に留まらず、金融関連業務における連携関係の維持・強化などにより、地域経済の発展や、当行の中長期的な企業価値向上に資するため保有しております。,,
E03555,,,2025-03-31,000,MIRARTHホールディングス株式会社,,200000,101.0,同社との銀行取引の維持・拡大のみならず、営業地域内の住宅ローン案件などにおける連携関係を強化するため保有しております。,,
E03555,,,2025-03-31,000,株式会社クミカ（注８）,,310000,99.0,当行の主要な営業地域である埼玉県に本社を置く不動産会社で、同社との総合的な銀行取引関係の維持・強化を図るため保有しております。,,
E03555,,,2025-03-31,000,東武鉄道株式会社,,35216,89.0,当行の主要な営業地域である埼玉県で、地域経済に重要なインフラである鉄道事業等を行う企業であり、同社との総合的な銀行取引関係の維持・強化を図るため保有しております。,,
E03555,,,2025-03-31,000,株式会社富山銀行,,58100,88.0,営業基盤が異なる同業種として、情報交換等に留まらず、金融関連業務における連携関係の維持・強化などにより、地域経済の発展や、当行の中長期的な企業価値向上に資するため保有しております。,,
E03555,,,2025-03-31,000,株式会社中村屋,,23200,72.0,当行の主要な営業地域である埼玉県に工場・営業所を有する食品メーカーで、同社との総合的な銀行取引関係の維持・強化を図るため保有しております。,,
E03555,,,2025-03-31,000,シグマ光機株式会社,,50000,69.0,当行の主要な営業地域である埼玉県に本社・工場を置く光学製品の製造・販売を営む企業で、同社との総合的な銀行取引関係の維持・強化を図るため保有しております。,,
E03555,,,2025-03-31,000,キヤノン電子株式会社,,22500,55.0,当行の主要な営業地域である埼玉県に本社・工場を置く電子機器等の開発・生産・販売を行う企業で、同社との総合的な銀行取引関係の維持・強化を図るため保有しております。,,
E03555,,,2025-03-31,000,株式会社岡三証券グループ,,80922,53.0,金融関連業務における連携関係の維持・強化などにより、当行の中長期的な企業価値向上に資するため保有しております。,,
E03555,,,2025-03-31,000,株式会社グラファイトデザイン,,60000,44.0,当行の主要な営業地域である埼玉県に本社を置く炭素繊維成型品の製造を行う企業で、同社との総合的な銀行取引関係の維持・強化を図るため保有しております。,,
E03555,,,2025-03-31,000,秩父鉄道株式会社,,16000,32.0,当行の主要な営業地域である埼玉県で、地域経済に重要なインフラである鉄道事業等を行う企業であり、同社との総合的な銀行取引関係の維持・強化を図るため保有しております。,,
E03555,,,2025-03-31,000,日本製罐株式会社,,21000,29.0,当行の主要な営業地域である埼玉県に本社を置く金属缶の製造・販売を行う企業で、同社との総合的な銀行取引関係の維持・強化を図るため保有しております。,,
E03555,,,2025-03-31,000,日本製紙株式会社,,25000,25.0,当行の主要な営業地域である埼玉県に工場を有する製紙業を営む企業で、同社との総合的な銀行取引関係の維持・強化を図るため保有しております。,,
E03555,,,2025-03-31,000,株式会社A&Dホロンホールディングス,,10000,18.0,当行の主要な営業地域である埼玉県に工場を有する電子計測器等の製造、販売を営む企業で、同社との総合的な銀行取引関係の維持・強化を図るため保有しております。,,
E03555,,,2025-03-31,000,大崎電機工業株式会社,,18000,14.0,当行の主要な営業地域である埼玉県に事務所を有する電力量計、計器用変成器等の製造、販売を営む企業で、同社との総合的な銀行取引関係の維持・強化を図るため保有しております。,,
E03555,,,2025-03-31,000,ヤマトモビリティ&Mfg.株式会社,,8500,7.0,当行の主要な営業地域である埼玉県に本社を置くEV関連事業等を主体とした製造加工販売を行う企業で、同社との総合的な銀行取引関係の維持・強化を図るため保有しております。,,
E03555,,,2025-03-31,000,株式会社ニッチツ,,3000,5.0,当行の主要な営業地域である埼玉県に関連会社を置く機械関連事業等を営む企業で、同社との総合的な銀行取引関係の維持・強化を図るため保有しております。,,
E00660,,,2025-03-31,000,㈱いよぎんホールディングス,,3508300,6167.0,（保有目的）資金調達や決済等の取引を行っており、事業活動の円滑化、取引関係の維持・強化のため継続保有しています。（定量的な保有効果）注２,,
E00660,,,2025-03-31,000,ザ・パック㈱,,573500,1938.0,（保有目的）総合パッケージメーカーとして環境配慮型商品を積極展開する同社との関係強化のため継続保有しています。（定量的な保有効果）注２,,
E00660,,,2025-03-31,000,日本フイルコン㈱,,1816500,944.0,（保有目的）製紙用品等の調達取引を行っており、事業活動の円滑化、取引関係の維持・強化のため継続保有しています。（定量的な保有効果）注２,,
E00660,,,2025-03-31,000,㈱愛媛銀行,,750600,805.0,（保有目的）資金調達や決済等の取引を行っており、事業活動の円滑化、取引関係の維持・強化のため継続保有しています。（定量的な保有効果）注２,,
E00660,,,2025-03-31,000,ダイナパック㈱,,241600,466.0,（保有目的）段ボールをはじめとしたパッケージ事業を国内及び海外に展開する同社との関係強化を目的に保有しています。（定量的な保有効果）注２,,
E00660,,,2025-03-31,000,㈱あらた,,108000,338.0,（保有目的）日用雑貨の商社として主要な地位を占める企業であり、当社の流通政策上も重要な位置付けとしていることから、家庭紙商品の販売における同社との取引関係を今後も維持・強化するため、継続保有しています。（定量的な保有効果）注２,,
E00660,,,2025-03-31,000,㈱トーモク,,101900,244.0,（保有目的）段ボール事業及び紙器事業を全国展開する同社との関係強化を目的に継続保有しています。（定量的な保有効果）注２,,
E00660,,,2025-03-31,000,㈱イムラ,,134000,130.0,（保有目的）封筒をコアとしたパッケージソリューション事業を展開する同社との関係強化を目的に継続保有しています。（定量的な保有効果）注２,,
E00660,,,2025-03-31,000,㈱KYORITSU,,680500,110.0,（保有目的）商業印刷やBPOなどメディア関連事業をマルチ展開する同社との関係強化を目的に継続保有しています。（定量的な保有効果）注２,,
E00660,,,2025-03-31,000,コーナン商事㈱,,20000,74.0,（保有目的）当社主力販売先業態の一つであるホームセンターの大手であり、家庭紙商品の販売における今後の更なる取引関係の維持・強化のため、継続保有しています。（定量的な保有効果）注２,,
E00660,,,2025-03-31,000,光ビジネスフォーム㈱,,80000,67.0,（保有目的）データプリントサービスやWEBソリューションなど積極展開する同社との関係強化を目的に継続保有しています。（定量的な保有効果）注２,,
E00660,,,2025-03-31,000,㈱ミスターマックス・ホールディングス,,101494,67.0,（保有目的）当社主力販売先業態の一つである総合ディスカウントストアの大手であり、家庭紙商品の販売における今後の更なる取引関係の維持・強化のため、継続保有しています。株式数の増加は取引先持株会を通じた株式の取得によるものです。（定量的な保有効果）注２,,
E00660,,,2025-03-31,000,セキ㈱,,19000,25.0,（保有目的）総合印刷事業と紙流通事業を通して環境配慮型経営を推進する同社との関係強化を目的に継続保有しています。（定量的な保有効果）注２,,
E00660,,,2025-03-31,000,㈱カワチ薬品,,6400,18.0,（保有目的）北関東エリアを中心に展開する大手ドラッグストアチェーンであり、従前より様々な取組において協業してきた経緯も踏まえ、家庭紙商品の販売における同社との取引関係を今後も維持・強化するため、継続保有しています。（定量的な保有効果）注２,,
E00660,,,2025-03-31,000,㈱ムサシ,,10000,16.0,（保有目的）紙流通業や印刷システム機材事業等を積極展開する同社との関係強化を目的に継続保有しています。（定量的な保有効果）注２,,
E00660,,,2025-03-31,000,DCMホールディングス㈱,,8700,12.0,（保有目的）当社主力販売先業態の一つであるホームセンターの大手であり、家庭紙商品の販売における今後の更なる取引関係の維持・強化のため、継続保有しています。（定量的な保有効果）注２,,
E00660,,,2025-03-31,000,大石産業㈱,,6000,8.0,（保有目的）段ボールやパルプモウルドをコア事業として展開する同社との関係強化を目的に継続保有しています。株式数の増加は株式分割によるものです。（定量的な保有効果）注２,,
E00660,,,2025-03-31,000,㈱コスモス薬品,,400,3.0,（保有目的）九州を発祥に東海・関東へとエリアを拡大中の大手ドラッグストアチェーンであり、これまでの緊密な取組を背景に当社品の扱いが多く、家庭紙商品の販売における同社との取引関係を今後も維持・強化するため、継続保有しています。株式数の増加は株式分割によるものです。（定量的な保有効果）注２,,
E01764,,,2025-03-31,000,㈱名村造船所,,305200,697382.0,当社船舶用システム製品を納入している継続的な重要取引先であり、中長期的な経営戦略上有効であるため保有しております。(注)１,,
E01764,,,2025-03-31,000,㈱商船三井,,18891,98006.0,当社船舶用システム製品を直接使用される重要な取引先であり、製品納入後のエンジニアリング及びライフサイクルサービスの提供を含め、中長期的な経営戦略上有効であるため保有しております。(注)１,,
E01764,,,2025-03-31,000,㈱三菱UFJフィナンシャル・グループ,,42420,85306.0,同社傘下の㈱三菱UFJ銀行を主とした総合的な金融取引による支援が、当社グループのグローバルな事業活動に有効であるため保有しております。(注)１,,
E01764,,,2025-03-31,000,㈱ⅠＨＩ,,7400,76369.0,当社産業用システム製品を納入している重要な取引先であり、また、同社が出資するジャパンマリンユナイテッド㈱は船舶用システム製品を納入する継続的な重要取引先であり、中長期的な経営戦略上有効であるため保有しております。(注)１(株式数が増加した理由)(注)２,,
E01764,,,2025-03-31,000,住友重機械工業㈱,,10400,31720.0,当社船舶用システム製品を納入している継続的な重要取引先であり、中長期的な経営戦略上有効であるため保有しております。(注)１,,
E01764,,,2025-03-31,000,内海造船㈱,,3300,18447.0,当社船舶用システム製品を納入している継続的な重要取引先であり、中長期的な経営戦略上有効であるため保有しております。(注)１,,
E01764,,,2025-03-31,000,㈱三井住友フィナンシャルグループ（注）３,,4800,18216.0,同社傘下の㈱三井住友銀行との総合的な金融取引による支援が、当社グループのグローバルな事業活動に有効であるため保有しております。(注)１,,
E01764,,,2025-03-31,000,㈱明電舎,,4000,17260.0,当社機器製品を納入している継続的な重要取引先であり、中長期的な経営戦略上有効であるため保有しております。(注)１,,
E01764,,,2025-03-31,000,三菱重工業㈱（注）４,,5000,12630.0,当社船舶用システム製品を納入している継続的な重要取引先であり、中長期的な経営戦略上有効であるため保有しております。(注)１,,
E01764,,,2025-03-31,000,㈱みずほフィナンシャルグループ,,3000,12153.0,同社傘下の㈱みずほ銀行との総合的な金融取引による支援が、当社グループのグローバルな事業活動に有効であるため保有しております。(注)１,,
E01764,,,2025-03-31,000,日本郵船㈱,,1911,9404.0,当社船舶用システム製品を直接使用される重要な取引先であり、製品納入後のエンジニアリング及びライフサイクルサービスの提供を含め、中長期的な経営戦略上有効であるため保有しております。(注)１,,
E01764,,,2025-03-31,000,デンヨー㈱,,3391,8274.0,当社機器製品を納入している継続的な重要取引先であり、中長期的な経営戦略上有効であるため保有しております。(注)１,,
E01764,,,2025-03-31,000,明治電機工業㈱,,2000,3010.0,当社機器製品の中核的な代理店であり、中長期的な経営戦略上有効であるため保有しております。(注)１,,
E00783,,,2025-03-31,000,東ソー㈱,,2196700,4510.0,周南地区においてパイピングによる窒素・酸素ガス供給を行っており、取引の円滑化を図るために保有しております。,,
E00783,,,2025-03-31,000,イビデン㈱,,874900,3489.0,主に中部地域において同社の子会社に対しセパレートガス及びプロパンガスの取引を行っており、取引の円滑化を図るために保有しております。,,
E00783,,,2025-03-31,000,高圧ガス工業㈱,,3142000,2790.0,セパレートガスの主要販売先であり、取引の円滑化を図るために保有しております。,,
E00783,,,2025-03-31,000,理研計器㈱（注４）,,682600,1757.0,ガス検知器・警報機の主要仕入先であり、取引の円滑化を図るために保有しております。,,
E00783,,,2025-03-31,000,小池酸素工業㈱,,266891,1682.0,セパレートガスの主要販売先であり、取引の円滑化を図るために保有しております。,,
E00783,,,2025-03-31,000,長野計器㈱,,700000,1338.0,圧力計の主要仕入先であり、取引の円滑化を図るために保有しております。,,
E00783,,,2025-03-31,000,東邦アセチレン㈱,,3450000,1242.0,セパレートガスの主要販売先であり、取引の円滑化を図るために保有しております。,,
E00783,,,2025-03-31,000,㈱ダイヘン,,118320,748.0,溶接・溶断機等において当社グループの主要仕入先であり、取引の円滑化を図るために保有しております。,,
E00783,,,2025-03-31,000,㈱クレハ,,258220,712.0,いわき地区においてパイピングによる窒素ガス供給を行っており、取引の円滑化を図るために保有しております。,,
E00783,,,2025-03-31,000,東京鐵鋼㈱,,99983,574.0,小山地区においてパイピングによる酸素ガス供給を行っており、取引の円滑化を図るために保有しております。,,
E00783,,,2025-03-31,000,ＮＯＫ㈱,,240000,525.0,液化窒素の主要販売先であり、取引の円滑化を図るために保有しております。,,
E00783,,,2025-03-31,000,新コスモス電機㈱,,184000,464.0,ガス検知器・警報機の主要仕入先であり、取引の円滑化を図るために保有しております。,,
E00783,,,2025-03-31,000,ＴＰＲ㈱,,148690,344.0,液化窒素の主要販売先であり、取引の円滑化を図るために保有しております。,,
E00783,,,2025-03-31,000,宮地エンジニアリンググループ㈱（注５）,,100000,178.0,産業ガス関連機器の主要販売先であり、取引の円滑化を図るために保有しております。,,
E00783,,,2025-03-31,000,日本冶金工業㈱,,41750,173.0,アルゴン及び窒素の主要販売先であり、取引の円滑化を図るために保有しております。,,
E00783,,,2025-03-31,000,㈱星医療酸器,,30000,137.0,医療用酸素及び関連機器の主要販売先であり、取引の円滑化を図るために保有しております。,,
E00783,,,2025-03-31,000,石塚硝子㈱,,2155,5.0,水素ガスの主要販売先であり、取引の円滑化を図るために保有しております。,,
E00783,,,2025-03-31,000,東京高圧山崎㈱,,2196700,4510.0,周南地区においてパイピングによる窒素・酸素ガス供給を行っており、取引の円滑化を図るために保有しております。,,
E00783,,,2025-03-31,000,㈱星医療酸器,,874900,3489.0,主に中部地域において同社の子会社に対しセパレートガス及びプロパンガスの取引を行っており、取引の円滑化を図るために保有しております。,,
E00783,,,2025-03-31,000,日本冶金工業㈱,,3142000,2790.0,セパレートガスの主要販売先であり、取引の円滑化を図るために保有しております。,,
E00791,,,2025-03-31,000,日本ペイントホールディングス㈱,,2030705,2276420.0,（保有目的）取引関係の維持強化（定量的な保有効果）（注）１,,
E00791,,,2025-03-31,000,㈱三井住友フィナンシャルグループ,,80700,306256.0,（保有目的）グループとの安定取引目的（定量的な保有効果）（注）１（株式数が増加した理由）（注）２,,
E00791,,,2025-03-31,000,日本特殊塗料㈱,,109838,161571.0,（保有目的）取引関係の維持強化（定量的な保有効果）（注）１,,
E00791,,,2025-03-31,000,明治ホールディングス㈱,,46800,152100.0,（保有目的）取引関係の維持強化（定量的な保有効果）（注）１,,
E00791,,,2025-03-31,000,バンドー化学㈱,,80025,131882.0,（保有目的）取引関係の維持強化（定量的な保有効果）（注）１（株式数が増加した理由）（注）３,,
E00791,,,2025-03-31,000,㈱三菱ＵＦＪフィナンシャル・グループ,,48360,97251.0,（保有目的）グループとの安定取引目的（定量的な保有効果）（注）１,,
E00791,,,2025-03-31,000,オカモト㈱,,18200,92092.0,（保有目的）取引関係の維持強化（定量的な保有効果）（注）１,,
E00791,,,2025-03-31,000,㈱カネカ,,23744,90417.0,（保有目的）取引関係の維持強化（定量的な保有効果）（注）１,,
E00791,,,2025-03-31,000,日東電工㈱,,27045,73968.0,（保有目的）取引関係の維持強化（定量的な保有効果）（注）１（株式数が増加した理由）（注）４,,
E00791,,,2025-03-31,000,日鉄鉱業㈱,,9072,59693.0,（保有目的）取引関係の維持強化（定量的な保有効果）（注）１,,
E00791,,,2025-03-31,000,㈱丸運,,100000,43600.0,（保有目的）取引関係の維持強化（定量的な保有効果）（注）１,,
E00791,,,2025-03-31,000,菊水化学工業㈱,,67100,25430.0,（保有目的）取引関係の維持強化（定量的な保有効果）（注）１,,
E00791,,,2025-03-31,000,高圧ガス工業㈱,,14500,12876.0,（保有目的）取引関係の維持強化（定量的な保有効果）（注）１,,
E00791,,,2025-03-31,000,㈱Ｔ＆Ｄホールディングス,,3000,9522.0,（保有目的）取引の安定化（定量的な保有効果）（注）１,,
E00791,,,2025-03-31,000,王子ホールディングス㈱,,13450,8435.0,（保有目的）取引関係の維持強化（定量的な保有効果）（注）１,,
E00791,,,2025-03-31,000,信越ポリマー㈱,,5380,8075.0,（保有目的）取引関係の維持強化（定量的な保有効果）（注）１,,
E00791,,,2025-03-31,000,大日本塗料㈱,,4307,5017.0,（保有目的）取引関係の維持強化（定量的な保有効果）（注）１,,
E00791,,,2025-03-31,000,神東塗料㈱,,38000,4940.0,（保有目的）取引関係の維持強化（定量的な保有効果）（注）１,,
E00791,,,2025-03-31,000,フィード・ワン㈱,,3753,3276.0,（保有目的）取引関係の維持強化（定量的な保有効果）（注）１,,
E00791,,,2025-03-31,000,東リ㈱,,3927,1853.0,（保有目的）取引関係の維持強化（定量的な保有効果）（注）１,,
E00791,,,2025-03-31,000,川上塗料㈱,,1032,1754.0,（保有目的）取引関係の維持強化（定量的な保有効果）（注）１,,
E00791,,,2025-03-31,000,盟和産業㈱,,1282,1424.0,（保有目的）取引関係の維持強化（定量的な保有効果）（注）１,,
E00791,,,2025-03-31,000,多木化学㈱,,400,1268.0,（保有目的）取引関係の維持強化（定量的な保有効果）（注）１,,
E00791,,,2025-03-31,000,共和レザー㈱,,1000,707.0,（保有目的）取引関係の維持強化（定量的な保有効果）（注）１,,
E00791,,,2025-03-31,000,日工㈱,,1000,686.0,（保有目的）取引関係の維持強化（定量的な保有効果）（注）１,,
E02147,,,2025-03-31,000,スズキ㈱,,2476400,4482.0,当社のAC事業における重要顧客であり、取引関係を維持・強化するために保有しております。,,
E02147,,,2025-03-31,000,ＳＯＭＰＯホールディングス㈱,,687600,3109.0,N/A,,
E02147,,,2025-03-31,000,知多鋼業㈱,,1107000,2215.0,当社のAC事業においてばね製品の重要仕入先かつ合弁出資先であり、取引関係を維持・強化するために保有しております。,,
E02147,,,2025-03-31,000,㈱みずほフィナンシャルグループ,,417010,1689.0,当社の取引金融機関及び取引証券会社等を傘下に持つ持株会社であり、同社グループ企業と当社の間で融資取引等がございます。今後も円滑な取引関係を維持するために保有しております。,,
E02147,,,2025-03-31,000,ＮＯＫ㈱,,755000,1653.0,N/A,,
E02147,,,2025-03-31,000,芙蓉総合リース㈱,,376500,1453.0,当社の取引金融機関で、当社の主要工場においてリース取引を行っており、今後も円滑な取引関係を維持するために保有しております。,,
E02147,,,2025-03-31,000,ヤマハ発動機㈱,,990000,1180.0,当社のAC事業における重要顧客かつ合弁出資先であり、取引関係を維持・強化するために保有しております。,,
E02147,,,2025-03-31,000,ＴＰＲ㈱,,278000,644.0,当社の重要素材の仕入先であり、取引関係を維持・強化するために保有しております。,,
E02147,,,2025-03-31,000,住友重機械工業㈱,,191400,584.0,当社のHC事業の重要顧客を傘下に持つ事業会社であり、取引関係を維持・強化するために保有しております。,,
E02147,,,2025-03-31,000,極東開発工業㈱,,238100,564.0,当社の特装事業における重要顧客であり、取引関係を維持・強化するために保有しております。,,
E02147,,,2025-03-31,000,㈱ＵＡＣＪ,,118000,563.0,当社のAC事業において重要な部品の仕入先であり、取引関係を維持・強化するために保有しております。,,
E02147,,,2025-03-31,000,㈱大垣共立銀行,,190600,453.0,当社の取引金融機関であり、当社との間で融資取引等がございます。今後も円滑な取引関係を維持するために保有しております。,,
E02147,,,2025-03-31,000,大同メタル工業㈱,,800000,395.0,"当社のAC, HC事業において重要な部品の仕入先であり、取引関係を維持・強化するために保有しております。",,
E02147,,,2025-03-31,000,井関農機㈱,,194300,210.0,当社のHC事業における重要顧客であり、取引関係を維持・強化するために保有しております。,,
E02147,,,2025-03-31,000,㈱アイチコーポレーション,,162100,204.0,当社のHC事業における重要顧客であり、取引関係を維持・強化するために保有しております。,,
E02147,,,2025-03-31,000,㈱ファインシンター,,220600,180.0,当社の重要素材の仕入先であり、取引関係を維持・強化するために保有しております。,,
E02147,,,2025-03-31,000,東海旅客鉄道㈱,,60000,171.0,当社のAC事業における重要顧客であり、取引関係を維持・強化するために保有しております。,,
E02147,,,2025-03-31,000,㈱竹内製作所,,12000,61.0,当社のHC事業における重要顧客であり、取引関係を維持するために保有しております。,,
E02147,,,2025-03-31,000,㈱九州フィナンシャルグループ,,23000,17.0,当社の取引金融機関等を傘下に持つ持株会社であり、同社グループ企業と融資取引等がございます。今後も円滑な取引関係を維持するために保有しております。,,
E34071,,,2024-06-30,000,サワイグループホールディングス㈱,,14290,93418.0,販売先との長期的な取引と取引拡大を継続する目的で保有(含む持株会）しております。増加理由は持株会を通じた取得によるものであります。,,
E34071,,,2024-06-30,000,日本化薬㈱,,6237,7656.0,販売先との長期的な取引と取引拡大を継続する目的で持株会に入会し保有しております。増加理由は持株会を通じた取得によるものであります。,,
E02675,,,2025-03-31,000,株式会社ダスキン,,760000,2765.0,保有目的は主に国内モスバーガー事業及びその他飲食事業における業務提携等に資することであります。同社とは2008年に資本・業務提携契約を締結して以降、業務提携推進委員会を発足し、店舗開発等の各分野における分科会によって協議、提携を進めております。,,
E02675,,,2025-03-31,000,山崎製パン株式会社,,860000,2476.0,保有目的は主に国内モスバーガー事業における当社が取り扱う主要食材の仕入取引上の関係強化であります。,,
E02675,,,2025-03-31,000,雪印メグミルク株式会社,,48600,124.0,保有目的は主に国内モスバーガー事業における当社が取り扱う主要食材の仕入取引上の関係強化であります。,,
E02675,,,2025-03-31,000,富士急行株式会社,,44000,98.0,保有目的は主に国内モスバーガー事業における出店等の販売取引上の関係強化であります。,,
E02675,,,2025-03-31,000,株式会社フジタコーポレーション,,3000,0.0,保有目的は主に国内モスバーガー事業におけるモスバーガー店舗の運営等の販売取引上の関係強化であります。,,
E32203,,,2025-03-31,000,（株）オリエンタルランド,,3795,11.0,取引関係強化及び取引先企業持株会での月次拠出のため、経営戦略の一環として保有しております。なお、定量的な保有効果については、定量的な保有効果の記載が困難であるため、事業戦略上の重要性や事業上の関係等から関係者で検証を実施しております。,,
E05575,,,2025-03-31,000,東京センチュリー㈱,,88000,128612.0,営業政策投資目的,,
E05575,,,2025-03-31,000,住友商事㈱,,95570,322262.0,営業政策投資目的,,
E05575,,,2025-03-31,000,三菱ＨＣキャピタル㈱,,10000,10075.0,営業政策投資目的,,
E05575,,,2025-03-31,000,K-Top Reits　Co　Ltd,,1456000,142152.0,営業政策投資目的,,
E00387,,,2025-03-31,000,㈱山陰合同銀行,,107350,139.0,山陰に拠点を置く主要金融機関であり、預金・借入金取引等、総合的な取引の関係維持・強化のため保有。上記方針に基づき、取締役会において保有の合理性について2025年３月31日を基準に検証した結果、保有効果が認められることから、保有することは妥当であると判断しております。（注）,,
E00387,,,2025-03-31,000,㈱鳥取銀行,,26000,33.0,山陰に拠点を置く主要金融機関であり、預金・借入金取引等、総合的な取引の関係維持・強化のため保有。上記方針に基づき、取締役会において保有の合理性について2025年３月31日を基準に検証した結果、保有効果が認められることから、保有することは妥当であると判断しております。（注）,,
E00387,,,2025-03-31,000,日本空港ビルデング㈱,,1000,4.0,当社グループの菓子販売事業における得意先であり、営業取引の維持・強化のため保有。定量的な保有効果については取引先との営業機密との判断により記載しませんが、上記方針に基づき、取締役会において2025年３月31日を基準に検証した結果、十分な定量的効果が認められることから、保有することは妥当であると判断しております。,,
E00222,,,2024-12-31,000,住友不動産㈱,,20000,98800.0,当該企業は、当社施工物件の主要施主デベロッパーであり、かつ弊社事務所が入居するビルオーナーであることから、緊密な関係維持・強化は弊社事業活動において重要と認識しているため。業務提携等はありません。,,
E00222,,,2024-12-31,000,㈱歌舞伎座,,14000,63560.0,当該企業及びその親会社グループの展開する事業は、将来的に弊社の事業拡大に繋がることを展望し、中長期的な関係維持・強化は有意義と認識しているため。業務提携等は有りません。,,
E00222,,,2024-12-31,000,昭和化学工業㈱,,134000,59630.0,当該企業と弊社は業界が異なり現状業務上の取引はないが、異業種間の情報交換を通じ、将来的に弊社の社内改革・新規ビジネス展開に資することを展望し、中長期的な関係維持・強化は有意義と認識しているため。業務提携等はありません。,,
E00832,,,2025-03-31,000,藤倉コンポジット㈱,,569840,790368.0,業務関係を維持・強化するために保有しております。定量的な保有効果は記載が困難でありますが、収益性・成長性等の観点から、保有意義及び経済的合理性を検証した結果、取締役会において保有継続の妥当性を確認しております。,,
E00832,,,2025-03-31,000,極東貿易㈱,,191944,300392.0,当社グループの販売取引先として、コーティング事業等における営業取引関係を維持・強化するために保有しております。定量的な保有効果は記載が困難でありますが、収益性・成長性等の観点から、保有意義及び経済的合理性を検証した結果、取締役会において保有継続の妥当性を確認しております。,,
E00832,,,2025-03-31,000,㈱みずほフィナンシャルグループ,,45800,185536.0,当社グループの金融取引先として、資金調達の継続と多様化を図り、財務等に係る活動の円滑化を目的として保有しております。同行とは、海外拠点を含む当社グループ全体の財政状態の安定化を図るとともに、金融情勢や経済環境の情報交換、経営全般に係る助言等により、中長期的な企業価値向上に向けて連携を推し進めております。定量的な保有効果は記載が困難でありますが、収益性・成長性等の観点から、保有意義及び経済的合理性を検証した結果、取締役会において保有継続の妥当性を確認しております。,,
E00832,,,2025-03-31,000,長瀬産業㈱,,32342,85819.0,当社グループの販売取引先として、コーティング事業等における営業取引関係を維持・強化するために保有しております。定量的な保有効果は記載が困難でありますが、収益性・成長性等の観点から、保有意義及び経済的合理性を検証した結果、取締役会において保有継続の妥当性を確認しております。,,
E00832,,,2025-03-31,000,㈱安藤・間,,53265,72760.0,当社グループの設備関係の取引先として、取引関係を維持・強化するために保有しております。定量的な保有効果は記載が困難でありますが、収益性・成長性等の観点から、保有意義及び経済的合理性を検証した結果、取締役会において保有継続の妥当性を確認しております。,,
E00832,,,2025-03-31,000,㈱三井住友フィナンシャルグループ,,14600,55407.0,当社グループの金融取引先として、資金調達の継続と多様化を図り、財務等に係る活動の円滑化を目的として保有しております。同行とは、海外拠点を含む当社グループ全体の財政状態の安定化を図るとともに、金融情勢や経済環境の情報交換、経営全般に係る助言等により、中長期的な企業価値向上に向けて連携を推し進めております。定量的な保有効果は記載が困難でありますが、収益性・成長性等の観点から、保有意義及び経済的合理性を検証した結果、取締役会において保有継続の妥当性を確認しております。なお、前事業年度と比較して株式数が増加しておりますが、これは当事業年度中に株式分割が行われたためであり、実際に取得して増加したものではありません。,,
E00832,,,2025-03-31,000,㈱巴川コーポレーション,,60000,43140.0,当社グループの販売取引先として、化成品事業等における営業取引関係を維持・強化するために保有しております。定量的な保有効果は記載が困難でありますが、収益性・成長性等の観点から、保有意義及び経済的合理性を検証した結果、取締役会において保有継続の妥当性を確認しております。,,
E00832,,,2025-03-31,000,三井住友トラストグループ㈱,,3542,13176.0,当社グループの金融取引先として、資金調達の継続と多様化を図り、財務等に係る活動の円滑化を目的として保有しております。同行とは、海外拠点を含む当社グループ全体の財政状態の安定化を図るとともに、金融情勢や経済環境の情報交換、経営全般に係る助言等により、中長期的な企業価値向上に向けて連携を推し進めております。定量的な保有効果は記載が困難でありますが、収益性・成長性等の観点から、保有意義及び経済的合理性を検証した結果、取締役会において保有継続の妥当性を確認しております。,,
E00832,,,2025-03-31,000,㈱GSIクレオス,,4203,8339.0,当社グループの販売取引先として、コーティング事業等における営業取引関係を維持・強化するために保有しており、取引先持株会による定期買付のため株式数が増加しております。定量的な保有効果は記載が困難でありますが、収益性・成長性等の観点から、保有意義及び経済的合理性を検証した結果、取締役会において保有継続の妥当性を確認しております。,,
E02516,,,2025-03-31,000,王子ホールディングス㈱,,5674008,3558.0,同社グループには当社グループの主に北東アジアにおける仕入先・販売先が属しており、同社グループとの良好な取引関係の維持・強化を図るため、継続して株式を保有しています。,,
E02516,,,2025-03-31,000,TOPPANホールディングス㈱,,755176,3061.0,同社は当社グループの北東アジアにおける販売先であり、同社との良好な取引関係の維持・強化を図るため、継続して株式を保有しています。また、同社との更なる関係強化を図るため持株会に加入しております。当事業年度において一部売却しているため、株式数は減少しております。,,
E02516,,,2025-03-31,000,北越コーポレーション㈱,,1625243,1986.0,同社は当社グループの主に北東アジアにおける仕入先・販売先であり、同社との良好な取引関係の維持・強化を図るため、継続して株式を保有しています。また、同社との更なる関係強化を図るため持株会にも加入しており前事業年度に比べ株式数が増加しました。,,
E02516,,,2025-03-31,000,コクヨ㈱,,564290,1610.0,同社は当社グループの北東アジアにおける販売先であり、同社との良好な取引関係の維持・強化を図るため、継続して株式を保有しています。また、同社との更なる関係強化を図るため持株会にも加入しており前事業年度に比べ株式数が増加しました。,,
E02516,,,2025-03-31,000,アサヒグループホールディングス㈱,,630000,1204.0,同社グループには当社グループの北東アジアにおける販売先が属しており、同社グループとの良好な取引関係の維持・強化を図るため、継続して株式を保有しています。当事業年度において普通株式1株につき3株の割合で株式分割が行われたことによって株式数が増加しております,,
E02516,,,2025-03-31,000,中越パルプ工業㈱,,534100,757.0,同社は当社グループの主に北東アジアにおける仕入先・販売先であり、同社との良好な取引関係の維持・強化を図るため、継続して株式を保有しています。,,
E02516,,,2025-03-31,000,㈱ＫＡＤＯＫＡＷＡ,,163520,581.0,同社は当社グループの北東アジアにおける販売先であり、同社との良好な取引関係の維持・強化を図るため、継続して株式を保有しています。,,
E02516,,,2025-03-31,000,ダイナパック㈱,,300327,579.0,同社は当社グループの北東アジアにおける販売先であり、同社との良好な取引関係の維持・強化を図るため、継続して株式を保有しています。また、同社との更なる関係強化を図るため持株会に加入しており前事業年度に比べ株式数が増加しました。,,
E02516,,,2025-03-31,000,レンゴー㈱,,599000,474.0,同社は当社グループの主に北東アジアにおける仕入先・販売先であり、同社との良好な取引関係の維持・強化を図るため、継続して株式を保有しています。,,
E02516,,,2025-03-31,000,日本製紙㈱,,332000,334.0,同社は当社グループの主に北東アジアにおける仕入先・販売先であり、同社との良好な取引関係の維持・強化を図るため、継続して株式を保有しています。,,
E02516,,,2025-03-31,000,ライオン㈱,,123823,219.0,同社は当社グループの北東アジアにおける販売先であり、同社との良好な取引関係の維持・強化を図るため、継続して株式を保有しています。また、同社との更なる関係強化を図るため持株会に加入しております。当事業年度において一部売却しているため、株式数は減少しております。,,
E02516,,,2025-03-31,000,㈱共同紙販ホールディングス,,44129,210.0,同社は当社グループの北東アジアにおける販売先であり、同社との良好な取引関係の維持・強化を図るため、継続して株式を保有しています。,,
E02516,,,2025-03-31,000,㈱文溪堂,,155141,175.0,同社は当社グループの北東アジアにおける販売先であり、同社との良好な取引関係の維持・強化を図るため、継続して株式を保有しています。また、同社との更なる関係強化を図るため持株会に加入しており前事業年度に比べ株式数が増加しました。,,
E02516,,,2025-03-31,000,㈱ニップン,,70415,152.0,同社は当社グループの北東アジアにおける販売先であり、同社との良好な取引関係の維持・強化を図るため、継続して株式を保有しています。また、同社との更なる関係強化を図るため持株会に加入しており前事業年度に比べ株式数が増加しました。,,
E02516,,,2025-03-31,000,ＮＩＳＳＨＡ㈱,,95133,129.0,同社は当社グループの北東アジアにおける販売先であり、同社との良好な取引関係の維持・強化を図るため、継続して株式を保有しています。また、同社との更なる関係強化を図るため持株会に加入しており前事業年度に比べ株式数が増加しました。,,
E02516,,,2025-03-31,000,㈱フジ・メディア・ホールディングス,,50000,127.0,同社グループには当社グループの北東アジアにおける販売先が属しており、同社グループとの良好な取引関係の維持・強化を図るため、継続して株式を保有しています。,,
E02516,,,2025-03-31,000,大石産業㈱,,66000,92.0,同社は当社グループの北東アジアにおける販売先であり、同社との良好な取引関係の維持・強化を図るため、継続して株式を保有しています。当事業年度において普通株式1株につき2株の割合で株式分割が行われたことによって株式数が増加しております。,,
E02516,,,2025-03-31,000,野崎印刷紙業㈱,,553421,91.0,同社は当社グループの北東アジアにおける販売先であり、同社との良好な取引関係の維持・強化を図るため、継続して株式を保有しています。また、同社との更なる関係強化を図るため持株会に加入しており前事業年度に比べ株式数が増加しました。,,
E02516,,,2025-03-31,000,共同印刷㈱,,22000,90.0,同社は当社グループの北東アジアにおける販売先であり、同社との良好な取引関係の維持・強化を図るため、継続して株式を保有しています。,,
E02516,,,2025-03-31,000,竹田ｉＰホールディングス㈱,,95000,89.0,同社は当社グループの北東アジアにおける販売先であり、同社との良好な取引関係の維持・強化を図るため、継続して株式を保有しています。,,
E02516,,,2025-03-31,000,ナカバヤシ㈱,,164448,84.0,同社は当社グループの北東アジアにおける販売先であり、同社との良好な取引関係の維持・強化を図るため、継続して株式を保有しています。また、同社との更なる関係強化を図るため持株会に加入しており前事業年度に比べ株式数が増加しました。,,
E02516,,,2025-03-31,000,リンテック㈱,,25300,69.0,同社は当社グループの主に北東アジアにおける仕入先・販売先であり、同社との良好な取引関係の維持・強化を図るため、継続して株式を保有しています。,,
E02516,,,2025-03-31,000,セキ㈱,,50282,67.0,同社は当社グループの北東アジアにおける販売先であり、同社との良好な取引関係の維持・強化を図るため、継続して株式を保有しています。また、同社との更なる関係強化を図るため持株会に加入しており前事業年度に比べ株式数が増加しました。,,
E02516,,,2025-03-31,000,㈱トーモク,,24800,59.0,同社は当社グループの北東アジアにおける販売先であり、同社との良好な取引関係の維持・強化を図るため、継続して株式を保有しています。,,
E02516,,,2025-03-31,000,㈱三越伊勢丹ホールディングス,,27017,57.0,同社グループには当社グループの北東アジアにおける販売先が属しており、同社グループとの良好な取引関係の維持・強化を図るため、継続して株式を保有しています。また、同社グループとの更なる関係強化を図るため持株会に加入しており前事業年度に比べ株式数が増加しました。,,
E02516,,,2025-03-31,000,平和紙業㈱,,117562,52.0,同社は当社グループの北東アジアにおける仕入先・販売先であり、同社との良好な取引関係の維持・強化を図るため、継続して株式を保有しています。また、同社との更なる関係強化を図るため持株会に加入しており前事業年度に比べ株式数が増加しました。,,
E02516,,,2025-03-31,000,光ビジネスフォーム㈱,,50000,42.0,同社は当社グループの北東アジアにおける販売先であり、同社との良好な取引関係の維持・強化を図るため、継続して株式を保有しています。,,
E02516,,,2025-03-31,000,大王製紙㈱,,27000,22.0,同社は当社グループの主に北東アジアにおける仕入先・販売先であり、同社との良好な取引関係の維持・強化を図るため、継続して株式を保有しています。,,
E02516,,,2025-03-31,000,スーパーバッグ㈱,,6900,15.0,同社は当社グループの北東アジアにおける販売先であり、同社との良好な取引関係の維持・強化を図るため、継続して株式を保有しています。,,
E02516,,,2025-03-31,000,光村印刷㈱,,10800,14.0,同社は当社グループの北東アジアにおける販売先であり、同社との良好な取引関係の維持・強化を図るため、継続して株式を保有しています。,,
E02516,,,2025-03-31,000,ＳＥホールディングス・アンド・インキュベーションズ㈱,,50000,14.0,同社グループには当社グループの北東アジアにおける販売先が属しており、同社グループとの良好な取引関係の維持・強化を図るため、継続して株式を保有しています。,,
E02516,,,2025-03-31,000,㈱ＫＹＯＲＩＴＳＵ,,32400,5.0,同社は当社グループの北東アジアにおける販売先であり、同社との良好な取引関係の維持・強化を図るため、継続して株式を保有しています。,,
E02516,,,2025-03-31,000,㈱昭文社ホールディングス,,10000,4.0,同社グループには当社グループの北東アジアにおける販売先が属しており、同社との良好な取引関係の維持・強化を図るため、継続して株式を保有しています。,,
E02516,,,2025-03-31,000,福島印刷㈱,,5000,2.0,同社は当社グループの北東アジアにおける販売先であり、同社との良好な取引関係の維持・強化を図るため、継続して株式を保有しています。,,
E01082,,,2025-03-31,000,日本製鉄(株),,243900,779.0,当社グループ企業との安定的取引関係の維持・強化を目的としています。同社には石油製品等を納入しています。,,
E01082,,,2025-03-31,000,JFEホールディングス(株),,217700,398.0,当社グループ企業との安定的取引関係の維持・強化を目的としています。同社グループ企業には石油製品等を納入しています。,,
E26831,,,2024-05-31,000,住友不動産㈱,,520000,2549.0,建材事業における取引先との協力関係維持、強化のため製品の共同開発等に関する業務提携,,
E26831,,,2024-05-31,000,㈱ほくほくフィナンシャルグループ,,520300,1177.0,資金調達先との取引関係維持、強化のため,,
E26831,,,2024-05-31,000,阪和興業㈱,,144000,957.0,マテリアル事業における取引先との協力関係維持、強化のため,,
E26831,,,2024-05-31,000,三和ホールディングス㈱,,217000,632.0,建材事業における取引先との協力関係維持、強化のため,,
E26831,,,2024-05-31,000,第一生命ホールディングス㈱,,78100,328.0,資金調達先との取引関係維持、強化のため,,
E26831,,,2024-05-31,000,綿半ホールディングス㈱,,200000,323.0,建材事業における取引先との協力関係維持、強化のため,,
E26831,,,2024-05-31,000,㈱富山銀行,,140200,254.0,資金調達先との取引関係維持、強化のため,,
E26831,,,2024-05-31,000,住友化学㈱,,440000,141.0,取引先との協力関係維持、強化のため,,
E26831,,,2024-05-31,000,㈱富山第一銀行,,99525,117.0,資金調達先との取引関係維持、強化のため,,
E26831,,,2024-05-31,000,タカラスタンダード㈱,,56374,97.0,建材事業における取引先との協力関係維持、強化のため同社持株会を通じた株式の取得,,
E26831,,,2024-05-31,000,上新電機㈱,,30000,79.0,商業施設事業における取引先との協力関係維持、強化のため,,
E26831,,,2024-05-31,000,エヌアイシ・オートテック㈱,,100000,71.0,マテリアル事業における取引先との協力関係維持、強化のため,,
E26831,,,2024-05-31,000,㈱ＡＶＡＮＴＩＡ,,72000,59.0,建材事業における取引先との協力関係維持、強化のため,,
E26831,,,2024-05-31,000,イオン㈱,,13359,45.0,商業施設事業における取引先との協力関係維持、強化のため同社持株会を通じた株式の取得,,
E26831,,,2024-05-31,000,㈱コスモスイニシア,,39700,32.0,建材事業における取引先との協力関係維持、強化のため,,
E26831,,,2024-05-31,000,大成建設㈱,,3783,22.0,建材事業における取引先との協力関係維持、強化のため同社持株会を通じた株式の取得,,
E26831,,,2024-05-31,000,ウエルシアホールディングス㈱,,6005,13.0,商業施設事業における取引先との協力関係維持、強化のため同社持株会を通じた株式の取得,,
E26831,,,2024-05-31,000,アルビス㈱,,1456,3.0,商業施設事業における取引先との協力関係維持、強化のため同社持株会を通じた株式の取得,,
E26831,,,2024-05-31,000,㈱福井銀行,,1800,3.0,資金調達先との取引関係維持、強化のため,,
E26831,,,2024-05-31,000,㈱船場,,2500,3.0,商業施設事業における取引先との協力関係維持、強化のため,,
E26831,,,2024-05-31,000,ＯＣＨＩホールディングス㈱,,540,0.0,建材事業における取引先との協力関係維持、強化のため,,
E03851,,,2025-03-31,000,株式会社大和証券グループ本社,,41140000,40884.0,協業関係の維持・拡大、並びに、株式価値の増大及び配当金等の受領により中長期的な収益を享受することを目的に保有しております。2024年度に大和証券グループの大和コネクト証券と顧客紹介及び相互プロモーションに関する基本契約を締結しております。当社顧客へのNISA紹介やオンラインでの相互プロモーションを通じ顧客の資産形成支援や両社顧客に対する多様で包括的な金融サービスの提供に寄与しております。,,
E03851,,,2025-03-31,000,ライト工業株式会社,,2734500,6732.0,企業向けの団体保険取引の維持・拡大を図ること、並びに、株式価値の増大及び配当金等の受領により中長期的な収益を享受することを目的に保有しております。なお、2030年度をめどに提携協業先以外の政策保有株をゼロとする方針の下、保有継続については、引き続き検討を行ってまいります。,,
E03851,,,2025-03-31,000,電源開発株式会社,,452540,1145.0,企業向けの団体保険取引及び資産運用の一環としての融資取引の維持・拡大を図ること、並びに、株式価値の増大及び配当金等の受領により中長期的な収益を享受することを目的に保有しております。なお、2030年度をめどに提携協業先以外の政策保有株をゼロとする方針の下、保有継続については、引き続き検討を行ってまいります。,,
E03851,,,2025-03-31,000,株式会社大気社,,422058,964.0,企業向けの団体保険取引の維持・拡大を図ること、並びに、株式価値の増大及び配当金等の受領により中長期的な収益を享受することを目的に保有しておりました。株式数が増加した理由は、株式分割によります。なお、2025年度に保有する全株式の売却を完了しております。,,
E03851,,,2025-03-31,000,大和自動車交通株式会社,,375000,307.0,企業向けの団体保険取引及び資産運用の一環としての融資取引の維持・拡大を図ること、並びに、株式価値の増大及び配当金等の受領により中長期的な収益を享受することを目的に保有しております。なお、2030年度をめどに提携協業先以外の政策保有株をゼロとする方針の下、保有継続については、引き続き検討を行ってまいります。,,
E03851,,,2025-03-31,000,盟和産業株式会社,,210120,233.0,協業関係の維持・強化、並びに株式価値の増大及び配当金等の受領により中長期的な収益を享受することを目的に保有しております。2025年に「災害時における物資の供給協力に関する協定書」を締結し、当社ＢＣＰの実効性向上に寄与しております。,,
E03851,,,2025-03-31,000,株式会社りそなホールディングス,,41140000,40884.0,協業関係の維持・拡大、並びに、株式価値の増大及び配当金等の受領により中長期的な収益を享受することを目的に保有しております。2024年度に大和証券グループの大和コネクト証券と顧客紹介及び相互プロモーションに関する基本契約を締結しております。当社顧客へのNISA紹介やオンラインでの相互プロモーションを通じ顧客の資産形成支援や両社顧客に対する多様で包括的な金融サービスの提供に寄与しております。,,
E03851,,,2025-03-31,000,大和ハウス工業株式会社,,2734500,6732.0,企業向けの団体保険取引の維持・拡大を図ること、並びに、株式価値の増大及び配当金等の受領により中長期的な収益を享受することを目的に保有しております。なお、2030年度をめどに提携協業先以外の政策保有株をゼロとする方針の下、保有継続については、引き続き検討を行ってまいります。,,
E03851,,,2025-03-31,000,株式会社ＴＫＣ,,452540,1145.0,企業向けの団体保険取引及び資産運用の一環としての融資取引の維持・拡大を図ること、並びに、株式価値の増大及び配当金等の受領により中長期的な収益を享受することを目的に保有しております。なお、2030年度をめどに提携協業先以外の政策保有株をゼロとする方針の下、保有継続については、引き続き検討を行ってまいります。,,
E03851,,,2025-03-31,000,江崎グリコ株式会社,,422058,964.0,企業向けの団体保険取引の維持・拡大を図ること、並びに、株式価値の増大及び配当金等の受領により中長期的な収益を享受することを目的に保有しておりました。株式数が増加した理由は、株式分割によります。なお、2025年度に保有する全株式の売却を完了しております。,,
E03851,,,2025-03-31,000,NuernbergerBeteiligungs-Aktiengesellschaft,,375000,307.0,企業向けの団体保険取引及び資産運用の一環としての融資取引の維持・拡大を図ること、並びに、株式価値の増大及び配当金等の受領により中長期的な収益を享受することを目的に保有しております。なお、2030年度をめどに提携協業先以外の政策保有株をゼロとする方針の下、保有継続については、引き続き検討を行ってまいります。,,
E03851,,,2025-03-31,000,株式会社しずおかフィナンシャルグループ,,210120,233.0,協業関係の維持・強化、並びに株式価値の増大及び配当金等の受領により中長期的な収益を享受することを目的に保有しております。2025年に「災害時における物資の供給協力に関する協定書」を締結し、当社ＢＣＰの実効性向上に寄与しております。,,
E03851,,,2025-03-31,000,三菱鉛筆株式会社,,2344000,5942.0,企業向けの団体保険取引及び資産運用の一環としての融資取引の維持・拡大を図ること、並びに、株式価値の増大及び配当金等の受領により中長期的な収益を享受することを目的に保有しております。なお、2030年度をめどに提携協業先以外の政策保有株をゼロとする方針の下、保有継続については、引き続き検討を行ってまいります。,,
E03851,,,2025-03-31,000,株式会社岡三証券グループ,,8660000,5741.0,保険募集の代理店を同社へ委託しており保険営業における協力関係、及び企業向けの団体保険取引の維持・拡大を図ること、並びに、株式価値の増大及び配当金等の受領により中長期的な収益を享受することを目的に保有しております。なお、2030年度をめどに提携協業先以外の政策保有株をゼロとする方針の下、保有継続については、引き続き検討を行ってまいります。,,
E03851,,,2025-03-31,000,小野薬品工業株式会社,,3274800,5247.0,企業向けの団体保険取引の維持・拡大を図ること、並びに、株式価値の増大及び配当金等の受領により中長期的な収益を享受することを目的に保有しております。なお、2030年度をめどに提携協業先以外の政策保有株をゼロとする方針の下、保有継続については、引き続き検討を行ってまいります。,,
E03851,,,2025-03-31,000,株式会社ＦＵＪＩ,,2506500,5244.0,企業向けの団体保険取引の維持・拡大を図ること、並びに、株式価値の増大及び配当金等の受領により中長期的な収益を享受することを目的に保有しております。なお、2030年度をめどに提携協業先以外の政策保有株をゼロとする方針の下、保有継続については、引き続き検討を行ってまいります。,,
E03851,,,2025-03-31,000,明星工業株式会社,,2632700,3406.0,企業向けの団体保険取引の維持・拡大を図ること、並びに、株式価値の増大及び配当金等の受領により中長期的な収益を享受することを目的に保有しております。なお、2030年度をめどに提携協業先以外の政策保有株をゼロとする方針の下、保有継続については、引き続き検討を行ってまいります。,,
E03851,,,2025-03-31,000,株式会社第四北越フィナンシャルグループ,,940800,2968.0,全国地方銀行協会向けの団体保険取引の維持・拡大を図ること、並びに、株式価値の増大及び配当金等の受領により中長期的な収益を享受することを目的に保有しております。株式数が増加した理由は、株式分割によります。なお、2030年度をめどに提携協業先以外の政策保有株をゼロとする方針の下、保有継続については、引き続き検討を行ってまいります。,,
E03851,,,2025-03-31,000,電源開発株式会社,,996880,2524.0,企業向けの団体保険取引及び資産運用の一環としての融資取引の維持・拡大を図ること、並びに、株式価値の増大及び配当金等の受領により中長期的な収益を享受することを目的に保有しております。なお、2030年度をめどに提携協業先以外の政策保有株をゼロとする方針の下、保有継続については、引き続き検討を行ってまいります。,,
E03851,,,2025-03-31,000,株式会社バリューＨＲ,,1511600,2241.0,業務提携関係の維持・強化、並びに株式価値の増大及び配当金等の受領により中長期的な収益を享受することを目的に保有しております。2016年に「業務・資本提携契約」を締結し、中小企業の健康経営の推進に資するサービスとして「大同生命 ＫＥＮＣＯ ＳＵＰＰＯＲＴ ＰＲＯＧＲＡＭ」の共同開発及び運用を通じ、健康関連サービスの強化を図っております。,,
E03851,,,2025-03-31,000,モリ工業株式会社,,2200000,2195.0,企業向けの団体保険取引及び資産運用の一環としての融資取引の維持・拡大を図ること、並びに、株式価値の増大及び配当金等の受領により中長期的な収益を享受することを目的に保有しております。株式数が増加した理由は、株式分割によります。なお、2030年度をめどに提携協業先以外の政策保有株をゼロとする方針の下、保有継続については、引き続き検討を行ってまいります。,,
E03851,,,2025-03-31,000,中央自動車工業株式会社,,1230000,2077.0,企業向けの団体保険取引の維持・拡大を図ること、並びに、株式価値の増大及び配当金等の受領により中長期的な収益を享受することを目的に保有しております。株式数が増加した理由は、株式分割によります。なお、2030年度をめどに提携協業先以外の政策保有株をゼロとする方針の下、保有継続については、引き続き検討を行ってまいります。,,
E02213,,,2025-03-31,000,FLEETPARTNERS GROUP LTD,,11927977,3059.0,豪州での自動車販売強化、及び関連事業拡大を目的に保有［株式の増加理由］販売強化、事業拡大を促進するため追加取得,,
E02213,,,2025-03-31,000,中華汽車工業股份有限公司,,2277634,740.0,台湾での自動車製造販売事業の維持・発展を目的に保有,,
E02213,,,2025-03-31,000,ダイナミックマッププラットフォーム㈱,,10000,14.0,自動車開発の維持・発展を目的に保有［株式の増加理由］新規上場のため,,
E01451,,,2024-07-31,000,富士急行株式会社,,39000,120.0,関係の維持・強化や情報収集等、取引構築を図ることを目的としています。（注）１,,
E01451,,,2024-07-31,000,株式会社りそなホールディングス,,78537,85.0,傘下の株式会社りそな銀行とはメイン銀行として財務面の取引があり、財務・経理・総務に係る業務等の円滑化及び良好な取引関係の維持・強化を図ることを目的としています。（注）１,,
E01451,,,2024-07-31,000,ジェイエフイーホールディングス株式会社,,26170,57.0,傘下のジェイエフイー商事株式会社とは主材料である鋼材等の仕入取引があり、仕入業務の安定化のため、取引関係の維持・強化により連携を深め、当社競争力の強化を図ることを目的としています。（注）１,,
E01451,,,2024-07-31,000,トラスコ中山株式会社,,21400,52.0,主として鋼製物置製品の販売先であり、取引関係の維持・強化により連携を深め、当社競争力の強化を図ることを目的としています。（注）１,,
E01451,,,2024-07-31,000,文化シヤッター株式会社,,30000,52.0,ガレージ・倉庫等の大型製品に必要なシャッター関連製品の仕入先であり、取引関係の維持・強化により連携を深め、当社競争力の強化を図ることを目的としています。（注）１,,
E01451,,,2024-07-31,000,ユアサ商事株式会社,,5600,31.0,主として鋼製物置製品の販売先であり、取引関係の維持・強化により連携を深め、当社の競争力強化を図ることを目的としています。（注）１,,
E01451,,,2024-07-31,000,第一生命ホールディングス株式会社,,5800,26.0,傘下の第一生命保険株式会社とは財務面の取引があり、財務・経理・総務に係る業務等の円滑化を図ることを目的としています。（注）１,,
E01451,,,2024-07-31,000,株式会社内田洋行,,1800,14.0,主としてオフィス家具製品の販売先であり、オフィス家具事業領域での協業及び取引関係の維持・強化等により連携を深め、当社の競争力強化を図ることを目的としています。（注）１,,
E01451,,,2024-07-31,000,ケイヒン株式会社,,3500,7.0,物流業務の安定化・効率化のため、取引関係の維持・強化により連携を深め、当社競争力の強化を図ることを目的としています。（注）１,,
E01646,,,2025-03-31,000,㈱電業社機械製作所,,70600,294.0,事業における仕入面での円滑な取引関係構築・強化のための保有。,,
E01646,,,2025-03-31,000,西川計測㈱,,20000,166.0,事業における仕入面での円滑な取引関係構築・強化のための保有。,,
E01646,,,2025-03-31,000,東亜建設工業㈱,,80000,103.0,事業における販売面での円滑な取引関係構築・強化のための保有。また、株式分割により保有株式数が増加。（注）３,,
E01646,,,2025-03-31,000,日機装㈱,,60000,76.0,事業における仕入面での円滑な取引関係構築・強化のための保有。,,
E01646,,,2025-03-31,000,㈱みずほフィナンシャルグループ,,15530,62.0,資金調達など財務面での取引金融機関であり、関係強化を通じた事業運営の安定化のために保有。,,
E01646,,,2025-03-31,000,オリジナル設計㈱,,6500,9.0,事業における販売面での円滑な取引関係構築・強化のための保有。,,
E04501,,,2025-03-31,000,株式会社七十七銀行,,1695775,8060.0,安定した資金調達など、事業の円滑かつ効率的な運営に資するため、保有しております。,,
E04501,,,2025-03-31,000,東日本旅客鉄道株式会社,,1259100,3716.0,地域振興を通じて当社の事業発展に資するなど、事業運営上の関係維持・強化のため、保有しております。,,
E04501,,,2025-03-31,000,株式会社みずほフィナンシャルグループ,,596489,2416.0,安定した資金調達など、事業の円滑かつ効率的な運営に資するため、保有しております。,,
E04501,,,2025-03-31,000,石油資源開発株式会社,,820020,953.0,安定した燃料調達、共同出資会社による東北地域におけるガス事業の展開など、事業の円滑かつ効率的な運営に資するため、保有しております。,,
E04501,,,2025-03-31,000,株式会社日本製鋼所,,260800,1365.0,原子力・火力発電所の主要部材の製造元であり、事業の円滑かつ効率的な運営に資するため、保有しております。,,
E04501,,,2025-03-31,000,株式会社東邦銀行,,2330000,829.0,安定した資金調達など、事業の円滑かつ効率的な運営に資するため、保有しております。,,
E04501,,,2025-03-31,000,レジル株式会社,,50000,106.0,電力小売販売の拡大やお客さまサービスの向上に向けた連携のため、保有しております。,,
