filing_company_code,filing_company_name,filing_stock_code,filing_date,document_id,held_security_name,held_stock_code,held_shares,book_value_million_yen,holding_purpose,ticker,stock_code
E02840,株式会社ドウシシャ,74830,2024-03-31,000,ＤＣＭホールディングス㈱,30500,473900,699.0,主として開発型ビジネスモデルにおける事業上の取引関係を勘案し、同社との良好な関係の維持、強化を図るため、保有しています。,,30500
E02840,株式会社ドウシシャ,74830,2024-03-31,000,エイチ・ツー・オーリテイリング㈱,,349351,679.0,主として開発型ビジネスモデルにおける事業上の取引関係を勘案し、同社との良好な関係の維持、強化を図るため、継続して保有しています。取引先持株会を通じた株式の取得により株式数が増加しております。,,
E02840,株式会社ドウシシャ,74830,2024-03-31,000,上新電機㈱,81730,81500,189.0,主として開発型ビジネスモデルにおける事業上の取引関係を勘案し、同社との良好な関係の維持、強化を図るため、継続して保有しています。,,81730
E02840,株式会社ドウシシャ,74830,2024-03-31,000,イオン㈱,49120,37761,135.0,主として卸売型ビジネスモデルにおける事業上の取引関係を勘案し、同社との良好な関係の維持、強化を図るため、継続して保有しています。取引先持株会を通じた株式の取得により株式数が増加しております。,,49120
E02840,株式会社ドウシシャ,74830,2024-03-31,000,コーナン商事㈱,75160,30322,133.0,主として開発型ビジネスモデルにおける事業上の取引関係を勘案し、同社との良好な関係の維持、強化を図るため、継続して保有しています。取引先持株会を通じた株式の取得により株式数が増加しております。,,75160
E02840,株式会社ドウシシャ,74830,2024-03-31,000,㈱ＭｒＭａｘＨＤ,,100000,63.0,主として開発型ビジネスモデルにおける事業上の取引関係を勘案し、同社との良好な関係の維持、強化を図るため、継続して保有しています。,,
E02840,株式会社ドウシシャ,74830,2024-03-31,000,㈱セキチュー,99760,42014,53.0,主として開発型ビジネスモデルにおける事業上の取引関係を勘案し、同社との良好な関係の維持、強化を図るため、継続して保有しています。取引先持株会を通じた株式の取得により株式数が増加しております。,,99760
E02840,株式会社ドウシシャ,74830,2024-03-31,000,㈱セブン＆アイ・ホールディングス,33820,17626,38.0,主として卸売型ビジネスモデルにおける事業上の取引関係を勘案し、同社との良好な関係の維持、強化を図るため、継続して保有しています。取引先持株会を通じた株式の取得により株式数が増加しております。なお、本株式は2024年２月29日を基準日として１株につき３株の割合で株式分割を実施しております。,,33820
E02840,株式会社ドウシシャ,74830,2024-03-31,000,㈱スクロール,80050,32841,31.0,主として卸売型ビジネスモデルにおける事業上の取引関係を勘案し、同社との良好な関係の維持、強化を図るため、継続して保有しています。取引先持株会を通じた株式の取得により株式数が増加しております。,,80050
E02840,株式会社ドウシシャ,74830,2024-03-31,000,イオン九州㈱,26530,8986,27.0,主として開発型ビジネスモデルにおける事業上の取引関係を勘案し、同社との良好な関係の維持、強化を図るため、継続して保有しています。取引先持株会を通じた株式の取得により株式数が増加しております。,,26530
E02840,株式会社ドウシシャ,74830,2024-03-31,000,㈱マキヤ,98900,18374,20.0,主として卸売型ビジネスモデルにおける事業上の取引関係を勘案し、同社との良好な関係の維持、強化を図るため、継続して保有しています。取引先持株会を通じた株式の取得により株式数が増加しております。,,98900
E02840,株式会社ドウシシャ,74830,2024-03-31,000,㈱ジュンテンドー,98350,34190,19.0,主として開発型ビジネスモデルにおける事業上の取引関係を勘案し、同社との良好な関係の維持、強化を図るため、継続して保有しています。取引先持株会を通じた株式の取得により株式数が増加しております。,,98350
E02840,株式会社ドウシシャ,74830,2024-03-31,000,㈱フジ,21140,8781,16.0,主として開発型ビジネスモデルにおける事業上の取引関係を勘案し、同社との良好な関係の維持、強化を図るため、継続して保有しています。取引先持株会を通じた株式の取得により株式数が増加しております。,,21140
E02840,株式会社ドウシシャ,74830,2024-03-31,000,ウエルシアホールディングス㈱,31410,5751,14.0,主として卸売型ビジネスモデルにおける事業上の取引関係を勘案し、同社との良好な関係の維持、強化を図るため、継続して保有しています。取引先持株会を通じた株式の取得により株式数が増加しております。,,31410
E02840,株式会社ドウシシャ,74830,2024-03-31,000,㈱エディオン,27300,5727,8.0,主として卸売型ビジネスモデルにおける事業上の取引関係を勘案し、同社との良好な関係の維持、強化を図るため、継続して保有しています。取引先持株会を通じた株式の取得により株式数が増加しております。,,27300
E02840,株式会社ドウシシャ,74830,2024-03-31,000,㈱平和堂,82760,4000,8.0,主として開発型ビジネスモデルにおける事業上の取引関係を勘案し、同社との良好な関係の維持、強化を図るため、継続して保有しています。,,82760
E02840,株式会社ドウシシャ,74830,2024-03-31,000,㈱ヤマダホールディングス,98310,9800,4.0,主として開発型ビジネスモデルにおける事業上の取引関係を勘案し、同社との良好な関係の維持、強化を図るため、継続して保有しています。,,98310
E02840,株式会社ドウシシャ,74830,2024-03-31,000,㈱エンチョー,82080,4497,4.0,主として開発型ビジネスモデルにおける事業上の取引関係を勘案し、同社との良好な関係の維持、強化を図るため、継続して保有しています。取引先持株会を通じた株式の取得により株式数が増加しております。,,82080
E02840,株式会社ドウシシャ,74830,2024-03-31,000,㈱コメリ,82180,405,1.0,主として開発型ビジネスモデルにおける事業上の取引関係を勘案し、同社との良好な関係の維持、強化を図るため、継続して保有しています。,,82180
E02840,株式会社ドウシシャ,74830,2024-03-31,000,㈱ヨンドシーホールディングス,80080,710,1.0,主として開発型ビジネスモデルにおける事業上の取引関係を勘案し、同社との良好な関係の維持、強化を図るため、継続して保有しています。取引先持株会を通じた株式の取得により株式数が増加しております。,,80080
E02840,株式会社ドウシシャ,74830,2024-03-31,000,㈱サマンサタバサジャパンリミテッド,,10500,0.0,主として卸売型ビジネスモデルにおける事業上の取引関係を勘案し、同社との良好な関係の維持、強化を図るため、継続して保有しています。,,
E02840,株式会社ドウシシャ,74830,2024-03-31,000,アークランズ㈱,98420,482,0.0,主として開発型ビジネスモデルにおける事業上の取引関係を勘案し、同社との良好な関係の維持、強化を図るため、保有しています。取引先持株会を通じた株式の取得により株式数が増加しております。,,98420
E02840,株式会社ドウシシャ,74830,2024-03-31,000,三井住友トラスト・ホールディングス㈱,,222,0.0,事業上の取引関係を勘案し、同社との良好な関係の維持、強化を図るため、継続して保有しています。なお、本株式は2023年12月29日を基準日として１株につき２株の割合で株式分割を実施しております。,,
E02840,株式会社ドウシシャ,74830,2024-03-31,000,㈱Ｏｌｙｍｐｉｃグループ,82890,1000,0.0,主として開発型ビジネスモデルにおける事業上の取引関係を勘案し、同社との良好な関係の維持、強化を図るため、継続して保有しています。,,82890
E05233,株式会社ＣＥホールディングス,43200,2024-09-30,000,㈱北洋銀行,85240,47,18142.0,同社との取引関係の維持・強化のため。当社は同社株式から得られるリターンを検証するなど、資本コスト等の観点から総合的な評価を行い、保有の合理性を確認しています。定量的な保有効果については取引先との関係性を考慮して記載しませんが、上記方針に基づいた十分な定量的効果があると判断しています。,,85240
E03641,株式会社　京葉銀行,85440,2025-03-31,000,住友不動産株式会社,88300,1051200,5879.0,不動産関連情報の取得等における同社との良好な取引関係・協力関係の維持・強化を目的とし、資本コストを考慮した経済合理性を精査した上で、保有しております。,,88300
E03641,株式会社　京葉銀行,85440,2025-03-31,000,株式会社オリエンタルランド,46610,1300000,3828.0,千葉県を地盤とするテーマパーク運営企業であり、同社との良好な取引関係・協力関係の維持・強化を目的とし、資本コストを考慮した経済合理性を精査した上で、保有しております。,,46610
E03641,株式会社　京葉銀行,85440,2025-03-31,000,ＭＳ＆ＡＤインシュアランスグループホールディングス株式会社（注）４,,1158094,3734.0,保険窓販商品の提供等による業務上の協力関係の維持・強化を目的とし、資本コストを考慮した経済合理性を精査した上で、保有しております。,,
E03641,株式会社　京葉銀行,85440,2025-03-31,000,ＳＯＭＰＯホールディングス株式会社（注）５,,732071,3309.0,保険窓販商品の提供等による業務上の協力関係の維持・強化を目的とし、資本コストを考慮した経済合理性を精査した上で、保有しております。,,
E03641,株式会社　京葉銀行,85440,2025-03-31,000,新日本建設株式会社,18790,1722169,2691.0,千葉県を地盤とするデベロッパー機能を持つ総合建設業者であり、同社との良好な取引関係・協力関係の維持・強化を目的とし、資本コストを考慮した経済合理性を精査した上で、保有しております。,,18790
E03641,株式会社　京葉銀行,85440,2025-03-31,000,東日本旅客鉄道株式会社（注）６,,750000,2214.0,営業エリア内の鉄道インフラを支える企業であり、ATMの提携などによる同社との良好な取引関係・協力関係の維持・強化を目的とし、資本コストを考慮した経済合理性を精査した上で、保有しております。,,
E03641,株式会社　京葉銀行,85440,2025-03-31,000,株式会社テクノ菱和,19650,723800,1899.0,店舗設備等の施工管理業者であり、同社との良好な取引関係・協力関係の維持・強化を目的とし、資本コストを考慮した経済合理性を精査した上で、保有しております。,,19650
E03641,株式会社　京葉銀行,85440,2025-03-31,000,東海旅客鉄道株式会社,90220,500000,1427.0,観光面等における営業エリア内の経済活性化に寄与しており、同社との良好な取引関係・協力関係の維持・強化を目的とし、資本コストを考慮した経済合理性を精査した上で、保有しております。,,90220
E03641,株式会社　京葉銀行,85440,2025-03-31,000,京成電鉄株式会社（注）７,,1020000,1374.0,千葉県を地盤とする鉄道インフラを支える企業であり、同社との良好な取引関係・協力関係の維持・強化を目的とし、資本コストを考慮した経済合理性を精査した上で、保有しております。,,
E03641,株式会社　京葉銀行,85440,2025-03-31,000,Ｋ＆Ｏエナジーグループ株式会社,16630,240065,718.0,千葉県を地盤とする生活インフラを支える企業であり、同社との良好な取引関係・協力関係の維持・強化を目的とし、資本コストを考慮した経済合理性を精査した上で、保有しております。,,16630
E03641,株式会社　京葉銀行,85440,2025-03-31,000,株式会社武蔵野銀行,83360,149451,487.0,金融関連業務における協力関係の維持・強化を目的とし、資本コストを考慮した経済合理性を精査した上で、保有しております。,,83360
E03641,株式会社　京葉銀行,85440,2025-03-31,000,株式会社あいちフィナンシャルグループ,73890,162171,463.0,金融関連業務における協力関係の維持・強化を目的とし、資本コストを考慮した経済合理性を精査した上で、保有しております。,,73890
E03641,株式会社　京葉銀行,85440,2025-03-31,000,株式会社ジャックス,85840,108034,421.0,ATMのキャッシング機能提携等による同社との良好な取引関係・協力関係の維持・強化を目的とし、資本コストを考慮した経済合理性を精査した上で、保有しております。,,85840
E03641,株式会社　京葉銀行,85440,2025-03-31,000,株式会社青山財産ネットワークス,89290,200000,382.0,事業承継業務等における同社との良好な取引関係・協力関係の維持・強化を目的とし、資本コストを考慮した経済合理性を精査した上で、保有しております。,,89290
E03641,株式会社　京葉銀行,85440,2025-03-31,000,イオン株式会社,49120,60786,227.0,千葉県を地盤とするGMS等の運営企業であり、営業に関する情報交換およびATMの提携等による同社との協力関係の維持・強化を目的とし、資本コストを考慮した経済合理性を精査した上で、保有しております。,,49120
E03641,株式会社　京葉銀行,85440,2025-03-31,000,南総通運株式会社,90340,120000,130.0,千葉県を地盤とする物流インフラを支える企業であり、同社との良好な取引関係・協力関係の維持・強化を目的とし、資本コストを考慮した経済合理性を精査した上で、保有しております。,,90340
E03641,株式会社　京葉銀行,85440,2025-03-31,000,株式会社みずほフィナンシャルグループ,84110,20000,81.0,先進的な知見や金融サービス等の活用による業務上の協力関係の維持・強化を目的とし、資本コストを考慮した経済合理性を精査した上で、保有しております。,,84110
E03641,株式会社　京葉銀行,85440,2025-03-31,000,株式会社イトーキ,79720,33187,54.0,店舗設備等の納入業者であり、同社との良好な取引関係・協力関係の維持・強化を目的とし、資本コストを考慮した経済合理性を精査した上で、保有しております。,,79720
E03641,株式会社　京葉銀行,85440,2025-03-31,000,株式会社シー・ヴイ・エス・ベイエリア,26870,52800,29.0,千葉県を地盤とするコンビニおよびマンション管理等の運営企業であり、同社との良好な取引関係・協力関係の維持・強化を目的とし、資本コストを考慮した経済合理性を精査した上で、保有しております。,,26870
E03641,株式会社　京葉銀行,85440,2025-03-31,000,株式会社市進ホールディングス,46450,15000,6.0,千葉県を地盤とする総合教育サービス企業であり、同社との良好な取引関係・協力関係の維持・強化を目的とし、資本コストを考慮した経済合理性を精査した上で、保有しております。,,46450
E01636,株式会社酉島製作所,63630,2025-03-31,000,フジテック㈱,64060,550000,3248.0,発行会社とのポンプ等資機材の受注、昇降機等の受給・メンテナンス等の取引関係の維持の他、地元企業間の地域情報収集のため。当期配当金107百万円,,64060
E01636,株式会社酉島製作所,63630,2025-03-31,000,㈱タクマ,60130,783600,1437.0,ごみ焼却プラントやバイオマス発電等におけるポンプ等の資機材の受注強化を進めてきた経緯があり、長期にわたるより良好な協力関係を維持・強化することが、収益増、ひいては、中長期的な企業価値の向上に資すると判断し、保有しています。近年では、当社のTR-COMの協業先として、情報共有・ノウハウ開発によりメンテナンス分野における新規事業を開拓していく上で更なる提携を進めています。収益面では、同社に対する売上は、昨年度比約３割落ち込みましたが、概して過去５年間で堅調に推移しております。今後、ごみ処理プラントやバイオマス発電分野の最終顧客の課題解決において、メンテナンスサービスの提案などを発行会社と共に進めていくため、さらなる関係強化を見込んでおります。当期配当金40百万円,,60130
E01636,株式会社酉島製作所,63630,2025-03-31,000,三精テクノロジーズ㈱,63570,801500,1037.0,発行会社とのポンプ等資機材の受注、資機材の受給等の取引関係の維持の他、地元企業間の地域情報収集のため。当期配当金36百万円,,63570
E01636,株式会社酉島製作所,63630,2025-03-31,000,㈱三井住友フィナンシャルグループ,83160,224160,850.0,主要取引金融機関である発行会社傘下の（株）三井住友銀行から長年にわたる資金調達の実績があり、今後も事業促進において当該金融機関から円滑な資金調達を必要とするため。当期配当金33百万円,,83160
E01636,株式会社酉島製作所,63630,2025-03-31,000,㈱りそなホールディングス,83080,768300,988.0,主要取引金融機関である発行会社傘下の（株）りそな銀行から長年にわたる資金調達の実績及び人的交流があり、今後も事業促進において当該金融機関から円滑な資金調達及び人的交流を通した情報収集を必要とするため。当期配当金17百万円,,83080
E01636,株式会社酉島製作所,63630,2025-03-31,000,㈱日阪製作所,62470,452000,447.0,発行会社とのポンプ等資機材の受注、資機材の受給等の取引関係の維持の他、地元企業間の地域情報収集のため。当期配当金19百万円,,62470
E01636,株式会社酉島製作所,63630,2025-03-31,000,㈱ダイヘン,66220,40000,253.0,発行会社とのポンプ等資機材の受注、資機材の受給等の取引関係の維持の他、地元企業間の地域情報収集のため。当期配当金6百万円,,66220
E01636,株式会社酉島製作所,63630,2025-03-31,000,㈱栗本鐵工所,56020,74900,341.0,当社の主力製品であるポンプ機器の一部品であるバルブ等の資機材を発行会社から安定調達を行うことにより、当社のポンプ事業を安定的かつ円滑に遂行するため。当期配当金16百万円,,56020
E01636,株式会社酉島製作所,63630,2025-03-31,000,京阪神ビルディング㈱,88180,125000,170.0,発行会社との、ポンプ等資機材の受注等の取引関係の維持の他、地元企業間の地域情報収集のため。当期配当金4百万円,,88180
E01636,株式会社酉島製作所,63630,2025-03-31,000,㈱佐賀銀行,83950,42273,97.0,発行会社から長年にわたる資金調達の実績があり、今後も事業促進において当該金融機関から円滑な資金調達を必要とするため。当期配当金3百万円,,83950
E01636,株式会社酉島製作所,63630,2025-03-31,000,中外炉工業㈱,19640,14000,51.0,発行会社とのポンプ等資機材の受注、資機材の受給等の取引関係の維持のほか、地元企業間の地域情報収集のため。当期配当金1百万円,,19640
E01636,株式会社酉島製作所,63630,2025-03-31,000,ケイヒン㈱,93120,20000,47.0,当社の海外向け事業において、発行会社は輸出入業務を担う取引先として長年の実績があり、安定的取引関係を維持するため。当期配当金1百万円,,93120
E01636,株式会社酉島製作所,63630,2025-03-31,000,三京化成㈱,81380,11500,38.0,発行会社とのポンプ等資機材の受注、資機材の受給等の取引関係の維持の他、地元企業間の地域情報収集のため。当期配当金1百万円,,81380
E01636,株式会社酉島製作所,63630,2025-03-31,000,㈱池田泉州ホールディングス,87140,56724,24.0,主要取引金融機関である発行会社傘下の（株）池田泉州銀行から長年にわたる資金調達の実績があり、今後も事業促進において当該金融機関から円滑な資金調達を必要とするため。当期配当金0百万円,,87140
E01636,株式会社酉島製作所,63630,2025-03-31,000,㈱千葉銀行,83310,11000,15.0,発行会社から長年にわたる資金調達の実績があり、今後も事業促進において当該金融機関から円滑な資金調達を必要とするため。当期配当金0百万円,,83310
E01518,株式会社石川製作所,62080,2024-03-31,000,伊藤忠商事㈱,80010,180835,1169279.0,同社は国内を代表する大手総合商社であり、当社は長きにわたって同社グループとの取引があります。当社製品の販路拡大などの取引関係強化目的及び配当利回りなどの経済的合理性の観点から、同社株式を保有しております。,,80010
E01518,株式会社石川製作所,62080,2024-03-31,000,㈱北國フィナンシャルホールディングス,73810,20000,101400.0,同社は石川県に本店を置く地方銀行であり、当社グループの主要取引銀行であります。当初より金融取引の関係強化の目的から同社株式を保有しておりましたが、現在は加えて株式保有の経済的合理性を勘案のうえ、同社株式を保有しております。,,73810
E01518,株式会社石川製作所,62080,2024-03-31,000,北日本紡績㈱,,151600,16221.0,同社は石川県に本社・工場を置く紡績メーカーであります。当初より北陸の繊維産業発展と繊維機械の取引関係強化のため同社株式を保有しておりましたが、現在は株式保有の経済的合理性を勘案のうえ、同社株式を保有しております。,,
E01518,株式会社石川製作所,62080,2024-03-31,000,㈱島精機製作所,62220,1000,1391.0,同社は主にニット編み機を製造するメーカーであり、当社は同社製品の部品の一部について製造を受託しております。同社との受託生産業務の取引関係強化のため、少量ではありますが同社株式を保有しております。,,62220
E01518,株式会社石川製作所,62080,2024-03-31,000,レンゴー㈱,39410,1000,1170.0,同社は主に板紙・段ボールを中心とする包装資材を製造・販売する会社であります。同社はその他の関係会社に該当するとともに、当社紙工機械の主要な販売先であります。同社との紙工機械部門の取引関係の強化のため、少量ではありますが同社株式を保有しております。,,39410
E00953,扶桑薬品工業株式会社,45380,2025-03-31,000,㈱三菱ＵＦＪフィナンシャル・グループ,83060,434200,873.0,・金融取引等を行う取引先企業とのより良好な関係の構築・株価の評価益及び受取配当金の発生,,83060
E00953,扶桑薬品工業株式会社,45380,2025-03-31,000,㈱三井住友フィナンシャルグループ　(注)２,,216000,819.0,・金融取引等を行う取引先企業とのより良好な関係の構築・株価の評価益及び受取配当金の発生,,
E00953,扶桑薬品工業株式会社,45380,2025-03-31,000,三井住友トラストグループ㈱ (注)３,,162572,604.0,・金融取引等を行う取引先企業とのより良好な関係の構築・株価の評価益及び受取配当金の発生,,
E00953,扶桑薬品工業株式会社,45380,2025-03-31,000,東邦ホールディングス㈱,81290,94000,419.0,・製商品の販売を行う取引先企業との業務のより円滑な推進・株価の評価益及び受取配当金の発生,,81290
E00953,扶桑薬品工業株式会社,45380,2025-03-31,000,日本精化㈱,43620,172700,345.0,・商品及び原材料の仕入、業務委受託等を行う取引先企業等との経営戦略の一環・株価の評価益及び受取配当金の発生,,43620
E00953,扶桑薬品工業株式会社,45380,2025-03-31,000,アルフレッサホールディングス㈱,27840,143208,302.0,・製商品の販売を行う取引先企業との業務のより円滑な推進・株価の評価益及び受取配当金の発生,,27840
E00953,扶桑薬品工業株式会社,45380,2025-03-31,000,㈱スズケン,99870,30030,148.0,・製商品の販売を行う取引先企業との業務のより円滑な推進・株価の評価益及び受取配当金の発生,,99870
E00953,扶桑薬品工業株式会社,45380,2025-03-31,000,㈱ほくほくフィナンシャルグループ,83770,35400,90.0,・金融取引等を行う取引先企業とのより良好な関係の構築・株価の評価益及び受取配当金の発生,,83770
E00953,扶桑薬品工業株式会社,45380,2025-03-31,000,㈱スリー・ディー・マトリックス,77770,640000,80.0,・商品及び原材料の仕入、業務委受託等を行う取引先企業等との経営戦略の一環,,77770
E00953,扶桑薬品工業株式会社,45380,2025-03-31,000,㈱りそなホールディングス,83080,53800,69.0,・金融取引等を行う取引先企業とのより良好な関係の構築・株価の評価益及び受取配当金の発生,,83080
E00953,扶桑薬品工業株式会社,45380,2025-03-31,000,ダイト㈱,32020,24200,52.0,・商品及び原材料の仕入、業務委受託等を行う取引先企業等との経営戦略の一環・株価の評価益及び受取配当金の発生,,32020
E00953,扶桑薬品工業株式会社,45380,2025-03-31,000,㈱ほくやく・竹山ホールディングス,30550,58000,51.0,・製商品の販売を行う取引先企業との業務のより円滑な推進・株価の評価益及び受取配当金の発生,,30550
E00953,扶桑薬品工業株式会社,45380,2025-03-31,000,㈱メディパルホールディングス,74590,5000,11.0,・製商品の販売を行う取引先企業との業務のより円滑な推進・株価の評価益及び受取配当金の発生,,74590
E00953,扶桑薬品工業株式会社,45380,2025-03-31,000,アステナホールディングス㈱,80950,23720,10.0,・製商品の販売を行う取引先企業との業務のより円滑な推進・株価の評価益及び受取配当金の発生,,80950
E00953,扶桑薬品工業株式会社,45380,2025-03-31,000,㈱ＪＭＳ,77020,5500,2.0,・商品及び原材料の仕入、業務委受託等を行う取引先企業との経営戦略の一環・受取配当金の発生,,77020
E01462,サンコーテクノ株式会社,34350,2024-03-31,000,トラスコ中山株式会社,98300,27400,70829.0,機械工具の大手専門商社であり、業務提携は行っておりませんが、当社の主要な販売先であるため、取引関係の維持・強化を目的として保有しております。保有意義及び経済合理性を検証した結果、取締役会において保有継続の妥当性を確認しております。,,98300
E01462,サンコーテクノ株式会社,34350,2024-03-31,000,株式会社キムラ,81070,12000,6672.0,機械工具の大手専門商社であり、業務提携は行っておりませんが、当社の主要な販売先であるため、取引関係の維持・強化を目的として保有しております。保有意義及び経済合理性を検証した結果、取締役会において保有継続の妥当性を確認しております。,,81070
E01462,サンコーテクノ株式会社,34350,2024-03-31,000,株式会社NaITO,,3500,525.0,機械工具卸売業の大手であり、業務提携は行っておりませんが、当社の主要な販売先であるため、取引関係の維持・強化を目的として保有しております。保有意義及び経済合理性を検証した結果、取締役会において保有継続の妥当性を確認しております。,,
E38148,大栄環境株式会社,93360,2025-03-31,000,株式会社三井住友フィナンシャルグループ,83160,553500,2100.0,安定的な資金調達や金融取引等の取引関係を維持・構築するため保有しているものです。（増加理由）株式分割によるものです。（注）,,83160
E38148,大栄環境株式会社,93360,2025-03-31,000,株式会社りそなホールディングス,83080,101160,130.0,安定的な資金調達や金融取引等の取引関係を維持・構築するため保有しているものです。（注）,,83080
E38148,大栄環境株式会社,93360,2025-03-31,000,株式会社上組,93640,17704,61.0,地元企業との関係を維持・強化するため保有しているものです。（増加理由）持株会株式の定期購入によるものです。（注）,,93640
E38148,大栄環境株式会社,93360,2025-03-31,000,株式会社池田泉州ホールディングス,87140,60000,26.0,安定的な資金調達や金融取引等の取引関係を維持・構築するため保有しているものです。（注）,,87140
E38148,大栄環境株式会社,93360,2025-03-31,000,株式会社ほくほくフィナンシャルグループ,83770,11000,28.0,安定的な資金調達や金融取引等の取引関係を維持・構築するため保有しているものです。（注）,,83770
E38148,大栄環境株式会社,93360,2025-03-31,000,日本ハム株式会社,22820,1000,5.0,安定的な取引関係を維持・構築するため保有しているものです。（注）,,22820
E05309,綜合警備保障株式会社,23310,2025-03-31,000,台湾新光保全股份有限公司,,35778823,6664.0,営業・運用面の相互協力体制構築（警備分野での技術交流、資機材の安定的調達）のために同社株式を保有しております。また当社代表取締役が同社の取締役を兼任し、子会社・持分法適用関連会社と同様業績拡大に向けて影響力を行使しております。営業機密を含むため開示することは困難ですが、同社株式からは相応のインカムゲイン・キャピタルゲインを得ていることに加え、資機材の調達先としての貢献を踏まえて十分な保有効果があるものと結論付けております。,,
E05309,綜合警備保障株式会社,23310,2025-03-31,000,㈱みずほフィナンシャルグループ,84110,856343,3469.0,当社及び当社の関連会社は、同社及び同社の関連会社に対しセキュリティ事業等の請負契約を締結しており、当該取引の維持・強化・拡大を目的として保有しております。営業機密に該当するため開示することは困難ですが、同社及び同社の関連会社より将来の稼得も見込める長期の継続契約に基づく売上高を得ており、当期に計上した年間売上高に見合う金額が今後も見込めることから、保有効果があるものと結論付けております。,,84110
E05309,綜合警備保障株式会社,23310,2025-03-31,000,㈱セブン銀行,84100,5000000,1400.0,当社及び当社の関連会社は、同社及び同社の関連会社に対しセキュリティ事業等の請負契約を締結しており、当該取引の維持・強化・拡大を目的として保有しております。営業機密に該当するため開示することは困難ですが、同社及び同社の関連会社より将来の稼得も見込める長期の継続契約に基づく売上高を得ており、当期に計上した年間売上高に見合う金額が今後も見込めることから、保有効果があるものと結論付けております。,,84100
E05309,綜合警備保障株式会社,23310,2025-03-31,000,㈱ファーストリテイリング,99830,28800,1268.0,当社及び当社の関連会社は、同社及び同社の関連会社に対しセキュリティ事業等の請負契約を締結しており、当該取引の維持・強化・拡大を目的として保有しております。営業機密に該当するため開示することは困難ですが、同社及び同社の関連会社より将来の稼得も見込める長期の継続契約に基づく売上高を得ており、当期に計上した年間売上高に見合う金額が今後も見込めることから、保有効果があるものと結論付けております。,,99830
E05309,綜合警備保障株式会社,23310,2025-03-31,000,ヒューリック㈱,30030,659100,947.0,当社及び当社の関連会社は、同社及び同社の関連会社に対しセキュリティ事業等の請負契約を締結しており、当該取引の維持・強化・拡大を目的として保有しております。営業機密に該当するため開示することは困難ですが、同社及び同社の関連会社より将来の稼得も見込める長期の継続契約に基づく売上高を得ており、当期に計上した年間売上高に見合う金額が今後も見込めることから、保有効果があるものと結論付けております。,,30030
E05309,綜合警備保障株式会社,23310,2025-03-31,000,㈱滋賀銀行,83660,100000,526.0,当社及び当社の関連会社は、同社及び同社の関連会社に対しセキュリティ事業等の請負契約を締結しており、当該取引の維持・強化・拡大を目的として保有しております。営業機密に該当するため開示することは困難ですが、同社及び同社の関連会社より将来の稼得も見込める長期の継続契約に基づく売上高を得ており、当期に計上した年間売上高に見合う金額が今後も見込めることから、保有効果があるものと結論付けております。,,83660
E05309,綜合警備保障株式会社,23310,2025-03-31,000,寿スピリッツ㈱,22220,150000,364.0,当社及び当社の関連会社は、同社及び同社の関連会社に対しセキュリティ事業等の請負契約を締結しており、当該取引の維持・強化・拡大を目的として保有しております。営業機密に該当するため開示することは困難ですが、同社及び同社の関連会社より将来の稼得も見込める長期の継続契約に基づく売上高を得ており、当期に計上した年間売上高に見合う金額が今後も見込めることから、保有効果があるものと結論付けております。,,22220
E05309,綜合警備保障株式会社,23310,2025-03-31,000,㈱紀陽銀行,83700,148900,342.0,当社及び当社の関連会社は、同社及び同社の関連会社に対しセキュリティ事業等の請負契約を締結しており、当該取引の維持・強化・拡大を目的として保有しております。営業機密に該当するため開示することは困難ですが、同社及び同社の関連会社より将来の稼得も見込める長期の継続契約に基づく売上高を得ており、当期に計上した年間売上高に見合う金額が今後も見込めることから、保有効果があるものと結論付けております。,,83700
E05309,綜合警備保障株式会社,23310,2025-03-31,000,大和ハウス工業㈱,19250,60000,296.0,当社及び当社の関連会社は、同社及び同社の関連会社に対しセキュリティ事業等の請負契約を締結しており、当該取引の維持・強化・拡大を目的として保有しております。営業機密に該当するため開示することは困難ですが、同社及び同社の関連会社より将来の稼得も見込める長期の継続契約に基づく売上高を得ており、当期に計上した年間売上高に見合う金額が今後も見込めることから、保有効果があるものと結論付けております。,,19250
E05309,綜合警備保障株式会社,23310,2025-03-31,000,スルガ銀行㈱,83580,196000,263.0,当社及び当社の関連会社は、同社及び同社の関連会社に対しセキュリティ事業等の請負契約を締結しており、当該取引の維持・強化・拡大を目的として保有しております。営業機密に該当するため開示することは困難ですが、同社及び同社の関連会社より将来の稼得も見込める長期の継続契約に基づく売上高を得ており、当期に計上した年間売上高に見合う金額が今後も見込めることから、保有効果があるものと結論付けております。,,83580
E05309,綜合警備保障株式会社,23310,2025-03-31,000,㈱LIXILグループ,,148600,256.0,当社及び当社の関連会社は、同社及び同社の関連会社に対しセキュリティ事業等の請負契約を締結しており、当該取引の維持・強化・拡大を目的として保有しております。営業機密に該当するため開示することは困難ですが、同社及び同社の関連会社より将来の稼得も見込める長期の継続契約に基づく売上高を得ており、当期に計上した年間売上高に見合う金額が今後も見込めることから、保有効果があるものと結論付けております。,,
E05309,綜合警備保障株式会社,23310,2025-03-31,000,㈱ニトリホールディングス,98430,12500,185.0,当社及び当社の関連会社は、同社及び同社の関連会社に対しセキュリティ事業等の請負契約を締結しており、当該取引の維持・強化・拡大を目的として保有しております。営業機密に該当するため開示することは困難ですが、同社及び同社の関連会社より将来の稼得も見込める長期の継続契約に基づく売上高を得ており、当期に計上した年間売上高に見合う金額が今後も見込めることから、保有効果があるものと結論付けております。,,98430
E05309,綜合警備保障株式会社,23310,2025-03-31,000,㈱三井住友フィナンシャルグループ,83160,45600,173.0,当社及び当社の関連会社は、同社及び同社の関連会社に対しセキュリティ事業等の請負契約を締結しており、当該取引の維持・強化・拡大を目的として保有しております。営業機密に該当するため開示することは困難ですが、同社及び同社の関連会社より将来の稼得も見込める長期の継続契約に基づく売上高を得ており、当期に計上した年間売上高に見合う金額が今後も見込めることから、保有効果があるものと結論付けております。また、株式分割により株式数が増加しております。,,83160
E05309,綜合警備保障株式会社,23310,2025-03-31,000,三井住友トラストグループ㈱,83090,38654,143.0,当社及び当社の関連会社は、同社及び同社の関連会社に対しセキュリティ事業等の請負契約を締結しており、当該取引の維持・強化・拡大を目的として保有しております。営業機密に該当するため開示することは困難ですが、同社及び同社の関連会社より将来の稼得も見込める長期の継続契約に基づく売上高を得ており、当期に計上した年間売上高に見合う金額が今後も見込めることから、保有効果があるものと結論付けております。,,83090
E05309,綜合警備保障株式会社,23310,2025-03-31,000,住友不動産㈱,88300,24000,134.0,当社及び当社の関連会社は、同社及び同社の関連会社に対しセキュリティ事業等の請負契約を締結しており、当該取引の維持・強化・拡大を目的として保有しております。営業機密に該当するため開示することは困難ですが、同社及び同社の関連会社より将来の稼得も見込める長期の継続契約に基づく売上高を得ており、当期に計上した年間売上高に見合う金額が今後も見込めることから、保有効果があるものと結論付けております。,,88300
E05309,綜合警備保障株式会社,23310,2025-03-31,000,㈱クレディセゾン,82530,37100,130.0,当社及び当社の関連会社は、同社及び同社の関連会社に対しセキュリティ事業等の請負契約を締結しており、当該取引の維持・強化・拡大を目的として保有しております。営業機密に該当するため開示することは困難ですが、同社及び同社の関連会社より将来の稼得も見込める長期の継続契約に基づく売上高を得ており、当期に計上した年間売上高に見合う金額が今後も見込めることから、保有効果があるものと結論付けております。,,82530
E05309,綜合警備保障株式会社,23310,2025-03-31,000,第一生命ホールディングス㈱,87500,28200,127.0,当社及び当社の関連会社は、同社及び同社の関連会社に対しセキュリティ事業等の請負契約を締結しており、当該取引の維持・強化・拡大を目的として保有しております。営業機密に該当するため開示することは困難ですが、同社及び同社の関連会社より将来の稼得も見込める長期の継続契約に基づく売上高を得ており、当期に計上した年間売上高に見合う金額が今後も見込めることから、保有効果があるものと結論付けております。,,87500
E05309,綜合警備保障株式会社,23310,2025-03-31,000,オムロン㈱,66450,30000,126.0,当社及び当社の関連会社は、同社及び同社の関連会社に対しセキュリティ事業等の請負契約を締結しており、当該取引の維持・強化・拡大を目的として保有しております。営業機密に該当するため開示することは困難ですが、同社及び同社の関連会社より将来の稼得も見込める長期の継続契約に基づく売上高を得ており、当期に計上した年間売上高に見合う金額が今後も見込めることから、保有効果があるものと結論付けております。,,66450
E05309,綜合警備保障株式会社,23310,2025-03-31,000,㈱大和証券グループ本社,86010,103000,102.0,当社及び当社の関連会社は、同社及び同社の関連会社に対しセキュリティ事業等の請負契約を締結しており、当該取引の維持・強化・拡大を目的として保有しております。営業機密に該当するため開示することは困難ですが、同社及び同社の関連会社より将来の稼得も見込める長期の継続契約に基づく売上高を得ており、当期に計上した年間売上高に見合う金額が今後も見込めることから、保有効果があるものと結論付けております。,,86010
E05309,綜合警備保障株式会社,23310,2025-03-31,000,住友商事㈱,80530,28600,96.0,当社及び当社の関連会社は、同社及び同社の関連会社に対しセキュリティ事業等の請負契約を締結しており、当該取引の維持・強化・拡大を目的として保有しております。営業機密に該当するため開示することは困難ですが、同社及び同社の関連会社より将来の稼得も見込める長期の継続契約に基づく売上高を得ており、当期に計上した年間売上高に見合う金額が今後も見込めることから、保有効果があるものと結論付けております。,,80530
E05309,綜合警備保障株式会社,23310,2025-03-31,000,東急不動産ホールディングス㈱,32890,95400,95.0,当社及び当社の関連会社は、同社及び同社の関連会社に対しセキュリティ事業等の請負契約を締結しており、当該取引の維持・強化・拡大を目的として保有しております。営業機密に該当するため開示することは困難ですが、同社及び同社の関連会社より将来の稼得も見込める長期の継続契約に基づく売上高を得ており、当期に計上した年間売上高に見合う金額が今後も見込めることから、保有効果があるものと結論付けております。,,32890
E05309,綜合警備保障株式会社,23310,2025-03-31,000,㈱東京きらぼしフィナンシャルグループ,71730,16307,95.0,当社及び当社の関連会社は、同社及び同社の関連会社に対しセキュリティ事業等の請負契約を締結しており、当該取引の維持・強化・拡大を目的として保有しております。営業機密に該当するため開示することは困難ですが、同社及び同社の関連会社より将来の稼得も見込める長期の継続契約に基づく売上高を得ており、当期に計上した年間売上高に見合う金額が今後も見込めることから、保有効果があるものと結論付けております。,,71730
E05309,綜合警備保障株式会社,23310,2025-03-31,000,㈱山口フィナンシャルグループ,84180,50000,87.0,当社及び当社の関連会社は、同社及び同社の関連会社に対しセキュリティ事業等の請負契約を締結しており、当該取引の維持・強化・拡大を目的として保有しております。営業機密に該当するため開示することは困難ですが、同社及び同社の関連会社より将来の稼得も見込める長期の継続契約に基づく売上高を得ており、当期に計上した年間売上高に見合う金額が今後も見込めることから、保有効果があるものと結論付けております。,,84180
E05309,綜合警備保障株式会社,23310,2025-03-31,000,近鉄グループホールディングス㈱,90410,20000,63.0,当社及び当社の関連会社は、同社及び同社の関連会社に対しセキュリティ事業等の請負契約を締結しており、当該取引の維持・強化・拡大を目的として保有しております。営業機密に該当するため開示することは困難ですが、同社及び同社の関連会社より将来の稼得も見込める長期の継続契約に基づく売上高を得ており、当期に計上した年間売上高に見合う金額が今後も見込めることから、保有効果があるものと結論付けております。,,90410
E05309,綜合警備保障株式会社,23310,2025-03-31,000,㈱八十二銀行,83590,55000,58.0,当社及び当社の関連会社は、同社及び同社の関連会社に対しセキュリティ事業等の請負契約を締結しており、当該取引の維持・強化・拡大を目的として保有しております。営業機密に該当するため開示することは困難ですが、同社及び同社の関連会社より将来の稼得も見込める長期の継続契約に基づく売上高を得ており、当期に計上した年間売上高に見合う金額が今後も見込めることから、保有効果があるものと結論付けております。,,83590
E05309,綜合警備保障株式会社,23310,2025-03-31,000,㈱ダスキン,46650,15500,56.0,当社及び当社の関連会社は、同社及び同社の関連会社に対しセキュリティ事業等の請負契約を締結しており、当該取引の維持・強化・拡大を目的として保有しております。営業機密に該当するため開示することは困難ですが、同社及び同社の関連会社より将来の稼得も見込める長期の継続契約に基づく売上高を得ており、当期に計上した年間売上高に見合う金額が今後も見込めることから、保有効果があるものと結論付けております。,,46650
E05309,綜合警備保障株式会社,23310,2025-03-31,000,㈱京葉銀行,85440,58000,52.0,当社及び当社の関連会社は、同社及び同社の関連会社に対しセキュリティ事業等の請負契約を締結しており、当該取引の維持・強化・拡大を目的として保有しております。営業機密に該当するため開示することは困難ですが、同社及び同社の関連会社より将来の稼得も見込める長期の継続契約に基づく売上高を得ており、当期に計上した年間売上高に見合う金額が今後も見込めることから、保有効果があるものと結論付けております。,,85440
E05309,綜合警備保障株式会社,23310,2025-03-31,000,㈱ダイナムジャパンホールディングス,,800000,51.0,当社及び当社の関連会社は、同社及び同社の関連会社に対しセキュリティ事業等の請負契約を締結しており、当該取引の維持・強化・拡大を目的として保有しております。営業機密に該当するため開示することは困難ですが、同社及び同社の関連会社より将来の稼得も見込める長期の継続契約に基づく売上高を得ており、当期に計上した年間売上高に見合う金額が今後も見込めることから、保有効果があるものと結論付けております。,,
E05309,綜合警備保障株式会社,23310,2025-03-31,000,㈱千葉銀行,83310,36000,50.0,当社及び当社の関連会社は、同社及び同社の関連会社に対しセキュリティ事業等の請負契約を締結しており、当該取引の維持・強化・拡大を目的として保有しております。営業機密に該当するため開示することは困難ですが、同社及び同社の関連会社より将来の稼得も見込める長期の継続契約に基づく売上高を得ており、当期に計上した年間売上高に見合う金額が今後も見込めることから、保有効果があるものと結論付けております。,,83310
E05309,綜合警備保障株式会社,23310,2025-03-31,000,トモニホールディングス㈱,86000,93500,50.0,当社及び当社の関連会社は、同社及び同社の関連会社に対しセキュリティ事業等の請負契約を締結しており、当該取引の維持・強化・拡大を目的として保有しております。営業機密に該当するため開示することは困難ですが、同社及び同社の関連会社より将来の稼得も見込める長期の継続契約に基づく売上高を得ており、当期に計上した年間売上高に見合う金額が今後も見込めることから、保有効果があるものと結論付けております。,,86000
E05309,綜合警備保障株式会社,23310,2025-03-31,000,㈱ほくほくフィナンシャルグループ,83770,16800,43.0,当社及び当社の関連会社は、同社及び同社の関連会社に対しセキュリティ事業等の請負契約を締結しており、当該取引の維持・強化・拡大を目的として保有しております。営業機密に該当するため開示することは困難ですが、同社及び同社の関連会社より将来の稼得も見込める長期の継続契約に基づく売上高を得ており、当期に計上した年間売上高に見合う金額が今後も見込めることから、保有効果があるものと結論付けております。,,83770
E05309,綜合警備保障株式会社,23310,2025-03-31,000,㈱セブン＆アイ・ホールディングス,33820,17700,38.0,当社及び当社の関連会社は、同社及び同社の関連会社に対しセキュリティ事業等の請負契約を締結しており、当該取引の維持・強化・拡大を目的として保有しております。営業機密に該当するため開示することは困難ですが、同社及び同社の関連会社より将来の稼得も見込める長期の継続契約に基づく売上高を得ており、当期に計上した年間売上高に見合う金額が今後も見込めることから、保有効果があるものと結論付けております。,,33820
E05309,綜合警備保障株式会社,23310,2025-03-31,000,㈱清水銀行,83640,24800,37.0,当社及び当社の関連会社は、同社及び同社の関連会社に対しセキュリティ事業等の請負契約を締結しており、当該取引の維持・強化・拡大を目的として保有しております。営業機密に該当するため開示することは困難ですが、同社及び同社の関連会社より将来の稼得も見込める長期の継続契約に基づく売上高を得ており、当期に計上した年間売上高に見合う金額が今後も見込めることから、保有効果があるものと結論付けております。,,83640
E05309,綜合警備保障株式会社,23310,2025-03-31,000,東日本旅客鉄道㈱,90200,12000,35.0,当社及び当社の関連会社は、同社及び同社の関連会社に対しセキュリティ事業等の請負契約を締結しており、当該取引の維持・強化・拡大を目的として保有しております。営業機密に該当するため開示することは困難ですが、同社及び同社の関連会社より将来の稼得も見込める長期の継続契約に基づく売上高を得ており、当期に計上した年間売上高に見合う金額が今後も見込めることから、保有効果があるものと結論付けております。,,90200
E05309,綜合警備保障株式会社,23310,2025-03-31,000,㈱北洋銀行,85240,62500,32.0,当社及び当社の関連会社は、同社及び同社の関連会社に対しセキュリティ事業等の請負契約を締結しており、当該取引の維持・強化・拡大を目的として保有しております。営業機密に該当するため開示することは困難ですが、同社及び同社の関連会社より将来の稼得も見込める長期の継続契約に基づく売上高を得ており、当期に計上した年間売上高に見合う金額が今後も見込めることから、保有効果があるものと結論付けております。,,85240
E05309,綜合警備保障株式会社,23310,2025-03-31,000,㈱四国銀行,83870,26400,31.0,当社及び当社の関連会社は、同社及び同社の関連会社に対しセキュリティ事業等の請負契約を締結しており、当該取引の維持・強化・拡大を目的として保有しております。営業機密に該当するため開示することは困難ですが、同社及び同社の関連会社より将来の稼得も見込める長期の継続契約に基づく売上高を得ており、当期に計上した年間売上高に見合う金額が今後も見込めることから、保有効果があるものと結論付けております。,,83870
E05309,綜合警備保障株式会社,23310,2025-03-31,000,野村ホールディングス㈱,86040,34800,31.0,当社及び当社の関連会社は、同社及び同社の関連会社に対しセキュリティ事業等の請負契約を締結しており、当該取引の維持・強化・拡大を目的として保有しております。営業機密に該当するため開示することは困難ですが、同社及び同社の関連会社より将来の稼得も見込める長期の継続契約に基づく売上高を得ており、当期に計上した年間売上高に見合う金額が今後も見込めることから、保有効果があるものと結論付けております。,,86040
E05309,綜合警備保障株式会社,23310,2025-03-31,000,㈱武蔵野銀行,83360,9300,30.0,当社及び当社の関連会社は、同社及び同社の関連会社に対しセキュリティ事業等の請負契約を締結しており、当該取引の維持・強化・拡大を目的として保有しております。営業機密に該当するため開示することは困難ですが、同社及び同社の関連会社より将来の稼得も見込める長期の継続契約に基づく売上高を得ており、当期に計上した年間売上高に見合う金額が今後も見込めることから、保有効果があるものと結論付けております。,,83360
E05309,綜合警備保障株式会社,23310,2025-03-31,000,㈱池田泉州ホールディングス,87140,67030,29.0,当社及び当社の関連会社は、同社及び同社の関連会社に対しセキュリティ事業等の請負契約を締結しており、当該取引の維持・強化・拡大を目的として保有しております。営業機密に該当するため開示することは困難ですが、同社及び同社の関連会社より将来の稼得も見込める長期の継続契約に基づく売上高を得ており、当期に計上した年間売上高に見合う金額が今後も見込めることから、保有効果があるものと結論付けております。,,87140
E05309,綜合警備保障株式会社,23310,2025-03-31,000,㈱百十四銀行,83860,8300,28.0,当社及び当社の関連会社は、同社及び同社の関連会社に対しセキュリティ事業等の請負契約を締結しており、当該取引の維持・強化・拡大を目的として保有しております。営業機密に該当するため開示することは困難ですが、同社及び同社の関連会社より将来の稼得も見込める長期の継続契約に基づく売上高を得ており、当期に計上した年間売上高に見合う金額が今後も見込めることから、保有効果があるものと結論付けております。,,83860
E05309,綜合警備保障株式会社,23310,2025-03-31,000,㈱阿波銀行,83880,10000,28.0,当社及び当社の関連会社は、同社及び同社の関連会社に対しセキュリティ事業等の請負契約を締結しており、当該取引の維持・強化・拡大を目的として保有しております。営業機密に該当するため開示することは困難ですが、同社及び同社の関連会社より将来の稼得も見込める長期の継続契約に基づく売上高を得ており、当期に計上した年間売上高に見合う金額が今後も見込めることから、保有効果があるものと結論付けております。,,83880
E05309,綜合警備保障株式会社,23310,2025-03-31,000,㈱しまむら,82270,3200,27.0,当社及び当社の関連会社は、同社及び同社の関連会社に対しセキュリティ事業等の請負契約を締結しており、当該取引の維持・強化・拡大を目的として保有しております。営業機密に該当するため開示することは困難ですが、同社及び同社の関連会社より将来の稼得も見込める長期の継続契約に基づく売上高を得ており、当期に計上した年間売上高に見合う金額が今後も見込めることから、保有効果があるものと結論付けております。,,82270
E05309,綜合警備保障株式会社,23310,2025-03-31,000,㈱リテールパートナーズ,81670,20000,26.0,当社及び当社の関連会社は、同社及び同社の関連会社に対しセキュリティ事業等の請負契約を締結しており、当該取引の維持・強化・拡大を目的として保有しております。営業機密に該当するため開示することは困難ですが、同社及び同社の関連会社より将来の稼得も見込める長期の継続契約に基づく売上高を得ており、当期に計上した年間売上高に見合う金額が今後も見込めることから、保有効果があるものと結論付けております。,,81670
E05309,綜合警備保障株式会社,23310,2025-03-31,000,㈱千葉興業銀行,83370,19300,24.0,当社及び当社の関連会社は、同社及び同社の関連会社に対しセキュリティ事業等の請負契約を締結しており、当該取引の維持・強化・拡大を目的として保有しております。営業機密に該当するため開示することは困難ですが、同社及び同社の関連会社より将来の稼得も見込める長期の継続契約に基づく売上高を得ており、当期に計上した年間売上高に見合う金額が今後も見込めることから、保有効果があるものと結論付けております。,,83370
E05309,綜合警備保障株式会社,23310,2025-03-31,000,㈱ふくおかフィナンシャルグループ,83540,5220,20.0,当社及び当社の関連会社は、同社及び同社の関連会社に対しセキュリティ事業等の請負契約を締結しており、当該取引の維持・強化・拡大を目的として保有しております。営業機密に該当するため開示することは困難ですが、同社及び同社の関連会社より将来の稼得も見込める長期の継続契約に基づく売上高を得ており、当期に計上した年間売上高に見合う金額が今後も見込めることから、保有効果があるものと結論付けております。,,83540
E05309,綜合警備保障株式会社,23310,2025-03-31,000,㈱コスモスイニシア,88440,15900,17.0,当社及び当社の関連会社は、同社及び同社の関連会社に対しセキュリティ事業等の請負契約を締結しており、当該取引の維持・強化・拡大を目的として保有しております。営業機密に該当するため開示することは困難ですが、同社及び同社の関連会社より将来の稼得も見込める長期の継続契約に基づく売上高を得ており、当期に計上した年間売上高に見合う金額が今後も見込めることから、保有効果があるものと結論付けております。,,88440
E05309,綜合警備保障株式会社,23310,2025-03-31,000,㈱高知銀行,84160,20000,15.0,当社及び当社の関連会社は、同社及び同社の関連会社に対しセキュリティ事業等の請負契約を締結しており、当該取引の維持・強化・拡大を目的として保有しております。営業機密に該当するため開示することは困難ですが、同社及び同社の関連会社より将来の稼得も見込める長期の継続契約に基づく売上高を得ており、当期に計上した年間売上高に見合う金額が今後も見込めることから、保有効果があるものと結論付けております。,,84160
E05309,綜合警備保障株式会社,23310,2025-03-31,000,日本電信電話㈱,94320,100000,14.0,当社及び当社の関連会社は、同社及び同社の関連会社に対しセキュリティ事業等の請負契約を締結しており、当該取引の維持・強化・拡大を目的として保有しております。営業機密に該当するため開示することは困難ですが、同社及び同社の関連会社より将来の稼得も見込める長期の継続契約に基づく売上高を得ており、当期に計上した年間売上高に見合う金額が今後も見込めることから、保有効果があるものと結論付けております。,,94320
E05309,綜合警備保障株式会社,23310,2025-03-31,000,㈱七十七銀行,83410,3031,14.0,当社及び当社の関連会社は、同社及び同社の関連会社に対しセキュリティ事業等の請負契約を締結しており、当該取引の維持・強化・拡大を目的として保有しております。営業機密に該当するため開示することは困難ですが、同社及び同社の関連会社より将来の稼得も見込める長期の継続契約に基づく売上高を得ており、当期に計上した年間売上高に見合う金額が今後も見込めることから、保有効果があるものと結論付けております。,,83410
E05309,綜合警備保障株式会社,23310,2025-03-31,000,㈱あいちフィナンシャルグループ,73890,4900,13.0,当社及び当社の関連会社は、同社及び同社の関連会社に対しセキュリティ事業等の請負契約を締結しており、当該取引の維持・強化・拡大を目的として保有しております。営業機密に該当するため開示することは困難ですが、同社及び同社の関連会社より将来の稼得も見込める長期の継続契約に基づく売上高を得ており、当期に計上した年間売上高に見合う金額が今後も見込めることから、保有効果があるものと結論付けております。,,73890
E05309,綜合警備保障株式会社,23310,2025-03-31,000,㈱筑波銀行,83380,51400,12.0,当社及び当社の関連会社は、同社及び同社の関連会社に対しセキュリティ事業等の請負契約を締結しており、当該取引の維持・強化・拡大を目的として保有しております。営業機密に該当するため開示することは困難ですが、同社及び同社の関連会社より将来の稼得も見込める長期の継続契約に基づく売上高を得ており、当期に計上した年間売上高に見合う金額が今後も見込めることから、保有効果があるものと結論付けております。,,83380
E05309,綜合警備保障株式会社,23310,2025-03-31,000,㈱フジ,21140,5824,12.0,当社及び当社の関連会社は、同社及び同社の関連会社に対しセキュリティ事業等の請負契約を締結しており、当該取引の維持・強化・拡大を目的として保有しております。営業機密に該当するため開示することは困難ですが、同社及び同社の関連会社より将来の稼得も見込める長期の継続契約に基づく売上高を得ており、当期に計上した年間売上高に見合う金額が今後も見込めることから、保有効果があるものと結論付けております。本銘柄は、同社とのさらなる取引拡大が見込めることから、取引先持株会への加入を通じ、当期に追加取得しております。,,21140
E05309,綜合警備保障株式会社,23310,2025-03-31,000,㈱平和堂,82760,4952,12.0,当社及び当社の関連会社は、同社及び同社の関連会社に対しセキュリティ事業等の請負契約を締結しており、当該取引の維持・強化・拡大を目的として保有しております。営業機密に該当するため開示することは困難ですが、同社及び同社の関連会社より将来の稼得も見込める長期の継続契約に基づく売上高を得ており、当期に計上した年間売上高に見合う金額が今後も見込めることから、保有効果があるものと結論付けております。本銘柄は、同社とのさらなる取引拡大が見込めることから、取引先持株会への加入を通じ、当期に追加取得しております。,,82760
E05309,綜合警備保障株式会社,23310,2025-03-31,000,㈱大垣共立銀行,83610,4300,10.0,当社及び当社の関連会社は、同社及び同社の関連会社に対しセキュリティ事業等の請負契約を締結しており、当該取引の維持・強化・拡大を目的として保有しております。営業機密に該当するため開示することは困難ですが、同社及び同社の関連会社より将来の稼得も見込める長期の継続契約に基づく売上高を得ており、当期に計上した年間売上高に見合う金額が今後も見込めることから、保有効果があるものと結論付けております。,,83610
E05309,綜合警備保障株式会社,23310,2025-03-31,000,㈱豊和銀行,85590,20400,9.0,当社及び当社の関連会社は、同社及び同社の関連会社に対しセキュリティ事業等の請負契約を締結しており、当該取引の維持・強化・拡大を目的として保有しております。営業機密に該当するため開示することは困難ですが、同社及び同社の関連会社より将来の稼得も見込める長期の継続契約に基づく売上高を得ており、当期に計上した年間売上高に見合う金額が今後も見込めることから、保有効果があるものと結論付けております。,,85590
E05309,綜合警備保障株式会社,23310,2025-03-31,000,㈱ジンズホールディングス,30460,1391,9.0,当社及び当社の関連会社は、同社及び同社の関連会社に対しセキュリティ事業等の請負契約を締結しており、当該取引の維持・強化・拡大を目的として保有しております。営業機密に該当するため開示することは困難ですが、同社及び同社の関連会社より将来の稼得も見込める長期の継続契約に基づく売上高を得ており、当期に計上した年間売上高に見合う金額が今後も見込めることから、保有効果があるものと結論付けております。本銘柄は、同社とのさらなる取引拡大が見込めることから、取引先持株会への加入を通じ、当期に追加取得しております。,,30460
E05309,綜合警備保障株式会社,23310,2025-03-31,000,㈱トマト銀行,85420,7900,9.0,当社及び当社の関連会社は、同社及び同社の関連会社に対しセキュリティ事業等の請負契約を締結しており、当該取引の維持・強化・拡大を目的として保有しております。営業機密に該当するため開示することは困難ですが、同社及び同社の関連会社より将来の稼得も見込める長期の継続契約に基づく売上高を得ており、当期に計上した年間売上高に見合う金額が今後も見込めることから、保有効果があるものと結論付けております。,,85420
E05309,綜合警備保障株式会社,23310,2025-03-31,000,㈱島根銀行,71500,17500,8.0,当社及び当社の関連会社は、同社及び同社の関連会社に対しセキュリティ事業等の請負契約を締結しており、当該取引の維持・強化・拡大を目的として保有しております。営業機密に該当するため開示することは困難ですが、同社及び同社の関連会社より将来の稼得も見込める長期の継続契約に基づく売上高を得ており、当期に計上した年間売上高に見合う金額が今後も見込めることから、保有効果があるものと結論付けております。,,71500
E05309,綜合警備保障株式会社,23310,2025-03-31,000,日本トムソン㈱,64800,16826,8.0,当社及び当社の関連会社は、同社及び同社の関連会社に対しセキュリティ事業等の請負契約を締結しており、当該取引の維持・強化・拡大を目的として保有しております。営業機密に該当するため開示することは困難ですが、同社及び同社の関連会社より将来の稼得も見込める長期の継続契約に基づく売上高を得ており、当期に計上した年間売上高に見合う金額が今後も見込めることから、保有効果があるものと結論付けております。本銘柄は、同社とのさらなる取引拡大が見込めることから、取引先持株会への加入を通じ、当期に追加取得しております。,,64800
E05309,綜合警備保障株式会社,23310,2025-03-31,000,㈱ヤマナカ,81900,14489,8.0,当社及び当社の関連会社は、同社及び同社の関連会社に対しセキュリティ事業等の請負契約を締結しており、当該取引の維持・強化・拡大を目的として保有しております。営業機密に該当するため開示することは困難ですが、同社及び同社の関連会社より将来の稼得も見込める長期の継続契約に基づく売上高を得ており、当期に計上した年間売上高に見合う金額が今後も見込めることから、保有効果があるものと結論付けております。本銘柄は、同社とのさらなる取引拡大が見込めることから、取引先持株会への加入を通じ、当期に追加取得しております。,,81900
E04321,東洋埠頭株式会社,93510,2025-03-31,000,㈱三菱ＵＦＪフィナンシャル・グループ,83060,1198460,2410.0,同社グループ会社との、各種金融取引関係の維持・強化を保有目的としている。定量的な保有効果を記載することは困難であるが、保有の合理性については、上記の方法で検証を行っている。,,83060
E04321,東洋埠頭株式会社,93510,2025-03-31,000,㈱みずほフィナンシャルグループ,84110,429812,1741.0,同社グループ会社との、各種金融取引関係の維持・強化を保有目的としている。定量的な保有効果を記載することは困難であるが、保有の合理性については、上記の方法で検証を行っている。,,84110
E04321,東洋埠頭株式会社,93510,2025-03-31,000,豊田通商㈱,80150,338563,844.0,主に物流事業における取引関係の維持・強化を保有目的としている。定量的な保有効果を記載することは困難であるが、保有の合理性については、上記の方法で検証した結果、当事業年度に一部売却を実施した。なお、株式数の増加は株式分割によるものである。,,80150
E04321,東洋埠頭株式会社,93510,2025-03-31,000,ショーボンドホールディングス㈱,14140,138800,662.0,取引関係の開拓・維持・強化を保有目的としている。定量的な保有効果を記載することは困難であるが、保有の合理性については、上記の方法で検証を行っている。,,14140
E04321,東洋埠頭株式会社,93510,2025-03-31,000,旭化成㈱,34070,421557,441.0,主に物流事業における取引関係の維持・強化を保有目的としている。定量的な保有効果を記載することは困難であるが、保有の合理性については、上記の方法で検証を行っている。また、同社の持株会を通じた定期購入により株式数が増加している。,,34070
E04321,東洋埠頭株式会社,93510,2025-03-31,000,日本紙パルプ商事㈱,80320,585000,352.0,主に物流事業における取引関係の維持・強化を保有目的としている。定量的な保有効果を記載することは困難であるが、保有の合理性については、上記の方法で検証を行っている。なお、株式数の増加は株式分割によるものである。,,80320
E04321,東洋埠頭株式会社,93510,2025-03-31,000,北越コーポレーション㈱,38650,227250,277.0,主に物流事業における取引関係の維持・強化を目的として取得し、保有を継続している。定量的な保有効果を記載することは困難であるが、保有の合理性については、上記の方法で検証を行っている。なお、株式数の増加は取引関係の強化を目的として取得したものである。,,38650
E04321,東洋埠頭株式会社,93510,2025-03-31,000,㈱Ｔ＆Ｄホールディングス,87950,74910,237.0,同社グループ会社との、各種金融取引関係の維持・強化を保有目的としている。定量的な保有効果を記載することは困難であるが、保有の合理性については、上記の方法で検証を行っている。,,87950
E04321,東洋埠頭株式会社,93510,2025-03-31,000,東亜建設工業㈱,18850,152000,197.0,取引関係の開拓・維持・強化を保有目的としている。定量的な保有効果を記載することは困難であるが、保有の合理性については、上記の方法で検証を行っている。,,18850
E04321,東洋埠頭株式会社,93510,2025-03-31,000,東京汽船㈱,91930,142400,108.0,主に物流事業における取引関係の維持・強化を保有目的としている。定量的な保有効果を記載することは困難であるが、保有の合理性については、上記の方法で検証を行っている。,,91930
E04321,東洋埠頭株式会社,93510,2025-03-31,000,阪和興業㈱,80780,13306,65.0,主に物流事業における取引関係の維持・強化を保有目的としている。定量的な保有効果を記載することは困難であるが、保有の合理性については、上記の方法で検証を行っている。また、同社の持株会を通じた定期購入により株式数が増加している。,,80780
E04321,東洋埠頭株式会社,93510,2025-03-31,000,第一生命ホールディングス㈱,87500,52000,58.0,同社グループ会社との、各種金融取引関係の維持・強化を保有目的としている。定量的な保有効果を記載することは困難であるが、保有の合理性については、上記の方法で検証を行っている。なお、株式数の増加は株式分割によるものである。,,87500
E04321,東洋埠頭株式会社,93510,2025-03-31,000,㈱ＡＤＥＫＡ,44010,20747,55.0,主に物流事業における取引関係の維持・強化を保有目的としている。定量的な保有効果を記載することは困難であるが、保有の合理性については、上記の方法で検証を行っている。また、同社の持株会を通じた定期購入により株式数が増加している。,,44010
E04321,東洋埠頭株式会社,93510,2025-03-31,000,㈱伊藤園,25930,10200,32.0,主に物流事業における取引関係の維持・強化を保有目的としている。定量的な保有効果を記載することは困難であるが、保有の合理性については、上記の方法で検証を行っている。,,25930
E04321,東洋埠頭株式会社,93510,2025-03-31,000,ケイヒン㈱,93120,5000,11.0,主に物流事業における取引関係の維持・強化を保有目的としている。定量的な保有効果を記載することは困難であるが、保有の合理性については、上記の方法で検証を行っている。,,93120
E04321,東洋埠頭株式会社,93510,2025-03-31,000,(株)伊藤園（第1種優先株式）,,3060,5.0,主に物流事業における取引関係の維持・強化を保有目的としている。定量的な保有効果を記載することは困難であるが、保有の合理性については、上記の方法で検証を行っている。,,
E00815,三菱瓦斯化学株式会社,41820,2024-03-31,000,三菱商事㈱,80580,1216200,4240.0,・同社は、主に基礎化学品事業における合弁パートナー、重要な販売先、仕入先であり、同社株式は当該事業の事業運営に資すると判断されたために保有しております。・定量的な保有効果については取引先との営業秘密との判断により記載しませんが、当社は保有株式について、取引状況や、資本コストを踏まえた収益目標に対する実際の取引等によるリターン、保有に伴うリスク、保有目的を検証して保有しております。・当事業年度においては、株式分割により、保有株式数が増加しております。,,80580
E00815,三菱瓦斯化学株式会社,41820,2024-03-31,000,㈱三菱ＵＦＪフィナンシャル・グループ,83060,2454600,3821.0,・同社株式は、主に当社の資金調達の安定に資すると判断されたために保有しております。・定量的な保有効果については取引先との営業秘密との判断により記載しませんが、当社は保有株式について、取引状況や、資本コストを踏まえた収益目標に対する実際の取引等によるリターン、保有に伴うリスク、保有目的を検証して保有しております。,,83060
E00815,三菱瓦斯化学株式会社,41820,2024-03-31,000,ＡＧＣ㈱,52010,643400,3556.0,・同社は、主に機能化学品事業における重要な仕入先であり、同社株式は当該事業の事業運営に資すると判断されたために保有しております。・定量的な保有効果については取引先との営業秘密との判断により記載しませんが、当社は保有株式について、取引状況や、資本コストを踏まえた収益目標に対する実際の取引等によるリターン、保有に伴うリスク、保有目的を検証して保有しております。,,52010
E00815,三菱瓦斯化学株式会社,41820,2024-03-31,000,日東紡績㈱,31100,500400,2987.0,・同社は、主に機能化学品事業における重要な仕入先であり、同社株式は当該事業の事業運営に資すると判断されたために保有しております。・定量的な保有効果については取引先との営業秘密との判断により記載しませんが、当社は保有株式について、取引状況や、資本コストを踏まえた収益目標に対する実際の取引等によるリターン、保有に伴うリスク、保有目的を検証して保有しております。,,31100
E00815,三菱瓦斯化学株式会社,41820,2024-03-31,000,岩谷産業㈱,80880,249800,2133.0,・同社は、主に基礎化学品事業における重要な販売先であり、同社株式は当該事業の事業運営に資すると判断されたために保有しております。・定量的な保有効果については取引先との営業秘密との判断により記載しませんが、当社は保有株式について、取引状況や、資本コストを踏まえた収益目標に対する実際の取引等によるリターン、保有に伴うリスク、保有目的を検証して保有しております。,,80880
E00815,三菱瓦斯化学株式会社,41820,2024-03-31,000,三菱倉庫㈱,93010,363500,1808.0,・同社株式は、主に物流面において当社グループの事業運営に資すると判断されたために保有しております。・定量的な保有効果については取引先との営業秘密との判断により記載しませんが、当社は保有株式について、取引状況や、資本コストを踏まえた収益目標に対する実際の取引等によるリターン、保有に伴うリスク、保有目的を検証して保有しております。,,93010
E00815,三菱瓦斯化学株式会社,41820,2024-03-31,000,関西ペイント㈱,46130,787000,1712.0,・同社は、主に基礎化学品事業における重要な販売先であり、同社株式は当該事業の事業運営に資すると判断されたために保有しております。・定量的な保有効果については取引先との営業秘密との判断により記載しませんが、当社は保有株式について、取引状況や、資本コストを踏まえた収益目標に対する実際の取引等によるリターン、保有に伴うリスク、保有目的を検証して保有しております。,,46130
E00815,三菱瓦斯化学株式会社,41820,2024-03-31,000,㈱Veritas In Silico,,731256,1450.0,"・同社株式は、同社との連携を通じて当社が今後進むべき事業領域の一つに定める""医・食""分野での事業領域の拡充を目的に保有しております。・同社株式は、2024年２月８日付にて上場したため、当事業年度より記載しております。",,
E00815,三菱瓦斯化学株式会社,41820,2024-03-31,000,㈱第四北越フィナンシャルグループ,73270,311200,1387.0,・同社株式は、主に当社の資金調達の安定に資すると判断されたために保有しております。・定量的な保有効果については取引先との営業秘密との判断により記載しませんが、当社は保有株式について、取引状況や、資本コストを踏まえた収益目標に対する実際の取引等によるリターン、保有に伴うリスク、保有目的を検証して保有しております。,,73270
E00815,三菱瓦斯化学株式会社,41820,2024-03-31,000,三菱ケミカルグループ㈱,41880,1070500,980.0,・同社は、主に機能化学品事業における合弁パートナー、重要な販売先、仕入先であり、同社株式は当該事業の事業運営に資すると判断されたために保有しております。・定量的な保有効果については取引先との営業秘密との判断により記載しませんが、当社は保有株式について、取引状況や、資本コストを踏まえた収益目標に対する実際の取引等によるリターン、保有に伴うリスク、保有目的を検証して保有しております。,,41880
E00815,三菱瓦斯化学株式会社,41820,2024-03-31,000,三菱地所㈱,88020,318000,885.0,・同社株式は、主に不動産関連において当社グループの事業運営に資すると判断されたために保有しております。・定量的な保有効果については取引先との営業秘密との判断により記載しませんが、当社は保有株式について、取引状況や、資本コストを踏まえた収益目標に対する実際の取引等によるリターン、保有に伴うリスク、保有目的を検証して保有しております。,,88020
E00815,三菱瓦斯化学株式会社,41820,2024-03-31,000,㈱めぶきフィナンシャルグループ,71670,1519830,777.0,・同社株式は、主に当社の資金調達の安定に資すると判断されたために保有しております。・定量的な保有効果については取引先との営業秘密との判断により記載しませんが、当社は保有株式について、取引状況や、資本コストを踏まえた収益目標に対する実際の取引等によるリターン、保有に伴うリスク、保有目的を検証して保有しております。,,71670
E00815,三菱瓦斯化学株式会社,41820,2024-03-31,000,日産化学㈱,40210,127700,731.0,・同社は、主に基礎化学品事業における重要な販売先であり、同社株式は当該事業の事業運営に資すると判断されたために保有しております。・定量的な保有効果については取引先との営業秘密との判断により記載しませんが、当社は保有株式について、取引状況や、資本コストを踏まえた収益目標に対する実際の取引等によるリターン、保有に伴うリスク、保有目的を検証して保有しております。,,40210
E00815,三菱瓦斯化学株式会社,41820,2024-03-31,000,㈱ニコン,77310,464000,710.0,・同社は、主に機能化学品事業における重要な販売先であり、同社株式は当該事業の事業運営に資すると判断されたために保有しております。・定量的な保有効果については取引先との営業秘密との判断により記載しませんが、当社は保有株式について、取引状況や、資本コストを踏まえた収益目標に対する実際の取引等によるリターン、保有に伴うリスク、保有目的を検証して保有しております。,,77310
E00815,三菱瓦斯化学株式会社,41820,2024-03-31,000,㈱有沢製作所,52080,505860,575.0,・同社は、主に基礎化学品事業及び機能化学品事業における合弁パートナー、重要な仕入先であり、同社株式は当該事業の事業運営に資すると判断されたために保有しております。・定量的な保有効果については取引先との営業秘密との判断により記載しませんが、当社は保有株式について、取引状況や、資本コストを踏まえた収益目標に対する実際の取引等によるリターン、保有に伴うリスク、保有目的を検証して保有しております。,,52080
E00815,三菱瓦斯化学株式会社,41820,2024-03-31,000,群栄化学工業㈱,42290,148500,571.0,・同社は、主に基礎化学品事業における重要な販売先であり、同社株式は当該事業の事業運営に資すると判断されたために保有しております。・定量的な保有効果については取引先との営業秘密との判断により記載しませんが、当社は保有株式について、取引状況や、資本コストを踏まえた収益目標に対する実際の取引等によるリターン、保有に伴うリスク、保有目的を検証して保有しております。,,42290
E00815,三菱瓦斯化学株式会社,41820,2024-03-31,000,㈱南都銀行,83670,127900,392.0,・同社株式は、主に当社の資金調達の安定に資すると判断されたために保有しております。・定量的な保有効果については取引先との営業秘密との判断により記載しませんが、当社は保有株式について、取引状況や、資本コストを踏まえた収益目標に対する実際の取引等によるリターン、保有に伴うリスク、保有目的を検証して保有しております。,,83670
E00815,三菱瓦斯化学株式会社,41820,2024-03-31,000,㈱百五銀行,83680,529000,343.0,・同社株式は、主に当社の資金調達の安定に資すると判断されたために保有しております。・定量的な保有効果については取引先との営業秘密との判断により記載しませんが、当社は保有株式について、取引状況や、資本コストを踏まえた収益目標に対する実際の取引等によるリターン、保有に伴うリスク、保有目的を検証して保有しております。,,83680
E00815,三菱瓦斯化学株式会社,41820,2024-03-31,000,王子ホールディングス㈱,38610,476000,303.0,・同社は、主に機能化学品事業における重要な販売先であり、同社株式は当該事業の事業運営に資すると判断されたために保有しております。・定量的な保有効果については取引先との営業秘密との判断により記載しませんが、当社は保有株式について、取引状況や、資本コストを踏まえた収益目標に対する実際の取引等によるリターン、保有に伴うリスク、保有目的を検証して保有しております。,,38610
E00815,三菱瓦斯化学株式会社,41820,2024-03-31,000,三井住友トラスト・ホールディングス㈱,,88804,293.0,・同社株式は、主に当社の資金調達の安定に資すると判断されたために保有しております。・定量的な保有効果については取引先との営業秘密との判断により記載しませんが、当社は保有株式について、取引状況や、資本コストを踏まえた収益目標に対する実際の取引等によるリターン、保有に伴うリスク、保有目的を検証して保有しております。・当事業年度においては、株式分割により、保有株式数が増加しております。,,
E00815,三菱瓦斯化学株式会社,41820,2024-03-31,000,北越コーポレーション㈱,38650,84000,161.0,・同社は、主に機能化学品事業における重要な販売先であり、同社株式は当該事業の事業運営に資すると判断されたために保有しております。・定量的な保有効果については取引先との営業秘密との判断により記載しませんが、当社は保有株式について、取引状況や、資本コストを踏まえた収益目標に対する実際の取引等によるリターン、保有に伴うリスク、保有目的を検証して保有しております。,,38650
E00815,三菱瓦斯化学株式会社,41820,2024-03-31,000,保土谷化学工業㈱,41120,35400,129.0,・同社は、主に機能化学品事業における合弁パートナー、重要な販売先、仕入先であり、同社株式は当該事業の事業運営に資すると判断されたために保有しております。・定量的な保有効果については取引先との営業秘密との判断により記載しませんが、当社は保有株式について、取引状況や、資本コストを踏まえた収益目標に対する実際の取引等によるリターン、保有に伴うリスク、保有目的を検証して保有しております。,,41120
E00815,三菱瓦斯化学株式会社,41820,2024-03-31,000,三菱化工機㈱,63310,29200,120.0,・同社株式は、主に設備関連において当社グループの事業運営に資すると判断されたために保有しております。・定量的な保有効果については取引先との営業秘密との判断により記載しませんが、当社は保有株式について、取引状況や、資本コストを踏まえた収益目標に対する実際の取引等によるリターン、保有に伴うリスク、保有目的を検証して保有しております。,,63310
E00815,三菱瓦斯化学株式会社,41820,2024-03-31,000,大日本塗料㈱,46110,68400,82.0,・同社は、主に基礎化学品事業における重要な販売先であり、同社株式は当該事業の事業運営に資すると判断されたために保有しております。・定量的な保有効果については取引先との営業秘密との判断により記載しませんが、当社は保有株式について、取引状況や、資本コストを踏まえた収益目標に対する実際の取引等によるリターン、保有に伴うリスク、保有目的を検証して保有しております。,,46110
E00815,三菱瓦斯化学株式会社,41820,2024-03-31,000,三菱製紙㈱,38640,105000,64.0,・同社は、主に機能化学品事業における重要な販売先であり、同社株式は当該事業の事業運営に資すると判断されたために保有しております。・定量的な保有効果については取引先との営業秘密との判断により記載しませんが、当社は保有株式について、取引状況や、資本コストを踏まえた収益目標に対する実際の取引等によるリターン、保有に伴うリスク、保有目的を検証して保有しております。,,38640
E00815,三菱瓦斯化学株式会社,41820,2024-03-31,000,大王製紙㈱,38800,48000,55.0,・同社は、主に機能化学品事業における重要な販売先であり、同社株式は当該事業の事業運営に資すると判断されたために保有しております。・定量的な保有効果については取引先との営業秘密との判断により記載しませんが、当社は保有株式について、取引状況や、資本コストを踏まえた収益目標に対する実際の取引等によるリターン、保有に伴うリスク、保有目的を検証して保有しております。,,38800
E00815,三菱瓦斯化学株式会社,41820,2024-03-31,000,㈱なとり,29220,24000,51.0,・同社は、主に機能化学品事業における重要な販売先であり、同社株式は当該事業の事業運営に資すると判断されたために保有しております。・定量的な保有効果については取引先との営業秘密との判断により記載しませんが、当社は保有株式について、取引状況や、資本コストを踏まえた収益目標に対する実際の取引等によるリターン、保有に伴うリスク、保有目的を検証して保有しております。,,29220
E00815,三菱瓦斯化学株式会社,41820,2024-03-31,000,東洋紡㈱,31010,36400,41.0,・同社は、主に基礎化学品事業における重要な販売先であり、同社株式は当該事業の事業運営に資すると判断されたために保有しております。・定量的な保有効果については取引先との営業秘密との判断により記載しませんが、当社は保有株式について、取引状況や、資本コストを踏まえた収益目標に対する実際の取引等によるリターン、保有に伴うリスク、保有目的を検証して保有しております。,,31010
E00815,三菱瓦斯化学株式会社,41820,2024-03-31,000,大伸化学㈱,46290,20000,31.0,・同社は、主に基礎化学品事業における重要な販売先であり、同社株式は当該事業の事業運営に資すると判断されたために保有しております。・定量的な保有効果については取引先との営業秘密との判断により記載しませんが、当社は保有株式について、取引状況や、資本コストを踏まえた収益目標に対する実際の取引等によるリターン、保有に伴うリスク、保有目的を検証して保有しております。,,46290
E00815,三菱瓦斯化学株式会社,41820,2024-03-31,000,三菱自動車工業㈱,72110,60000,30.0,・同社は、主に機能化学品事業における重要な販売先であり、同社株式は当該事業の事業運営に資すると判断されたために保有しております。・定量的な保有効果については取引先との営業秘密との判断により記載しませんが、当社は保有株式について、取引状況や、資本コストを踏まえた収益目標に対する実際の取引等によるリターン、保有に伴うリスク、保有目的を検証して保有しております。,,72110
E00815,三菱瓦斯化学株式会社,41820,2024-03-31,000,㈱トクヤマ,40430,10000,27.0,・同社は、主に基礎化学品事業における重要な販売先であり、同社株式は当該事業の事業運営に資すると判断されたために保有しております。・定量的な保有効果については取引先との営業秘密との判断により記載しませんが、当社は保有株式について、取引状況や、資本コストを踏まえた収益目標に対する実際の取引等によるリターン、保有に伴うリスク、保有目的を検証して保有しております。,,40430
E00815,三菱瓦斯化学株式会社,41820,2024-03-31,000,川口化学工業㈱,43610,14400,20.0,・同社は、主に機能化学品事業における重要な販売先であり、同社株式は当該事業の事業運営に資すると判断されたために保有しております。・定量的な保有効果については取引先との営業秘密との判断により記載しませんが、当社は保有株式について、取引状況や、資本コストを踏まえた収益目標に対する実際の取引等によるリターン、保有に伴うリスク、保有目的を検証して保有しております。,,43610
E00815,三菱瓦斯化学株式会社,41820,2024-03-31,000,はごろもフーズ㈱,28310,1119,3.0,・同社は、主に機能化学品事業における重要な販売先であり、同社株式は当該事業の事業運営に資すると判断されたために保有しております。本目的の更なる強化のため、持株会への定期拠出により株式を取得しております。・定量的な保有効果については取引先との営業秘密との判断により記載しませんが、当社は保有株式について、取引状況や、資本コストを踏まえた収益目標に対する実際の取引等によるリターン、保有に伴うリスク、保有目的を検証して保有しております。,,28310
E00815,三菱瓦斯化学株式会社,41820,2024-03-31,000,Origin Materials Inc,,45000,3.0,・同社は、主に基礎化学品事業における新規事業に関する関係先であり、同社株式は当該事業の事業運営に資すると判断されたために株式を保有しております。・定量的な保有効果については取引先との営業秘密との判断により記載しませんが、当社は保有株式について、取引状況や、資本コストを踏まえた収益目標に対する実際の取引等によるリターン、保有に伴うリスク、保有目的を検証して保有しております。,,
E00815,三菱瓦斯化学株式会社,41820,2024-03-31,000,㈱デルソーレ,28760,1000,0.0,・同社は、主に機能化学品事業における重要な販売先であり、同社株式は当該事業の事業運営に資すると判断されたために保有しております。・定量的な保有効果については取引先との営業秘密との判断により記載しませんが、当社は保有株式について、取引状況や、資本コストを踏まえた収益目標に対する実際の取引等によるリターン、保有に伴うリスク、保有目的を検証して保有しております。,,28760
E03580,株式会社南都銀行,83670,2024-03-31,000,大和ハウス工業株式会社,19250,2000000,9056.0,同社グループとの「遊休不動産活用等の不動産におけるビジネス支援の提携」など協力関係の維持・強化を図るため。,,19250
E03580,株式会社南都銀行,83670,2024-03-31,000,住友金属鉱山株式会社,57130,1268335,5817.0,同社との銀行取引関係の維持・強化を図ることを通じて、当行の中長期的な企業価値向上に資するため。,,57130
E03580,株式会社南都銀行,83670,2024-03-31,000,住友不動産株式会社,88300,900000,5217.0,同社グループとの「遊休不動産活用等の不動産におけるビジネス支援の提携」など協力関係の維持・強化を図るため。,,88300
E03580,株式会社南都銀行,83670,2024-03-31,000,三菱瓦斯化学株式会社,41820,1955272,5064.0,同社との銀行取引関係の維持・強化を図ることを通じて、当行の中長期的な企業価値向上に資するため。,,41820
E03580,株式会社南都銀行,83670,2024-03-31,000,関西電力株式会社,95030,2018329,4429.0,当行の主要営業地域である大阪府に本社を置くほか、奈良県において複数の水力発電施設を有する電気事業者であり、地域の雇用創出などにより地域経済に大きく貢献している同社との取引維持・拡大を通じ、地域経済の活力創造・持続的発展、当行の中長期的な企業価値向上に資するため。,,95030
E03580,株式会社南都銀行,83670,2024-03-31,000,ダイキン工業株式会社,63670,200000,4120.0,当行の主要営業地域である大阪府に本社を置く空調機・化学製品メーカーであり、地域の雇用創出などにより地域経済に大きく貢献している同社との取引維持・拡大を通じ、地域経済の活力創造・持続的発展、当行の中長期的な企業価値向上に資するため。,,63670
E03580,株式会社南都銀行,83670,2024-03-31,000,イオン株式会社,49120,950272,3416.0,当行の主要営業地域である奈良県などに複数の店舗を有する流通業者であり、地域の雇用創出などにより地域経済に大きく貢献している同社との取引維持・拡大を通じ、地域経済の活力創造・持続的発展、当行の中長期的な企業価値向上に資するため。,,49120
E03580,株式会社南都銀行,83670,2024-03-31,000,住友電気工業株式会社,58020,1331000,3124.0,当行の主要営業地域である大阪府に本社を置く非鉄金属メーカーであり、地域の雇用創出などにより地域経済に大きく貢献している同社との取引維持・拡大を通じ、地域経済の活力創造・持続的発展、当行の中長期的な企業価値向上に資するため。,,58020
E03580,株式会社南都銀行,83670,2024-03-31,000,アサヒグループホールディングス株式会社,25020,500100,2791.0,同社との銀行取引関係の維持・強化を図ることを通じて、当行の中長期的な企業価値向上に資するため。,,25020
E03580,株式会社南都銀行,83670,2024-03-31,000,近鉄グループホールディングス株式会社,90410,596237,2654.0,当行の営業地域に主要沿線を持つ鉄道事業者グループであり、地域の雇用創出などにより地域経済に大きく貢献している同社との取引維持・拡大を通じ、地域経済の活力創造・持続的発展、当行の中長期的な企業価値向上に資するため。,,90410
E03580,株式会社南都銀行,83670,2024-03-31,000,三菱地所株式会社,88020,927862,2583.0,同社グループとの「遊休不動産活用等の不動産におけるビジネス支援の提携」など協力関係の維持・強化を図るため。,,88020
E03580,株式会社南都銀行,83670,2024-03-31,000,三井不動産株式会社,88010,500740,2474.0,同社グループとの「遊休不動産活用等の不動産におけるビジネス支援の提携」など協力関係の維持・強化を図るため。,,88010
E03580,株式会社南都銀行,83670,2024-03-31,000,日本電気硝子株式会社,52140,527556,2042.0,滋賀県に本社を置き、当行の営業地域である関西に複数の営業所を有するガラスメーカーであり、地域の雇用創出などにより地域経済に大きく貢献している同社との取引維持・拡大を通じ、地域経済の活力創造・持続的発展、当行の中長期的な企業価値向上に資するため。,,52140
E03580,株式会社南都銀行,83670,2024-03-31,000,東海旅客鉄道株式会社(注)４,,500000,1863.0,同社の奈良キャンペーン「いざいざ奈良」において当行主要営業エリア奈良県への誘因を実施している鉄道事業者であり、同社との銀行取引関係の維持・強化を図ることを通じて、地域経済の活力創造・持続的発展、当行の中長期的な企業価値向上に資するため。なお、株式数は株式分割により増加しています。,,
E03580,株式会社南都銀行,83670,2024-03-31,000,レンゴー株式会社,39410,1591881,1862.0,当行の主要営業地域である大阪府に本社を置く包装資材メーカーであり、地域の雇用創出などにより地域経済に大きく貢献している同社との取引維持・拡大を通じ、地域経済の活力創造・持続的発展、当行の中長期的な企業価値向上に資するため。,,39410
E03580,株式会社南都銀行,83670,2024-03-31,000,株式会社奥村組,18330,348103,1771.0,当行の主要営業地域である大阪府に本社を置く建設会社であり、地域の雇用創出などにより地域経済に大きく貢献している同社との取引維持・拡大を通じ、地域経済の活力創造・持続的発展、当行の中長期的な企業価値向上に資するため。,,18330
E03580,株式会社南都銀行,83670,2024-03-31,000,ロート製薬株式会社,45270,562000,1667.0,同社創業者生誕の地である奈良県において農村地域の活性化や地域との連携を深めている製薬会社であり、地域の雇用創出などにより地域経済に大きく貢献している同社との取引維持・拡大を通じ、地域経済の活力創造・持続的発展、当行の中長期的な企業価値向上に資するため。,,45270
E03580,株式会社南都銀行,83670,2024-03-31,000,株式会社滋賀銀行,83660,387400,1625.0,営業基盤が異なる同業種として、情報交換等を通じて、金融関連業務における経営戦略上の協力関係の維持・強化を図るため。,,83660
E03580,株式会社南都銀行,83670,2024-03-31,000,住友化学株式会社,40050,4402519,1490.0,同社との銀行取引関係の維持・強化を図ることを通じて、当行の中長期的な企業価値向上に資するため。,,40050
E03580,株式会社南都銀行,83670,2024-03-31,000,株式会社クラレ,34050,845733,1388.0,当行の主要営業地域である大阪府に同社グループの本社を置く素材メーカーであり、地域の雇用創出などにより地域経済に大きく貢献している同社グループとの取引維持・拡大を通じ、地域経済の活力創造・持続的発展、当行の中長期的な企業価値向上に資するため。,,34050
E03580,株式会社南都銀行,83670,2024-03-31,000,株式会社ジーエス・ユアサコーポレーション,,360947,1135.0,当行の主要営業地域である京都府に本社を置く電池・電源装置メーカーであり、地域の雇用創出などにより地域経済に大きく貢献している同社との取引維持・拡大を通じ、地域経済の活力創造・持続的発展、当行の中長期的な企業価値向上に資するため。,,
E03580,株式会社南都銀行,83670,2024-03-31,000,南海電気鉄道株式会社,90440,343708,1096.0,当行の営業地域に沿線を持つ鉄道事業者グループであり、地域の雇用創出などにより地域経済に大きく貢献している同社との取引維持・拡大を通じ、地域経済の活力創造・持続的発展、当行の中長期的な企業価値向上に資するため。,,90440
E03580,株式会社南都銀行,83670,2024-03-31,000,株式会社淺沼組,18520,247198,982.0,当行の主要営業地域である奈良県を発祥とする総合建設業者であり、地域の雇用創出などにより地域経済に大きく貢献している同社との取引維持・拡大を通じ、地域経済の活力創造・持続的発展、当行の中長期的な企業価値向上に資するため。,,18520
E03580,株式会社南都銀行,83670,2024-03-31,000,株式会社王将フードサービス,99360,120000,939.0,当行の主要営業地域である京都府に本社を置く中華料理チェーンであり、地域の雇用創出などにより地域経済に大きく貢献している同社との取引維持・拡大を通じ、地域経済の活力創造・持続的発展、当行の中長期的な企業価値向上に資するため。,,99360
E03580,株式会社南都銀行,83670,2024-03-31,000,東急株式会社,18980,500000,922.0,同社との銀行取引関係の維持・強化を図ることを通じて、当行の中長期的な企業価値向上に資するため。,,18980
E03580,株式会社南都銀行,83670,2024-03-31,000,株式会社いよぎんホールディングス,58300,716500,840.0,営業基盤が異なる同業種として、情報交換等を通じて、金融関連業務における経営戦略上の協力関係の維持・強化を図るため。,,58300
E03580,株式会社南都銀行,83670,2024-03-31,000,株式会社フジオフードグループ本社,27520,503200,707.0,同社グループの㈱フジオフードシステムは、当行の主要営業地域である大阪府に本社を置く外食チェーンであり、地域の雇用創出などにより地域経済に大きく貢献している同社との取引維持・拡大を通じ、地域経済の活力創造・持続的発展、当行の中長期的な企業価値向上に資するため。,,27520
E03580,株式会社南都銀行,83670,2024-03-31,000,オーナンバ株式会社,58160,480000,649.0,当行の主要営業地域である大阪府に本社を置くワイヤーハーネスメーカーであり、地域の雇用創出などにより地域経済に大きく貢献している同社との取引維持・拡大を通じ、地域経済の活力創造・持続的発展、当行の中長期的な企業価値向上に資するため。,,58160
E03580,株式会社南都銀行,83670,2024-03-31,000,株式会社ヒラノテクシード,62450,303000,630.0,当行の主要営業地域である奈良県に本社を置く塗工機メーカーであり、地域の雇用創出などにより地域経済に大きく貢献している同社との取引維持・拡大を通じ、地域経済の活力創造・持続的発展、当行の中長期的な企業価値向上に資するため。,,62450
E03580,株式会社南都銀行,83670,2024-03-31,000,株式会社近鉄百貨店,82440,253500,600.0,同社との「地域商社事業に関する提携」を通じて取り組んだ地域産品ショップ「大和路ショップ」による地域産品の販路拡大、地域の雇用創出などにより地域経済に大きく貢献している同社との取引維持・拡大を通じ、地域経済の活力創造・持続的発展、当行の中長期的な企業価値向上に資するため。,,82440
E03580,株式会社南都銀行,83670,2024-03-31,000,ＤＯＷＡホールディングス株式会社,57140,101850,542.0,同社との銀行取引関係の維持・強化を図ることを通じて、当行の中長期的な企業価値向上に資するため。,,57140
E03580,株式会社南都銀行,83670,2024-03-31,000,大和冷機工業株式会社,64590,300000,489.0,当行の主要営業地域である大阪府に本社を置く冷熱機器メーカーであり、地域の雇用創出などにより地域経済に大きく貢献している同社との取引維持・拡大を通じ、地域経済の活力創造・持続的発展、当行の中長期的な企業価値向上に資するため。,,64590
E03580,株式会社南都銀行,83670,2024-03-31,000,エア・ウォーター株式会社,40880,200000,479.0,当行の主要営業地域である大阪府に本社を置く化学工業メーカーであり、地域の雇用創出などにより地域経済に大きく貢献している同社との取引維持・拡大を通じ、地域経済の活力創造・持続的発展、当行の中長期的な企業価値向上に資するため。,,40880
E03580,株式会社南都銀行,83670,2024-03-31,000,出光興産株式会社(注)５,,456000,475.0,同社との銀行取引関係の維持・強化を図ることを通じて、当行の中長期的な企業価値向上に資するため。なお、株式数は株式分割により増加しています。,,
E03580,株式会社南都銀行,83670,2024-03-31,000,京阪ホールディングス株式会社,90450,137442,466.0,当行の営業地域に沿線を持つ鉄道事業者グループであり、地域の雇用創出などにより地域経済に大きく貢献している同社との取引維持・拡大を通じ、地域経済の活力創造・持続的発展、当行の中長期的な企業価値向上に資するため。,,90450
E03580,株式会社南都銀行,83670,2024-03-31,000,株式会社オークワ,82170,410000,406.0,当行の主要営業地域である和歌山県に本社を置くスーパーマーケットであり、地域の雇用創出などにより地域経済に大きく貢献している同社との取引維持・拡大を通じ、地域経済の活力創造・持続的発展、当行の中長期的な企業価値向上に資するため。,,82170
E03580,株式会社南都銀行,83670,2024-03-31,000,株式会社タカトリ,63380,95000,401.0,当行の主要営業地域である奈良県に本社を置く産業機器メーカーであり、地域の雇用創出などにより地域経済に大きく貢献している同社との取引維持・拡大を通じ、地域経済の活力創造・持続的発展、当行の中長期的な企業価値向上に資するため。,,63380
E03580,株式会社南都銀行,83670,2024-03-31,000,西日本旅客鉄道株式会社,90210,60000,376.0,同社との「地方創生に関する連携協定」による観光振興および地域産品の販路拡大、地域の雇用創出などにより地域経済に大きく貢献している同社との取引維持・拡大を通じ、地域経済の活力創造・持続的発展、当行の中長期的な企業価値向上に資するため。,,90210
E03580,株式会社南都銀行,83670,2024-03-31,000,株式会社明電舎,65080,118000,346.0,同社との銀行取引関係の維持・強化を図ることを通じて、当行の中長期的な企業価値向上に資するため。,,65080
E03580,株式会社南都銀行,83670,2024-03-31,000,株式会社岡三証券グループ,86090,392000,320.0,同社グループとの銀行取引関係の維持・強化を図ることを通じて、当行の中長期的な企業価値向上に資するため。,,86090
E03580,株式会社南都銀行,83670,2024-03-31,000,三井倉庫ホールディングス株式会社,93020,59400,279.0,同社との銀行取引関係の維持・強化を図ることを通じて、当行の中長期的な企業価値向上に資するため。,,93020
E03580,株式会社南都銀行,83670,2024-03-31,000,株式会社タカキタ,63250,554000,273.0,当行の主要営業地域である三重県に本社を置く農業機械メーカーであり、地域の雇用創出などにより地域経済に大きく貢献している同社との取引維持・拡大を通じ、地域経済の活力創造・持続的発展、当行の中長期的な企業価値向上に資するため。,,63250
E03580,株式会社南都銀行,83670,2024-03-31,000,長瀬産業株式会社,80120,100000,255.0,同社との銀行取引関係の維持・強化を図ることを通じて、当行の中長期的な企業価値向上に資するため。,,80120
E03580,株式会社南都銀行,83670,2024-03-31,000,株式会社中央倉庫,93190,207000,237.0,当行の主要営業地域である京都府に本社を置く総合物流業者であり、地域の雇用創出などにより地域経済に大きく貢献している同社との取引維持・拡大を通じ、地域経済の活力創造・持続的発展、当行の中長期的な企業価値向上に資するため。,,93190
E03580,株式会社南都銀行,83670,2024-03-31,000,ＪＦＥホールディングス株式会社,54110,89900,228.0,同社との銀行取引関係の維持・強化を図ることを通じて、当行の中長期的な企業価値向上に資するため。,,54110
E03580,株式会社南都銀行,83670,2024-03-31,000,株式会社テクノスマート,62460,100000,204.0,当行の主要営業地域である大阪府に本社を置く製造装置メーカーであり、地域の雇用創出などにより地域経済に大きく貢献している同社との取引維持・拡大を通じ、地域経済の活力創造・持続的発展、当行の中長期的な企業価値向上に資するため。,,62460
E03580,株式会社南都銀行,83670,2024-03-31,000,保土谷化学工業株式会社,41120,54467,198.0,同社との銀行取引関係の維持・強化を図ることを通じて、当行の中長期的な企業価値向上に資するため。,,41120
E03580,株式会社南都銀行,83670,2024-03-31,000,日本パレットプール株式会社,46900,60000,158.0,当行の主要営業地域である大阪府に本社を置く輸送用パレット・機器レンタル業者であり、地域の雇用創出などにより地域経済に大きく貢献している同社との取引維持・拡大を通じ、地域経済の活力創造・持続的発展、当行の中長期的な企業価値向上に資するため。,,46900
E03580,株式会社南都銀行,83670,2024-03-31,000,日本毛織株式会社,32010,100000,147.0,当行の主要営業地域である大阪府に本社を置く衣料や産業機材における素材を提供する事業者であり、地域の雇用創出などにより地域経済に大きく貢献している同社との取引維持・拡大を通じ、地域経済の活力創造・持続的発展、当行の中長期的な企業価値向上に資するため。,,32010
E03580,株式会社南都銀行,83670,2024-03-31,000,株式会社ケー・エフ・シー,34200,91000,136.0,当行の主要営業地域である大阪府に本店を置く建設用資材の開発、販売、施工を行う事業者であり、地域の雇用創出などにより地域経済に大きく貢献している同社との取引維持・拡大を通じ、地域経済の活力創造・持続的発展、当行の中長期的な企業価値向上に資するため。,,34200
E03580,株式会社南都銀行,83670,2024-03-31,000,富士紡ホールディングス株式会社,31040,30000,133.0,同社との銀行取引関係の維持・強化を図ることを通じて、当行の中長期的な企業価値向上に資するため。,,31040
E03580,株式会社南都銀行,83670,2024-03-31,000,株式会社清水銀行,83640,66800,107.0,営業基盤が異なる同業種として、情報交換等を通じて、金融関連業務における経営戦略上の協力関係の維持・強化を図るため。,,83640
E03580,株式会社南都銀行,83670,2024-03-31,000,株式会社イムラ,39550,93750,100.0,当行の主要営業地域である大阪府に本社を置く封筒を中心とするパッケージソリューションの提供業者であり、地域の雇用創出などにより地域経済に大きく貢献している同社との取引維持・拡大を通じ、地域経済の活力創造・持続的発展、当行の中長期的な企業価値向上に資するため。,,39550
E03580,株式会社南都銀行,83670,2024-03-31,000,株式会社東邦銀行,83460,260000,93.0,営業基盤が異なる同業種として、情報交換等を通じて、金融関連業務における経営戦略上の協力関係の維持・強化を図るため。,,83460
E03580,株式会社南都銀行,83670,2024-03-31,000,電源開発株式会社,95130,37000,92.0,同社との銀行取引関係の維持・強化を図ることを通じて、当行の中長期的な企業価値向上に資するため。,,95130
E03580,株式会社南都銀行,83670,2024-03-31,000,三菱製紙株式会社,38640,145009,88.0,同社との銀行取引関係の維持・強化を図ることを通じて、当行の中長期的な企業価値向上に資するため。,,38640
E03580,株式会社南都銀行,83670,2024-03-31,000,アイコム株式会社,68200,26100,88.0,当行の主要営業地域である大阪府に本社を置く無線通信機器等の製造、販売を行う業者であり、地域の雇用創出などにより地域経済に大きく貢献している同社との取引維持・拡大を通じ、地域経済の活力創造・持続的発展、当行の中長期的な企業価値向上に資するため。,,68200
E03580,株式会社南都銀行,83670,2024-03-31,000,株式会社安永,72710,120000,86.0,当行の主要営業地域である三重県に本社を置くエンジン部品等の製造、販売業者であり、地域の雇用創出などにより地域経済に大きく貢献している同社との取引維持・拡大を通じ、地域経済の活力創造・持続的発展、当行の中長期的な企業価値向上に資するため。,,72710
E03580,株式会社南都銀行,83670,2024-03-31,000,住江織物株式会社,,32231,85.0,当行の主要営業地域である大阪府に本社を置くインテリア商品や自動車内装材等の販売業者であり、地域の雇用創出などにより地域経済に大きく貢献している同社との取引維持・拡大を通じ、地域経済の活力創造・持続的発展、当行の中長期的な企業価値向上に資するため。,,
E03580,株式会社南都銀行,83670,2024-03-31,000,株式会社カワタ,62920,71000,74.0,当行の主要営業地域である大阪府に本社を置く各種加工機器等の企画・製造・販売を行う業者であり、地域の雇用創出などにより地域経済に大きく貢献している同社との取引維持・拡大を通じ、地域経済の活力創造・持続的発展、当行の中長期的な企業価値向上に資するため。,,62920
E00137,株式会社ユアテック,19340,2025-03-31,000,㈱七十七銀行,83410,104400,496.0,設備工事を請け負っている主要取引先かつ金融機関の一つであり、中長期的な工事受注獲得による収益向上と金融取引の維持・強化をはかるため継続して保有している。,,83410
E00137,株式会社ユアテック,19340,2025-03-31,000,㈱かわでん,66480,60000,239.0,設備工事を請け負っている主要取引先の一つであり、中長期的な工事受注獲得による収益向上をはかるため継続して保有している。,,66480
E00137,株式会社ユアテック,19340,2025-03-31,000,インフロニア・ホールディングス㈱,50760,119685,144.0,幅広い顧客基盤を持つ取引先として設備工事を請け負っており、関係強化により中長期的な工事受注獲得による収益向上をはかるため継続して保有している。,,50760
E00137,株式会社ユアテック,19340,2025-03-31,000,第一生命ホールディングス㈱,87500,89200,101.0,設備工事を請け負っている主要取引先の一つであり、中長期的な工事受注獲得による収益向上をはかるため継続して保有している。株式数が増加した理由は株式分割によるものである。,,87500
E00137,株式会社ユアテック,19340,2025-03-31,000,住友商事㈱,80530,28648,96.0,保有先企業及び関連会社等に幅広い顧客基盤を持つ取引先として設備工事を請け負っており、中長期的な工事受注獲得による収益向上と当社事業拡大に資する有益な情報交換を行っており、取引関係の維持・強化をはかるため継続して保有している。,,80530
E00137,株式会社ユアテック,19340,2025-03-31,000,㈱三菱UFJフィナンシャル・グループ,,34410,69.0,設備工事を請け負っている主要取引先かつ金融機関の一つであり、中長期的な工事受注獲得による収益向上と金融取引の維持・強化をはかるため継続して保有している。,,
E00137,株式会社ユアテック,19340,2025-03-31,000,㈱みずほフィナンシャルグループ,84110,10896,44.0,設備工事を請け負っている主要取引先かつ金融機関の一つであり、中長期的な工事受注獲得による収益向上と金融取引の維持・強化をはかるため継続して保有している。,,84110
E00137,株式会社ユアテック,19340,2025-03-31,000,大成建設㈱,18010,6086.050,40.0,幅広い顧客基盤を持つ取引先として設備工事を請け負っており、関係強化により中長期的な工事受注獲得による収益向上をはかるため継続して保有している。株式数が増加した理由は、取引先持株会配当再投資による増加である。,,18010
E00137,株式会社ユアテック,19340,2025-03-31,000,清水建設㈱,18030,29365.393,38.0,幅広い顧客基盤を持つ取引先として設備工事を請け負っており、関係強化により中長期的な工事受注獲得による収益向上をはかるため継続して保有している。株式数が増加した理由は、取引先持株会配当再投資による増加である。,,18030
E00137,株式会社ユアテック,19340,2025-03-31,000,ENEOSホールディングス㈱,,49220,38.0,設備工事を請け負っている主要取引先の一つであり、中長期的な工事受注獲得による収益向上をはかるため継続して保有している。,,
E00137,株式会社ユアテック,19340,2025-03-31,000,㈱バイタルケーエスケー・ホールディングス,31510,30000,37.0,設備工事を請け負っている主要取引先の一つであり、中長期的な工事受注獲得による収益向上をはかるため継続して保有している。,,31510
E00137,株式会社ユアテック,19340,2025-03-31,000,戸田建設㈱,18600,33101.860,29.0,幅広い顧客基盤を持つ取引先として設備工事を請け負っており、関係強化により中長期的な工事受注獲得による収益向上をはかるため継続して保有している。株式数が増加した理由は、取引先持株会配当再投資による増加である。,,18600
E00137,株式会社ユアテック,19340,2025-03-31,000,富士電機㈱(注)４,,4464,28.0,設備工事を請け負っている主要取引先の一つであり、中長期的な工事受注獲得による収益向上をはかるため継続して保有している。,,
E00137,株式会社ユアテック,19340,2025-03-31,000,㈱アークス,99480,8790,25.0,店舗等の建設・保守・メンテナンス等の設備工事を請け負っている主要な取引先の一つであり、中長期的な工事受注獲得による収益向上をはかるため継続して保有している。,,99480
E00137,株式会社ユアテック,19340,2025-03-31,000,㈱第四北越フィナンシャルグループ,73270,5874,18.0,設備工事を請け負っている主要取引先かつ金融機関の一つであり、中長期的な工事受注獲得による収益向上と金融取引の維持・強化をはかるため継続して保有している。株式数が増加した理由は株式分割によるものである。,,73270
E00137,株式会社ユアテック,19340,2025-03-31,000,日本電気㈱,52140,5000,15.0,設備工事を請け負っている主要取引先の一つであり、中長期的な工事受注獲得による収益向上をはかるため継続して保有している。株式数が増加した理由は株式分割によるものである。,,52140
E00137,株式会社ユアテック,19340,2025-03-31,000,福山通運㈱,90750,4047.393,14.0,店舗等の建設・保守・メンテナンス等の設備工事を請け負っている主要な取引先の一つであり、中長期的な工事受注獲得による収益向上をはかるため継続して保有している。株式数が増加した理由は、取引先持株会の拠出による増加である。,,90750
E00137,株式会社ユアテック,19340,2025-03-31,000,㈱福田組,18990,2244,11.0,幅広い顧客基盤を持つ取引先として設備工事を請け負っており、関係強化により中長期的な工事受注獲得による収益向上をはかるため継続して保有している。,,18990
E00137,株式会社ユアテック,19340,2025-03-31,000,TOPPANホールディングス㈱,,2413.463,9.0,設備工事を請け負っている主要取引先の一つであり、中長期的な工事受注獲得による収益向上をはかるため継続して保有している。株式数が増加した理由は、取引先持株会配当再投資による増加である。,,
E00137,株式会社ユアテック,19340,2025-03-31,000,㈱サンデー,74500,8655.610,9.0,店舗等の建設・保守・メンテナンス等の設備工事を請け負っている主要な取引先の一つであり、中長期的な工事受注獲得による収益向上をはかるため継続して保有している。株式数が増加した理由は、取引先持株会配当再投資による増加である。,,74500
E00137,株式会社ユアテック,19340,2025-03-31,000,㈱T＆Dホールディングス,,3000,9.0,設備工事を請け負っている主要取引先の一つであり、中長期的な工事受注獲得による収益向上をはかるため継続して保有している。,,
E00137,株式会社ユアテック,19340,2025-03-31,000,三井住友トラストグループ㈱(注)５,,2342,8.0,設備工事を請け負っている主要取引先かつ金融機関の一つであり、中長期的な工事受注獲得による収益向上と金融取引の維持・強化をはかるため継続して保有している。,,
E00137,株式会社ユアテック,19340,2025-03-31,000,フィデアホールディングス㈱,87130,5524,8.0,設備工事を請け負っている主要取引先かつ金融機関の一つであり、中長期的な工事受注獲得による収益向上と金融取引の維持・強化をはかるため継続して保有している。,,87130
E00137,株式会社ユアテック,19340,2025-03-31,000,㈱東邦銀行,83460,20000,7.0,設備工事を請け負っている主要取引先かつ金融機関の一つであり、中長期的な工事受注獲得による収益向上と金融取引の維持・強化をはかるため継続して保有している。,,83460
E00137,株式会社ユアテック,19340,2025-03-31,000,㈱三越伊勢丹ホールディングス,30990,2720,5.0,店舗等の建設・保守・メンテナンス等の設備工事を請け負っている主要な取引先の一つであり、中長期的な工事受注獲得による収益向上をはかるため継続して保有している。,,30990
E00137,株式会社ユアテック,19340,2025-03-31,000,イオンモール㈱,89050,1551.035,3.0,店舗等の建設・保守・メンテナンス等の設備工事を請け負っている主要な取引先の一つであり、中長期的な工事受注獲得による収益向上をはかるため継続して保有している。株式数が増加した理由は、取引先持株会配当再投資による増加である。,,89050
E00137,株式会社ユアテック,19340,2025-03-31,000,リケンNPR㈱,,1156,2.0,設備工事を請け負っている主要取引先の一つであり、中長期的な工事受注獲得による収益向上をはかるため継続して保有している。,,
E00137,株式会社ユアテック,19340,2025-03-31,000,㈱リンコーコーポレーション,93550,1600,2.0,設備工事を請け負っている主要取引先の一つであり、中長期的な工事受注獲得による収益向上をはかるため継続して保有している。,,93550
E00137,株式会社ユアテック,19340,2025-03-31,000,㈱じもとホールディングス,71610,6838,2.0,設備工事を請け負っている主要取引先かつ金融機関の一つであり、中長期的な工事受注獲得による収益向上と金融取引の維持・強化をはかるため継続して保有している。,,71610
E00137,株式会社ユアテック,19340,2025-03-31,000,住友化学㈱,40050,5150,1.0,設備工事を請け負っている主要取引先の一つであり、中長期的な工事受注獲得による収益向上をはかるため継続して保有している。,,40050
E00137,株式会社ユアテック,19340,2025-03-31,000,㈱プロクレアホールディングス,73840,1000,1.0,設備工事を請け負っている主要取引先かつ金融機関の一つであり、中長期的な工事受注獲得による収益向上と金融取引の維持・強化をはかるため継続して保有している。,,73840
E00137,株式会社ユアテック,19340,2025-03-31,000,㈱植木組,18670,924,1.0,幅広い顧客基盤を持つ取引先として設備工事を請け負っており、関係強化により中長期的な工事受注獲得による収益向上をはかるため継続して保有している。,,18670
E00137,株式会社ユアテック,19340,2025-03-31,000,㈱淺沼組,18520,1690,1.0,幅広い顧客基盤を持つ取引先として設備工事を請け負っており、関係強化により中長期的な工事受注獲得による収益向上をはかるため継続して保有している。株式数が増加した理由は株式分割によるものである。,,18520
E00137,株式会社ユアテック,19340,2025-03-31,000,日本CMK㈱,,2420,0.0,設備工事を請け負っている主要取引先の一つであり、中長期的な工事受注獲得による収益向上をはかるため継続して保有している。,,
E04159,大和自動車交通株式会社,90820,2024-03-31,000,住友商事㈱,80530,48205,176.0,取引関係維持・強化のため。なお、取引先持株会に加入しているため、株式数が増加しております。,,80530
E04159,大和自動車交通株式会社,90820,2024-03-31,000,東洋合成工業㈱,49700,16782,161.0,取引関係維持・強化のため。なお、取引先持株会に加入しているため、株式数が増加しております。,,49700
E04159,大和自動車交通株式会社,90820,2024-03-31,000,㈱三井住友フィナンシャルグループ,83160,12000,106.0,取引関係維持・強化のため。,,83160
E04159,大和自動車交通株式会社,90820,2024-03-31,000,㈱IHI,,8404,34.0,取引関係維持・強化のため。なお、取引先持株会に加入しているため、株式数が増加しております。,,
E04159,大和自動車交通株式会社,90820,2024-03-31,000,㈱ＵＡＣＪ,57410,4388,19.0,取引関係維持・強化のため。なお、取引先持株会に加入しているため、株式数が増加しております。,,57410
E04159,大和自動車交通株式会社,90820,2024-03-31,000,住友ゴム工業㈱,51100,8000,15.0,取引関係維持・強化のため。,,51100
E04159,大和自動車交通株式会社,90820,2024-03-31,000,㈱三菱ＵＦＪフィナンシャルグループ,,6000,9.0,取引関係維持・強化のため。,,
E04159,大和自動車交通株式会社,90820,2024-03-31,000,㈱日伝,99020,3468,9.0,取引関係維持・強化のため。なお、取引先持株会に加入しているため、株式数が増加しております。,,99020
E04159,大和自動車交通株式会社,90820,2024-03-31,000,ＥＮＥＯＳホールディングス㈱,50200,10700,7.0,取引関係維持・強化のため。,,50200
E04159,大和自動車交通株式会社,90820,2024-03-31,000,㈱Ｔ＆Ｄホールディングス,87950,2770,7.0,取引関係維持・強化のため。,,87950
E04159,大和自動車交通株式会社,90820,2024-03-31,000,㈱みずほフィナンシャルグループ,84110,900,2.0,取引関係維持・強化のため。,,84110
E04159,大和自動車交通株式会社,90820,2024-03-31,000,日糧製パン㈱,22180,300,0.0,取引関係維持・強化のため。,,22180
E04159,大和自動車交通株式会社,90820,2024-03-31,000,第一生命ホールディングス㈱,87500,100,0.0,取引関係維持・強化のため。,,87500
E04159,大和自動車交通株式会社,90820,2024-03-31,000,第一生命ホールディングス㈱,87500,48205,176.0,取引関係維持・強化のため。なお、取引先持株会に加入しているため、株式数が増加しております。,,87500
E04159,大和自動車交通株式会社,90820,2024-03-31,000,㈱Ｔ＆Ｄホールディングス,87950,16782,161.0,取引関係維持・強化のため。なお、取引先持株会に加入しているため、株式数が増加しております。,,87950
E04159,大和自動車交通株式会社,90820,2024-03-31,000,ＡＮＡホールディングス㈱,92020,12000,106.0,取引関係維持・強化のため。,,92020
E04159,大和自動車交通株式会社,90820,2024-03-31,000,明治ホールディングス㈱,22690,8404,34.0,取引関係維持・強化のため。なお、取引先持株会に加入しているため、株式数が増加しております。,,22690
E04159,大和自動車交通株式会社,90820,2024-03-31,000,㈱大和証券グループ本社,86010,4388,19.0,取引関係維持・強化のため。なお、取引先持株会に加入しているため、株式数が増加しております。,,86010
E04159,大和自動車交通株式会社,90820,2024-03-31,000,ＳＣＳＫ㈱,97190,8000,15.0,取引関係維持・強化のため。,,97190
E01743,シンフォニアテクノロジー株式会社,65070,2025-03-31,000,三和ホールディングス㈱,59290,460000,2193.0,定量的な保有効果の記載は困難ですが、今後の協業可能性等に関する事業部門・研究開発部門へのヒアリング結果を踏まえ、取締役会において保有の必要性を総合的に検証し、取引関係等を維持・強化するために保有継続を決議しています。,,59290
E01743,シンフォニアテクノロジー株式会社,65070,2025-03-31,000,㈱ＳＣＲＥＥＮホールディングス,77350,209600,2011.0,定量的な保有効果の記載は困難ですが、販売面における取引状況や協業状況等に関する事業部門・研究開発部門へのヒアリング結果を踏まえ、取締役会において保有の必要性を総合的に検証し、取引関係等を維持・強化するために保有継続を決議しています。,,77350
E01743,シンフォニアテクノロジー株式会社,65070,2025-03-31,000,ＳＭＣ㈱,62730,23700,1257.0,定量的な保有効果の記載は困難ですが、調達品目やその重要度合い、協業状況等に関する事業部門・研究開発部門へのヒアリング結果を踏まえ、取締役会において保有の必要性を総合的に検証し、取引関係等を維持・強化するために保有継続を決議しています。,,62730
E01743,シンフォニアテクノロジー株式会社,65070,2025-03-31,000,兼松㈱,,399600,1006.0,定量的な保有効果の記載は困難ですが、販売・調達両面における取引パートナーとしての重要性や協業状況等に関する事業部門へのヒアリング結果を踏まえ、取締役会において保有の必要性を総合的に検証し、取引関係等を維持・強化するために保有継続を決議しています。,,
E01743,シンフォニアテクノロジー株式会社,65070,2025-03-31,000,ＣＫＤ㈱,64070,455800,920.0,定量的な保有効果の記載は困難ですが、調達品目やその重要度合い、協業状況等に関する事業部門・研究開発部門へのヒアリング結果を踏まえ、取締役会において保有の必要性を総合的に検証し、取引関係等を維持・強化するために保有継続を決議しています。,,64070
E01743,シンフォニアテクノロジー株式会社,65070,2025-03-31,000,神鋼商事㈱,80750,150000,861.0,定量的な保有効果の記載は困難ですが、販売・調達両面における取引パートナーとしての重要性や協業状況等に関する事業部門へのヒアリング結果を踏まえ、取締役会において保有の必要性を総合的に検証し、取引関係等を維持・強化するために保有継続を決議しています。,,80750
E01743,シンフォニアテクノロジー株式会社,65070,2025-03-31,000,ナブテスコ㈱,62680,300000,693.0,定量的な保有効果の記載は困難ですが、販売面における取引状況や協業状況等に関する事業部門・研究開発部門へのヒアリング結果を踏まえ、取締役会において保有の必要性を総合的に検証し、取引関係等を維持・強化するために保有継続を決議しています。,,62680
E01743,シンフォニアテクノロジー株式会社,65070,2025-03-31,000,双日㈱,27680,203000,666.0,定量的な保有効果の記載は困難ですが、販売・調達両面における取引パートナーとしての重要性や協業状況等に関する事業部門へのヒアリング結果を踏まえ、取締役会において保有の必要性を総合的に検証し、取引関係等を維持・強化するために保有継続を決議しています。,,27680
E01743,シンフォニアテクノロジー株式会社,65070,2025-03-31,000,日機装㈱,63760,386000,492.0,定量的な保有効果の記載は困難ですが、販売面における取引状況や協業状況等に関する事業部門・研究開発部門へのヒアリング結果を踏まえ、取締役会において保有の必要性を総合的に検証し、取引関係等を維持・強化するために保有継続を決議しています。,,63760
E01743,シンフォニアテクノロジー株式会社,65070,2025-03-31,000,㈱日伝,99020,153524,443.0,定量的な保有効果の記載は困難ですが、販売・調達両面における取引パートナーとしての重要性や協業状況等に関する事業部門へのヒアリング結果を踏まえ、取締役会において保有の必要性を総合的に検証し、取引関係等を維持・強化するために保有継続を決議しています。なお、株式数の増加は、取引先持株会を通じた株式の取得によるものです。,,99020
E01743,シンフォニアテクノロジー株式会社,65070,2025-03-31,000,㈱安藤・間,17190,227370,310.0,定量的な保有効果の記載は困難ですが、今後の協業可能性等に関する事業部門へのヒアリング結果を踏まえ、取締役会において保有の必要性を総合的に検証し、取引関係等を維持・強化するために保有継続を決議しています。,,17190
E01743,シンフォニアテクノロジー株式会社,65070,2025-03-31,000,清水建設㈱,18030,210000,277.0,定量的な保有効果の記載は困難ですが、調達品目やその重要度合い等に関する事業部門へのヒアリング結果を踏まえ、取締役会において保有の必要性を総合的に検証し、取引関係等を維持・強化するために保有継続を決議しています。,,18030
E01743,シンフォニアテクノロジー株式会社,65070,2025-03-31,000,加賀電子㈱,81540,94000,253.0,定量的な保有効果の記載は困難ですが、販売面における取引状況や協業状況等に関する事業部門・研究開発部門へのヒアリング結果を踏まえ、取締役会において保有の必要性を総合的に検証し、取引関係等を維持・強化するために保有継続を決議しています。,,81540
E01743,シンフォニアテクノロジー株式会社,65070,2025-03-31,000,ＡＮＡホールディングス㈱,92020,91800,253.0,定量的な保有効果の記載は困難ですが、販売面における取引状況や協業状況等に関する事業部門・研究開発部門へのヒアリング結果を踏まえ、取締役会において保有の必要性を総合的に検証し、取引関係等を維持・強化するために保有継続を決議しています。,,92020
E01743,シンフォニアテクノロジー株式会社,65070,2025-03-31,000,日本トムソン㈱,64800,479000,232.0,定量的な保有効果の記載は困難ですが、調達品目やその重要度合い、協業状況等に関する事業部門・研究開発部門へのヒアリング結果を踏まえ、取締役会において保有の必要性を総合的に検証し、取引関係等を維持・強化するために保有継続を決議しています。,,64800
E01743,シンフォニアテクノロジー株式会社,65070,2025-03-31,000,日本電気硝子㈱,52140,64846,226.0,定量的な保有効果の記載は困難ですが、販売面における取引の状況等に関する事業部門へのヒアリング結果を踏まえ、取締役会において保有の必要性を総合的に検証し、取引関係等を維持・強化するために保有継続を決議しています。なお、株式数の増加は、取引先持株会を通じた株式の取得によるものです。,,52140
E01743,シンフォニアテクノロジー株式会社,65070,2025-03-31,000,㈱村田製作所,,90900,209.0,定量的な保有効果の記載は困難ですが、販売面における取引の状況等に関する事業部門へのヒアリング結果を踏まえ、取締役会において保有の必要性を総合的に検証し、取引関係等を維持・強化するために保有継続を決議しています。,,
E01743,シンフォニアテクノロジー株式会社,65070,2025-03-31,000,三菱重工業㈱,70110,41250,104.0,定量的な保有効果の記載は困難ですが、販売面における取引状況や協業状況等に関する事業部門・研究開発部門へのヒアリング結果を踏まえ、取締役会において保有の必要性を総合的に検証し、取引関係等を維持・強化するために保有継続を決議しています。,,70110
E01743,シンフォニアテクノロジー株式会社,65070,2025-03-31,000,㈱りそなホールディングス,83080,79423,102.0,定量的な保有効果の記載は困難ですが、当該会社の子会社との金融取引状況等に関する財務部門へのヒアリング結果を踏まえ、取締役会において保有の必要性を総合的に検証し、取引関係等を維持・強化するために保有継続を決議しています。,,83080
E01743,シンフォニアテクノロジー株式会社,65070,2025-03-31,000,㈱三菱ＵＦＪフィナンシャル・グループ,83060,16300,32.0,定量的な保有効果の記載は困難ですが、当該会社の子会社との金融取引状況等に関する財務部門へのヒアリング結果を踏まえ、取締役会において保有の必要性を総合的に検証し、取引関係等を維持・強化するために保有継続を決議しています。,,83060
E01743,シンフォニアテクノロジー株式会社,65070,2025-03-31,000,㈱赤阪鐵工所,60220,16800,32.0,定量的な保有効果の記載は困難ですが、機械設計・機器製作委託先としての重要度合い等に関し、事業部門へのヒアリング結果を踏まえ、取締役会において保有の必要性を総合的に検証し、取引関係等を維持・強化するために保有継続を決議しています。,,60220
E01743,シンフォニアテクノロジー株式会社,65070,2025-03-31,000,㈱みずほフィナンシャルグループ,84110,5614,22.0,定量的な保有効果の記載は困難ですが、当該会社の子会社との金融取引状況等に関する財務部門へのヒアリング結果を踏まえ、取締役会において保有の必要性を総合的に検証し、取引関係等を維持・強化するために保有継続を決議しています。,,84110
E01743,シンフォニアテクノロジー株式会社,65070,2025-03-31,000,㈱三十三フィナンシャルグループ,73220,9100,21.0,定量的な保有効果の記載は困難ですが、当該会社の子会社との金融取引状況等に関する財務部門へのヒアリング結果を踏まえ、取締役会において保有の必要性を総合的に検証し、取引関係等を維持・強化するために保有継続を決議しています。,,73220
E01743,シンフォニアテクノロジー株式会社,65070,2025-03-31,000,フルサト・マルカホールディングス㈱,71280,5550,13.0,定量的な保有効果の記載は困難ですが、当該会社の子会社との販売面における取引の状況等に関する事業部門へのヒアリング結果を踏まえ、取締役会において保有の必要性を総合的に検証し、取引関係等を維持・強化するために保有継続を決議しています。,,71280
E01743,シンフォニアテクノロジー株式会社,65070,2025-03-31,000,㈱ユニカフェ,25970,10200,9.0,定量的な保有効果の記載は困難ですが、今後の協業可能性等に関する事業部門・研究開発部門へのヒアリング結果を踏まえ、取締役会において保有の必要性を総合的に検証し、株価の動向をみて売却を実施しており、当事業年度末以降、有価証券報告書提出日までに、全株式を売却しています。,,25970
E01743,シンフォニアテクノロジー株式会社,65070,2025-03-31,000,㈱三井住友フィナンシャルグループ,83160,2094,7.0,定量的な保有効果の記載は困難ですが、当該会社の子会社との金融取引状況等に関する財務部門へのヒアリング結果を踏まえ、取締役会において保有の必要性を総合的に検証し、取引関係等を維持・強化するために保有継続を決議しています。,,83160
E01743,シンフォニアテクノロジー株式会社,65070,2025-03-31,000,協栄産業㈱,69730,3000,7.0,定量的な保有効果の記載は困難ですが、調達品目やその重要度合い等に関する事業部門へのヒアリング結果を踏まえ、取締役会において保有の必要性を総合的に検証し、取引関係等を維持・強化するために保有継続を決議しています。,,69730
E01743,シンフォニアテクノロジー株式会社,65070,2025-03-31,000,㈱高知銀行,84160,8300,6.0,定量的な保有効果の記載は困難ですが、金融取引状況等に関する財務部門へのヒアリング結果を踏まえ、取締役会において保有の必要性を総合的に検証し、取引関係等を維持・強化するために保有継続を決議しています。,,84160
E01743,シンフォニアテクノロジー株式会社,65070,2025-03-31,000,㈱エージーピー,93770,3000,3.0,定量的な保有効果の記載は困難ですが、販売面における取引の状況等に関する事業部門へのヒアリング結果を踏まえ、取締役会において保有の必要性を総合的に検証し、株価の動向をみて売却を検討しており、当事業年度末以降、有価証券報告書提出日までに、全株式を売却しています。,,93770
E01743,シンフォニアテクノロジー株式会社,65070,2025-03-31,000,三井住友トラストグループ㈱,83090,118,0.0,定量的な保有効果の記載は困難ですが、当該会社の子会社との金融取引状況等に関する財務部門へのヒアリング結果を踏まえ、取締役会において保有の必要性を総合的に検証し、取引関係等を維持・強化するために保有継続を決議しています。,,83090
E31925,株式会社ｒｏｂｏｔ　ｈｏｍｅ,14350,2024-12-31,000,ケイアイスター不動産株式会社,34650,21000,90615.0,取引先企業と安定的かつ継続的な取引関係を維持するため。,,34650
E01433,元旦ビューティ工業株式会社,,2024-03-31,000,綿半ホールディングス株式会社,31990,600000,939000.0,連結子会社が当社の主要な代理店であり、また資材の仕入先として相互協力関係を強化するため。,,31990
E00937,日本農薬株式会社,49970,2024-03-31,000,クミアイ化学工業㈱,49960,824117,684.0,原料購買等の取引を行っており、同社との中長期的な取引関係の維持・強化のため保有しています。,,49960
E00937,日本農薬株式会社,49970,2024-03-31,000,㈱みずほフィナンシャルグループ,84110,180872,550.0,主要な取引先金融機関であり、同社との中長期的な取引関係の維持・強化のため保有しています。,,84110
E00937,日本農薬株式会社,49970,2024-03-31,000,日本曹達㈱,40410,82200,498.0,原料購買等の取引を行っており、同社との中長期的な取引関係の維持・強化のため保有しています。,,40410
E00937,日本農薬株式会社,49970,2024-03-31,000,関東電化工業㈱,40470,466000,469.0,技術交流先であり、同社との中長期的な取引関係の維持・強化のため保有しています。,,40470
E00937,日本農薬株式会社,49970,2024-03-31,000,三井住友トラスト・ホールディングス㈱,,53442,176.0,主要な取引先金融機関であり、同社との中長期的な取引関係の維持・強化のため保有しています。当事業年度に株式分割が行われたことにより株式数が増加しています。,,
E00937,日本農薬株式会社,49970,2024-03-31,000,日本化薬㈱,42720,99877,130.0,原料購買等の取引を行っており、同社との中長期的な取引関係の維持・強化のため保有しています。,,42720
E00937,日本農薬株式会社,49970,2024-03-31,000,㈱三井住友フィナンシャルグループ,83160,12695,113.0,主要な取引先金融機関であり、同社との中長期的な取引関係の維持・強化のため保有しています。,,83160
E00937,日本農薬株式会社,49970,2024-03-31,000,㈱りそなホールディングス,83080,98800,93.0,主要な取引先金融機関であり、同社との中長期的な取引関係の維持・強化のため保有しています。,,83080
E00937,日本農薬株式会社,49970,2024-03-31,000,古河機械金属㈱,57150,40684,73.0,当社の取引先であり、同社との中長期的な取引関係の維持・強化のため保有しています。,,57150
E00937,日本農薬株式会社,49970,2024-03-31,000,カネコ種苗㈱,13760,45000,64.0,製品販売等の取引を行っており、同社との中長期的な取引関係の維持・強化のため保有しています。,,13760
E00937,日本農薬株式会社,49970,2024-03-31,000,㈱プロクレアホールディングス,73840,30064,55.0,主要な取引先金融機関であり、同社との中長期的な取引関係の維持・強化のため保有しています。,,73840
E00937,日本農薬株式会社,49970,2024-03-31,000,㈱佐賀銀行,83950,16218,34.0,主要な取引先金融機関であり、同社との中長期的な取引関係の維持・強化のため保有しています。,,83950
E00937,日本農薬株式会社,49970,2024-03-31,000,石原産業㈱,40280,13788,24.0,製品販売等の取引を行っており、同社との中長期的な取引関係の維持・強化のため保有しています。,,40280
E04380,朝日放送グループホールディングス株式会社,94050,2025-03-31,000,㈱テレビ朝日ホールディングス,94090,1572000,3985.0,子会社の朝日放送テレビにおけるネットワークおよび放送番組の制作等に係る協力・取引関係の維持・強化のため。子会社間で相互に番組や素材の供給や共同制作などの取引実績あり。,,94090
E04380,朝日放送グループホールディングス株式会社,94050,2025-03-31,000,東映㈱,48160,215000,1087.0,放送番組およびコンテンツ制作等に係る協力・取引関係の維持・強化のため。政策保有株式縮減の観点で、2024年４月に、2025年度末までを目途として一定程度売却する方針を決定。2024年４月１日に株式分割で１株が５株になった。2024年度に一部売却。,,48160
E04380,朝日放送グループホールディングス株式会社,94050,2025-03-31,000,㈱TBSホールディングス,,247610,1055.0,子会社の朝日放送ラジオにおけるネットワークおよび放送番組の制作等に係る協力・取引関係の維持・強化のため。政策保有株式縮減の観点で、2024年４月に、2025年度末までを目途として一定程度売却する方針を決定。2024年度に一部売却。,,
E04380,朝日放送グループホールディングス株式会社,94050,2025-03-31,000,㈱電通グループ,43240,200000,658.0,広告販売や放送番組およびコンテンツ制作等に係る取引関係の強化・維持のため。ＣＭの仲介、番組企画、ブランディング支援、大型特番や高校野球のセールスなどの取引実績あり。,,43240
E04380,朝日放送グループホールディングス株式会社,94050,2025-03-31,000,京阪ホールディングス㈱,90450,109800,357.0,関西地域の活性化・経済発展を目的とした協業およびテレビ、ラジオ等の広告に係る取引関係の維持・強化のため。ＣＭの出稿などの取引実績あり。,,90450
E04380,朝日放送グループホールディングス株式会社,94050,2025-03-31,000,松竹㈱,96010,25300,311.0,放送番組およびコンテンツ制作等に係る協力・取引関係の維持・強化のため。政策保有株式縮減の観点で、2024年４月に、2025年度末までを目途として一定程度売却する方針を決定。2024年度に一部売却。,,96010
E04380,朝日放送グループホールディングス株式会社,94050,2025-03-31,000,㈱博報堂DYホールディングス,,200000,216.0,広告販売や放送番組およびコンテンツ制作等に係る取引関係の強化・維持のため。子会社によるＣＭの仲介、番組企画、大型特番のセールスなどの取引実績あり。,,
E04380,朝日放送グループホールディングス株式会社,94050,2025-03-31,000,電気興業㈱,67060,89600,159.0,放送技術や電気通信技術に係る協力・取引関係の維持・強化のため。テレビ予備送信所アンテナの設置や既存設備の定期点検などの発注で取引あるが、当社グループ側の収益はなく、議決権行使への影響がなく、2022年１月に売却の方針を決定。,,67060
E04380,朝日放送グループホールディングス株式会社,94050,2025-03-31,000,近鉄グループホールディングス㈱,90410,25376,80.0,関西地域の活性化・経済発展を目的とした協業およびテレビ、ラジオ等の広告に係る取引関係の維持・強化のため。グループの複数の子会社からＣＭの出稿などの取引実績あり。,,90410
E04603,東京都競馬株式会社,96720,2024-12-31,000,㈱みずほフィナンシャルグループ,84110,101006,391196.0,借入等の金融取引を行っており、安定的な資金調達において良好な関係の維持・強化を図るため保有しております。,,84110
E04603,東京都競馬株式会社,96720,2024-12-31,000,㈱三井住友フィナンシャルグループ,83160,95517,359525.0,借入や公募社債の引受等の金融取引を行っており、安定的な資金調達において良好な関係の維持・強化を図るため保有しております。,,83160
E04603,東京都競馬株式会社,96720,2024-12-31,000,野村ホールディングス㈱,86040,108803,101328.0,公募社債の引受等の資金調達における取引を行っており、良好な関係の維持・強化を図るため保有しております。,,86040
E04603,東京都競馬株式会社,96720,2024-12-31,000,㈱三菱UFJフィナンシャル・グループ,,47630,87924.0,借入等の金融取引を行っており、安定的な資金調達において良好な関係の維持・強化を図るため保有しております。,,
E04603,東京都競馬株式会社,96720,2024-12-31,000,京浜急行電鉄㈱,90060,63051,82218.0,大井競馬場への来場強化等を目的とし、良好な関係の維持・強化及び企業価値向上を図るため保有しております。,,90060
E04603,東京都競馬株式会社,96720,2024-12-31,000,第一生命ホールディングス㈱,87500,8700,36844.0,保険契約があり、良好な関係の維持・強化を図るため保有しております。,,87500
E04603,東京都競馬株式会社,96720,2024-12-31,000,㈱東京會舘,97010,6207,23896.0,当社グループと同一又は類似する事業の情報収集を目的とし、企業価値向上を図るため保有しております。,,97010
E04603,東京都競馬株式会社,96720,2024-12-31,000,東宝㈱,96020,3360,20677.0,当社グループと同一又は類似する事業の情報収集を目的とし、企業価値向上を図るため保有しております。,,96020
E04603,東京都競馬株式会社,96720,2024-12-31,000,㈱歌舞伎座,96610,3000,13620.0,当社グループと同一又は類似する事業の情報収集を目的とし、企業価値向上を図るため保有しております。,,96610
E04603,東京都競馬株式会社,96720,2024-12-31,000,㈱りそなホールディングス,83080,10000,11445.0,借入等の金融取引を行っており、安定的な資金調達において良好な関係の維持・強化を図るため保有しております。,,83080
E04603,東京都競馬株式会社,96720,2024-12-31,000,京王電鉄㈱,90080,1848,7096.0,東京サマーランドへの来場強化等を目的とし、良好な関係の維持・強化及び企業価値向上を図るため保有しております。,,90080
E04603,東京都競馬株式会社,96720,2024-12-31,000,㈱大和証券グループ本社,86010,715,749.0,公募社債の引受等の資金調達における取引を行っており、良好な関係の維持・強化を図るため保有しております。,,86010
E02668,株式会社トミタ,81470,2025-03-31,000,ダイキン工業㈱,63670,65431,1056056.0,"同社グループは空調機・化学製品の製造販売等を行っており、当社の機械・工具等の取引先であります。同社グループとの事業活動の円滑化及び取引関係の維持・強化を通じた中長期的な企業価値の向上を目的に株式を保有しております。(注)１,２",,63670
E02668,株式会社トミタ,81470,2025-03-31,000,㈱東京精密,77290,36566,291101.0,"同社グループは半導体製造装置及び精密測定機器の製造販売等を行っており、当社の機械・工具等の取引先であります。同社グループとの事業活動の円滑化及び取引関係の維持・強化を通じた中長期的な企業価値の向上を目的に株式を保有しております。(注)１,２",,77290
E02668,株式会社トミタ,81470,2025-03-31,000,オークマ㈱,61030,72886,248541.0,"同社グループは工作機械（NC工作機械）の製造販売等を行っており、当社の機械・工具等の取引先であります。同社グループとの事業活動の円滑化及び取引関係の維持・強化を通じた中長期的な企業価値の向上を目的に株式を保有しております。(注)１,２,８",,61030
E02668,株式会社トミタ,81470,2025-03-31,000,㈱ヤマダコーポレーション,63920,20000,111600.0,同社グループはオートモティブ機器・インダストリアル機器の製造販売等を行っており、当社の機械・工具等の取引先であります。同社グループとの事業活動の円滑化及び取引関係の維持・強化を通じた中長期的な企業価値の向上を目的に株式を保有しております。(注)１,,63920
E02668,株式会社トミタ,81470,2025-03-31,000,高松機械工業㈱,61550,177553,80786.0,"同社グループは工作機械（CNC旋盤）の製造販売等を行っており、当社の機械・工具等の取引先であります。同社グループとの事業活動の円滑化及び取引関係の維持・強化を通じた中長期的な企業価値の向上を目的に株式を保有しております。(注)１,２",,61550
E02668,株式会社トミタ,81470,2025-03-31,000,㈱めぶきフィナンシャルグループ,71670,78390,56887.0,"資金調達、預金及び情報収集等を行っている主要な取引金融機関であり、円滑な金融取引及び金融情報の収集を通じた中長期的な企業価値の向上を目的に株式を保有しております。(注)１,３",,71670
E02668,株式会社トミタ,81470,2025-03-31,000,㈱ソディック,61430,60288,51907.0,"同社グループは工作機械・産業機械の製造販売等を行っており、当社の機械・工具等の取引先であります。同社グループとの事業活動の円滑化及び取引関係の維持・強化を通じた中長期的な企業価値の向上を目的に株式を保有しております。(注)１,２",,61430
E02668,株式会社トミタ,81470,2025-03-31,000,片倉工業㈱,30010,23351,51605.0,同社は事業情報収集等の主要関係先であります。同社との事業活動の円滑化及び取引関係の維持・強化を通じた中長期的な企業価値の向上を目的に株式を保有しております。(注)１,,30010
E02668,株式会社トミタ,81470,2025-03-31,000,㈱フジマック,59650,47400,50860.0,同社は業務用厨房機器の総合メーカーであり、ロボット等の分野を中心に相互の取引深耕を通じた中長期的な企業価値の向上のため、当事業年度において、新規に株式を購入しております。(注)１,,59650
E02668,株式会社トミタ,81470,2025-03-31,000,㈱日伝,99020,14245,41196.0,"同社グループは機械設備及び機械器具関連商品の販売等を行っており、当社の機械・工具等の取引先であります。同社グループとの事業活動の円滑化及び取引関係の維持・強化を通じた中長期的な企業価値の向上を目的に株式を保有しております。(注)１,２",,99020
E02668,株式会社トミタ,81470,2025-03-31,000,㈱ツガミ,61010,19243,35022.0,"同社グループは精密工作機械の製造販売等を行っており、当社の機械・工具等の取引先であります。同社グループとの事業活動の円滑化及び取引関係の維持・強化を通じた中長期的な企業価値の向上を目的に株式を保有しております。(注)１,２",,61010
E02668,株式会社トミタ,81470,2025-03-31,000,ＤＭＧ森精機㈱,61410,11741,33960.0,"同社グループは工作機械・ソフトウエアの製造販売等を行っており、当社の機械・工具等の取引先であります。同社グループとの事業活動の円滑化及び取引関係の維持・強化を通じた中長期的な企業価値の向上を目的に株式を保有しております。(注)１,２",,61410
E02668,株式会社トミタ,81470,2025-03-31,000,コンバム㈱,62650,13900,27800.0,同社グループは真空機器及び関連製品の製造販売等を行っており、当社の機械・工具等の取引先であります。同社グループとの事業活動の円滑化及び取引関係の維持・強化を通じた中長期的な企業価値の向上を目的に株式を保有しております。(注)１,,62650
E02668,株式会社トミタ,81470,2025-03-31,000,㈱ＣＫサンエツ,57570,5000,19050.0,同社グループは伸銅・精密部品の製造販売等を行っており、当社の機械・工具等の取引先であります。同社グループとの事業活動の円滑化及び取引関係の維持・強化を通じた中長期的な企業価値の向上を目的に株式を保有しております。(注)１,,57570
E02668,株式会社トミタ,81470,2025-03-31,000,㈱ほくほくフィナンシャルグループ,83770,7100,18232.0,"資金調達、預金及び情報収集等を行っている主要な取引金融機関であり、円滑な金融取引及び金融情報の収集を通じた中長期的な企業価値の向上を目的に株式を保有しております。(注)１,４",,83770
E02668,株式会社トミタ,81470,2025-03-31,000,㈱東京きらぼしフィナンシャルグループ,71730,2738,15962.0,"資金調達、預金及び情報収集等を行っている主要な取引金融機関であり、円滑な金融取引及び金融情報の収集を通じた中長期的な企業価値の向上を目的に株式を保有しております。(注)１,６",,71730
E02668,株式会社トミタ,81470,2025-03-31,000,㈱日立製作所,65010,4330,14973.0,"同社のグループ会社は自動車部分品の製造販売等を行っており、当社の機械・工具等の取引先であります。同社グループとの事業活動の円滑化及び取引関係の維持・強化を通じた中長期的な企業価値の向上を目的に株式を保有しております。(注)１,７",,65010
E02668,株式会社トミタ,81470,2025-03-31,000,㈱みずほフィナンシャルグループ,84110,3500,14178.0,"資金調達、預金及び情報収集等を行っている主要な取引金融機関であり、円滑な金融取引及び金融情報の収集を通じた中長期的な企業価値の向上を目的に株式を保有しております。(注)１,５",,84110
E02668,株式会社トミタ,81470,2025-03-31,000,㈱東京自働機械製作所,63600,3600,13032.0,同社グループは包装機械・生産機械の製造販売等を行っており、当社の機械・工具等の取引先であります。同社グループとの事業活動の円滑化及び取引関係の維持・強化を通じた中長期的な企業価値の向上を目的に株式を保有しております。(注)１,,63600
E02668,株式会社トミタ,81470,2025-03-31,000,㈱北川鉄工所,63170,10079,12175.0,"同社グループは工作機器・産業機械の製造販売等を行っており、当社の機械・工具等の取引先であります。同社グループとの事業活動の円滑化及び取引関係の維持・強化を通じた中長期的な企業価値の向上を目的に株式を保有しております。(注)１,２",,63170
E02668,株式会社トミタ,81470,2025-03-31,000,黒田精工㈱,77260,5000,4955.0,同社グループは駆動システム製品・金型システム製品の製造販売等を行っており、当社の機械・工具等の取引先であります。同社グループとの事業活動の円滑化及び取引関係の維持・強化を通じた中長期的な企業価値の向上を目的に株式を保有しております。(注)１,,77260
E02668,株式会社トミタ,81470,2025-03-31,000,新明和工業㈱,72240,3225,4518.0,"同社グループは特装車・パーキングシステムの製造販売等を行っており、当社の機械・工具等の取引先であります。同社グループとの事業活動の円滑化及び取引関係の維持・強化を通じた中長期的な企業価値の向上を目的に株式を保有しております。(注)１,２",,72240
E02668,株式会社トミタ,81470,2025-03-31,000,日精樹脂工業㈱,62930,4526,3801.0,"同社グループは射出成形機及びその関連製品の製造販売等を行っており、当社の機械・工具等の取引先であります。同社グループとの事業活動の円滑化及び取引関係の維持・強化を通じた中長期的な企業価値の向上を目的に株式を保有しております。(注)１,２",,62930
E02668,株式会社トミタ,81470,2025-03-31,000,㈱不二越,64740,272,928.0,"同社グループは機械工具及び部品の製造販売等を行っており、当社の機械・工具等の取引先であります。同社グループとの事業活動の円滑化及び取引関係の維持・強化を通じた中長期的な企業価値の向上を目的に株式を保有しております。(注)１,２",,64740
E01109,不二ラテックス株式会社,51990,2024-03-31,000,㈱マツキヨココカラ＆カンパニー,30880,39600,96.0,・医療機器事業において取引関係にあり、製品開発及び販売機会の増大を目的として保有しております。・定量的効果を含む総合的な保有判断基準を満たしております。・株式分割により保有株式数が増加しております。,,30880
E01109,不二ラテックス株式会社,51990,2024-03-31,000,㈱鳥羽洋行,74720,19900,73.0,・精密機器事業において取引関係にあり、精密機器事業製品全般の販売代理店として継続的な販売体制構築を目的として保有しております。・定量的効果を含む総合的な保有判断基準を満たしております。・取引先持株会を通じた株式取得のため株式数が増加しております。,,74720
E01109,不二ラテックス株式会社,51990,2024-03-31,000,ＣＢグループマネジメント㈱,,7873,37.0,・医療機器事業において取引関係にあり、医療衛生卸と異なる販路を有していることから販売機会の増大を目的として保有しております。・定量的効果を含む総合的な保有判断基準を満たしております。・取引先持株会を通じた株式取得のため株式数が増加しております。,,
E01109,不二ラテックス株式会社,51990,2024-03-31,000,オカモト㈱,51220,6800,33.0,・医療機器事業において取引関係にあり、業界の情報収集等を目的として保有しております。・定量的効果を含む総合的な保有判断基準を満たしております。,,51220
E01109,不二ラテックス株式会社,51990,2024-03-31,000,㈱日伝,99020,11894,31.0,・精密機器事業において取引関係にあり、精密機器事業製品全般の販売代理店として継続的な販売体制構築を目的として保有しております。・定量的効果を含む総合的な保有判断基準を満たしております。・取引先持株会を通じた株式取得のため株式数が増加しております。,,99020
E01109,不二ラテックス株式会社,51990,2024-03-31,000,㈱りそなホールディングス,83080,30000,28.0,・主力銀行として継続的な借入取引があり、財務活動の円滑化を目的として保有しております。・定量的効果を含む総合的な保有判断基準を満たしております。,,83080
E01109,不二ラテックス株式会社,51990,2024-03-31,000,大木ヘルスケアホールディングス㈱,34170,6250,6.0,・医療機器事業において取引関係にあり、医療衛生卸と異なる販路を有していることから販売機会の増大を目的として保有しております。・定量的効果を含む総合的な保有判断基準を満たしております。,,34170
E01109,不二ラテックス株式会社,51990,2024-03-31,000,ウエルシアホールディングス㈱,31410,1002,2.0,・医療機器事業において取引関係にあり、製品開発及び販売機会の増大を目的として保有しております。・定量的効果を含む総合的な保有判断基準を満たしております。・取引先持株会を通じた株式取得のため株式数が増加しております。,,31410
E00755,住友精化株式会社,40080,2025-03-31,000,住友ベークライト株式会社,42030,209600,698.0,"（保有目的・業務提携等の概要）安定株主の確保の観点から、同じ住友グループの化学企業である同社と株式の持ち合いを行っております。（定量的な保有効果）利回り：2.55％配当額：17百万円（株式が増加した理由）2024年４月１日付の普通株式１株を２株とする株式分割により株式数が104,800株増加しております。",,42030
E00755,住友精化株式会社,40080,2025-03-31,000,株式会社三井住友フィナンシャルグループ,83160,95100,360.0,"（保有目的・業務提携等の概要）競争力のある安定的な資金調達先であることに加え、経営・事業に関して有益な情報を入手できることを考慮し、株式を保有しております。（定量的な保有効果）利回り：3.39％配当額：12百万円（株式が増加した理由）2024年10月１日付の普通株式１株を３株とする株式分割により株式数が77,600株増加しました。なお、当期中に21,300株を売却しました。",,83160
E00755,住友精化株式会社,40080,2025-03-31,000,多木化学株式会社,40250,12000,38.0,（保有目的・業務提携等の概要）当社設立以来、別府工場土地（一部）を同社から賃借しており、良好な関係の維持・強化を目的として、株式の持ち合いを行っております。（定量的な保有効果）利回り：1.74％配当額：0百万円,,40250
E00755,住友精化株式会社,40080,2025-03-31,000,岩谷産業株式会社,80880,13600,20.0,"（保有目的・業務提携等の概要）各種ガス製品の取引先であるとともに、ガス業界における販売・物流網を構築しており、良好な関係の維持・強化を目的として、株式の持ち合いを行っております。（定量的な保有効果）利回り：2.17％配当額：0百万円その他の定量的な保有効果は、個別の取引額等であり、これらは社外秘であります。（株式が増加した理由）2024年10月１日付の普通株式１株を４株とする株式分割により株式数が10,200株増加しております。",,80880
E00755,住友精化株式会社,40080,2025-03-31,000,積水樹脂株式会社,42120,10000,19.0,（保有目的・業務提携等の概要）機能マテリアル事業における粉末樹脂製品の取引先であり、良好な関係の維持・強化を目的として、株式を保有しております。（定量的な保有効果）利回り：3.50％配当額：0百万円その他の定量的な保有効果は、個別の取引額等であり、これらは社外秘であります。,,42120
E00755,住友精化株式会社,40080,2025-03-31,000,エア・ウォーター株式会社,40880,10000,18.0,（保有目的・業務提携等の概要）機能マテリアル事業における医療用ガス製品などの取引先であるとともに、ガス業界における販売・物流網を構築しており、良好な関係の維持・強化を目的として、株式を保有しております。（定量的な保有効果）利回り：3.50％配当額：0百万円その他の定量的な保有効果は、個別の取引額等であり、これらは社外秘であります。,,40880
E00755,住友精化株式会社,40080,2025-03-31,000,大王製紙株式会社,38800,20000,16.0,（保有目的・業務提携等の概要）吸水性樹脂製品の取引先であり、良好な関係の維持・強化を目的として、株式を保有しております。（定量的な保有効果）利回り：1.94％配当額：0百万円その他の定量的な保有効果は、個別の取引額等であり、これらは社外秘であります。,,38800
E00755,住友精化株式会社,40080,2025-03-31,000,野村ホールディングス株式会社,86040,10000,9.0,（保有目的・業務提携等の概要）当社の幹事証券会社を傘下に持つ金融持株会社であり、良好な関係の維持を通じて金融市場等に関する有益な情報を入手することを目的に株式を保有しております。（定量的な保有効果）利回り：4.18％配当額：0百万円,,86040
E01007,フマキラー株式会社,49980,2024-03-31,000,㈱ＰＡＬＴＡＣ,82830,283350,1165.0,販売取引関係の維持・発展のため（定量的な保有効果）（注）,,82830
E01007,フマキラー株式会社,49980,2024-03-31,000,エステー㈱,49510,541000,836.0,共同研究や業務委託等の業務提携締結先の関係維持強化のため（定量的な保有効果）（注）,,49510
E01007,フマキラー株式会社,49980,2024-03-31,000,㈱あらた,27330,229230,756.0,"販売取引関係の維持・発展のため（定量的な保有効果）（注）2024年1月1日を効力発生日とした同社株式分割により、保有株数が114,615株増加しています。",,27330
E01007,フマキラー株式会社,49980,2024-03-31,000,㈱ひろぎんホールディングス,73370,432865,472.0,財務面での取引関係の強化のため（定量的な保有効果）（注）,,73370
E01007,フマキラー株式会社,49980,2024-03-31,000,㈱みずほフィナンシャルグループ,84110,102834,313.0,財務面での取引関係の強化のため（定量的な保有効果）（注）,,84110
E01007,フマキラー株式会社,49980,2024-03-31,000,(株)マツキヨココカラ＆カンパニー,30880,120000,292.0,"販売取引関係の維持・発展のため（定量的な保有効果）（注）2023年10月1日を効力発生日とした同社株式分割により、保有株数が80,000株増加しています。",,30880
E01007,フマキラー株式会社,49980,2024-03-31,000,住友化学㈱,40050,500100,169.0,調達取引関係の維持・発展のため（定量的な保有効果）（注）,,40050
E01007,フマキラー株式会社,49980,2024-03-31,000,稲畑産業㈱,80980,48000,152.0,調達取引関係の維持・発展のため（定量的な保有効果）（注）,,80980
E01007,フマキラー株式会社,49980,2024-03-31,000,㈱クリエイトＳＤホールディングス,31480,36000,118.0,販売取引関係の維持・発展のため（定量的な保有効果）（注）,,31480
E01007,フマキラー株式会社,49980,2024-03-31,000,ＣＢグループマネジメント㈱,,19000,91.0,販売取引関係の維持・発展のため（定量的な保有効果）（注）,,
E01007,フマキラー株式会社,49980,2024-03-31,000,(株)バローホールディングス,99560,30000,75.0,販売取引関係の維持・発展のため（定量的な保有効果）（注）,,99560
E01007,フマキラー株式会社,49980,2024-03-31,000,㈱イズミ,64280,20146,70.0,販売取引関係の維持・発展のため（定量的な保有効果）（注）,,64280
E01007,フマキラー株式会社,49980,2024-03-31,000,小林製薬㈱,49670,12838,65.0,取引関係の維持・発展のため（定量的な保有効果）（注）（株式数が増加した理由）取引先持株会を通じた株式の取得,,49670
E01007,フマキラー株式会社,49980,2024-03-31,000,㈱コスモス薬品,33490,4000,57.0,販売取引関係の維持・発展のため（定量的な保有効果）（注）,,33490
E01007,フマキラー株式会社,49980,2024-03-31,000,㈱リテールパートナーズ,81670,30156,55.0,販売取引関係の維持・発展のため（定量的な保有効果）（注）,,81670
E01007,フマキラー株式会社,49980,2024-03-31,000,大木ヘルスケアホールディングス㈱,34170,53151,52.0,販売取引関係の維持・発展のため（定量的な保有効果）（注）,,34170
E01007,フマキラー株式会社,49980,2024-03-31,000,㈱メディパルホールディングス,74590,19965,46.0,販売取引関係の維持・発展のため（定量的な保有効果）（注）,,74590
E01007,フマキラー株式会社,49980,2024-03-31,000,㈱ちゅうぎんフィナンシャルグループ,58320,29160,38.0,財務面での取引関係の強化のため（定量的な保有効果）（注）,,58320
E01007,フマキラー株式会社,49980,2024-03-31,000,㈱ライフコーポレーション,81940,9000,35.0,販売取引関係の維持・発展のため（定量的な保有効果）（注）,,81940
E01007,フマキラー株式会社,49980,2024-03-31,000,スギホールディングス㈱,76490,12000,31.0,"販売取引関係の維持・発展のため（定量的な保有効果）（注）2024年3月1日を効力発生日とした同社株式分割により、保有株数が8,000株増加しています。",,76490
E01007,フマキラー株式会社,49980,2024-03-31,000,㈱いよぎんホールディングス,58300,25750,30.0,財務面での取引関係の強化のため（定量的な保有効果）（注）,,58300
E01007,フマキラー株式会社,49980,2024-03-31,000,広島ガス㈱,95350,70000,26.0,調達取引関係の維持・発展のため（定量的な保有効果）（注）,,95350
E01007,フマキラー株式会社,49980,2024-03-31,000,ウェルシアホールディングス㈱,,5924,15.0,販売取引関係の維持・発展のため（定量的な保有効果）（注）（株式数が増加した理由）持株会加入による増加,,
E01007,フマキラー株式会社,49980,2024-03-31,000,㈱四国銀行,83870,10745,13.0,財務面での取引関係の強化のため（定量的な保有効果）（注）,,83870
E01007,フマキラー株式会社,49980,2024-03-31,000,㈱スズケン,99870,2395,11.0,販売取引関係の維持・発展のため（定量的な保有効果）（注）,,99870
E01007,フマキラー株式会社,49980,2024-03-31,000,アレンザホールディングス㈱,35460,10000,10.0,販売取引関係の維持・発展のため（定量的な保有効果）（注）,,35460
E01007,フマキラー株式会社,49980,2024-03-31,000,ハリマ共和物産㈱,74440,3960,9.0,販売取引関係の維持・発展のため（定量的な保有効果）（注）,,74440
E01007,フマキラー株式会社,49980,2024-03-31,000,テクスケムリソーシス㈱,,218194,6.0,取引関係の維持・発展のため（定量的な保有効果）（注）,,
E01007,フマキラー株式会社,49980,2024-03-31,000,エイチ・ツー・オーリテイリング㈱,,3118,6.0,販売取引関係の維持・発展のため（定量的な保有効果）（注）,,
E01007,フマキラー株式会社,49980,2024-03-31,000,イオン㈱,49120,1509,5.0,販売取引関係の維持・発展のため（定量的な保有効果）（注）,,49120
E01007,フマキラー株式会社,49980,2024-03-31,000,㈱ほくやく・竹山ホールディングス,30550,6138,5.0,販売取引関係の維持・発展のため（定量的な保有効果）（注）,,30550
E01007,フマキラー株式会社,49980,2024-03-31,000,ユナイテッド・スーパーマーケット・ホールディングス㈱,32220,3971,3.0,販売取引関係の維持・発展のため（定量的な保有効果）（注）,,32220
E01007,フマキラー株式会社,49980,2024-03-31,000,㈱オークワ,82170,3864,3.0,販売取引関係の維持・発展のため（定量的な保有効果）（注）,,82170
E01007,フマキラー株式会社,49980,2024-03-31,000,㈱フジ,21140,1000,1.0,販売取引関係の維持・発展のため（定量的な保有効果）（注）,,21140
E01007,フマキラー株式会社,49980,2024-03-31,000,㈱ジュンテンドー,98350,2858,1.0,販売取引関係の維持・発展のため（定量的な保有効果）（注）,,98350
E01007,フマキラー株式会社,49980,2024-03-31,000,DCMホールディングス㈱,,1000,1.0,販売取引関係の維持・発展のため（定量的な保有効果）（注）,,
E01007,フマキラー株式会社,49980,2024-03-31,000,㈱いなげや,,1000,1.0,販売取引関係の維持・発展のため（定量的な保有効果）（注）,,
E01007,フマキラー株式会社,49980,2024-03-31,000,㈱ミスターマックス・ホールディングス,82030,1331,0.0,販売取引関係の維持・発展のため（定量的な保有効果）（注）,,82030
E01007,フマキラー株式会社,49980,2024-03-31,000,㈱コメリ,82180,135,0.0,販売取引関係の維持・発展のため（定量的な保有効果）（注）,,82180
E02902,田中商事株式会社,76190,2025-03-31,000,日東工業株式会社,66510,19272,60032.0,商品の調達等において良好な取引関係の維持を図るために保有しております。業務連携等はありません。,,66510
E02902,田中商事株式会社,76190,2025-03-31,000,アイホン株式会社,67180,6800,17680.0,商品の調達等において良好な取引関係の維持を図るために保有しております。業務連携等はありません。,,67180
E02902,田中商事株式会社,76190,2025-03-31,000,イワブチ株式会社,59830,700,4410.0,商品の調達等において良好な取引関係の維持を図るために保有しております。業務連携等はありません。,,59830
E02902,田中商事株式会社,76190,2025-03-31,000,藤井産業株式会社,99060,100,246.0,業界動向の把握及び同業他社の情報収集のために保有しております。業務連携等はありません。,,99060
E02902,田中商事株式会社,76190,2025-03-31,000,因幡電機産業株式会社,99340,200,760.0,業界動向の把握及び同業他社の情報収集のために保有しております。業務連携等はありません。,,99340
E02902,田中商事株式会社,76190,2025-03-31,000,スズデン株式会社,74800,100,189.0,業界動向の把握及び同業他社の情報収集のために保有しております。業務連携等はありません。,,74800
E02902,田中商事株式会社,76190,2025-03-31,000,株式会社たけびし,75100,100,181.0,業界動向の把握及び同業他社の情報収集のために保有しております。業務連携等はありません。,,75100
E01222,アジアパイルホールディングス株式会社,52880,2025-03-31,000,新日本空調㈱（注）２,,379600,662.0,地中熱利用杭工法「地熱トルネード工法」の共同開発等、協業ビジネスにおいて関係強化,,
E01222,アジアパイルホールディングス株式会社,52880,2025-03-31,000,㈱ダイヘン,66220,70000,443.0,基礎建設関連の重要部材仕入等、協業ビジネスにおいて関係強化,,66220
E01222,アジアパイルホールディングス株式会社,52880,2025-03-31,000,㈱横河ブリッジホールディングス,59110,100000,251.0,インフラ整備等に係る基礎建設受注等、ビジネス拡大のための関係強化,,59110
E01222,アジアパイルホールディングス株式会社,52880,2025-03-31,000,ジェイエフイーホールディングス㈱,,135000,246.0,鋼管杭工法「コン剛パイル」などの共同開発、基礎建設関連の重要部材仕入等、協業ビジネスにおいて関係強化,,
E01222,アジアパイルホールディングス株式会社,52880,2025-03-31,000,太平洋セメント㈱,52330,61200,238.0,コンクリートパイル製造に係る原材料仕入等、協業ビジネスにおいて関係強化,,52330
E01222,アジアパイルホールディングス株式会社,52880,2025-03-31,000,㈱十六フィナンシャルグループ,73800,40584,196.0,金融取引の円滑化、ビジネスマッチング等による事業拡大・業務効率化,,73800
E01222,アジアパイルホールディングス株式会社,52880,2025-03-31,000,㈱タクマ,60130,85000,155.0,工場建設・特殊建造物等に係る基礎建設受注等、ビジネス拡大のための関係強化,,60130
E01222,アジアパイルホールディングス株式会社,52880,2025-03-31,000,高周波熱錬㈱,59760,149200,144.0,コンクリートパイル製造に係る鋼材仕入等、協業ビジネスにおいて関係強化,,59760
E01222,アジアパイルホールディングス株式会社,52880,2025-03-31,000,岡部㈱,59590,155000,132.0,杭頭半剛接合「ＳＲパイルアンカー工法」の共同開発等、協業ビジネスにおいて関係強化,,59590
E01222,アジアパイルホールディングス株式会社,52880,2025-03-31,000,㈱りそなホールディングス,83080,102580,132.0,金融取引の円滑化、信用リスクヘッジ、ビジネスマッチング等による事業拡大・業務効率化,,83080
E01222,アジアパイルホールディングス株式会社,52880,2025-03-31,000,矢作建設工業㈱,18700,80186,102.0,中部地区における基礎建設受注等、協業ビジネスにおいて関係強化,,18700
E01222,アジアパイルホールディングス株式会社,52880,2025-03-31,000,フルサト・マルカホールディングス㈱,71280,35991,85.0,基礎建設関連の重機購入等、協業ビジネスにおいて関係強化,,71280
E01222,アジアパイルホールディングス株式会社,52880,2025-03-31,000,日本管財ホールディングス㈱,93470,26600,70.0,工場・ビルの更新投資に係る基礎建設受注等、ビジネス拡大のための関係強化,,93470
E01222,アジアパイルホールディングス株式会社,52880,2025-03-31,000,英和㈱,98570,30000,66.0,コンクリートパイル製造に係る設備機器購入等、ビジネス拡大のための関係強化,,98570
E01222,アジアパイルホールディングス株式会社,52880,2025-03-31,000,徳倉建設㈱,18920,11006,53.0,中部地区における基礎建設受注等、協業ビジネスにおいて関係強化配当再投資による増加,,18920
E01222,アジアパイルホールディングス株式会社,52880,2025-03-31,000,㈱三十三フィナンシャルグループ,73220,17600,41.0,金融取引の円滑化、ビジネスマッチング等による事業拡大・業務効率化,,73220
E01222,アジアパイルホールディングス株式会社,52880,2025-03-31,000,㈱みずほフィナンシャルグループ,84110,5827,23.0,金融取引の円滑化、信用リスクヘッジ、ビジネスマッチング等による事業拡大・業務効率化,,84110
E01222,アジアパイルホールディングス株式会社,52880,2025-03-31,000,㈱三井住友フィナンシャルグループ（注）３,,4605,17.0,金融取引の円滑化、信用リスクヘッジ、ビジネスマッチング等による事業拡大・業務効率化,,
E01222,アジアパイルホールディングス株式会社,52880,2025-03-31,000,トルク㈱,80770,57000,14.0,基礎建設関連の機材・治具購入等、協業ビジネスにおいて関係強化,,80770
E01222,アジアパイルホールディングス株式会社,52880,2025-03-31,000,高島㈱,80070,8800,11.0,コンクリートパイル販売・施工等、協業ビジネスにおいて関係強化,,80070
E01222,アジアパイルホールディングス株式会社,52880,2025-03-31,000,小野建㈱,74140,5800,8.0,九州地区における基礎建設受注等、協業ビジネスにおいて関係強化,,74140
E02541,東都水産株式会社,,2024-03-31,000,㈱三菱UFJフィナンシャル・グループ,,929890,1447.0,財務上の政策投資目的であります。定量的な保有効果の記載が困難であるため記載しておりませんが、合理性の検証については、当社との取引状況・株価動向や業績並びに配当金の受取状況等を取締役会で検証しております。,,
E02541,東都水産株式会社,,2024-03-31,000,㈱魚力,75960,194400,476.0,資本業務提携契約締結による営業上の政策投資目的であります。定量的な保有効果の記載が困難であるため記載しておりませんが、合理性の検証については、当社との取引状況・株価動向や業績並びに配当金の受取状況等を取締役会で検証しております。,,75960
E02541,東都水産株式会社,,2024-03-31,000,マルハニチロ㈱,13330,108885,323.0,営業上の政策投資目的であります。定量的な保有効果の記載が困難であるため記載しておりませんが、合理性の検証については、当社との取引状況・株価動向や業績並びに配当金の受取状況等を取締役会で検証しております。,,13330
E02541,東都水産株式会社,,2024-03-31,000,横浜丸魚㈱,80450,210000,204.0,営業上の政策投資目的であります。定量的な保有効果の記載が困難であるため記載しておりませんが、合理性の検証については、当社との取引状況・株価動向や業績並びに配当金の受取状況等を取締役会で検証しております。,,80450
E02541,東都水産株式会社,,2024-03-31,000,東洋水産㈱,28750,7801,73.0,営業上の政策投資目的であります。定量的な保有効果の記載が困難であるため記載しておりませんが、合理性の検証については、当社との取引状況・株価動向や業績並びに配当金の受取状況等を取締役会で検証しております。,,28750
E02541,東都水産株式会社,,2024-03-31,000,㈱ヨンキュウ,99550,13200,30.0,商材の安定供給等、営業上の政策投資目的であります。定量的な保有効果の記載が困難であるため記載しておりませんが、合理性の検証については、当社との取引状況・株価動向や業績並びに配当金の受取状況等を取締役会で検証しております。,,99550
E02541,東都水産株式会社,,2024-03-31,000,東急㈱,18980,9516,17.0,営業上の政策投資目的であります。定量的な保有効果の記載が困難であるため記載しておりませんが、合理性の検証については、当社との取引状況・株価動向や業績並びに配当金の受取状況等を取締役会で検証しております。,,18980
E05739,ＴＩＳ株式会社,36260,2024-03-31,000,Ｇｒａｂ　Ｈｏｌｄｉｎｇｓ　Ｌｔｄ,,28221158,13417.0,ASEANトップクラスのスーパーアプリケーションを展開する同社と、主に金融・決済領域における協業事業拡大を目的に株式を保有しております。なお、出資先の株式売却時に売却対価として同社株式を受領したため株数が増加しております。 また、上記「イ．」の保有基準に基づく検証のうえ、保有継続の合理性があるものと判断しております。詳細な保有効果、判断に係る各種情報は、同社との機密情報に抵触するため、開示しておりません。,,
E05739,ＴＩＳ株式会社,36260,2024-03-31,000,（株）インターネットイニシアティブ,,2112000,5989.0,同社との長期的・安定的な取引関係の構築、および当社のインフラ・ネットワーク関連事業の拡大に向けた協業推進のため、株式を保有しております。なお、同社株式の株式分割により株数が増加しております。また、上記「イ．」の保有基準に基づく検証のうえ、保有継続の合理性があるものと判断しております。詳細な保有効果、判断に係る各種情報は、同社との機密情報に抵触するため、開示しておりません。,,
E05739,ＴＩＳ株式会社,36260,2024-03-31,000,セカンドサイトアナリティカ（株）,50280,1020000,638.0,金融領域のAI/データ分析において強みがある同社との協業関係強化のため株式を保有しております。なお、上記「イ．」の保有基準に基づく検証のうえ、保有継続の合理性があるものと判断しております。詳細な保有効果、判断に係る各種情報は、同社との機密情報に抵触するため、開示しておりません。,,50280
E05739,ＴＩＳ株式会社,36260,2024-03-31,000,（株）ＢｅｅＸ,,27300,104.0,当社の戦略保有株式の縮減方針に基づき株式を売却致しました。本文書開示時点では全量売却完了しております。,,
E05739,ＴＩＳ株式会社,36260,2024-03-31,000,（株）ココペリ,,188300,74.0,AIを活用した与信管理の領域に強みのある同社との技術連携の強化のため株式を保有しております。なお、上記「イ．」の保有基準に基づく検証のうえ、保有継続の合理性があるものと判断しております。詳細な保有効果、判断に係る各種情報は、同社との機密情報に抵触するため、開示しておりません。,,
E05739,ＴＩＳ株式会社,36260,2024-03-31,000,ブルーイノベーション（株）,55970,33333,43.0,ドローンやロボティクス領域に強みのある同社との技術連携強化のため株式を保有しております。なお、上記「イ．」の保有基準に基づく検証のうえ、保有継続の合理性があるものと判断しております。詳細な保有効果、判断に係る各種情報は、同社との機密情報に抵触するため、開示しておりません。,,55970
E05739,ＴＩＳ株式会社,36260,2024-03-31,000,（株）ＷＡＣＵＬ,,75000,39.0,AIやデジタルマーケティング領域に強みのある同社との技術連携強化のため株式を保有しております。なお、上記「イ．」の保有基準に基づく検証のうえ、保有継続の合理性があるものと判断しております。詳細な保有効果、判断に係る各種情報は、同社との機密情報に抵触するため、開示しておりません。,,
E05739,ＴＩＳ株式会社,36260,2024-03-31,000,（株）インテリジェント　ウェイブ,,12000,14.0,当社の決済事業における主要なビジネスパートナーの一社として、良好な関係の維持、強化を図るため株式を保有しております。なお、上記「イ．」の保有基準に基づく検証のうえ、保有継続の合理性があるものと判断しております。詳細な保有効果、判断に係る各種情報は、同社との機密情報に抵触するため、開示しておりません。,,
E05739,ＴＩＳ株式会社,36260,2024-03-31,000,（株）ＴｒｕｅＤａｔａ,,20000,9.0,同社が強みとしている小売業におけるビッグデータを活用した協業・新規ビジネス創出のため株式を保有しております。なお、上記「イ．」の保有基準に基づく検証のうえ、保有継続の合理性があるものと判断しております。詳細な保有効果、判断に係る各種情報は、同社との機密情報に抵触するため、開示しておりません。,,
E01816,大同信号株式会社,67430,2024-03-31,000,日本電設工業㈱,19500,517024,1102295.0,当社最大の顧客である東日本旅客鉄道㈱より工事を受注しており、当社においても主要な製品の販売先であります。今後とも長期的な関係を維持し強化することにより当社の受注、収益を確保し、企業価値の向上及び事業の円滑な推進を図るために必要と判断し、株式を保有しております。,,19500
E01816,大同信号株式会社,67430,2024-03-31,000,東日本旅客鉄道㈱,90200,255000,744345.0,当社の主力製品である鉄道信号機器全般の最大の販売先であります。前身の日本国有鉄道時代からの顧客であり、分割民営化後1993年の株式上場以来株式を保有しております。今後とも長期的な関係を維持し強化することにより当社の受注、収益を確保し、企業価値の向上及び事業の円滑な推進を図るために必要と判断し、株式を保有しております。,,90200
E01816,大同信号株式会社,67430,2024-03-31,000,日本リーテック㈱,19380,502651,689134.0,当社製品の主要な販売先であり、関係の維持・強化及び当社の持続的な成長と中長期的な企業価値の向上及び事業の円滑な推進を図るために必要と判断し、株式を保有しております。,,19380
E01816,大同信号株式会社,67430,2024-03-31,000,西日本旅客鉄道㈱,90210,200000,627400.0,当社製品の主要な販売先であり、1996年の株式上場以来株式を保有しております。今後とも長期的な関係を維持し強化することにより当社の受注、収益を確保し、企業価値の向上及び事業の円滑な推進を図るために必要と判断し、株式を保有しております。,,90210
E01816,大同信号株式会社,67430,2024-03-31,000,東海旅客鉄道㈱,90220,150000,558900.0,当社製品の主要な販売先であり、1997年の株式上場以来株式を保有しております。今後とも長期的な関係を維持し強化することにより当社の受注、収益を確保し、企業価値の向上及び事業の円滑な推進を図るために必要と判断し、株式を保有しております。,,90220
E01816,大同信号株式会社,67430,2024-03-31,000,㈱みずほフィナンシャルグループ,84110,61941,188672.0,当社設立後最初の増資を行った1954年より、その前身である㈱第一銀行時代から取引のある当社の主要取引金融機関であり、取引の円滑化により企業価値の向上及び事業の推進を図るために必要と判断し、株式を保有しておりますが、財務体質強化を目的として見直しを図ります。,,84110
E01816,大同信号株式会社,67430,2024-03-31,000,㈱三井住友フィナンシャルグループ,83160,14532,129465.0,取引金融機関であり、関係の維持・強化及び当社の持続的な成長と中長期的な企業価値の向上及び事業の円滑な推進を図るために必要と判断し、株式を保有しておりますが、財務体質強化を目的として見直しを図ります。,,83160
E01816,大同信号株式会社,67430,2024-03-31,000,日本信号㈱,67410,111562,115801.0,当社製品の販売、及び部品の仕入先であります。今後とも長期的な関係を維持強化し、取引の円滑化により企業価値の向上及び事業の推進を図るために必要と判断し、株式を保有しております。,,67410
E01816,大同信号株式会社,67430,2024-03-31,000,第一生命ホールディングス㈱,87500,29900,115204.0,取引金融機関であり、関係の維持・強化及び当社の持続的な成長と中長期的な企業価値の向上及び事業の円滑な推進を図るために必要と判断し、株式を保有しておりますが、財務体質強化を目的として見直しを図ります。,,87500
E01816,大同信号株式会社,67430,2024-03-31,000,㈱三菱ＵＦＪフィナンシャル・グループ,83060,72090,112244.0,取引金融機関であり、関係の維持・強化及び当社の持続的な成長と中長期的な企業価値の向上及び事業の円滑な推進を図るために必要と判断し、株式を保有しておりますが、財務体質強化を目的として見直しを図ります。,,83060
E01816,大同信号株式会社,67430,2024-03-31,000,九州旅客鉄道㈱,91420,31000,109833.0,当社製品の主要な販売先であり、2016年の株式上場以来株式を保有しております。今後とも長期的な関係を維持し強化することにより当社の受注、収益を確保し、企業価値の向上及び事業の円滑な推進を図るために必要と判断し、株式を保有しております。,,91420
E01816,大同信号株式会社,67430,2024-03-31,000,㈱東邦銀行,83460,275487,99175.0,当社の創業時より取引のある金融機関であり、主力生産拠点のある福島県の指定金融機関であります。今後とも長期的な関係を維持強化し、取引の円滑化により企業価値の向上及び事業の推進を図るために必要と判断し、株式を保有しておりますが、財務体質強化を目的として見直しを図ります。,,83460
E01816,大同信号株式会社,67430,2024-03-31,000,京成電鉄㈱,90090,13644,84033.0,当社製品の販売先であり、関係の維持・強化及び当社の持続的な成長と中長期的な企業価値の向上及び事業の円滑な推進を図るために必要と判断し、株式を保有しております。,,90090
E01816,大同信号株式会社,67430,2024-03-31,000,ブルドックソース㈱,28040,36000,74736.0,取引先との関係の維持・強化及び当社の持続的な成長と中長期的な企業価値の向上及び事業の円滑な推進を図るために必要と判断し、株式を保有しておりますが、財務体質強化を目的として見直しを図ります。,,28040
E01816,大同信号株式会社,67430,2024-03-31,000,新光商事㈱,81410,6072,7268.0,当社の原材料の主要な仕入先であり、関係の維持・強化及び当社の持続的な成長と中長期的な企業価値の向上及び事業の円滑な推進を図るために必要と判断し、株式を保有しております。,,81410
E01715,株式会社タカトリ,63380,2024-09-30,000,㈱日伝,99020,44851,150253.0,取引関係の円滑な維持として事業上の取り組み強化を目的に保有しております。また持株会に加入しており、定期的に購入するため増加しております。保有目的が適切か、保有に伴う便益やリスクが資本コストに見合っているか等を具体的に精査した結果を、2024年９月の取締役会において、政策保有株式の検証の件として決議しており、適正と判断しております。,,99020
E01715,株式会社タカトリ,63380,2024-09-30,000,コクヨ㈱,79840,10000,25310.0,営業上の取引先として事業上の取り組み強化を目的に保有しております。保有目的が適切か、保有に伴う便益やリスクが資本コストに見合っているか等を具体的に精査した結果を、2024年９月の取締役会において、政策保有株式の検証の件として決議しており、適正と判断しております。,,79840
E01715,株式会社タカトリ,63380,2024-09-30,000,㈱GSIクレオス,,4000,7984.0,営業上の取引先として事業上の取り組み強化を目的に保有しております。保有目的が適切か、保有に伴う便益やリスクが資本コストに見合っているか等を具体的に精査した結果を、2024年９月の取締役会において、政策保有株式の検証の件として決議しており、適正と判断しております。,,
E01715,株式会社タカトリ,63380,2024-09-30,000,グンゼ㈱,30020,1200,6756.0,取引関係の円滑な維持として事業上の取り組み強化を目的に保有しております。保有目的が適切か、保有に伴う便益やリスクが資本コストに見合っているか等を具体的に精査した結果を、2024年９月の取締役会において、政策保有株式の検証の件として決議しており、適正と判断しております。,,30020
E04510,電源開発株式会社,95130,2025-03-31,000,三菱重工業㈱,70110,4082000,10311.0,発電事業(発電プラントの建設、保守等)における重要取引先。営業上の取引基盤の維持・強化を目的として保有。,,70110
E04510,電源開発株式会社,95130,2025-03-31,000,鹿島建設㈱,18120,2273900,6930.0,発電事業(建設等)における重要取引先。営業上の取引基盤の維持・強化を目的として保有。,,18120
E04510,電源開発株式会社,95130,2025-03-31,000,㈱Ｔ＆Ｄホールディングス,87950,1683650,5343.0,資金調達における安定的な供給元。金融取引基盤の維持・強化を目的として保有。,,87950
E04510,電源開発株式会社,95130,2025-03-31,000,㈱大和証券グループ本社,86010,4296000,4269.0,社債発行等の有価証券関連業務の相手先。金融取引基盤の維持・強化を目的として保有。,,86010
E04510,電源開発株式会社,95130,2025-03-31,000,清水建設㈱,18030,2809000,3717.0,発電事業(建設等)における重要取引先。営業上の取引基盤の維持・強化を目的として保有。,,18030
E04510,電源開発株式会社,95130,2025-03-31,000,東日本旅客鉄道㈱,90200,1008300,2976.0,風力発電事業における協働事業検討の相手先。事業上の関係の維持・強化・構築を目的として保有。,,90200
E04510,電源開発株式会社,95130,2025-03-31,000,㈱大林組,18020,1221000,2422.0,発電事業(建設等)における重要取引先。営業上の取引基盤の維持・強化を目的として保有。,,18020
E04510,電源開発株式会社,95130,2025-03-31,000,東海旅客鉄道㈱,90220,596500,1702.0,発電事業(非化石価値)における重要取引先。営業上の取引基盤の維持・強化を目的として保有。,,90220
E04510,電源開発株式会社,95130,2025-03-31,000,㈱日立製作所,65010,473000,1635.0,発電事業(発電プラントの建設、保守等)における重要取引先。営業上の取引基盤の維持・強化を目的として保有。,,65010
E04510,電源開発株式会社,95130,2025-03-31,000,飯野海運㈱,91190,1639800,1634.0,火力発電事業(石炭輸送)における重要取引先。営業上の取引基盤の維持・強化を目的として保有。,,91190
E04510,電源開発株式会社,95130,2025-03-31,000,日本郵船㈱,91010,313200,1541.0,火力発電事業(石炭輸送)における重要取引先。営業上の取引基盤の維持・強化を目的として保有。,,91010
E04510,電源開発株式会社,95130,2025-03-31,000,月島ホールディングス㈱,63320,697000,1191.0,汚泥燃料化合弁事業の相手先。協働事業展開の維持・強化を目的として保有。,,63320
E04510,電源開発株式会社,95130,2025-03-31,000,日本製鉄㈱,54010,313790,1002.0,火力発電合弁事業の相手先。協働事業展開の維持・強化を目的として保有。,,54010
E04510,電源開発株式会社,95130,2025-03-31,000,㈱日本製鋼所,56310,161000,842.0,風力発電事業(保守等)における重要取引先。営業上の取引基盤の維持・強化を目的として保有。,,56310
E04510,電源開発株式会社,95130,2025-03-31,000,㈱商船三井,91040,114000,591.0,火力発電事業(石炭輸送)における重要取引先。営業上の取引基盤の維持・強化を目的として保有。,,91040
E04510,電源開発株式会社,95130,2025-03-31,000,Green Earth Institute㈱,,240000,103.0,バイオマス燃料製造に関する共同検討先。事業上の関係の維持・強化・構築を目的として保有。,,
E04997,ＴＤＣソフト株式会社,46870,2024-03-31,000,㈱ＩＤホールディングス,47090,426150,660106.0,事業拡大、競争力強化を目的とした相互支援のため。,,47090
E04997,ＴＤＣソフト株式会社,46870,2024-03-31,000,アジア航測㈱,92330,550000,577500.0,事業上の取引関係の維持、向上のため。,,92330
E04997,ＴＤＣソフト株式会社,46870,2024-03-31,000,㈱みずほフィナンシャルグループ,84110,96175,292949.0,主要取引行との関係維持、向上のため。,,84110
E04997,ＴＤＣソフト株式会社,46870,2024-03-31,000,㈱三菱ＵＦＪフィナンシャル・グループ,83060,101000,157257.0,主要取引行との関係維持、向上のため。,,83060
E04997,ＴＤＣソフト株式会社,46870,2024-03-31,000,㈱NTTデータグループ,,50000,121375.0,事業上の取引関係の維持、向上のため。,,
E04997,ＴＤＣソフト株式会社,46870,2024-03-31,000,㈱エヌアイデイ,23490,48700,100029.0,中長期的な事業拡大、競争力強化を目的とした関係強化,,23490
E04997,ＴＤＣソフト株式会社,46870,2024-03-31,000,アイエックス・ナレッジ㈱,97530,71000,82644.0,事業上の取引関係の維持、向上のため。,,97530
E04997,ＴＤＣソフト株式会社,46870,2024-03-31,000,MITホールディングス㈱,,36000,24264.0,事業上の取引関係の維持、向上のため。,,
E04997,ＴＤＣソフト株式会社,46870,2024-03-31,000,㈱大垣共立銀行,83610,1918,4186.0,主要取引行との関係維持、向上のため。,,83610
E02237,武蔵精密工業株式会社,72200,2024-03-31,000,㈱エフテック,72120,10000,7.0,円滑な取引関係を維持するために取得後、継続保有,,72120
E02237,武蔵精密工業株式会社,72200,2024-03-31,000,㈱エフ・シー・シー,72960,4356,10.0,円滑な取引関係を維持するために取得後、継続保有,,72960
E02237,武蔵精密工業株式会社,72200,2024-03-31,000,Aquarius Engine A.M. Ltd.,,750600,40.0,LiCの活用も視野に入れた、エネルギーソリューション事業におけるシナジーの創出,,
E01946,ファナック株式会社,69540,2025-03-31,000,富士電機株式会社,,2684200,16900.0,（保有目的）当社商品の重要部品の安定購入を確保するため（業務提携等の概要）同社グループは、主に当社事業に必要な部品の購入先です。（定量的な保有効果）(注),,
E01946,ファナック株式会社,69540,2025-03-31,000,ナブテスコ株式会社,62680,3760000,8687.0,（保有目的）当社商品の重要部品の安定購入を確保するため（業務提携等の概要）主に当社事業に必要な部品の購入先です。（定量的な保有効果）(注),,62680
E01946,ファナック株式会社,69540,2025-03-31,000,津上精密機床（中国）有限公司,,6200000,2819.0,（保有目的）取引関係の維持・発展のため（業務提携等の概要）親会社である株式会社ツガミを含むツガミグループは、主に当社商品のお客様です。（定量的な保有効果）(注),,
E01946,ファナック株式会社,69540,2025-03-31,000,シチズン時計株式会社,77620,1000000,892.0,（保有目的）取引関係の維持・発展のため（業務提携等の概要）同社グループは、主に当社商品のお客様です。（定量的な保有効果）(注),,77620
E01946,ファナック株式会社,69540,2025-03-31,000,株式会社山善,80510,480000,632.0,（保有目的）取引関係の維持・発展のため（業務提携等の概要）当社商品の販売代理店です。（定量的な保有効果）(注),,80510
E01946,ファナック株式会社,69540,2025-03-31,000,株式会社ツガミ,61010,327000,595.0,（保有目的）取引関係の維持・発展のため（業務提携等の概要）同社グループは、主に当社商品のお客様です。（定量的な保有効果）(注),,61010
E01946,ファナック株式会社,69540,2025-03-31,000,株式会社牧野フライス製作所,61350,43249,505.0,（保有目的）取引関係の維持・発展のため（業務提携等の概要）主に当社商品のお客様です。（定量的な保有効果）(注),,61350
E01946,ファナック株式会社,69540,2025-03-31,000,株式会社岡本工作機械製作所,61250,94000,352.0,（保有目的）取引関係の維持・発展のため（業務提携等の概要）同社グループは、主に当社商品のお客様かつ当社事業に必要な部品の購入先です。（定量的な保有効果）(注),,61250
E01946,ファナック株式会社,69540,2025-03-31,000,株式会社シーイーシー,96920,120000,279.0,（保有目的）取引関係の維持・発展のため（業務提携等の概要）主に当社事業に必要なソフトウェアの開発業務の委託先です。（定量的な保有効果）(注),,96920
E01946,ファナック株式会社,69540,2025-03-31,000,黒田精工株式会社,77260,196800,195.0,（保有目的）取引関係の維持・発展のため（業務提携等の概要）主に当社商品のお客様です。（定量的な保有効果）(注),,77260
E01946,ファナック株式会社,69540,2025-03-31,000,株式会社ハーモニック・ドライブ・システムズ,63240,6500,21.0,（保有目的）当社商品の重要部品の安定購入を確保するため（業務提携等の概要）主に当社事業に必要な部品の購入先です。（定量的な保有効果）(注),,63240
E03516,Ｊ．フロント　リテイリング株式会社,30860,2024-02-29,000,株式会社御園座,96640,12000,22.0,N/A,,96640
E03516,Ｊ．フロント　リテイリング株式会社,30860,2024-02-29,000,東邦瓦斯株式会社,95330,12000,22.0,N/A,,95330
E03516,Ｊ．フロント　リテイリング株式会社,30860,2024-02-29,000,中部日本放送株式会社,94020,568205,402.0,N/A,,94020
E03516,Ｊ．フロント　リテイリング株式会社,30860,2024-02-29,000,株式会社御園座,96640,200000,378.0,N/A,,96640
E03516,Ｊ．フロント　リテイリング株式会社,30860,2024-02-29,000,ANAホールディングス株式会社※１,,41100,134.0,N/A,,
E03516,Ｊ．フロント　リテイリング株式会社,30860,2024-02-29,000,名港海運株式会社※１,,70903,108.0,N/A,,
E03516,Ｊ．フロント　リテイリング株式会社,30860,2024-02-29,000,岡谷鋼機株式会社,74850,6600,93.0,N/A,,74850
E00113,太平電業株式会社,19680,2024-03-31,000,住友不動産株式会社,88300,352900,2045.0,当社と福利厚生施設・その他不動産紹介等の取引を行っております。取引関係の維持・強化を行い、建設事業の収益の安定および向上を目的に保有しております。,,88300
E00113,太平電業株式会社,19680,2024-03-31,000,ＭＳ＆ＡＤインシュアランスグループホールディングス株式会社,87250,149400,1215.0,当社と各種損害保険の取引を行っております。主要取引保険会社として、安定的な取引関係の維持・強化を目的に保有しております。,,87250
E00113,太平電業株式会社,19680,2024-03-31,000,若築建設株式会社,18880,290700,1047.0,今後の建設工事における土建工事等、アライアンスによる事業機会創出や取引・協業関係の構築を目的に保有しております。,,18880
E00113,太平電業株式会社,19680,2024-03-31,000,株式会社東京エネシス,19450,822700,1028.0,当社の同業他社であり、情報交換を頻繁に行う等強い協力関係にあり、また直近では環境活動を共同で行っております。取引関係の維持・強化を行い、建設事業の収益の安定および向上を目的に保有しております。,,19450
E00113,太平電業株式会社,19680,2024-03-31,000,株式会社三菱ＵＦＪフィナンシャル・グループ,83060,577300,898.0,当社の資金調達面で大きな役割を果たしております。主要取引金融機関として、金融取引の円滑化を目的に保有しております。,,83060
E00113,太平電業株式会社,19680,2024-03-31,000,西華産業株式会社,80610,234065,867.0,当社とメーカーに関する情報提供や、発電所運転シミュレーター機器の調達等で良好な関係を構築しております。またＥＰＣ事業参入に当たり、同社より出向者を１名受け入れ、海外調達に関するノウハウについて指導いただいております。取引関係の維持・強化を行い、建設事業の収益の安定および向上を目的に保有しております。,,80610
E00113,太平電業株式会社,19680,2024-03-31,000,ニシオホールディングス株式会社,96990,223900,866.0,当社と共同で開発した機材管理システムの運用、また本業の重機等のリースを主とした多くの取引を行っております。取引関係の維持・強化を行い、建設事業の収益の安定および向上を目的に保有しております。,,96990
E00113,太平電業株式会社,19680,2024-03-31,000,新日本空調株式会社,19520,242800,841.0,原子力発電所向けの技術を数多く保有しており、機器供給実績も多数あることから、当社がＥＰＣ事業に進出するにあたり、空調設備等の設計や工事に関しての事業機会創出や取引・協業関係の構築を目的に保有しております。,,19520
E00113,太平電業株式会社,19680,2024-03-31,000,日機装株式会社,63760,581121,748.0,ポンプ技術に優れており、発電所向けの供給実績も多数あることから、当社がＥＰＣ事業に進出するにあたり、ポンプ調達における事業機会創出や取引・協業関係の構築を目的に保有しております。,,63760
E00113,太平電業株式会社,19680,2024-03-31,000,株式会社ナガワ,96630,70300,556.0,当社と仮設ハウスやユニック車の販売・レンタルの取引を行っております。取引関係の維持・強化を行い、建設事業の収益の安定および向上を目的に保有しております。,,96630
E00113,太平電業株式会社,19680,2024-03-31,000,西川計測株式会社,75000,62000,429.0,純水装置の監視システムやボイラー制御など幅広い制御に対応し、また監視システムや通信機器、セキュリティ装置の設計・提案も行っていることから、当社がＥＰＣ事業に進出するにあたり、技術協力関係の構築を目的に保有しております。,,75000
E00113,太平電業株式会社,19680,2024-03-31,000,丸全昭和運輸株式会社,90680,91300,427.0,国内外に多くの拠点と物流網を持っており、プラントでの物流事業実績も多いことから、当社がＥＰＣ事業に進出するにあたり、調達品の運搬等に関する事業機会の創出や取引・協業関係の構築を目的に保有しております。,,90680
E00113,太平電業株式会社,19680,2024-03-31,000,株式会社三井住友フィナンシャルグループ,83160,47246,420.0,当社のメインバンクであり、資金調達面で大きな役割を果たしております。主要取引金融機関として、金融取引の円滑化を目的に保有しております。,,83160
E00113,太平電業株式会社,19680,2024-03-31,000,北海道電力株式会社,95090,431000,362.0,当社の主力である事業用発電設備のエンドユーザーであり、当社が発電所の建設・メンテナンス工事を行っております。取引関係の維持・強化を行い、建設事業の収益の安定および向上を目的に保有しております。,,95090
E00113,太平電業株式会社,19680,2024-03-31,000,大豊建設株式会社,18220,93800,320.0,当社と外注依頼を行う等の取引を行っております。また港湾工事のケーソン技術に優れており、当社の揚重技術と組み合わせた新しい洋上風力建設工法の研究を共同で行うため、共同研究契約を締結しております。今後の建設工事における土建工事等、アライアンスによる事業機会創出や取引・協業関係の構築を目的に保有しております。,,18220
E00113,太平電業株式会社,19680,2024-03-31,000,株式会社神戸製鋼所,54060,143219,294.0,当社と発電所の建設・メンテナンス工事に関する取引を行っております。取引関係の維持・強化を行い、建設事業の収益の安定および向上を目的に保有しております。,,54060
E00113,太平電業株式会社,19680,2024-03-31,000,株式会社巴コーポレーション,19210,357100,263.0,立体構造物や総合建設工事の企画、設計、製作、施工を主な事業としております。また発電所内での建設工事にも携わっていることから、当社が　ＥＰＣ事業に進出するにあたり、協業関係の構築を目的に保有しております。,,19210
E00113,太平電業株式会社,19680,2024-03-31,000,関西電力株式会社,95030,100151,219.0,当社の主力である事業用発電設備のエンドユーザーであり、当社が発電所の建設・メンテナンス工事を行っております。取引関係の維持・強化を行い、建設事業の収益の安定および向上を目的に保有しております。,,95030
E00113,太平電業株式会社,19680,2024-03-31,000,中部電力株式会社,95020,100674,200.0,当社の主力である事業用発電設備のエンドユーザーであり、当社が発電所の建設・メンテナンス工事を行っております。取引関係の維持・強化を行い、建設事業の収益の安定および向上を目的に保有しております。,,95020
E00113,太平電業株式会社,19680,2024-03-31,000,富士電機株式会社,,19000,194.0,当社と発電所の建設・メンテナンス工事に関する取引を行っております。取引関係の維持・強化を行い、建設事業の収益の安定および向上を目的に保有しております。,,
E00113,太平電業株式会社,19680,2024-03-31,000,東京電力ホールディングス株式会社,95010,203959,192.0,当社の主力である事業用発電設備のエンドユーザーであり、当社が発電所の建設・メンテナンス工事を行っております。取引関係の維持・強化を行い、建設事業の収益の安定および向上を目的に保有しております。,,95010
E00113,太平電業株式会社,19680,2024-03-31,000,第一生命ホールディングス株式会社,87500,42400,163.0,当社と総合福祉団体定期保険等の取引を行っております。主要取引保険会社として、安定的な取引関係の維持・強化を目的保有しております。,,87500
E00113,太平電業株式会社,19680,2024-03-31,000,岩谷産業株式会社,80880,17200,146.0,当社の測定工具の点検等の取引を行っております。取引関係の維持・強化を行い、建設事業の収益の安定および向上を目的に保有しております。,,80880
E00113,太平電業株式会社,19680,2024-03-31,000,株式会社植木組,18670,66600,110.0,当社の社員寮をはじめ社有施設の建設およびメンテナンスを手がけております。最近では環境に配慮した施設の建設を実現させたことから、今後の事業促進およびＥＳＧへの取り組みにおける協業関係の構築を目的に保有しております。,,18670
E00113,太平電業株式会社,19680,2024-03-31,000,株式会社大林組,18020,54000,100.0,当社の本社ビルの建設工事および設備改修工事等を手がけております。取引関係の維持・強化を行い、建設事業の収益の安定および向上を目的に保有しております。,,18020
E00113,太平電業株式会社,19680,2024-03-31,000,極東貿易株式会社,80930,39028,80.0,リース事業を展開しており、また発電設備の関連制御装置を扱っていることから、当社がＥＰＣ事業に進出するにあたり事業機会創出や取引・協業関係の構築を目的に保有しております。,,80930
E00113,太平電業株式会社,19680,2024-03-31,000,川崎重工業株式会社,70120,15540,79.0,当社と発電所の建設・メンテナンス工事に関する取引を行っております。取引関係の維持・強化を行い、建設事業の収益の安定および向上を目的に保有しております。,,70120
E00113,太平電業株式会社,19680,2024-03-31,000,第一カッター興業株式会社,17160,38100,60.0,塗装およびコンクリート構造物の切断・穿孔工事、また工場メンテナンス工事や解体工事等を行っていることから、当社と原子力発電所における事業機会創出や取引・協業関係の構築を目的に保有しております。,,17160
E00113,太平電業株式会社,19680,2024-03-31,000,東北電力株式会社,95060,50300,60.0,当社の主力である事業用発電設備のエンドユーザーであり、当社が発電所の建設・メンテナンス工事を行っております。取引関係の維持・強化を行い、建設事業の収益の安定および向上を目的に保有しております。,,95060
E00113,太平電業株式会社,19680,2024-03-31,000,三菱重工業株式会社,70110,3187,46.0,当社と発電所の建設・メンテナンス工事に関する取引を行っております。取引関係の維持・強化を行い、建設事業の収益の安定および向上を目的に保有しております。,,70110
E00113,太平電業株式会社,19680,2024-03-31,000,中国電力株式会社,95040,37200,43.0,当社の主力である事業用発電設備のエンドユーザーであり、当社が発電所の建設・メンテナンス工事を行っております。取引関係の維持・強化を行い、建設事業の収益の安定および向上を目的に保有しております。,,95040
E00113,太平電業株式会社,19680,2024-03-31,000,保土谷化学工業株式会社,41120,11500,41.0,子会社が防水・止水工事を行っており、原子力発電所における事業機会創出や取引・協業関係の構築を目的に保有しております。,,41120
E00113,太平電業株式会社,19680,2024-03-31,000,株式会社めぶきフィナンシャルグループ,71670,81900,41.0,当社の資金調達面や地方の情報収集といった面において協力的な関係を構築しております。主要取引金融機関として、金融取引の円滑化を目的に保有しております。,,71670
E00113,太平電業株式会社,19680,2024-03-31,000,九州電力株式会社,95080,23800,32.0,当社の主力である事業用発電設備のエンドユーザーであり、当社が発電所のメンテナンス工事を行っております。取引関係の維持・強化を行い、建設事業の収益の安定および向上を目的に保有しております。,,95080
E00113,太平電業株式会社,19680,2024-03-31,000,株式会社千葉銀行,83310,24000,30.0,当社の資金調達面や地方の情報収集といった面において協力的な関係を構築しております。主要取引金融機関として、金融取引の円滑化を目的に保有しております。,,83310
E00113,太平電業株式会社,19680,2024-03-31,000,エア・ウォーター株式会社,40880,10800,25.0,当社とプラントのメンテナンス工事に関する取引を行っております。取引関係の維持・強化を行い、建設事業の収益の安定および向上を目的に保有しております。,,40880
E00113,太平電業株式会社,19680,2024-03-31,000,イーレックス株式会社,95170,35900,24.0,当社の主力である事業用発電設備のエンドユーザーであり、当社がバイオマス発電所の建設・メンテナンス工事を行っております。取引関係の維持・強化を行い、建設事業の収益の安定および向上を目的に保有しております。,,95170
E00113,太平電業株式会社,19680,2024-03-31,000,電源開発株式会社,95130,10000,24.0,当社の主力である事業用発電設備のエンドユーザーであり、当社が発電所の建設・メンテナンス工事を行っております。取引関係の維持・強化を行い、建設事業の収益の安定および向上を目的に保有しております。,,95130
E00113,太平電業株式会社,19680,2024-03-31,000,北陸電力株式会社,95050,21100,16.0,当社の主力である事業用発電設備のエンドユーザーであり、当社が発電所の建設・メンテナンス工事を行っております。取引関係の維持・強化を行い、建設事業の収益の安定および向上を目的に保有しております。,,95050
E00113,太平電業株式会社,19680,2024-03-31,000,富士古河Ｅ＆Ｃ株式会社,,2600,15.0,当社と発電所の建設・メンテナンス工事に関する取引を行っております。取引関係の維持・強化を行い、建設事業の収益の安定および向上を目的に保有しております。,,
E00113,太平電業株式会社,19680,2024-03-31,000,ＪＦＥホールディングス株式会社,54110,5400,13.0,当社と発電所の建設・メンテナンス工事に関する取引を行っております。取引関係の維持・強化を行い、建設事業の収益の安定および向上を目的に保有しております。,,54110
E00113,太平電業株式会社,19680,2024-03-31,000,四国電力株式会社,95070,11200,13.0,当社の主力である事業用発電設備のエンドユーザーであり、当社が発電所のメンテナンス工事を行っております。取引関係の維持・強化を行い、建設事業の収益の安定および向上を目的に保有しております。,,95070
E00113,太平電業株式会社,19680,2024-03-31,000,大王製紙株式会社,38800,10000,11.0,当社とプラントのメンテナンス工事に関する取引を行っております。取引関係の維持・強化を行い、建設事業の収益の安定および向上を目的に保有しております。,,38800
E00113,太平電業株式会社,19680,2024-03-31,000,株式会社ＩＨＩ,70130,2700,11.0,当社と発電所の建設・メンテナンス工事に関する取引を行っております。取引関係の維持・強化を行い、建設事業の収益の安定および向上を目的に保有しております。,,70130
E00113,太平電業株式会社,19680,2024-03-31,000,日本製紙株式会社,38630,4874,5.0,当社とプラントのメンテナンス工事に関する取引を行っております。取引関係の維持・強化を行い、建設事業の収益の安定および向上を目的に保有しております。なお、取引先持株会加入により保有株式数が増加しております。,,38630
E04093,富士急行株式会社,90100,2025-03-31,000,スルガ銀行㈱,83580,1111167,1493408.0,(a)静岡エリアにおける安定的な金融取引や情報収集等、協力関係の構築。契約バス輸送等の営業取引の維持・強化。(b)8.03％(c)－,,83580
E04093,富士急行株式会社,90100,2025-03-31,000,㈱山梨中央銀行,83600,531536,1146523.0,(a)山梨エリアにおける安定的な金融取引や情報収集等、協力関係の構築。(b)8.75％(c)－,,83600
E04093,富士急行株式会社,90100,2025-03-31,000,住友不動産㈱,88300,128700,719819.0,(a)同社関連ビルへの契約バス輸送等、営業取引の維持・強化。当社不動産事業の価値向上に資する不動産情報の収集等、協力関係の構築。(b)8.32％(c)－,,88300
E04093,富士急行株式会社,90100,2025-03-31,000,㈱ＮＳＤ,97590,140300,469163.0,(a)システム・ソフト開発や情報サービス分野での情報収集等、協力関係の構築。(b)27.35％(c)－,,97590
E04093,富士急行株式会社,90100,2025-03-31,000,㈱ＴＡＫＡＲＡ＆ＣＯＭＰＡＮＹ,,89000,293700.0,(a)ディスクロージャー関連情報の収集等、協力関係の構築。(b)9.76％(c)－,,
E04093,富士急行株式会社,90100,2025-03-31,000,みずほリース㈱,84250,250000,260750.0,(a)当社各事業における安定的なリース取引や金融情報の収集等、協力関係の構築。(b)27.78％(c)－,,84250
E04093,富士急行株式会社,90100,2025-03-31,000,リオン㈱,,88300,216864.0,(a)遊戯機械探傷機器等の導入や安全確保に関する情報収集等、協力関係の構築。(b)8.21％(c)－,,
E04093,富士急行株式会社,90100,2025-03-31,000,㈱松屋,82370,200000,212800.0,(a)ＣＳ向上に資する情報収集や備品の購入等、協力関係の構築。(b)1.23％(c)－,,82370
E04093,富士急行株式会社,90100,2025-03-31,000,極東開発工業㈱,72260,66400,157301.0,(a)廃棄物処理業における機械式ごみ収集車等の導入や特装車両に関する情報収集等、協力関係の構築。(b)17.53％(c)－,,72260
E04093,富士急行株式会社,90100,2025-03-31,000,阪和興業㈱,80780,27200,133008.0,(a)当社事業への広告協賛等の営業取引の維持・強化。海外遊戯機械メーカー代理店である同社への発注取引や情報収集等、協力関係の構築。(b)16.81％(c)－,,80780
E04093,富士急行株式会社,90100,2025-03-31,000,㈱モスフードサービス,81530,31200,114192.0,(a)同社の展開するフードチェーン店とのテナント契約等、営業取引の維持・強化。(b)4.25％(c)－,,81530
E04093,富士急行株式会社,90100,2025-03-31,000,松井建設㈱,18100,121000,107690.0,(a)建設業を営む同社との情報交換等、協力関係の構築。(b)8.49％(c)－,,18100
E04093,富士急行株式会社,90100,2025-03-31,000,㈱ミライト・ワン,14170,42000,91476.0,(a)情報通信機器等の導入や情報通信分野での情報収集等、協力関係の構築。(b)11.61％(c)－,,14170
E04093,富士急行株式会社,90100,2025-03-31,000,㈱共和電業,68530,125000,58750.0,(a)バス安全訓練車システムの導入や当社運輸事業の安全性の向上に資する情報収集等、協力関係の構築。(b)2.52％(c)－,,68530
E04093,富士急行株式会社,90100,2025-03-31,000,㈱稲葉製作所,34210,34800,58568.0,(a)各事業所への物置設置やオフィス家具等に関する情報収集等、協力関係の構築。(b)3.98％(c)－,,34210
E04093,富士急行株式会社,90100,2025-03-31,000,東京汽船㈱,91930,74000,56314.0,(a)旅客船事業を営む同社との情報交換等、協力関係の構築。(b)2.95％(c)－,,91930
E04093,富士急行株式会社,90100,2025-03-31,000,㈱ヤクルト本社,22670,19400,55367.0,(a)飲料商品の安定的な仕入取引の維持・強化や情報収集等、協力関係の構築。(b)2.46％(c)－,,22670
E04093,富士急行株式会社,90100,2025-03-31,000,ビーブイゼットホールディング,,157,25634.0,(a)傘下のマッターホルン・ゴッタルド鉄道との姉妹鉄道提携関係の維持・強化。当社鉄道事業の発展に資する人材交流や情報交換等、協力関係の構築。(b)7.74％(c)－,,
E04093,富士急行株式会社,90100,2025-03-31,000,㈱みずほフィナンシャルグループ,84110,5952,24111.0,(a)傘下のみずほ銀行は当社のメインバンク。銀行・信託・証券等専門分野での安定的かつ幅広い金融取引や情報収集等、協力関係の構築。(b)22.70％(c)－,,84110
E04093,富士急行株式会社,90100,2025-03-31,000,東海汽船㈱,91730,5000,14570.0,(a)港運営受託等の営業取引の維持・強化や、旅客船事業を営む同社との情報交換等、協力関係の構築。(b)24.79％(c)－,,91730
E04093,富士急行株式会社,90100,2025-03-31,000,小田急電鉄㈱,90070,2000,2956.0,(a)首都圏で鉄道・バス事業等を営む同社との情報交換等、協力関係の構築。(b)700.08％(c)－,,90070
E04093,富士急行株式会社,90100,2025-03-31,000,㈱三菱ＵＦＪフィナンシャル・グループ,83060,1200,2413.0,(a)銀行・信託・証券等専門分野での安定的かつ幅広い金融取引や情報収集等、協力関係の構築。(b)23.99％(c)－,,83060
E02722,北恵株式会社,98720,2024-11-20,000,ニチハ㈱,79430,33000,97218.0,主に、外壁材等の仕入を行っており事業活動の円滑化及び中長期的な企業価値の向上を図るため保有しております。,,79430
E02722,北恵株式会社,98720,2024-11-20,000,アイカ工業㈱,42060,10000,33410.0,N/A,,42060
E02722,北恵株式会社,98720,2024-11-20,000,住友不動産㈱,88300,7000,32781.0,主に、外構工事等の売上を行っており安定的取引の強化及び事業活動の円滑化、並びに中長期的な企業価値の向上を図るため保有しております。,,88300
E02722,北恵株式会社,98720,2024-11-20,000,永大産業㈱,78220,100000,21300.0,主に、内装建材等の仕入を行っており事業活動の円滑化及び中長期的な企業価値の向上を図るため保有しております。,,78220
E02722,北恵株式会社,98720,2024-11-20,000,㈱ノーリツ,77440,11300,19379.0,主に、給湯器等の仕入を行っており事業活動の円滑化及び中長期的な企業価値の向上を図るため保有しております。,,77440
E02722,北恵株式会社,98720,2024-11-20,000,㈱三菱ＵＦＪフィナンシャル・グループ,83060,9980,18123.0,日々の業務支援実績及び円滑な資金調達などの財務面での安全性・安定性を高めるため保有しております。,,83060
E02722,北恵株式会社,98720,2024-11-20,000,㈱ヤマダホールディングス,98310,19840,9247.0,N/A,,98310
E02722,北恵株式会社,98720,2024-11-20,000,飯田グループホールディングス㈱,32910,4000,8796.0,主に、住宅設備機器等の販売を行っており安定的取引の強化及び事業活動の円滑化、並びに中長期的な企業価値の向上を図るため保有しております。,,32910
E02722,北恵株式会社,98720,2024-11-20,000,㈱ＬＩＸＩＬ,59380,4598,8101.0,主に、住宅設備機器等の仕入を行っており事業活動の円滑化及び中長期的な企業価値の向上を図るため保有しております。,,59380
E02722,北恵株式会社,98720,2024-11-20,000,㈱りそなホールディングス,83080,3350,4088.0,日々の業務支援実績及び円滑な資金調達などの財務面での安全性・安定性を高めるため保有しております。,,83080
E02722,北恵株式会社,98720,2024-11-20,000,㈱ナガワ,96630,100,662.0,主に、外壁材等の販売を行っており安定的取引の強化及び事業活動の円滑化、並びに中長期的な企業価値の向上を図るため保有しておりますが、必要最低限の僅少な投資額で株式を保有しております。,,96630
E01643,株式会社日阪製作所,62470,2025-03-31,000,因幡電機産業㈱,99340,636968,2420.0,取引関係の維持・発展のために保有しており、熱交換器事業及びプロセスエンジニアリング事業にて取引を行っております。,,99340
E01643,株式会社日阪製作所,62470,2025-03-31,000,㈱酉島製作所,63630,619900,1266.0,取引関係の維持・発展のために保有しており、プロセスエンジニアリング事業にて取引を行っております。,,63630
E01643,株式会社日阪製作所,62470,2025-03-31,000,新日本空調㈱,19520,569400,994.0,取引関係の維持・発展のために保有しており、熱交換器事業にて取引を行っております。なお、同社は2024年3月31日付で１株につき２株の割合で株式分割を実施しております。,,19520
E01643,株式会社日阪製作所,62470,2025-03-31,000,㈱三菱ＵＦＪフィナンシャル・グループ,83060,478640,962.0,取引関係の維持・発展のために保有しており、金融取引等を行っております。,,83060
E01643,株式会社日阪製作所,62470,2025-03-31,000,ダイキン工業㈱,63670,50000,807.0,取引関係の維持・発展のために保有しており、熱交換器事業及びバルブ事業にて取引を行っております。コーポレートガバナンス・コードに基づく政策保有株式の見直しによる資産効率向上を図るため、当事業年度に一部株式を売却しております。,,63670
E01643,株式会社日阪製作所,62470,2025-03-31,000,㈱タクマ,60130,344000,631.0,取引関係の維持・発展のために保有しており、熱交換器事業にて取引を行っております。,,60130
E01643,株式会社日阪製作所,62470,2025-03-31,000,東テク㈱,99600,246000,599.0,取引関係の維持・発展のために保有しており、熱交換器事業、プロセスエンジニアリング事業及びバルブ事業にて取引を行っております。なお、同社は2024年3月31日付で１株につき３株の割合で株式分割を実施しております。,,99600
E01643,株式会社日阪製作所,62470,2025-03-31,000,ハウス食品グループ本社㈱,28100,196500,535.0,取引関係の維持・発展のために保有しており、熱交換器事業、プロセスエンジニアリング事業及びバルブ事業にて取引を行っております。,,28100
E01643,株式会社日阪製作所,62470,2025-03-31,000,ゼリア新薬工業㈱,45590,210000,473.0,取引関係の維持・発展のために保有しており、熱交換器事業にて取引を行っております。,,45590
E01643,株式会社日阪製作所,62470,2025-03-31,000,日本毛織㈱,32010,267000,414.0,取引関係の維持・発展のために保有しており、プロセスエンジニアリング事業にて取引を行っております。,,32010
E01643,株式会社日阪製作所,62470,2025-03-31,000,ロート製薬㈱,45270,154800,346.0,取引関係の維持・発展のために保有しており、プロセスエンジニアリング事業にて取引を行っております。,,45270
E01643,株式会社日阪製作所,62470,2025-03-31,000,㈱PILLAR,,100840,335.0,取引関係の維持・発展のために保有しており、熱交換器事業、プロセスエンジニアリング事業及びバルブ事業にて取引を行っております。,,
E01643,株式会社日阪製作所,62470,2025-03-31,000,㈱名村造船所,70140,140100,320.0,取引関係の維持・発展のために保有しており、熱交換器事業にて取引を行っております。,,70140
E01643,株式会社日阪製作所,62470,2025-03-31,000,日本製鉄㈱,54010,100000,319.0,取引関係の維持・発展のために保有しており、熱交換器事業、プロセスエンジニアリング事業及びバルブ事業にて取引を行っております。,,54010
E01643,株式会社日阪製作所,62470,2025-03-31,000,小松マテーレ㈱,35800,383500,301.0,取引関係の維持・発展のために保有しており、プロセスエンジニアリング事業にて取引を行っております。,,35800
E01643,株式会社日阪製作所,62470,2025-03-31,000,㈱進和,76070,60500,175.0,取引関係の維持・発展のために保有しており、熱交換器事業にて取引を行っております。,,76070
E01643,株式会社日阪製作所,62470,2025-03-31,000,㈱テクノスマート,62460,95000,158.0,取引関係の維持・発展のために保有しており、プロセスエンジニアリング事業にて取引を行っております。,,62460
E01643,株式会社日阪製作所,62470,2025-03-31,000,レイズネクスト㈱,63790,98700,149.0,取引関係の維持・発展のために保有しており、熱交換器事業及びバルブ事業にて取引を行っております。,,63790
E01643,株式会社日阪製作所,62470,2025-03-31,000,エスペック㈱,68590,46200,110.0,取引関係の維持・発展のために保有しており、熱交換器事業にて取引を行っております。,,68590
E01643,株式会社日阪製作所,62470,2025-03-31,000,旭松食品㈱,29110,42600,98.0,取引関係の維持・発展のために保有しており、プロセスエンジニアリング事業にて取引を行っております。,,29110
E01643,株式会社日阪製作所,62470,2025-03-31,000,セーレン㈱,35690,28166,69.0,取引関係の維持・発展のために保有しており、プロセスエンジニアリング事業にて取引を行っております。なお、株式数の増加理由は、取引先持株会での株式取得によるものであります。,,35690
E01643,株式会社日阪製作所,62470,2025-03-31,000,古林紙工㈱,39440,19100,39.0,取引関係の維持・発展のために保有しておりますが、取引状況等を勘案し、保有の継続を検討しております。,,39440
E01643,株式会社日阪製作所,62470,2025-03-31,000,㈱ソトー,35710,48000,32.0,取引関係の維持・発展のために保有しており、プロセスエンジニアリング事業にて取引を行っております。,,35710
E01643,株式会社日阪製作所,62470,2025-03-31,000,モリテックスチール㈱,59860,100000,17.0,取引関係の維持・発展のために保有しておりますが、取引状況等を勘案し、保有の継続を検討しております。,,59860
E01643,株式会社日阪製作所,62470,2025-03-31,000,㈱カネカ,41180,2499,9.0,取引関係の維持・発展のために保有しており、熱交換器事業、プロセスエンジニアリング事業及びバルブ事業にて取引を行っております。なお、株式数の増加理由は、取引先持株会での株式取得によるものであります。,,41180
E32951,株式会社日宣,65430,2025-02-28,000,株式会社光陽社,79460,800,1166.0,取引関係維持強化に加え、印刷業界の動向や経営環境等の把握のために保有しております。定量的な保有効果について記載が困難なため、前述のaに基づいて検証しています。,,79460
E01408,日本製罐株式会社,59050,2024-03-31,000,日本ペイントホールディングス㈱,46120,1233258,1323902.0,取引関係の維持、強化のため、同社株式を保有しております。取引先持株会を通じた株式の取得をしておりますが、当事業年度において一部株式を売却しております。,,46120
E01408,日本製罐株式会社,59050,2024-03-31,000,明治ホールディングス㈱,22690,232224,786310.0,取引関係の維持、強化のため、同社株式を保有しております。当事業年度において一部株式を売却しております。,,22690
E01408,日本製罐株式会社,59050,2024-03-31,000,㈱ＡＤＥＫＡ,44010,46084,148577.0,取引関係の維持、強化のため、同社株式を保有しております。取引先持株会を通じた株式の取得により、株式数が増加しております。,,44010
E01408,日本製罐株式会社,59050,2024-03-31,000,㈱みずほフィナンシャルグループ,84110,39700,120926.0,金融取引や事業情報収集等、良好な取引関係の維持、強化のため同社株式を保有しております。,,84110
E01408,日本製罐株式会社,59050,2024-03-31,000,昭和産業㈱,20040,31804,111316.0,取引関係の維持、強化のため、同社株式を保有しております。取引先持株会を通じた株式の取得により、株式数が増加しております。,,20040
E01408,日本製罐株式会社,59050,2024-03-31,000,大日精化工業㈱,41160,8746,26106.0,取引関係の維持、強化のため、同社株式を保有しております。,,41160
E01408,日本製罐株式会社,59050,2024-03-31,000,藤倉化成㈱,46200,33000,15840.0,取引関係の維持、強化のため、同社株式を保有しております。,,46200
E01408,日本製罐株式会社,59050,2024-03-31,000,ＤＩＣ㈱,46310,2969,8574.0,取引関係の維持、強化のため、同社株式を保有しております。,,46310
E01408,日本製罐株式会社,59050,2024-03-31,000,群栄化学工業㈱,42290,2128,8196.0,取引関係の維持、強化のため、同社株式を保有しております。取引先持株会を通じた株式の取得により、株式数が増加しております。,,42290
E01408,日本製罐株式会社,59050,2024-03-31,000,日本製鉄㈱,54010,1908,6998.0,取引関係の維持、強化のため、同社株式を保有しております。,,54010
E01408,日本製罐株式会社,59050,2024-03-31,000,大伸化学㈱,46290,3000,4650.0,取引関係の維持、強化のため、同社株式を保有しております。,,46290
E01408,日本製罐株式会社,59050,2024-03-31,000,アトミクス㈱,46250,6000,4278.0,取引関係の維持、強化のため、同社株式を保有しております。,,46250
E01408,日本製罐株式会社,59050,2024-03-31,000,関西ペイント㈱,46130,1047,2278.0,取引関係の維持、強化のため、同社株式を保有しております。,,46130
E01408,日本製罐株式会社,59050,2024-03-31,000,㈱レゾナック・ホールディングス,40040,90,326.0,取引関係の維持、強化のため、同社株式を保有しております。,,40040
E01408,日本製罐株式会社,59050,2024-03-31,000,神東塗料㈱,46150,1000,132.0,取引関係の維持、強化のため、同社株式を保有しております。,,46150
E05065,株式会社ニットー,17380,2025-03-31,000,東邦瓦斯(株),95330,11600,47977.0,当社の主要取引先であり、当社の主要な営業エリアである東海地区を中心として地域経済との関連性が強く、また、当社グループの主要得意先、設備機器の主要仕入先、また、ガス事業関連の業界動向や技術情報の提供先として、企業価値向上のため、さまざまな役割を担っていただいております。今後も同社との長期的で安定的な取引の維持を目的としております。,,95330
E05065,株式会社ニットー,17380,2025-03-31,000,(株)あいちフィナンシャルグループ,73890,6660,19020.0,当社の主要取引金融機関であり、当社の主要な営業エリアである東海地区を中心として地域経済との関連性が強く、また、当社グループの企業価値向上のため、資金調達、人材斡旋、不動産情報提供など、さまざまな役割を担っていただいております。今後も同行との長期的で安定的な取引の維持を目的としております。,,73890
E05065,株式会社ニットー,17380,2025-03-31,000,(株)三菱ＵＦＪフィナンシャル・グループ,83060,8840,17777.0,当社の主要取引金融機関であり、国内外の経済圏で事業展開しており、当社グループの営業エリアである東海地区以外でも地域経済と関連性が強く、また、企業価値向上のため、資金調達、人材斡旋、不動産情報など、情報量を最大限に利用して、さまざまな役割を担っていただいております。今後も同行との長期的で安定的な取引の維持を目的としております。,,83060
E05065,株式会社ニットー,17380,2025-03-31,000,(株)大垣共立銀行,83610,1400,3326.0,当社の主要取引金融機関であり、当社の主要な営業エリアである東海地区を中心として地域経済との関連性が強く、また、当社グループの企業価値向上のため、資金調達、取引先斡旋など、さまざまな役割を担っていただいております。今後も同行との長期的で安定的な取引の維持を目的としております。,,83610
E05065,株式会社ニットー,17380,2025-03-31,000,(株)名古屋銀行,85220,100,787.0,当社の主要取引金融機関であり、当社の主要な営業エリアである東海地区を中心として地域経済との関連性が強く、また、当社グループの企業価値向上のため、資金調達、取引先斡旋など、さまざまな役割を担っていただいております。今後も同行との長期的で安定的な取引の維持を目的としております。,,85220
E00304,株式会社　オーテック,17360,2025-03-31,000,新日本空調株式会社,19520,291912,509678.0,環境システム事業における空調自動制御工事の受注活動及び管工機材事業における資機材の販売活動を円滑に進める目的から株式を保有しております。上記の目的から持株会で買付を行い前事業年度に比べて株式数が増加いたしました。また、株式分割により前事業年度に比べて株式数が増加しました。,,19520
E00304,株式会社　オーテック,17360,2025-03-31,000,株式会社朝日工業社,19750,204851,397821.0,環境システム事業における空調自動制御工事の受注活動及び管工機材事業における資機材の販売活動を円滑に進める目的から株式を保有しております。上記の目的から持株会で買付を行い前事業年度に比べて株式数が増加いたしました。また、株式分割により前事業年度に比べて株式数が増加しました。,,19750
E00304,株式会社　オーテック,17360,2025-03-31,000,株式会社ヤマト,19670,239058,354046.0,環境システム事業における空調自動制御工事の受注活動及び管工機材事業における資機材の販売活動を円滑に進める目的から株式を保有しております。また、上記の目的から持株会で買付を行い前事業年度に比べて株式数が増加いたしました。,,19670
E00304,株式会社　オーテック,17360,2025-03-31,000,高砂熱学工業株式会社,19690,62826,348814.0,環境システム事業における空調自動制御工事の受注活動及び管工機材事業における資機材の販売活動を円滑に進める目的から株式を保有しております。また、上記の目的から持株会で買付を行い前事業年度に比べて株式数が増加いたしました。,,19690
E00304,株式会社　オーテック,17360,2025-03-31,000,三機工業株式会社,19610,78828,266046.0,環境システム事業における空調自動制御工事の受注活動及び管工機材事業における資機材の販売活動を円滑に進める目的から株式を保有しております。また、上記の目的から持株会で買付を行い前事業年度に比べて株式数が増加いたしました。,,19610
E00304,株式会社　オーテック,17360,2025-03-31,000,ダイダン株式会社,19800,64873,240679.0,環境システム事業における空調自動制御工事の受注活動及び管工機材事業における資機材の販売活動を円滑に進める目的から株式を保有しております。また、上記の目的から持株会で買付を行い前事業年度に比べて株式数が増加いたしました。,,19800
E00304,株式会社　オーテック,17360,2025-03-31,000,株式会社テクノ菱和,19650,89778,235579.0,環境システム事業における空調自動制御工事の受注活動及び管工機材事業における資機材の販売活動を円滑に進める目的から株式を保有しております。また、上記の目的から持株会で買付を行い前事業年度に比べて株式数が増加いたしました。,,19650
E00304,株式会社　オーテック,17360,2025-03-31,000,大成温調株式会社,19040,58600,216820.0,環境システム事業における空調自動制御工事の受注活動及び管工機材事業における資機材の販売活動を円滑に進める目的から株式を保有しております。また、上記の目的から持株会で買付を行い前事業年度に比べて株式数が増加いたしました。,,19040
E00304,株式会社　オーテック,17360,2025-03-31,000,川崎設備工業株式会社,17770,200373,190355.0,環境システム事業における空調自動制御工事の受注活動及び管工機材事業における資機材の販売活動を円滑に進める目的から株式を保有しております。また、上記の目的から持株会で買付を行い前事業年度に比べて株式数が増加いたしました。,,17770
E00304,株式会社　オーテック,17360,2025-03-31,000,株式会社大気社,19790,27594,126163.0,環境システム事業における空調自動制御工事の受注活動及び管工機材事業における資機材の販売活動を円滑に進める目的から株式を保有しております。また、上記の目的から持株会で買付を行い前事業年度に比べて株式数が増加いたしました。,,19790
E00304,株式会社　オーテック,17360,2025-03-31,000,日比谷総合設備株式会社,19820,18942,59193.0,環境システム事業における空調自動制御工事の受注活動及び管工機材事業における資機材の販売活動を円滑に進める目的から株式を保有しております。,,19820
E00304,株式会社　オーテック,17360,2025-03-31,000,橋本総業ホールディングス株式会社,75700,36300,43596.0,管工機材事業における、資機材の仕入れ活動及び販売活動を円滑に進めるほか、営業業務提携契約に基づく配送の協働化など関係強化の目的から株式を保有しております。,,75700
E00304,株式会社　オーテック,17360,2025-03-31,000,株式会社三菱ＵＦＪフィナンシャル・グループ,83060,15000,30165.0,資金調達を行う上で円滑に取引を進める目的から株式を保有しております。,,83060
E00304,株式会社　オーテック,17360,2025-03-31,000,株式会社コンコルディア・フィナンシャルグループ,71860,30296,29726.0,資金調達を行う上で円滑に取引を進める目的から株式を保有しております。,,71860
E00304,株式会社　オーテック,17360,2025-03-31,000,アズビル株式会社,68450,24000,27636.0,環境システム事業の特約店として円滑に取引を進める目的から株式を保有しております。また、株式分割により前事業年度に比べて株式数が増加しました。,,68450
E00304,株式会社　オーテック,17360,2025-03-31,000,日本空調サービス株式会社,46580,24000,23880.0,環境システム事業における空調自動制御工事の受注活動を円滑に進める目的から株式を保有しております。,,46580
E00304,株式会社　オーテック,17360,2025-03-31,000,株式会社みずほフィナンシャルグループ,84110,3680,14907.0,資金調達を行う上で円滑に取引を進める目的から株式を保有しております。,,84110
E00304,株式会社　オーテック,17360,2025-03-31,000,株式会社荏原製作所,63610,1435,3225.0,管工機材事業における資機材の仕入れ活動を円滑に進める目的から株式を保有しております。また、株式分割により前事業年度に比べて株式数が増加しました。,,63610
E01902,ＫＯＡ株式会社,69990,2024-03-31,000,㈱小糸製作所,72760,525000,1330.0,(保有目的)取引関係等の安定化・強化のため(業務提携等の概要)当社製品の販売の維持・強化(定量的な保有効果)(注)３,,72760
E01902,ＫＯＡ株式会社,69990,2024-03-31,000,㈱FUJI,,88548,236.0,(保有目的)取引関係等の安定化・強化のため(業務提携等の概要)当社製品の販売の維持・強化(定量的な保有効果)(注)３,,
E01902,ＫＯＡ株式会社,69990,2024-03-31,000,アルプスアルパイン㈱,67700,132536,158.0,(保有目的)取引関係等の安定化・強化のため(業務提携等の概要)当社製品の販売の維持・強化(定量的な保有効果)(注)３,,67700
E01902,ＫＯＡ株式会社,69990,2024-03-31,000,ニデック㈱,,21168,129.0,(保有目的)取引関係等の安定化・強化のため(業務提携等の概要)当社製品の販売の維持・強化(定量的な保有効果)(注)３,,
E01902,ＫＯＡ株式会社,69990,2024-03-31,000,SOMPOホールディングス㈱,,34903,111.0,(保有目的)取引関係等の安定化・強化のため(定量的な保有効果)(注)３,,
E01902,ＫＯＡ株式会社,69990,2024-03-31,000,㈱八十二銀行(注)４,,275295,286.0,(保有目的)取引金融機関としての取引の円滑化を図るため(定量的な保有効果)(注)３,,
E01902,ＫＯＡ株式会社,69990,2024-03-31,000,岡谷電機産業㈱,69260,256000,70.0,(保有目的)取引関係等の安定化・強化のため(業務提携等の概要)当社製品の販売の維持・強化(定量的な保有効果)(注)３,,69260
E01902,ＫＯＡ株式会社,69990,2024-03-31,000,㈱三菱UFJフィナンシャル・グループ,,197000,306.0,(保有目的)取引金融機関としての取引の円滑化を図るため(定量的な保有効果)(注)３,,
E01902,ＫＯＡ株式会社,69990,2024-03-31,000,㈱日立製作所,65010,21000,292.0,(保有目的)取引関係等の安定化・強化のため(業務提携等の概要)当社製品の販売の維持・強化(定量的な保有効果)(注)３,,65010
E01902,ＫＯＡ株式会社,69990,2024-03-31,000,㈱ナカヨ,,31200,36.0,(保有目的)取引関係等の安定化・強化のため(業務提携等の概要)当社製品の販売の維持・強化(定量的な保有効果)(注)３,,
E01902,ＫＯＡ株式会社,69990,2024-03-31,000,パナソニック　　 ホールディングス㈱,,37872,54.0,(保有目的)取引関係等の安定化・強化のため(業務提携等の概要)当社製品の販売の維持・強化(定量的な保有効果)(注)３,,
E01902,ＫＯＡ株式会社,69990,2024-03-31,000,㈱村田製作所,,9000,25.0,(保有目的)取引関係等の安定化・強化のため(業務提携等の概要)当社製品の販売の維持・強化(定量的な保有効果)(注)３,,
E01902,ＫＯＡ株式会社,69990,2024-03-31,000,ダイヤモンド電機㈱,,34566,25.0,(保有目的)取引関係等の安定化・強化のため(業務提携等の概要)当社製品の販売の維持・強化(定量的な保有効果)(注)３(株式数が増加した理由)持株会により増加,,
E01902,ＫＯＡ株式会社,69990,2024-03-31,000,㈱アルプス物流,,11000,32.0,(保有目的)取引関係等の安定化・強化のため(定量的な保有効果)(注)３,,
E01902,ＫＯＡ株式会社,69990,2024-03-31,000,アイホン㈱,67180,3168,9.0,(保有目的)取引関係等の安定化・強化のため(業務提携等の概要)当社製品の販売の維持・強化(定量的な保有効果)(注)３,,67180
E00570,ニチモウ株式会社,80910,2024-03-31,000,㈱ニッスイ,13320,2740000,2630.0,食品事業取引を行っており、関係強化を目的に保有しております。,,13320
E00570,ニチモウ株式会社,80910,2024-03-31,000,リケンテクノス㈱,42200,973415,977.0,資材事業取引を行っており、関係強化を目的に保有しております。,,42200
E00570,ニチモウ株式会社,80910,2024-03-31,000,東洋水産㈱,28750,97500,923.0,食品事業及び機械事業取引を行っており、関係強化を目的に保有しております。,,28750
E00570,ニチモウ株式会社,80910,2024-03-31,000,㈱みずほフィナンシャルグループ,84110,296549,903.0,金融取引を行っており、財務活動の円滑化を目的に保有しております。,,84110
E00570,ニチモウ株式会社,80910,2024-03-31,000,TOPPANホールディングス㈱,,65190,252.0,資材事業取引を行っており、関係強化を目的に保有しております。増加の理由は取引先持株会への参加による株式の配分であります。,,
E00570,ニチモウ株式会社,80910,2024-03-31,000,㈱ニチレイ,28710,53875,223.0,食品事業及び機械事業取引を行っており、関係強化を目的に保有しております。,,28710
E00570,ニチモウ株式会社,80910,2024-03-31,000,㈱極洋,13010,59500,222.0,食品事業及び海洋事業取引を行っており、関係強化を目的に保有しております。,,13010
E00570,ニチモウ株式会社,80910,2024-03-31,000,大日本印刷㈱,79120,47422,221.0,資材事業取引を行っており、関係強化を目的に保有しております。,,79120
E00570,ニチモウ株式会社,80910,2024-03-31,000,㈱大水,75380,450000,145.0,食品事業取引を行っており、関係強化を目的に保有しております。,,75380
E00570,ニチモウ株式会社,80910,2024-03-31,000,ケンコーマヨネーズ㈱,29150,32000,64.0,食品事業取引を行っており、関係強化を目的に保有しております。,,29150
E00570,ニチモウ株式会社,80910,2024-03-31,000,三井住友トラスト・ホールディングス㈱,,12450,41.0,金融取引を行っており、財務活動の円滑化を目的に保有しております。,,
E00570,ニチモウ株式会社,80910,2024-03-31,000,㈱ふくおかフィナンシャルグループ,83540,9979,40.0,金融取引を行っており、財務活動の円滑化を目的に保有しております。,,83540
E00570,ニチモウ株式会社,80910,2024-03-31,000,旭化成㈱,34070,35108,39.0,資材事業取引を行っており、関係強化を目的に保有しております。増加の理由は取引先持株会への参加による株式の配分であります。,,34070
E00570,ニチモウ株式会社,80910,2024-03-31,000,東京製綱㈱,59810,21488,31.0,海洋事業取引を行っており、関係強化を目的に保有しております。,,59810
E00570,ニチモウ株式会社,80910,2024-03-31,000,コスモ・バイオ㈱,33860,23700,24.0,事業戦略上の関係等を勘案し、良好な関係の維持・強化を図るため、継続して保有しております。,,33860
E00570,ニチモウ株式会社,80910,2024-03-31,000,ヤマエグループホールディングス㈱,71300,8100,22.0,食品事業取引を行っており、関係強化を目的に保有しております。,,71300
E00570,ニチモウ株式会社,80910,2024-03-31,000,一正蒲鉾㈱,29040,28000,21.0,機械事業取引を行っており、関係強化を目的に保有しております。,,29040
E00570,ニチモウ株式会社,80910,2024-03-31,000,ＳＯＭＰＯホールディングス㈱,86300,6350,20.0,保険取引を行っており、関係強化を目的に保有しております。,,86300
E00570,ニチモウ株式会社,80910,2024-03-31,000,㈱木曽路,81600,6655,17.0,食品事業取引を行っており、関係強化を目的に保有しております。増加の理由は取引先持株会への参加による株式の配分であります。,,81600
E00570,ニチモウ株式会社,80910,2024-03-31,000,㈱大光,85370,19483,12.0,食品事業取引を行っており、関係強化を目的に保有しております。増加の理由は取引先持株会への参加による株式の配分であります。,,85370
E00570,ニチモウ株式会社,80910,2024-03-31,000,マルハニチロ㈱,13330,2100,6.0,食品事業取引を行っており、関係強化を目的に保有しております。,,13330
E00570,ニチモウ株式会社,80910,2024-03-31,000,ユナイテッド・スーパーマーケット・ホールディングス㈱,32220,5100,5.0,食品事業取引を行っており、関係強化を目的に保有しております。,,32220
E03574,株式会社　百五銀行,83680,2024-03-31,000,トヨタ自動車株式会社,72030,35726000,135472.0,地域経済との関連性が深く、地域の成長・活性化に重要な役割を持つ同社との協力関係の維持・強化等による当行の中長期的な企業価値向上,,72030
E03574,株式会社　百五銀行,83680,2024-03-31,000,信越化学工業株式会社,40630,2592500,17069.0,保有に関する経済合理性を有し、業界内の有力企業である同社との協力関係の維持・向上を通じた、当行の中長期的な企業価値向上,,40630
E03574,株式会社　百五銀行,83680,2024-03-31,000,三菱地所株式会社,88020,4491000,12505.0,保有に関する経済合理性を有し、業界内の有力企業である同社との協力関係の維持・向上を通じた、当行の中長期的な企業価値向上,,88020
E03574,株式会社　百五銀行,83680,2024-03-31,000,ダイキン工業株式会社,63670,550000,11330.0,保有に関する経済合理性を有し、業界内の有力企業である同社との協力関係の維持・向上を通じた、当行の中長期的な企業価値向上,,63670
E03574,株式会社　百五銀行,83680,2024-03-31,000,イオン株式会社,49120,2135100,7675.0,地域経済との関連性が深く、地域の成長・活性化に重要な役割を持つ同社との協力関係の維持・強化等による当行の中長期的な企業価値向上,,49120
E03574,株式会社　百五銀行,83680,2024-03-31,000,東海旅客鉄道株式会社,90220,2000000,7452.0,地域経済との関連性が深く、地域の成長・活性化に重要な役割を持つ同社との協力関係の維持・強化等による当行の中長期的な企業価値向上（株式分割による株式数の増加）,,90220
E03574,株式会社　百五銀行,83680,2024-03-31,000,ロート製薬株式会社,45270,2000000,5934.0,当行営業エリア内に工場を有するなど、保有に関する経済合理性を有し、業界内の有力企業である同社との協力関係の維持・向上を通じた、当行の中長期的な企業価値向上,,45270
E03574,株式会社　百五銀行,83680,2024-03-31,000,株式会社デンソー,69020,1970000,5679.0,地域経済との関連性が深く、地域の成長・活性化に重要な役割を持つ同社との協力関係の維持・強化等による当行の中長期的な企業価値向上（株式分割による株式数の増加および一部売却による株式数の減少）,,69020
E03574,株式会社　百五銀行,83680,2024-03-31,000,ジャパンマテリアル株式会社,60550,2160000,5203.0,地域経済の成長・活性化に重要な役割を担う地場優良企業との協力関係の維持・強化等による当行の中長期的な企業価値向上,,60550
E03574,株式会社　百五銀行,83680,2024-03-31,000,三菱電機株式会社,65030,2000000,5024.0,保有に関する経済合理性を有し、業界内の有力企業である同社との協力関係の維持・向上を通じた、当行の中長期的な企業価値向上,,65030
E03574,株式会社　百五銀行,83680,2024-03-31,000,ＳＯＭＰＯホールディングス株式会社,86300,1507875,4810.0,業務提携を通じた協力関係の維持・強化等による当行の中長期的な企業価値向上（株式分割による株式数の増加）,,86300
E03574,株式会社　百五銀行,83680,2024-03-31,000,東京海上ホールディングス株式会社,87660,914100,4299.0,業務提携を通じた協力関係の維持・強化等による当行の中長期的な企業価値向上,,87660
E03574,株式会社　百五銀行,83680,2024-03-31,000,中部電力株式会社,95020,1872300,3724.0,地域経済との関連性が深く、地域の成長・活性化に重要な役割を持つ同社との協力関係の維持・強化等による当行の中長期的な企業価値向上,,95020
E03574,株式会社　百五銀行,83680,2024-03-31,000,株式会社三菱ＵＦＪフィナンシャル・グループ,83060,2363700,3680.0,業務提携等を通じた協力関係の維持・強化等による当行の中長期的な企業価値向上,,83060
E03574,株式会社　百五銀行,83680,2024-03-31,000,清水建設株式会社,18030,3015000,3016.0,当行の本店棟・店舗設計および施工の一部を担うなど、保有に関する経済合理性を有し、業界内の有力企業である同社との協力関係の維持・向上を通じた、当行の中長期的な企業価値向上,,18030
E03574,株式会社　百五銀行,83680,2024-03-31,000,日本碍子株式会社,53330,1391000,2837.0,地域経済との関連性が深く、地域の成長・活性化に重要な役割を持つ同社との協力関係の維持・強化等による当行の中長期的な企業価値向上,,53330
E03574,株式会社　百五銀行,83680,2024-03-31,000,三重交通グループホールディングス株式会社,32320,3987000,2511.0,地域経済の成長・活性化に重要な役割を担う地場優良企業との協力関係の維持・強化等による当行の中長期的な企業価値向上,,32320
E03574,株式会社　百五銀行,83680,2024-03-31,000,近鉄グループホールディングス株式会社,90410,556600,2477.0,地域経済との関連性が深く、地域の成長・活性化に重要な役割を持つ同社との協力関係の維持・強化等による当行の中長期的な企業価値向上,,90410
E03574,株式会社　百五銀行,83680,2024-03-31,000,東邦瓦斯株式会社,95330,623200,2158.0,地域経済との関連性が深く、地域の成長・活性化に重要な役割を持つ同社との協力関係の維持・強化等による当行の中長期的な企業価値向上,,95330
E03574,株式会社　百五銀行,83680,2024-03-31,000,株式会社大和証券グループ本社,86010,1731000,1992.0,金融関連業務における協力関係の維持・向上を通じた、当行の中長期的な企業価値向上,,86010
E03574,株式会社　百五銀行,83680,2024-03-31,000,株式会社フジクラ,58030,864000,1968.0,当行営業エリア内に工場を有するなど、保有に関する経済合理性を有し、業界内の有力企業である同社との協力関係の維持・向上を通じた、当行の中長期的な企業価値向上,,58030
E03574,株式会社　百五銀行,83680,2024-03-31,000,横浜ゴム株式会社,51010,469500,1890.0,当行営業エリア内に工場を有するなど、保有に関する経済合理性を有し、業界内の有力企業である同社との協力関係の維持・向上を通じた、当行の中長期的な企業価値向上,,51010
E03574,株式会社　百五銀行,83680,2024-03-31,000,日本トランスシティ株式会社,93100,2683000,1805.0,地域経済の成長・活性化に重要な役割を担う地場優良企業との協力関係の維持・強化等による当行の中長期的な企業価値向上。四日市港および尾鷲港の連携強化や地域貢献を目的に、同社と三重県産品の農水産物等の仲介、輸出入を担う合弁会社を設立,,93100
E03574,株式会社　百五銀行,83680,2024-03-31,000,株式会社いよぎんホールディングス,58300,1525000,1788.0,金融関連業務における協力関係の維持・向上を通じた、当行の中長期的な企業価値向上,,58300
E03574,株式会社　百五銀行,83680,2024-03-31,000,三菱商事株式会社,80580,496500,1731.0,保有に関する経済合理性を有し、業界内の有力企業である同社との協力関係の維持・向上を通じた、当行の中長期的な企業価値向上（株式分割による株式数の増加）,,80580
E03574,株式会社　百五銀行,83680,2024-03-31,000,三菱瓦斯化学株式会社,41820,662500,1715.0,当行営業エリア内に工場を有するなど、保有に関する経済合理性を有し、業界内の有力企業である同社との協力関係の維持・向上を通じた、当行の中長期的な企業価値向上,,41820
E03574,株式会社　百五銀行,83680,2024-03-31,000,株式会社島津製作所,77010,399000,1687.0,保有に関する経済合理性を有し、業界内の有力企業である同社との協力関係の維持・向上を通じた、当行の中長期的な企業価値向上,,77010
E03574,株式会社　百五銀行,83680,2024-03-31,000,住友電気工業株式会社,58020,657000,1542.0,同社子会社が当行営業エリア内に工場を有するなど、保有に関する経済合理性を有し、業界内の有力企業である同社との協力関係の維持・向上を通じた、当行の中長期的な企業価値向上,,58020
E03574,株式会社　百五銀行,83680,2024-03-31,000,井村屋グループ株式会社,22090,578500,1462.0,地域経済の成長・活性化に重要な役割を担う地場優良企業との協力関係の維持・強化等による当行の中長期的な企業価値向上,,22090
E03574,株式会社　百五銀行,83680,2024-03-31,000,株式会社日清製粉グループ本社,20020,680040,1427.0,保有に関する経済合理性を有し、業界内の有力企業である同社との協力関係の維持・向上を通じた、当行の中長期的な企業価値向上（一部売却による株式数の減少）,,20020
E03574,株式会社　百五銀行,83680,2024-03-31,000,HO CHI MINH CITY DEVELOPMENT JOINT STOCK COMMERCIAL BANK,,8449806,1282.0,当行取引先のベトナムビジネス支援のため、同行内ジャパンデスクに行員を派遣。同行との共同ビジネス展開・協力関係の強化等による当行の中長期的な企業価値向上（株式現物配当による株式数の増加）,,
E03574,株式会社　百五銀行,83680,2024-03-31,000,株式会社岡三証券グループ,86090,1569000,1281.0,金融関連業務における協力関係の維持・向上を通じた、当行の中長期的な企業価値向上,,86090
E03574,株式会社　百五銀行,83680,2024-03-31,000,東ソー株式会社,40420,621500,1281.0,当行営業エリア内に工場を有するなど、保有に関する経済合理性を有し、業界内の有力企業である同社との協力関係の維持・向上を通じた、当行の中長期的な企業価値向上,,40420
E03574,株式会社　百五銀行,83680,2024-03-31,000,株式会社パイロットコーポレーション,78460,320000,1273.0,同社子会社が当行営業エリア内に工場を有するなど、保有に関する経済合理性を有し、業界内の有力企業である同社との協力関係の維持・向上を通じた、当行の中長期的な企業価値向上,,78460
E03574,株式会社　百五銀行,83680,2024-03-31,000,マックスバリュ東海株式会社,81980,390757,1209.0,地域経済との関連性が深く、地域の成長・活性化に重要な役割を持つ同社との協力関係の維持・強化等による当行の中長期的な企業価値向上,,81980
E03574,株式会社　百五銀行,83680,2024-03-31,000,株式会社柿安本店,22940,373000,1186.0,地域経済の成長・活性化に重要な役割を担う地場優良企業との協力関係の維持・強化等による当行の中長期的な企業価値向上（追加買入による株式数の増加）増加理由：協力関係の維持・強化による当行の中長期的な企業価値向上、同社配当利回り等を勘案した収益増強,,22940
E03574,株式会社　百五銀行,83680,2024-03-31,000,住友金属鉱山株式会社,57130,257000,1178.0,保有に関する経済合理性を有し、業界内の有力企業である同社との協力関係の維持・向上を通じた、当行の中長期的な企業価値向上,,57130
E03574,株式会社　百五銀行,83680,2024-03-31,000,オリックス株式会社,85910,344000,1134.0,保有に関する経済合理性を有し、業界内の有力企業である同社との協力関係の維持・向上を通じた、当行の中長期的な企業価値向上。当行取引先の脱炭素への取組みに対する支援について業務提携を締結,,85910
E03574,株式会社　百五銀行,83680,2024-03-31,000,株式会社九州フィナンシャルグループ,71800,982350,1121.0,金融関連業務における協力関係の維持・向上を通じた、当行の中長期的な企業価値向上,,71800
E03574,株式会社　百五銀行,83680,2024-03-31,000,富士電機株式会社,,104600,1072.0,同社子会社が当行営業エリア内に工場を有するなど、保有に関する経済合理性を有し、業界内の有力企業である同社との協力関係の維持・向上を通じた、当行の中長期的な企業価値向上,,
E03574,株式会社　百五銀行,83680,2024-03-31,000,株式会社豊田自動織機,62010,66700,1043.0,地域経済との関連性が深く、地域の成長・活性化に重要な役割を持つ同社との協力関係の維持・強化等による当行の中長期的な企業価値向上,,62010
E03574,株式会社　百五銀行,83680,2024-03-31,000,岡谷鋼機株式会社,74850,60000,1014.0,地域経済との関連性が深く、地域の成長・活性化に重要な役割を持つ同社との協力関係の維持・強化等による当行の中長期的な企業価値向上,,74850
E03574,株式会社　百五銀行,83680,2024-03-31,000,株式会社ケーズホールディングス,82820,756960,1013.0,当行営業エリア内に店舗を有するなど、保有に関する経済合理性を有し、業界内の有力企業である同社との協力関係の維持・向上を通じた、当行の中長期的な企業価値向上,,82820
E03574,株式会社　百五銀行,83680,2024-03-31,000,株式会社滋賀銀行,83660,189400,794.0,金融関連業務における協力関係の維持・向上を通じた、当行の中長期的な企業価値向上,,83660
E03574,株式会社　百五銀行,83680,2024-03-31,000,住友ベークライト株式会社,42030,171200,792.0,保有に関する経済合理性を有し、業界内の有力企業である同社との協力関係の維持・向上を通じた、当行の中長期的な企業価値向上（株式分割による株式数の増加）,,42030
E03574,株式会社　百五銀行,83680,2024-03-31,000,サッポロホールディングス株式会社,25010,128000,771.0,保有に関する経済合理性を有し、業界内の有力企業である同社との協力関係の維持・向上を通じた、当行の中長期的な企業価値向上,,25010
E03574,株式会社　百五銀行,83680,2024-03-31,000,株式会社ノリタケカンパニーリミテド,,174800,749.0,地域経済との関連性が深く、地域の成長・活性化に重要な役割を持つ同社との協力関係の維持・強化等による当行の中長期的な企業価値向上（株式分割による株式数の増加）,,
E03574,株式会社　百五銀行,83680,2024-03-31,000,三井物産株式会社,80310,100000,710.0,保有に関する経済合理性を有し、業界内の有力企業である同社との協力関係の維持・向上を通じた、当行の中長期的な企業価値向上,,80310
E03574,株式会社　百五銀行,83680,2024-03-31,000,株式会社八十二銀行,83590,665000,691.0,金融関連業務における協力関係の維持・向上を通じた、当行の中長期的な企業価値向上,,83590
E03574,株式会社　百五銀行,83680,2024-03-31,000,太陽化学株式会社,29020,437800,685.0,地域経済の成長・活性化に重要な役割を担う地場優良企業との協力関係の維持・強化等による当行の中長期的な企業価値向上,,29020
E03574,株式会社　百五銀行,83680,2024-03-31,000,京阪ホールディングス株式会社,90450,200000,678.0,保有に関する経済合理性を有し、業界内の有力企業である同社との協力関係の維持・向上を通じた、当行の中長期的な企業価値向上,,90450
E03574,株式会社　百五銀行,83680,2024-03-31,000,イオンフィナンシャルサービス株式会社,85700,379500,533.0,保有に関する経済合理性を有し、業界内の有力企業である同社との協力関係の維持・向上を通じた、当行の中長期的な企業価値向上,,85700
E03574,株式会社　百五銀行,83680,2024-03-31,000,ＪＦＥホールディングス株式会社,54110,200000,508.0,保有に関する経済合理性を有し、業界内の有力企業である同社との協力関係の維持・向上を通じた、当行の中長期的な企業価値向上,,54110
E03574,株式会社　百五銀行,83680,2024-03-31,000,オーエスジー株式会社,61360,200000,437.0,地域経済との関連性が深く、地域の成長・活性化に重要な役割を持つ同社との協力関係の維持・強化等による当行の中長期的な企業価値向上,,61360
E03574,株式会社　百五銀行,83680,2024-03-31,000,富士紡ホールディングス株式会社,31040,90000,401.0,保有に関する経済合理性を有し、業界内の有力企業である同社との協力関係の維持・向上を通じた、当行の中長期的な企業価値向上,,31040
E03574,株式会社　百五銀行,83680,2024-03-31,000,三菱マテリアル株式会社,57110,128500,374.0,当行営業エリア内に工場を有するなど、保有に関する経済合理性を有し、業界内の有力企業である同社との協力関係の維持・向上を通じた、当行の中長期的な企業価値向上,,57110
E03574,株式会社　百五銀行,83680,2024-03-31,000,三菱倉庫株式会社,93010,75000,373.0,保有に関する経済合理性を有し、業界内の有力企業である同社との協力関係の維持・向上を通じた、当行の中長期的な企業価値向上,,93010
E03574,株式会社　百五銀行,83680,2024-03-31,000,株式会社ジェイテクト,64730,245700,350.0,地域経済との関連性が深く、地域の成長・活性化に重要な役割を持つ同社との協力関係の維持・強化等による当行の中長期的な企業価値向上,,64730
E03574,株式会社　百五銀行,83680,2024-03-31,000,日本精工株式会社,64710,381000,336.0,保有に関する経済合理性を有し、業界内の有力企業である同社との協力関係の維持・向上を通じた、当行の中長期的な企業価値向上,,64710
E03574,株式会社　百五銀行,83680,2024-03-31,000,株式会社ＩＨＩ,70130,79000,323.0,保有に関する経済合理性を有し、業界内の有力企業である同社との協力関係の維持・向上を通じた、当行の中長期的な企業価値向上,,70130
E03574,株式会社　百五銀行,83680,2024-03-31,000,株式会社第四北越フィナンシャルグループ,73270,70600,314.0,金融関連業務における協力関係の維持・向上を通じた、当行の中長期的な企業価値向上,,73270
E03574,株式会社　百五銀行,83680,2024-03-31,000,東亞合成株式会社,40450,194000,309.0,当行営業エリア内に工場を有するなど、保有に関する経済合理性を有し、業界内の有力企業である同社との協力関係の維持・向上を通じた、当行の中長期的な企業価値向上,,40450
E03574,株式会社　百五銀行,83680,2024-03-31,000,大同特殊鋼株式会社,54710,163500,296.0,地域経済との関連性が深く、地域の成長・活性化に重要な役割を持つ同社との協力関係の維持・強化等による当行の中長期的な企業価値向上,,54710
E03574,株式会社　百五銀行,83680,2024-03-31,000,ＴＯＹＯＴＩＲＥ株式会社,,100000,282.0,当行営業エリア内に工場を有するなど、保有に関する経済合理性を有し、業界内の有力企業である同社との協力関係の維持・向上を通じた、当行の中長期的な企業価値向上,,
E03574,株式会社　百五銀行,83680,2024-03-31,000,キクカワエンタープライズ株式会社,63460,55700,263.0,地域経済の成長・活性化に重要な役割を担う地場優良企業との協力関係の維持・強化等による当行の中長期的な企業価値向上,,63460
E03574,株式会社　百五銀行,83680,2024-03-31,000,中部日本放送株式会社,94020,355000,258.0,地域経済との関連性が深く、地域の成長・活性化に重要な役割を持つ同社との協力関係の維持・強化等による当行の中長期的な企業価値向上,,94020
E03574,株式会社　百五銀行,83680,2024-03-31,000,株式会社めぶきフィナンシャルグループ,71670,500000,255.0,金融関連業務における協力関係の維持・向上を通じた、当行の中長期的な企業価値向上,,71670
E03574,株式会社　百五銀行,83680,2024-03-31,000,関西ペイント株式会社,46130,116000,252.0,保有に関する経済合理性を有し、業界内の有力企業である同社との協力関係の維持・向上を通じた、当行の中長期的な企業価値向上,,46130
E03574,株式会社　百五銀行,83680,2024-03-31,000,株式会社バローホールディングス,99560,100000,250.0,地域経済との関連性が深く、地域の成長・活性化に重要な役割を持つ同社との協力関係の維持・強化等による当行の中長期的な企業価値向上,,99560
E03574,株式会社　百五銀行,83680,2024-03-31,000,電源開発株式会社,95130,100000,249.0,保有に関する経済合理性を有し、業界内の有力企業である同社との協力関係の維持・向上を通じた、当行の中長期的な企業価値向上,,95130
E03574,株式会社　百五銀行,83680,2024-03-31,000,株式会社名古屋銀行,85220,35400,235.0,金融関連業務における協力関係の維持・向上を通じた、当行の中長期的な企業価値向上,,85220
E03574,株式会社　百五銀行,83680,2024-03-31,000,シンポ株式会社,59030,150000,222.0,保有に関する経済合理性を有し、業界内の有力企業である同社との協力関係の維持・向上を通じた、当行の中長期的な企業価値向上,,59030
E03574,株式会社　百五銀行,83680,2024-03-31,000,株式会社大垣共立銀行,83610,98500,215.0,金融関連業務における協力関係の維持・向上を通じた、当行の中長期的な企業価値向上,,83610
E03574,株式会社　百五銀行,83680,2024-03-31,000,株式会社アイシン,72590,32400,201.0,地域経済との関連性が深く、地域の成長・活性化に重要な役割を持つ同社との協力関係の維持・強化等による当行の中長期的な企業価値向上,,72590
E04826,株式会社トーカイ,97290,2025-03-31,000,㈱電算システムホールディングス,40720,257180,667.0,同社グループからの各種IT関連サービスの提供を通じ、当社グループの業務の効率化や事業活動の円滑化を図るため。,,40720
E04826,株式会社トーカイ,97290,2025-03-31,000,㈱アインホールディングス,96270,109400,551.0,同社グループとの調剤事業における医療、医薬に係る情報の相互提供等を目的とした資本・業務提携を通じ、当社グループの効率的な事業展開や課題解決等を図るため。,,96270
E04826,株式会社トーカイ,97290,2025-03-31,000,豊田通商㈱(注)３,,187335,467.0,同社グループからの各種商材の安定供給や同社のヘルスケア関連事業の知見等の利活用を通じ、共同でインドに設立した合弁会社を含む当社グループの事業活動の円滑化や事業基盤強化を図るため。,,
E04826,株式会社トーカイ,97290,2025-03-31,000,㈱十六フィナンシャルグループ,73800,88243,426.0,同社グループからの安定的な資金調達や地銀グループならではの情報・ネットワークの利活用を通じ、当社グループの財務体質の健全化や効率的な事業展開を図るため。,,73800
E04826,株式会社トーカイ,97290,2025-03-31,000,㈱三菱ＵＦＪフィナンシャル・グループ,83060,147070,295.0,同社グループからの安定的な資金調達や各種サービス・情報等の提供を通じ、当社グループの財務体質の健全化や効率的な事業展開を図るため。,,83060
E04826,株式会社トーカイ,97290,2025-03-31,000,㈱大垣共立銀行,83610,83483,198.0,同行からの安定的な資金調達や地銀ならではの情報・ネットワークの利活用を通じ、当社グループの財務体質の健全化や効率的な事業展開を図るため。,,83610
E04826,株式会社トーカイ,97290,2025-03-31,000,名糖産業㈱,22070,68000,135.0,同社からの食材や食品開発の情報提供等を通じ、当社グループの事業の維持・発展や商品開発力の向上を図るため。,,22070
E04826,株式会社トーカイ,97290,2025-03-31,000,㈱ヒマラヤ,75140,150000,123.0,同社店舗に対する商品の提供や同社の店舗経営に関する知見等の活用を通じ、リースキン事業ほか、当社グループの商品やサービス、店舗運営の改善等を図るため。,,75140
E04826,株式会社トーカイ,97290,2025-03-31,000,三菱ＨＣキャピタル㈱,85930,72000,72.0,同社との各種リース取引による安定的な資材・什器等の調達を通じ、当社グループの業務の効率化、資産の有効活用や事業活動の円滑化を図るため。,,85930
E04826,株式会社トーカイ,97290,2025-03-31,000,キムラユニティー㈱(注)３,,84000,67.0,同社からの車両管理・交通事故防止等に関する各種サービス提供を通じ、当社グループの経営課題の解決や事業活動の円滑化を図るため。,,
E04826,株式会社トーカイ,97290,2025-03-31,000,㈱ほくほくフィナンシャルグループ,83770,26184,67.0,同社グループからの安定的な資金調達や地銀グループならではの情報・ネットワークの利活用を通じ、当社グループの財務体質の健全化や効率的な事業展開を図るため。,,83770
E04826,株式会社トーカイ,97290,2025-03-31,000,サンメッセ㈱,78830,44000,16.0,同社からの当社グループの事業ニーズに応じた商品やサービスの提案・提供を通じ、当社グループの業務の効率化や事業活動の円滑化を図るため。,,78830
E02580,株式会社カナデン,80810,2025-03-31,000,三菱倉庫㈱,93010,715000,691.0,・同社株式は、当社の情通・デバイスセグメントの事業活動の円滑化のため保有しております。・当社は保有株式について事業運営上の必要性及び保有の妥当性を取引状況等により検証し、保有リスク・資本コスト等を総合的に勘案して保有意義の有無を定期的に取締役会で精査した上で保有しております。定量的な保有効果については取引先との営業秘密との判断により記載しませんが、上記の方針に基づいた十分な定量的効果があると判断しております。・2024年11月１日付で株式分割（１株につき５株の割合）を実施しております。,,93010
E02580,株式会社カナデン,80810,2025-03-31,000,㈱安川電機,65060,170000,634.0,・同社株式は、当社の情通・デバイス/ＦＡシステムセグメントの事業活動の円滑化のため保有しております。・当社は保有株式について事業運営上の必要性及び保有の妥当性を取引状況等により検証し、保有リスク・資本コスト等を総合的に勘案して保有意義の有無を定期的に取締役会で精査した上で保有しております。定量的な保有効果については取引先との営業秘密との判断により記載しませんが、上記の方針に基づいた十分な定量的効果があると判断しております。,,65060
E02580,株式会社カナデン,80810,2025-03-31,000,横河電機㈱,68410,124306,359.0,・同社株式は、当社のＦＡシステム/情通・デバイスセグメントの事業活動の円滑化のため保有しております。・当社は保有株式について事業運営上の必要性及び保有の妥当性を取引状況等により検証し、保有リスク・資本コスト等を総合的に勘案して保有意義の有無を定期的に取締役会で精査した上で保有しております。定量的な保有効果については取引先との営業秘密との判断により記載しませんが、上記の方針に基づいた十分な定量的効果があると判断しております。・2024年度において、事業関係のより一層の強化のため保有株数が618株増加しております。,,68410
E02580,株式会社カナデン,80810,2025-03-31,000,東海旅客鉄道㈱,90220,114500,326.0,・同社株式は、当社インフラセグメントの事業活動の円滑化のため保有しております。・当社は保有株式について事業運営上の必要性及び保有の妥当性を取引状況等により検証し、保有リスク・資本コスト等を総合的に勘案して保有意義の有無を定期的に取締役会で精査した上で保有しております。定量的な保有効果については取引先との営業秘密との判断により記載しませんが、上記の方針に基づいた十分な定量的効果があると判断しております。,,90220
E02580,株式会社カナデン,80810,2025-03-31,000,九州旅客鉄道㈱,91420,55000,200.0,・同社株式は、当社のインフラセグメントの事業活動の円滑化のため保有しております。・当社は保有株式について事業運営上の必要性及び保有の妥当性を取引状況等により検証し、保有リスク・資本コスト等を総合的に勘案して保有意義の有無を定期的に取締役会で精査した上で保有しております。定量的な保有効果については取引先との営業秘密との判断により記載しませんが、上記の方針に基づいた十分な定量的効果があると判断しております。,,91420
E02580,株式会社カナデン,80810,2025-03-31,000,東日本旅客鉄道㈱,90200,67500,199.0,・同社株式は、当社のインフラセグメントの事業活動の円滑化のため保有しております。・当社は保有株式について事業運営上の必要性及び保有の妥当性を取引状況等により検証し、保有リスク・資本コスト等を総合的に勘案して保有意義の有無を定期的に取締役会で精査した上で保有しております。定量的な保有効果については取引先との営業秘密との判断により記載しませんが、上記の方針に基づいた十分な定量的効果があると判断しております。・2024年４月１日付で株式分割（１株につき３株の割合）を実施しております。,,90200
E02580,株式会社カナデン,80810,2025-03-31,000,西日本旅客鉄道㈱,90210,40000,116.0,・同社株式は、当社のインフラセグメントの事業活動の円滑化のため保有しております。・当社は保有株式について事業運営上の必要性及び保有の妥当性を取引状況等により検証し、保有リスク・資本コスト等を総合的に勘案して保有意義の有無を定期的に取締役会で精査した上で保有しております。定量的な保有効果については取引先との営業秘密との判断により記載しませんが、上記の方針に基づいた十分な定量的効果があると判断しております。・2024年４月１日付で株式分割（１株につき２株の割合）を実施しております。,,90210
E02580,株式会社カナデン,80810,2025-03-31,000,ＡＧＣ㈱,52010,22327,101.0,"・同社株式は、当社のＦＡシステムセグメントの事業活動の円滑化のため保有しております。・当社は保有株式について事業運営上の必要性及び保有の妥当性を取引状況等により検証し、保有リスク・資本コスト等を総合的に勘案して保有意義の有無を定期的に取締役会で精査した上で保有しております。定量的な保有効果については取引先との営業秘密との判断により記載しませんが、上記の方針に基づいた十分な定量的効果があると判断しております。・2024年度において、事業関係のより一層の強化のため保有株数が1,011株増加しております。",,52010
E02580,株式会社カナデン,80810,2025-03-31,000,北沢産業㈱,99300,287286,100.0,"・同社株式は、当社のビル設備セグメントの事業活動の円滑化のため保有しております。・当社は保有株式について事業運営上の必要性及び保有の妥当性を取引状況等により検証し、保有リスク・資本コスト等を総合的に勘案して保有意義の有無を定期的に取締役会で精査した上で保有しております。定量的な保有効果については取引先との営業秘密との判断により記載しませんが、上記の方針に基づいた十分な定量的効果があると判断しております。・2024年度において、事業関係のより一層の強化のため保有株数が5,866株増加しております。",,99300
E02580,株式会社カナデン,80810,2025-03-31,000,日本航空電子工業㈱,68070,38700,100.0,・同社株式は、当社のＦＡシステムセグメントの事業活動の円滑化のため保有しております。・当社は保有株式について事業運営上の必要性及び保有の妥当性を取引状況等により検証し、保有リスク・資本コスト等を総合的に勘案して保有意義の有無を定期的に取締役会で精査した上で保有しております。定量的な保有効果については取引先との営業秘密との判断により記載しませんが、上記の方針に基づいた十分な定量的効果があると判断しております。,,68070
E02580,株式会社カナデン,80810,2025-03-31,000,㈱三越伊勢丹ホールディングス,30990,41760,89.0,・同社株式は、当社のビル設備セグメントの事業活動の円滑化のため保有しております。・当社は保有株式について事業運営上の必要性及び保有の妥当性を取引状況等により検証し、保有リスク・資本コスト等を総合的に勘案して保有意義の有無を定期的に取締役会で精査した上で保有しております。定量的な保有効果については取引先との営業秘密との判断により記載しませんが、上記の方針に基づいた十分な定量的効果があると判断しております。・2024年度において、事業関係のより一層の強化のため保有株数が781株増加しております。,,30990
E02580,株式会社カナデン,80810,2025-03-31,000,㈱荏原製作所,63610,33000,74.0,・同社株式は、当社のＦＡシステムセグメントの事業活動の円滑化のため保有しております。・当社は保有株式について事業運営上の必要性及び保有の妥当性を取引状況等により検証し、保有リスク・資本コスト等を総合的に勘案して保有意義の有無を定期的に取締役会で精査した上で保有しております。定量的な保有効果については取引先との営業秘密との判断により記載しませんが、上記の方針に基づいた十分な定量的効果があると判断しております。・2024年６月30日付で株式分割（１株につき５株の割合）を実施しております。,,63610
E02580,株式会社カナデン,80810,2025-03-31,000,住友不動産㈱,88300,12000,67.0,・同社株式は、当社のビル設備セグメントの事業活動の円滑化のため保有しております。・当社は保有株式について事業運営上の必要性及び保有の妥当性を取引状況等により検証し、保有リスク・資本コスト等を総合的に勘案して保有意義の有無を定期的に取締役会で精査した上で保有しております。定量的な保有効果については取引先との営業秘密との判断により記載しませんが、上記の方針に基づいた十分な定量的効果があると判断しております。,,88300
E02580,株式会社カナデン,80810,2025-03-31,000,高砂熱学工業㈱,19690,6600,36.0,・同社株式は、当社のＦＡシステム/ビル設備セグメントの事業活動の円滑化のため保有しております。・当社は保有株式について事業運営上の必要性及び保有の妥当性を取引状況等により検証し、保有リスク・資本コスト等を総合的に勘案して保有意義の有無を定期的に取締役会で精査した上で保有しております。定量的な保有効果については取引先との営業秘密との判断により記載しませんが、上記の方針に基づいた十分な定量的効果があると判断しております。,,19690
E02580,株式会社カナデン,80810,2025-03-31,000,㈱リコー,77520,22000,34.0,・同社株式は、当社のインフラ/ＦＡシステム/情通・デバイスセグメントの事業活動の円滑化のため保有しております。・当社は保有株式について事業運営上の必要性及び保有の妥当性を取引状況等により検証し、保有リスク・資本コスト等を総合的に勘案して保有意義の有無を定期的に取締役会で精査した上で保有しております。定量的な保有効果については取引先との営業秘密との判断により記載しませんが、上記の方針に基づいた十分な定量的効果があると判断しております。,,77520
E02580,株式会社カナデン,80810,2025-03-31,000,京浜急行電鉄㈱,90060,18214,27.0,"・同社株式は、当社のインフラセグメントの事業活動の円滑化のため保有しております。・当社は保有株式について事業運営上の必要性及び保有の妥当性を取引状況等により検証し、保有リスク・資本コスト等を総合的に勘案して保有意義の有無を定期的に取締役会で精査した上で保有しております。定量的な保有効果については取引先との営業秘密との判断により記載しませんが、上記の方針に基づいた十分な定量的効果があると判断しております。・2024年度において、事業関係のより一層の強化のため保有株数が1,146株増加しております。",,90060
E02580,株式会社カナデン,80810,2025-03-31,000,㈱朝日工業社,19750,13600,26.0,・同社株式は、当社のビル設備セグメントの事業活動の円滑化のため保有しております。・当社は保有株式について事業運営上の必要性及び保有の妥当性を取引状況等により検証し、保有リスク・資本コスト等を総合的に勘案して保有意義の有無を定期的に取締役会で精査した上で保有しております。定量的な保有効果については取引先との営業秘密との判断により記載しませんが、上記の方針に基づいた十分な定量的効果があると判断しております。・2024年４月１日付で株式分割（１株につき2株の割合）を実施しております。,,19750
E02580,株式会社カナデン,80810,2025-03-31,000,近鉄グループホールディングス㈱,90410,7400,23.0,・同社株式は、当社のインフラセグメントの事業活動の円滑化のため保有しております。・当社は保有株式について事業運営上の必要性及び保有の妥当性を取引状況等により検証し、保有リスク・資本コスト等を総合的に勘案して保有意義の有無を定期的に取締役会で精査した上で保有しております。定量的な保有効果については取引先との営業秘密との判断により記載しませんが、上記の方針に基づいた十分な定量的効果があると判断しております。,,90410
E02580,株式会社カナデン,80810,2025-03-31,000,㈱カネカ,41180,5489,20.0,・同社株式は、当社のＦＡシステムセグメントの事業活動の円滑化のため保有しております。・当社は保有株式について事業運営上の必要性及び保有の妥当性を取引状況等により検証し、保有リスク・資本コスト等を総合的に勘案して保有意義の有無を定期的に取締役会で精査した上で保有しております。定量的な保有効果については取引先との営業秘密との判断により記載しませんが、上記の方針に基づいた十分な定量的効果があると判断しております。・2024年度において、事業関係のより一層の強化のため保有株数が42株増加しております。,,41180
E02580,株式会社カナデン,80810,2025-03-31,000,㈱ＳＵＢＡＲＵ,72700,6000,15.0,・同社株式は、当社のインフラセグメントの事業活動の円滑化のため保有しております。・当社は保有株式について事業運営上の必要性及び保有の妥当性を取引状況等により検証し、保有リスク・資本コスト等を総合的に勘案して保有意義の有無を定期的に取締役会で精査した上で保有しております。定量的な保有効果については取引先との営業秘密との判断により記載しませんが、上記の方針に基づいた十分な定量的効果があると判断しております。,,72700
E02580,株式会社カナデン,80810,2025-03-31,000,新コスモス電機㈱,68240,6000,15.0,・同社株式は、当社の情通・デバイス/ＦＡシステムセグメントの事業活動の円滑化のため保有しております。・当社は保有株式について事業運営上の必要性及び保有の妥当性を取引状況等により検証し、保有リスク・資本コスト等を総合的に勘案して保有意義の有無を定期的に取締役会で精査した上で保有しております。定量的な保有効果については取引先との営業秘密との判断により記載しませんが、上記の方針に基づいた十分な定量的効果があると判断しております。,,68240
E02580,株式会社カナデン,80810,2025-03-31,000,中野冷機㈱,64110,2400,12.0,・同社株式は、当社のビル設備セグメントの事業活動の円滑化のため保有しております。・当社は保有株式について事業運営上の必要性及び保有の妥当性を取引状況等により検証し、保有リスク・資本コスト等を総合的に勘案して保有意義の有無を定期的に取締役会で精査した上で保有しております。定量的な保有効果については取引先との営業秘密との判断により記載しませんが、上記の方針に基づいた十分な定量的効果があると判断しております。,,64110
E02580,株式会社カナデン,80810,2025-03-31,000,リックス㈱,42350,3600,10.0,・同社株式は、当社のＦＡシステムセグメントの事業活動の円滑化のため保有しております。・当社は保有株式について事業運営上の必要性及び保有の妥当性を取引状況等により検証し、保有リスク・資本コスト等を総合的に勘案して保有意義の有無を定期的に取締役会で精査した上で保有しております。定量的な保有効果については取引先との営業秘密との判断により記載しませんが、上記の方針に基づいた十分な定量的効果があると判断しております。,,42350
E02580,株式会社カナデン,80810,2025-03-31,000,森尾電機㈱,66470,4383,7.0,・同社株式は、当社のインフラセグメントの事業活動の円滑化のため保有しております。・当社は保有株式について事業運営上の必要性及び保有の妥当性を取引状況等により検証し、保有リスク・資本コスト等を総合的に勘案して保有意義の有無を定期的に取締役会で精査した上で保有しております。定量的な保有効果については取引先との営業秘密との判断により記載しませんが、上記の方針に基づいた十分な定量的効果があると判断しております。・2024年度において、事業関係のより一層の強化のため保有株数が249株増加しております。,,66470
E02580,株式会社カナデン,80810,2025-03-31,000,住友重機械工業㈱,63020,2200,6.0,・同社株式は、当社のインフラセグメントの事業活動の円滑化のため保有しております。・当社は保有株式について事業運営上の必要性及び保有の妥当性を取引状況等により検証し、保有リスク・資本コスト等を総合的に勘案して保有意義の有無を定期的に取締役会で精査した上で保有しております。定量的な保有効果については取引先との営業秘密との判断により記載しませんが、上記の方針に基づいた十分な定量的効果があると判断しております。,,63020
E02580,株式会社カナデン,80810,2025-03-31,000,京成電鉄㈱,90090,3444,4.0,・同社株式は、当社のインフラセグメントの事業活動の円滑化のため保有しております。・当社は保有株式について事業運営上の必要性及び保有の妥当性を取引状況等により検証し、保有リスク・資本コスト等を総合的に勘案して保有意義の有無を定期的に取締役会で精査した上で保有しております。定量的な保有効果については取引先との営業秘密との判断により記載しませんが、上記の方針に基づいた十分な定量的効果があると判断しております。・2024年12月26日付で株式分割（１株につき３株の割合）を実施しております。,,90090
E02580,株式会社カナデン,80810,2025-03-31,000,サノヤスホールディングス㈱,70220,31495,5.0,"・同社株式は、当社のＦＡシステムセグメントの事業活動の円滑化のため保有しております。・当社は保有株式について事業運営上の必要性及び保有の妥当性を取引状況等により検証し、保有リスク・資本コスト等を総合的に勘案して保有意義の有無を定期的に取締役会で精査した上で保有しております。定量的な保有効果については取引先との営業秘密との判断により記載しませんが、上記の方針に基づいた十分な定量的効果があると判断しております。・2024年度において、事業関係のより一層の強化のため保有株数が7,165株増加しております。",,70220
E02580,株式会社カナデン,80810,2025-03-31,000,東洋紡㈱,31010,2000,1.0,・同社株式は、当社のＦＡシステムセグメントの事業活動の円滑化のため保有しております。・当社は保有株式について事業運営上の必要性及び保有の妥当性を取引状況等により検証し、保有リスク・資本コスト等を総合的に勘案して保有意義の有無を定期的に取締役会で精査した上で保有しております。定量的な保有効果については取引先との営業秘密との判断により記載しませんが、上記の方針に基づいた十分な定量的効果があると判断しております。,,31010
E02580,株式会社カナデン,80810,2025-03-31,000,三菱マテリアル㈱,57110,700,1.0,・同社株式は、当社のＦＡシステムセグメントの事業活動の円滑化のため保有しております。・当社は保有株式について事業運営上の必要性及び保有の妥当性を取引状況等により検証し、保有リスク・資本コスト等を総合的に勘案して保有意義の有無を定期的に取締役会で精査した上で保有しております。定量的な保有効果については取引先との営業秘密との判断により記載しませんが、上記の方針に基づいた十分な定量的効果があると判断しております。,,57110
E02580,株式会社カナデン,80810,2025-03-31,000,月島ホールディングス㈱,63320,1000,1.0,・同社株式は、当社のビル設備/ＦＡシステムセグメントの事業活動の円滑化のため保有しております。・当社は保有株式について事業運営上の必要性及び保有の妥当性を取引状況等により検証し、保有リスク・資本コスト等を総合的に勘案して保有意義の有無を定期的に取締役会で精査した上で保有しております。定量的な保有効果については取引先との営業秘密との判断により記載しませんが、上記の方針に基づいた十分な定量的効果があると判断しております。,,63320
E02580,株式会社カナデン,80810,2025-03-31,000,ＤＡＩＫＯ　ＸＴＥＣＨ㈱,80230,1000,0.0,・同社株式は、当社の情通・デバイスセグメントの事業活動の円滑化のため保有しております。・当社は保有株式について事業運営上の必要性及び保有の妥当性を取引状況等により検証し、保有リスク・資本コスト等を総合的に勘案して保有意義の有無を定期的に取締役会で精査した上で保有しております。定量的な保有効果については取引先との営業秘密との判断により記載しませんが、上記の方針に基づいた十分な定量的効果があると判断しております。,,80230
E00534,サイボー株式会社,31230,2025-03-31,000,㈱りそなホールディングス,83080,538700,693306.0,主要取引金融機関として、金融取引の円滑化及び地域情報や各種機能の提供を享受することを目的に保有しております。定量的な保有効果につきましては、取引上の守秘義務等の観点から記載しておりませんが、保有によるリスクとリターン、資本コストとの比較検証に加え、経営戦略上の重要性等を総合的に判断し、保有の合理性があると判断しております。,,83080
E00534,サイボー株式会社,31230,2025-03-31,000,ＡＧＳ㈱,36480,268000,219760.0,営業取引の円滑化とともに、当社のシステムや情報処理における中核サポート先として紐帯強化を図ることを目的に保有しております。定量的な保有効果につきましては、取引上の守秘義務等の観点から記載しておりませんが、保有によるリスクとリターン、資本コストとの比較検証に加え、経営戦略上の重要性等を総合的に判断し、保有の合理性があると判断しております。,,36480
E00534,サイボー株式会社,31230,2025-03-31,000,㈱ムロコーポレーション,72640,122000,147010.0,繊維事業における継続的な営業取引の強化を図ることを目的に保有しております。定量的な保有効果につきましては、取引上の守秘義務等の観点から記載しておりませんが、保有によるリスクとリターン、資本コストとの比較検証に加え、経営戦略上の重要性等を総合的に判断し、保有の合理性があると判断しております。,,72640
E01111,ニッタ株式会社,51860,2024-03-31,000,ショーボンドホールディングス㈱,14140,400000,2569.0,ゴム製品等の取引を行っており、土木・建築分野での協業により売上拡大を図る目的で継続保有しています。,,14140
E01111,ニッタ株式会社,51860,2024-03-31,000,住友不動産(株),88300,255100,1478.0,当社はホース・チューブ製品や空調製品等の取引基盤の拡大を目指しており、株式を継続保有することで、円滑な関係の維持・強化を図っています。,,88300
E01111,ニッタ株式会社,51860,2024-03-31,000,日本ゼオン(株),42050,948900,1253.0,主に石油系原材料の調達を行っており、定量的な効果は開示できませんが、株式を継続保有する事で取引関係の維持・強化を図り原材料の安定調達や情報収集を行っています。,,42050
E01111,ニッタ株式会社,51860,2024-03-31,000,高砂熱学工業(株),19690,210000,1024.0,空調製品等の取引を行っており、グローバルでの協業等を行う為、安定した取引関係の維持・強化が必要であり、継続して保有しています。,,19690
E01111,ニッタ株式会社,51860,2024-03-31,000,(株)三井住友フィナンシャルグループ,83160,100000,890.0,金融取引を中心とした円滑な取引関係の維持、強化を図り、M&Aや事業提携等の助言を得るため、継続して保有しています。,,83160
E01111,ニッタ株式会社,51860,2024-03-31,000,(株)椿本チエイン,63710,147600,760.0,ベルト製品等の取引を行っており、伝動分野での協業等を目的に、継続して保有しています。,,63710
E01111,ニッタ株式会社,51860,2024-03-31,000,(株)ダスキン,46650,210000,692.0,ベルト・ゴム製品等の取引を行っており、株式を継続保有する事で取引関係の維持・強化を図り、当社RFID製品の売上拡大を目指しています。,,46650
E01111,ニッタ株式会社,51860,2024-03-31,000,倉敷紡績(株),31060,190000,665.0,ベルト・ゴム製品等の取引を行っており、ロボット関係などの新規事業分野での協業等を目的に、継続して保有しています。,,31060
E01111,ニッタ株式会社,51860,2024-03-31,000,新田ゼラチン(株),49770,840014,602.0,ベルト製品、不動産関係等の取引を行っており、年2回の会合等により技術的な交流を行うとともに、新規事業分野での協業等を目的に継続して保有しています。,,49770
E01111,ニッタ株式会社,51860,2024-03-31,000,(株)ヤクルト本社,22670,183200,571.0,空調製品等の取引を行っており、株式を継続保有する事で長期安定的な売上維持・拡大を目指しています。,,22670
E01111,ニッタ株式会社,51860,2024-03-31,000,ダイダン(株),19800,192000,478.0,当社はホース・チューブ製品や空調製品等の取引基盤の拡大を目指しており、株式を継続保有することで、円滑な関係の維持・強化を図っています。,,19800
E01111,ニッタ株式会社,51860,2024-03-31,000,(株)日伝,99020,146805,389.0,当社グループ製品全般の取引を行っており、売上拡大のために、同社との良好な関係の維持、強化が必要であり、継続して保有しています。取引先持株会での定期購入のため、株式数が増加しています。,,99020
E01111,ニッタ株式会社,51860,2024-03-31,000,(株)朝日工業社,19750,90800,304.0,当社はホース・チューブ製品や空調製品等の取引基盤の拡大を目指しており、株式を継続保有することで、円滑な関係の維持・強化を図っています。,,19750
E01111,ニッタ株式会社,51860,2024-03-31,000,オイレス工業(株),62820,106786,242.0,ゴム製品等の取引を行っており、土木・建築分野での協業により売上拡大を図る目的で継続して保有しています。取引先持株会での定期購入のため、株式数が増加しています。,,62820
E01111,ニッタ株式会社,51860,2024-03-31,000,東海旅客鉄道(株),90220,50000,186.0,鉄道車両用部品等の取引を行っており、売上の維持・拡大や協業による新製品の開発等を図るため、継続して保有しています。,,90220
E01111,ニッタ株式会社,51860,2024-03-31,000,DMG森精機(株),,45189,183.0,ベルト・ゴム製品等の取引を行っており、工作機械における技術要求に応えるため、同社との良好な関係の維持、強化が必須であり、同社の持株会に継続して加入しています。取引先持株会での定期購入のため、株式数が増加しています。,,
E01111,ニッタ株式会社,51860,2024-03-31,000,CKD(株),,27232,82.0,当社はホース・チューブ製品の取引基盤の拡大を目指しており、株式を継続保有することで、円滑な関係の維持・強化を図っています。取引先持株会での定期購入のため、株式数が増加しています。,,
E01111,ニッタ株式会社,51860,2024-03-31,000,グローリー(株),64570,26700,75.0,ベルト製品等の取引を行っており、同社との良好な関係の維持、強化を図ることで新たな分野での製品開発等が期待できるため、継続して保有しています。,,64570
E01111,ニッタ株式会社,51860,2024-03-31,000,芦森工業(株),35260,15108,41.0,ベルト製品の原材料等の取引を行っており、同社との良好な関係の維持、強化を図ることで原材料の安定調達等が実現できるため、同社の持株会に継続して加入しています。取引先持株会での定期購入のため、株式数が増加しています。,,35260
E01111,ニッタ株式会社,51860,2024-03-31,000,西日本旅客鉄道(株),90210,6000,37.0,鉄道車両用部品等の取引を行っており、売上の維持・拡大や協業による新製品の開発等を図るため、継続して保有しています。,,90210
E01111,ニッタ株式会社,51860,2024-03-31,000,東日本旅客鉄道(株),90200,3000,26.0,鉄道車両用部品等の取引を行っており、売上の維持・拡大や協業による新製品の開発等を図るため、継続して保有しています。,,90200
E01111,ニッタ株式会社,51860,2024-03-31,000,(株)三菱UFJフィナンシャル・グループ,,13230,20.0,金融取引を中心とした円滑な取引関係の維持、強化を図り、M&Aや事業提携等の助言を得るため、継続して保有しています。,,
E01111,ニッタ株式会社,51860,2024-03-31,000,川崎重工業(株),70120,1000,5.0,鉄道車両用部品等の取引を行っており、売上の維持・拡大や協業による新製品の開発等を図るため、継続して保有しています。,,70120
E31612,株式会社九州フィナンシャルグループ,71800,2024-03-31,000,ＳＯＭＰＯホールディングス株式会社,86300,2980,9508.0,保有基準を全て充足。同社グループの保険商品窓口販売など事業上の連携関係の維持・強化を図るため、継続して保有しています。株式数増加の理由：株式分割による株式数増加。,,86300
E31612,株式会社九州フィナンシャルグループ,71800,2024-03-31,000,株式会社ふくおかフィナンシャルグループ,83540,1659,6713.0,保有基準を全て充足。ＡＴＭ利用手数料相互無料提携など同業種間でのアライアンスの維持・強化を図るため、継続して保有しています。,,83540
E31612,株式会社九州フィナンシャルグループ,71800,2024-03-31,000,九州電力株式会社,95080,2689,3702.0,保有基準を全て充足。当社グループの営業基盤である九州の主要企業であり地域活性化に資すること及び同社との銀行取引関係の維持・強化を図るため、継続して保有しています。,,95080
E31612,株式会社九州フィナンシャルグループ,71800,2024-03-31,000,平田機工株式会社,62580,456,3579.0,保有基準を全て充足。当社グループの営業基盤である熊本県の主要企業であり地域活性化に資すること及び同社との銀行取引関係の維持・強化を図るため、継続して保有しています。,,62580
E31612,株式会社九州フィナンシャルグループ,71800,2024-03-31,000,第一生命ホールディングス株式会社,87500,413,1592.0,保有基準を全て充足。同社グループの保険商品窓口販売など事業上の連携関係の維持・強化を図るため、継続して保有しています。,,87500
E31612,株式会社九州フィナンシャルグループ,71800,2024-03-31,000,東海カーボン株式会社,53010,1419,1414.0,保有基準を全て充足。当社グループの営業基盤である熊本県に主要拠点を有し地域活性化に資すること及び同社との銀行取引関係の維持・強化を図るため、継続して保有しています。,,53010
E31612,株式会社九州フィナンシャルグループ,71800,2024-03-31,000,アサヒグループホールディングス株式会社,25020,250,1395.0,保有基準を全て充足。当社グループの営業基盤である九州に主要拠点を有し地域活性化に資すること及び同社との銀行取引関係の維持・強化を図るため、継続して保有しています。,,25020
E31612,株式会社九州フィナンシャルグループ,71800,2024-03-31,000,九州旅客鉄道株式会社,91420,301,1068.0,保有基準を全て充足。当社グループの営業基盤である九州の主要企業であり地域活性化に資すること及び同社との銀行取引関係の維持・強化を図るため、継続して保有しています。,,91420
E31612,株式会社九州フィナンシャルグループ,71800,2024-03-31,000,株式会社宮崎銀行,83930,311,892.0,保有基準を全て充足。ＡＴＭ利用手数料相互無料提携など同業種間でのアライアンスの維持・強化を図るため、継続して保有しています。,,83930
E31612,株式会社九州フィナンシャルグループ,71800,2024-03-31,000,エクシオグループ株式会社,19510,522,845.0,保有基準を全て充足。同社グループの西部電気工業株式会社は当社グループの営業基盤である九州の主要企業であり地域活性化に資すること及び同社との銀行取引関係の維持・強化を図るため、継続して保有しています。株式数増加の理由：株式分割による株式数増加。,,19510
E31612,株式会社九州フィナンシャルグループ,71800,2024-03-31,000,株式会社佐賀銀行,83950,347,744.0,保有基準を全て充足。ＡＴＭ利用手数料相互無料提携など同業種間でのアライアンスの維持・強化を図るため、継続して保有しています。,,83950
E31612,株式会社九州フィナンシャルグループ,71800,2024-03-31,000,株式会社セブン＆アイ・ホールディングス,33820,300,661.0,保有基準を全て充足。同社との銀行取引関係の維持・強化を図るため、継続して保有しています。株式数増加の理由：株式分割による株式数増加。,,33820
E31612,株式会社九州フィナンシャルグループ,71800,2024-03-31,000,野村ホールディングス株式会社,86040,602,589.0,保有基準を全て充足。当社グループの市場運用など事業上の連携関係の維持・強化を図るため、継続して保有しています。,,86040
E31612,株式会社九州フィナンシャルグループ,71800,2024-03-31,000,ヤマエグループホールディングス株式会社,71300,196,547.0,保有基準を全て充足。当社グループの営業基盤である九州の主要企業であり地域活性化に資すること及び同社との銀行取引関係の維持・強化を図るため、継続して保有しています。,,71300
E31612,株式会社九州フィナンシャルグループ,71800,2024-03-31,000,出光興産株式会社,50190,456,475.0,保有基準を全て充足。同社との銀行取引関係の維持・強化を図るため、継続して保有しています。株式数増加の理由：株式分割による株式数増加。,,50190
E31612,株式会社九州フィナンシャルグループ,71800,2024-03-31,000,コムシスホールディングス株式会社,17210,124,442.0,保有基準を全て充足。同社グループの株式会社ＳＹＳＫＥＮは当社グループの営業基盤である熊本県の主要企業であり地域活性化に資すること及び同社との銀行取引関係の維持・強化を図るため、継続して保有しています。,,17210
E31612,株式会社九州フィナンシャルグループ,71800,2024-03-31,000,太平洋セメント株式会社,52330,123,433.0,保有基準を全て充足。同社との銀行取引関係の維持・強化を図るため、継続して保有しています。,,52330
E31612,株式会社九州フィナンシャルグループ,71800,2024-03-31,000,ＭＳ＆ＡＤインシュアランスグループホールディングス株式会社,87250,142,385.0,保有基準を全て充足。同社グループの保険商品窓口販売など事業上の連携関係の維持・強化を図るため、継続して保有しています。株式数増加の理由：株式分割による株式数増加。,,87250
E31612,株式会社九州フィナンシャルグループ,71800,2024-03-31,000,グリーンランドリゾート株式会社,96560,500,385.0,定量基準未充足ですが、当社グループの営業基盤である熊本県の主要企業であり地域活性化に資すること及び同社との銀行取引関係の維持・強化を図るため、継続して保有しています。,,96560
E31612,株式会社九州フィナンシャルグループ,71800,2024-03-31,000,ＴＯＴＯ株式会社,53320,90,384.0,保有基準を全て充足。当社グループの営業基盤である九州の主要企業であり地域活性化に資すること及び同社との銀行取引関係の維持・強化を図るため、継続して保有しています。,,53320
E31612,株式会社九州フィナンシャルグループ,71800,2024-03-31,000,安田倉庫株式会社,93240,300,364.0,保有基準を全て充足。同社との銀行取引関係の維持・強化を図るため、継続して保有しています。,,93240
E31612,株式会社九州フィナンシャルグループ,71800,2024-03-31,000,住友精化株式会社,40080,70,356.0,保有基準を全て充足。同社との銀行取引関係の維持・強化を図るため、継続して保有しています。,,40080
E31612,株式会社九州フィナンシャルグループ,71800,2024-03-31,000,長瀬産業株式会社,80120,129,330.0,保有基準を全て充足。同社との銀行取引関係の維持・強化を図るため、継続して保有しています。,,80120
E31612,株式会社九州フィナンシャルグループ,71800,2024-03-31,000,センコーグループホールディングス株式会社,90690,285,327.0,保有基準を全て充足。同社との銀行取引関係の維持・強化を図るため、継続して保有しています。,,90690
E31612,株式会社九州フィナンシャルグループ,71800,2024-03-31,000,株式会社ＲＫＢ毎日ホールディングス,94070,62,319.0,保有基準を全て充足。当社グループの営業基盤である九州の主要企業であり地域活性化に資すること及び同社との銀行取引関係の維持・強化を図るため、継続して保有しています。,,94070
E31612,株式会社九州フィナンシャルグループ,71800,2024-03-31,000,株式会社みずほフィナンシャルグループ,84110,99,302.0,保有基準を全て充足。同社グループとの経営戦略上の連携関係の維持・強化を図るため、継続して保有しています。,,84110
E31612,株式会社九州フィナンシャルグループ,71800,2024-03-31,000,三井倉庫ホールディングス株式会社,93020,64,301.0,保有基準を全て充足。同社との銀行取引関係の維持・強化を図るため、継続して保有しています。,,93020
E31612,株式会社九州フィナンシャルグループ,71800,2024-03-31,000,株式会社大和証券グループ本社,86010,243,280.0,保有基準を全て充足。当社グループの市場運用など事業上の連携関係の維持・強化を図るため、継続して保有しています。,,86010
E31612,株式会社九州フィナンシャルグループ,71800,2024-03-31,000,カヤバ株式会社,72420,50,258.0,保有基準を全て充足。同社との銀行取引関係の維持・強化を図るため、継続して保有しています。,,72420
E31612,株式会社九州フィナンシャルグループ,71800,2024-03-31,000,鹿島建設株式会社,18120,72,226.0,保有基準を全て充足。同社との銀行取引関係の維持・強化を図るため、継続して保有しています。,,18120
E31612,株式会社九州フィナンシャルグループ,71800,2024-03-31,000,リックス株式会社,42350,54,224.0,保有基準を全て充足。当社グループの営業基盤である九州の主要企業であり地域活性化に資すること及び同社との銀行取引関係の維持・強化を図るため、継続して保有しています。,,42350
E31612,株式会社九州フィナンシャルグループ,71800,2024-03-31,000,株式会社ヤマックス,52850,120,219.0,保有基準を全て充足。当社グループの営業基盤である熊本県の主要企業であり地域活性化に資すること及び同社との銀行取引関係の維持・強化を図るため、継続して保有しています。,,52850
E31612,株式会社九州フィナンシャルグループ,71800,2024-03-31,000,東京計器株式会社,77210,80,217.0,保有基準を全て充足。同社との銀行取引関係の維持・強化を図るため、継続して保有しています。,,77210
E31612,株式会社九州フィナンシャルグループ,71800,2024-03-31,000,小野建株式会社,74140,114,214.0,保有基準を全て充足。当社グループの営業基盤である九州の主要企業であり地域活性化に資すること及び同社との銀行取引関係の維持・強化を図るため、継続して保有しています。,,74140
E31612,株式会社九州フィナンシャルグループ,71800,2024-03-31,000,ＪＦＥホールディングス株式会社,54110,75,190.0,保有基準を全て充足。同社との銀行取引関係の維持・強化を図るため、継続して保有しています。,,54110
E31612,株式会社九州フィナンシャルグループ,71800,2024-03-31,000,株式会社九電工,19590,29,186.0,保有基準を全て充足。当社グループの営業基盤である九州の主要企業であり地域活性化に資すること及び同社との銀行取引関係の維持・強化を図るため、継続して保有しています。,,19590
E31612,株式会社九州フィナンシャルグループ,71800,2024-03-31,000,日本精工株式会社,64710,201,178.0,保有基準を全て充足。同社との銀行取引関係の維持・強化を図るため、継続して保有しています。,,64710
E31612,株式会社九州フィナンシャルグループ,71800,2024-03-31,000,株式会社セブン銀行,84100,600,177.0,保有基準を全て充足。ＡＴＭの提携などアライアンスの維持・強化を図るため、継続して保有しています。,,84100
E31612,株式会社九州フィナンシャルグループ,71800,2024-03-31,000,株式会社Ｍｉｓｕｍｉ,74410,86,148.0,保有基準を全て充足。当社グループの営業基盤である鹿児島県の主要企業であり地域活性化に資すること及び同社との銀行取引関係の維持・強化を図るため、継続して保有しています。,,74410
E31612,株式会社九州フィナンシャルグループ,71800,2024-03-31,000,ＤＩＣ株式会社,46310,50,144.0,保有基準を全て充足。同社との銀行取引関係の維持・強化を図るため、継続して保有しています。,,46310
E31612,株式会社九州フィナンシャルグループ,71800,2024-03-31,000,株式会社大分銀行,83920,40,121.0,保有基準を全て充足。ＡＴＭ利用手数料相互無料提携など同業種間でのアライアンスの維持・強化を図るため、継続して保有しています。,,83920
E31612,株式会社九州フィナンシャルグループ,71800,2024-03-31,000,コニカミノルタ株式会社,49020,240,119.0,保有基準を全て充足。同社との銀行取引関係の維持・強化を図るため、継続して保有しています。,,49020
E31612,株式会社九州フィナンシャルグループ,71800,2024-03-31,000,沖電気工業株式会社,67030,73,84.0,保有基準を全て充足。同社との銀行取引関係の維持・強化を図るため、継続して保有しています。,,67030
E31612,株式会社九州フィナンシャルグループ,71800,2024-03-31,000,株式会社トーホー,53370,26,80.0,保有基準を全て充足。同社との銀行取引関係の維持・強化を図るため、継続して保有しています。,,53370
E31612,株式会社九州フィナンシャルグループ,71800,2024-03-31,000,ＴＰＲ株式会社,64630,30,72.0,保有基準を全て充足。同社との銀行取引関係の維持・強化を図るため、継続して保有しています。,,64630
E31612,株式会社九州フィナンシャルグループ,71800,2024-03-31,000,日本製紙株式会社,38630,60,71.0,保有基準を全て充足。当社グループの営業基盤である熊本県に主要拠点を有し地域活性化に資すること及び同社との銀行取引関係の維持・強化を図るため、継続して保有しています。,,38630
E31612,株式会社九州フィナンシャルグループ,71800,2024-03-31,000,株式会社明電舎,65080,21,61.0,保有基準を全て充足。同社との銀行取引関係の維持・強化を図るため、継続して保有しています。,,65080
E31612,株式会社九州フィナンシャルグループ,71800,2024-03-31,000,日立造船株式会社,,32,43.0,保有基準を全て充足。当社グループの営業基盤である熊本県に主要拠点を有し地域活性化に資すること及び同社との銀行取引関係の維持・強化を図るため、継続して保有しています。,,
E31612,株式会社九州フィナンシャルグループ,71800,2024-03-31,000,昭和鉄工株式会社,59530,7,18.0,保有基準を全て充足。当社グループの営業基盤である九州の主要企業であり地域活性化に資すること及び同社との銀行取引関係の維持・強化を図るため、継続して保有しています。,,59530
E31612,株式会社九州フィナンシャルグループ,71800,2024-03-31,000,不二サッシ株式会社,59400,111,10.0,保有基準を全て充足。同社グループの不二ライトメタル株式会社は当社グループの営業基盤である熊本県の主要企業であり地域活性化に資すること及び同社との銀行取引関係の維持・強化を図るため、継続して保有しています。,,59400
E31612,株式会社九州フィナンシャルグループ,71800,2024-03-31,000,日本銀行,85510,0,6.0,保有基準を全て充足。同行との取引関係の維持・強化を図るため、継続して保有しています。,,85510
E31612,株式会社九州フィナンシャルグループ,71800,2024-03-31,000,株式会社ふくおかフィナンシャルグループ,83540,2980,9508.0,保有基準を全て充足。同社グループの保険商品窓口販売など事業上の連携関係の維持・強化を図るため、継続して保有しています。株式数増加の理由：株式分割による株式数増加。,,83540
E31612,株式会社九州フィナンシャルグループ,71800,2024-03-31,000,東海旅客鉄道株式会社,90220,1659,6713.0,保有基準を全て充足。ＡＴＭ利用手数料相互無料提携など同業種間でのアライアンスの維持・強化を図るため、継続して保有しています。,,90220
E31612,株式会社九州フィナンシャルグループ,71800,2024-03-31,000,三菱地所株式会社,88020,2689,3702.0,保有基準を全て充足。当社グループの営業基盤である九州の主要企業であり地域活性化に資すること及び同社との銀行取引関係の維持・強化を図るため、継続して保有しています。,,88020
E31612,株式会社九州フィナンシャルグループ,71800,2024-03-31,000,森永乳業株式会社,22640,456,3579.0,保有基準を全て充足。当社グループの営業基盤である熊本県の主要企業であり地域活性化に資すること及び同社との銀行取引関係の維持・強化を図るため、継続して保有しています。,,22640
E31612,株式会社九州フィナンシャルグループ,71800,2024-03-31,000,株式会社宮崎銀行,83930,413,1592.0,保有基準を全て充足。同社グループの保険商品窓口販売など事業上の連携関係の維持・強化を図るため、継続して保有しています。,,83930
E31612,株式会社九州フィナンシャルグループ,71800,2024-03-31,000,ヤマエグループホールディングス株式会社,71300,1419,1414.0,保有基準を全て充足。当社グループの営業基盤である熊本県に主要拠点を有し地域活性化に資すること及び同社との銀行取引関係の維持・強化を図るため、継続して保有しています。,,71300
E31612,株式会社九州フィナンシャルグループ,71800,2024-03-31,000,ＢＩＰＲＯＧＹ株式会社,80560,250,1395.0,保有基準を全て充足。当社グループの営業基盤である九州に主要拠点を有し地域活性化に資すること及び同社との銀行取引関係の維持・強化を図るため、継続して保有しています。,,80560
E31612,株式会社九州フィナンシャルグループ,71800,2024-03-31,000,株式会社アクシーズ,13810,301,1068.0,保有基準を全て充足。当社グループの営業基盤である九州の主要企業であり地域活性化に資すること及び同社との銀行取引関係の維持・強化を図るため、継続して保有しています。,,13810
E31612,株式会社九州フィナンシャルグループ,71800,2024-03-31,000,株式会社アルバック,67280,311,892.0,保有基準を全て充足。ＡＴＭ利用手数料相互無料提携など同業種間でのアライアンスの維持・強化を図るため、継続して保有しています。,,67280
E31612,株式会社九州フィナンシャルグループ,71800,2024-03-31,000,平田機工株式会社,62580,522,845.0,保有基準を全て充足。同社グループの西部電気工業株式会社は当社グループの営業基盤である九州の主要企業であり地域活性化に資すること及び同社との銀行取引関係の維持・強化を図るため、継続して保有しています。株式数増加の理由：株式分割による株式数増加。,,62580
E31612,株式会社九州フィナンシャルグループ,71800,2024-03-31,000,セコム株式会社,97350,347,744.0,保有基準を全て充足。ＡＴＭ利用手数料相互無料提携など同業種間でのアライアンスの維持・強化を図るため、継続して保有しています。,,97350
E31612,株式会社九州フィナンシャルグループ,71800,2024-03-31,000,株式会社山梨中央銀行,83600,300,661.0,保有基準を全て充足。同社との銀行取引関係の維持・強化を図るため、継続して保有しています。株式数増加の理由：株式分割による株式数増加。,,83600
E31612,株式会社九州フィナンシャルグループ,71800,2024-03-31,000,九州旅客鉄道株式会社,91420,602,589.0,保有基準を全て充足。当社グループの市場運用など事業上の連携関係の維持・強化を図るため、継続して保有しています。,,91420
E31612,株式会社九州フィナンシャルグループ,71800,2024-03-31,000,株式会社Ｍｉｓｕｍｉ,74410,196,547.0,保有基準を全て充足。当社グループの営業基盤である九州の主要企業であり地域活性化に資すること及び同社との銀行取引関係の維持・強化を図るため、継続して保有しています。,,74410
E31612,株式会社九州フィナンシャルグループ,71800,2024-03-31,000,株式会社大分銀行,83920,456,475.0,保有基準を全て充足。同社との銀行取引関係の維持・強化を図るため、継続して保有しています。株式数増加の理由：株式分割による株式数増加。,,83920
E31612,株式会社九州フィナンシャルグループ,71800,2024-03-31,000,株式会社東邦銀行,83460,124,442.0,保有基準を全て充足。同社グループの株式会社ＳＹＳＫＥＮは当社グループの営業基盤である熊本県の主要企業であり地域活性化に資すること及び同社との銀行取引関係の維持・強化を図るため、継続して保有しています。,,83460
E31612,株式会社九州フィナンシャルグループ,71800,2024-03-31,000,ヤマウホールディングス株式会社,52840,123,433.0,保有基準を全て充足。同社との銀行取引関係の維持・強化を図るため、継続して保有しています。,,52840
E31612,株式会社九州フィナンシャルグループ,71800,2024-03-31,000,ＪＦＥホールディングス株式会社,54110,142,385.0,保有基準を全て充足。同社グループの保険商品窓口販売など事業上の連携関係の維持・強化を図るため、継続して保有しています。株式数増加の理由：株式分割による株式数増加。,,54110
E31612,株式会社九州フィナンシャルグループ,71800,2024-03-31,000,スターゼン株式会社,80430,500,385.0,定量基準未充足ですが、当社グループの営業基盤である熊本県の主要企業であり地域活性化に資すること及び同社との銀行取引関係の維持・強化を図るため、継続して保有しています。,,80430
E31612,株式会社九州フィナンシャルグループ,71800,2024-03-31,000,第一交通産業株式会社,90350,90,384.0,保有基準を全て充足。当社グループの営業基盤である九州の主要企業であり地域活性化に資すること及び同社との銀行取引関係の維持・強化を図るため、継続して保有しています。,,90350
E31612,株式会社九州フィナンシャルグループ,71800,2024-03-31,000,電源開発株式会社,95130,300,364.0,保有基準を全て充足。同社との銀行取引関係の維持・強化を図るため、継続して保有しています。,,95130
E31612,株式会社九州フィナンシャルグループ,71800,2024-03-31,000,株式会社九電工,19590,70,356.0,保有基準を全て充足。同社との銀行取引関係の維持・強化を図るため、継続して保有しています。,,19590
E31612,株式会社九州フィナンシャルグループ,71800,2024-03-31,000,株式会社昴,97780,129,330.0,保有基準を全て充足。同社との銀行取引関係の維持・強化を図るため、継続して保有しています。,,97780
E31612,株式会社九州フィナンシャルグループ,71800,2024-03-31,000,矢作建設工業株式会社,18700,285,327.0,保有基準を全て充足。同社との銀行取引関係の維持・強化を図るため、継続して保有しています。,,18700
E31612,株式会社九州フィナンシャルグループ,71800,2024-03-31,000,ソフトマックス株式会社,36710,62,319.0,保有基準を全て充足。当社グループの営業基盤である九州の主要企業であり地域活性化に資すること及び同社との銀行取引関係の維持・強化を図るため、継続して保有しています。,,36710
E31612,株式会社九州フィナンシャルグループ,71800,2024-03-31,000,株式会社佐賀銀行,83950,99,302.0,保有基準を全て充足。同社グループとの経営戦略上の連携関係の維持・強化を図るため、継続して保有しています。,,83950
E31612,株式会社九州フィナンシャルグループ,71800,2024-03-31,000,株式会社ヒガシマル,20580,64,301.0,保有基準を全て充足。同社との銀行取引関係の維持・強化を図るため、継続して保有しています。,,20580
E31612,株式会社九州フィナンシャルグループ,71800,2024-03-31,000,昭和パックス株式会社,39540,243,280.0,保有基準を全て充足。当社グループの市場運用など事業上の連携関係の維持・強化を図るため、継続して保有しています。,,39540
E31612,株式会社九州フィナンシャルグループ,71800,2024-03-31,000,株式会社みずほフィナンシャルグループ,84110,50,258.0,保有基準を全て充足。同社との銀行取引関係の維持・強化を図るため、継続して保有しています。,,84110
E31612,株式会社九州フィナンシャルグループ,71800,2024-03-31,000,コーアツ工業株式会社,17430,72,226.0,保有基準を全て充足。同社との銀行取引関係の維持・強化を図るため、継続して保有しています。,,17430
E31612,株式会社九州フィナンシャルグループ,71800,2024-03-31,000,株式会社南日本銀行,85540,54,224.0,保有基準を全て充足。当社グループの営業基盤である九州の主要企業であり地域活性化に資すること及び同社との銀行取引関係の維持・強化を図るため、継続して保有しています。,,85540
E31612,株式会社九州フィナンシャルグループ,71800,2024-03-31,000,サンケイ化学株式会社,49950,120,219.0,保有基準を全て充足。当社グループの営業基盤である熊本県の主要企業であり地域活性化に資すること及び同社との銀行取引関係の維持・強化を図るため、継続して保有しています。,,49950
E31612,株式会社九州フィナンシャルグループ,71800,2024-03-31,000,三菱製鋼株式会社,56320,80,217.0,保有基準を全て充足。同社との銀行取引関係の維持・強化を図るため、継続して保有しています。,,56320
E31612,株式会社九州フィナンシャルグループ,71800,2024-03-31,000,株式会社宮崎太陽銀行,85600,114,214.0,保有基準を全て充足。当社グループの営業基盤である九州の主要企業であり地域活性化に資すること及び同社との銀行取引関係の維持・強化を図るため、継続して保有しています。,,85600
E31612,株式会社九州フィナンシャルグループ,71800,2024-03-31,000,昭和鉄工株式会社,59530,75,190.0,保有基準を全て充足。同社との銀行取引関係の維持・強化を図るため、継続して保有しています。,,59530
E31612,株式会社九州フィナンシャルグループ,71800,2024-03-31,000,九州電力株式会社,95080,29,186.0,保有基準を全て充足。当社グループの営業基盤である九州の主要企業であり地域活性化に資すること及び同社との銀行取引関係の維持・強化を図るため、継続して保有しています。,,95080
E34722,共栄セキュリティーサービス株式会社,70580,2024-03-31,000,イオンディライト㈱,97870,1976,6996.0,警備業の同業者として円滑な取引関係を維持するため、取引先持株会に加入し、定期買付により増加しております。また、警備業務の請負を行っており、毎期一定の取引規模を維持しております。当期において、当保有株数調整のため、一部を売却しております。,,97870
E34722,共栄セキュリティーサービス株式会社,70580,2024-03-31,000,日本管財ホールディングス㈱,93470,5703,14634.0,警備業の同業者として円滑な取引関係を維持するため、取引先持株会に加入し、定期買付により増加しております。また、警備業務の請負を行っており、毎期一定の取引規模を維持しております。,,93470
E02934,木徳神糧株式会社,27000,2024-12-31,000,㈱セブン＆アイ・ホールディングス,33820,583842,1452017.0,当社の重要販売先であり、主に米穀の販売を行っております。良好な関係維持・強化を図るため継続保有しております。また、取引量の維持、拡大を目的として取引先持株会に加入し保有しており、定期的な買付けにより株式数が増加しております。,,33820
E02934,木徳神糧株式会社,27000,2024-12-31,000,わらべや日洋ホールディングス㈱,29180,193412,392820.0,当社の重要販売先である、わらべや日洋食品㈱等の親会社であり、良好な関係維持・強化を図るため継続保有しております。また、取引量の維持、拡大を目的として取引先持株会に加入し保有しており、定期的な買付けにより株式数が増加しております。,,29180
E02934,木徳神糧株式会社,27000,2024-12-31,000,ヤマエグループホールディングス㈱,71300,69964,138108.0,当社の重要販売先である、ヤマエ久野㈱の親会社であり、良好な関係維持・強化を図るため継続保有しております。また、取引量の維持、拡大を目的として取引先持株会に加入し保有しており、定期的な買付けにより株式数が増加しております。,,71300
E02934,木徳神糧株式会社,27000,2024-12-31,000,㈱吉野家ホールディングス,98610,42280,131448.0,当社の重要販売先であり、主に米穀の販売を行っております。良好な関係維持・強化を図るため継続保有しております。また、取引量の維持、拡大を目的として取引先持株会に加入し保有しており、定期的な買付けにより株式数が増加しております。,,98610
E02934,木徳神糧株式会社,27000,2024-12-31,000,㈱ニップン,20010,52154,114009.0,当社の仕入先であり、飼料等の取引を行っております。良好な関係維持・強化を図るため継続保有しております。また、取引量の維持、拡大を目的として取引先持株会に加入し保有しており、定期的な買付けにより株式数が増加しております。,,20010
E02934,木徳神糧株式会社,27000,2024-12-31,000,㈱三菱UFJフィナンシャル・グループ,,44420,81999.0,当社の主要取引銀行である、㈱三菱UFJ銀行の親会社であり、運転資金のための短期借入れや設備投資のための長期借入れを行っております。資金需要時に円滑な調達が実現できるよう、関係強化のため保有しております。なお、2024年に合併した被合併会社が本株式を所有していたため、その分が増加しております。,,
E02934,木徳神糧株式会社,27000,2024-12-31,000,三井物産㈱,80310,22600,74828.0,当社の海外事業における重要パートナーとして、良好な関係の維持・強化を図るため継続保有しております。,,80310
E02934,木徳神糧株式会社,27000,2024-12-31,000,ヱスビー食品㈱,28050,10000,52600.0,当社の販売先であり、米穀の販売を行っております。良好な関係維持・強化を図るため継続保有しております。,,28050
E02934,木徳神糧株式会社,27000,2024-12-31,000,㈱松屋フーズホールディングス,98870,5200,33904.0,当社の重要販売先である、㈱松屋フーズの親会社であり、良好な関係維持・強化を図るため継続保有しております。,,98870
E02934,木徳神糧株式会社,27000,2024-12-31,000,㈱コンコルディア・フィナンシャルグループ,71860,29000,25261.0,当社の主要取引銀行である、㈱横浜銀行の親会社であり、運転資金のための短期借入れや設備投資のための長期借入れを行っております。資金需要時に円滑な調達が実現できるよう、関係強化のため保有しております。,,71860
E02934,木徳神糧株式会社,27000,2024-12-31,000,日本マクドナルドホールディングス㈱,27020,4000,24760.0,当社の被合併会社が過去に不動産賃貸をしていた関係で持株会に加入しておりました。現在は退会しておりますが、継続保有しております。,,27020
E02934,木徳神糧株式会社,27000,2024-12-31,000,㈱三井住友フィナンシャルグループ,83160,5400,20325.0,当社の主要取引銀行である、㈱三井住友銀行の親会社であり、運転資金のための短期借入れや設備投資のための長期借入れを行っております。資金需要時に円滑な調達が実現できるよう、関係強化のため保有しております。,,83160
E02934,木徳神糧株式会社,27000,2024-12-31,000,㈱天満屋ストア,98460,17690,17938.0,取引量の維持、拡大を目的として取引先持株会に加入し保有しております。定期的な買付けにより株式数が増加しております。,,98460
E02934,木徳神糧株式会社,27000,2024-12-31,000,兼松㈱,,6200,16324.0,当社の飼料事業における重要パートナーとして、良好な関係の維持・強化を図るため継続保有しております。,,
E02934,木徳神糧株式会社,27000,2024-12-31,000,亀田製菓㈱,22200,3193,13330.0,当社の販売先であり、米穀の販売を行っております。取引量の維持、拡大を目的として取引先持株会に加入し保有しております。定期的な買付けにより株式数が増加しております。,,22200
E02934,木徳神糧株式会社,27000,2024-12-31,000,マルハニチロ㈱,13330,1810,5496.0,米穀事業の取引における関係維持、強化を目的に保有しています。なお、2024年に合併した被合併会社が本株式を所有していたため、その分が増加しております。,,13330
E02934,木徳神糧株式会社,27000,2024-12-31,000,フィード・ワン㈱,20600,6120,4889.0,飼料等の取引を行っており、良好な関係維持・強化を図るため継続保有しております。,,20600
E02934,木徳神糧株式会社,27000,2024-12-31,000,ロイヤルホールディングス㈱,81790,1500,3591.0,当社の重要販売先である、ロイヤル㈱の親会社であり、良好な関係維持・強化を図るため継続保有しております。,,81790
E02934,木徳神糧株式会社,27000,2024-12-31,000,㈱ちゅうぎんフィナンシャルグループ,58320,1800,2950.0,同社のグループ会社である、㈱中国銀行と金融取引を行っており、良好な関係の維持、強化を目的に保有しております。,,58320
E02934,木徳神糧株式会社,27000,2024-12-31,000,㈱あかつき本社,87370,5450,2441.0,当社の取引先である、あかつき証券㈱の親会社であり、長期にわたり当社有価証券の管理を行っております。同社との良好な関係維持のため継続保有しております。,,87370
E02934,木徳神糧株式会社,27000,2024-12-31,000,AN GIANG IMPORT-EXPORT COMPANY,,100000,2067.0,同社はベトナム子会社における合弁パートナーであり、協力関係の維持、強化を目的に保有しています。,,
E02934,木徳神糧株式会社,27000,2024-12-31,000,尾家産業㈱,74810,1000,2010.0,当社の主力事業である米穀の取引を行っており、良好な関係維持・強化を図るため継続保有しております。,,74810
E02934,木徳神糧株式会社,27000,2024-12-31,000,昭和産業㈱,20040,600,1701.0,当社の販売先であり、飼料の販売を行っております。良好な関係維持・強化を図るため継続保有しております。,,20040
E02934,木徳神糧株式会社,27000,2024-12-31,000,中部飼料㈱,20530,1000,1328.0,飼料等の取引を行っており、良好な関係維持・強化を図るため継続保有しております。,,20530
E02934,木徳神糧株式会社,27000,2024-12-31,000,シノブフーズ㈱,29030,400,364.0,米穀事業の取引における関係維持、強化を目的に保有しています。,,29030
E01570,ダイキン工業株式会社,63670,2024-03-31,000,住友不動産㈱,88300,8367000,48503.0,同社は当社の空調事業における販売先であり、相互の事業拡大や取引関係の強化を目的に株式を保有しております。なお、同社とは、「空調設備の脱炭素に向けた包括連携協定」を締結し、脱酸素・循環型社会の実現に向け、共同で取り組んでおります。,,88300
E01570,ダイキン工業株式会社,63670,2024-03-31,000,東テク㈱,99600,1000000,9690.0,同社は当社の空調製品の販売取引において協力関係にある取引先であり、相互の事業拡大や取引関係の強化を目的に株式を保有しております。,,99600
E01570,ダイキン工業株式会社,63670,2024-03-31,000,住友林業㈱,19110,1934900,9508.0,同社は当社の空調製品の販売取引において協力関係にある取引先であり、相互の事業拡大や取引関係の強化を目的に株式を保有しております。,,19110
E01570,ダイキン工業株式会社,63670,2024-03-31,000,キヤノン㈱,77510,1569500,7064.0,同社は当社の空調事業における販売先であり、相互の事業拡大や取引関係の強化を目的に株式を保有しております。,,77510
E01570,ダイキン工業株式会社,63670,2024-03-31,000,㈱三井住友フィナンシャルグループ,83160,684574,6098.0,同社グループには当社の主力取引銀行の一つが属しており、当社の財務活動円滑化のため、株式を保有しております。,,83160
E01570,ダイキン工業株式会社,63670,2024-03-31,000,新晃工業㈱,64580,1350000,5224.0,同社は当社の空調事業における仕入先であり、また当社空調製品の製造・販売で業務提携関係にある取引先であります。相互の事業拡大や取引関係の強化を目的に株式を保有しております。,,64580
E01570,ダイキン工業株式会社,63670,2024-03-31,000,小野薬品工業㈱,45280,1850000,4540.0,同社は当社の空調事業における販売先であり、相互の事業拡大や取引関係の強化を目的に株式を保有しております。,,45280
E01570,ダイキン工業株式会社,63670,2024-03-31,000,積水ハウス㈱,19280,1070400,3762.0,同社は当社の空調製品の販売取引において協力関係にある取引先であり、相互の事業拡大や取引関係の強化を目的に株式を保有しております。,,19280
E01570,ダイキン工業株式会社,63670,2024-03-31,000,ローム㈱,69630,1547800,3758.0,同社は当社の空調事業における仕入先であり、相互の事業拡大や取引関係の強化を目的に株式を保有しております。（注３）,,69630
E01570,ダイキン工業株式会社,63670,2024-03-31,000,京セラ㈱,69710,1650000,3337.0,同社は当社の空調事業における仕入先であり、相互の事業拡大や取引関係の強化を目的に株式を保有しております。（注４）,,69710
E01570,ダイキン工業株式会社,63670,2024-03-31,000,シンフォニアテクノロジー㈱,65070,1017000,3295.0,同社は当社の空調事業における販売先であり、相互の事業拡大や取引関係の強化を目的に株式を保有しております。,,65070
E01570,ダイキン工業株式会社,63670,2024-03-31,000,三井住友トラスト・ホールディングス㈱,,824010,2725.0,同社グループには当社の主力取引銀行の一つが属しており、当社の財務活動円滑化のため、株式を保有しております。（注５）,,
E01570,ダイキン工業株式会社,63670,2024-03-31,000,NOK㈱,,1300600,2722.0,同社は、当社の空調事業、化学事業における販売先であり、相互の事業拡大や取引関係の強化を目的に株式を保有しております。,,
E01570,ダイキン工業株式会社,63670,2024-03-31,000,エア・ウォーター㈱,40880,1024000,2452.0,同社は当社の化学事業における販売先であり、相互の事業拡大や取引関係の強化を目的に株式を保有しております。,,40880
E01570,ダイキン工業株式会社,63670,2024-03-31,000,東レ㈱,34020,3013000,2229.0,同社は当社の空調事業、化学事業における仕入先であり、相互の事業拡大や取引関係の強化を目的に株式を保有しております。,,34020
E01570,ダイキン工業株式会社,63670,2024-03-31,000,㈱住友倉庫,93030,790400,2028.0,同社は当社の物流業務の委託をしている会社であり、相互の事業拡大や取引関係の強化を目的に株式を保有しております。,,93030
E01570,ダイキン工業株式会社,63670,2024-03-31,000,大阪瓦斯㈱,95320,588700,1996.0,同社は当社の空調製品の販売取引において協力関係にある取引先であり、相互の事業拡大や取引関係の強化を目的に株式を保有しております。,,95320
E01570,ダイキン工業株式会社,63670,2024-03-31,000,レンゴー㈱,39410,1455500,1702.0,同社は当社の空調事業における仕入先であり、相互の事業拡大や取引関係の強化を目的に株式を保有しております。,,39410
E01570,ダイキン工業株式会社,63670,2024-03-31,000,日本ピラー工業㈱,,250857,1600.0,同社は当社の化学事業における販売先であり、相互の事業拡大や取引関係の強化を目的に株式を保有しております。,,
E01570,ダイキン工業株式会社,63670,2024-03-31,000,㈱きんでん,19440,564500,1521.0,同社は当社の空調製品の販売取引において協力関係にある取引先であり、相互の事業拡大や取引関係の強化を目的に株式を保有しております。,,19440
E01570,ダイキン工業株式会社,63670,2024-03-31,000,㈱京都フィナンシャルグループ,58440,551200,1521.0,同社グループには当社の取引銀行の一つが属しており、当社の財務活動円滑化のため、株式を保有しております。（注６）,,58440
E01570,ダイキン工業株式会社,63670,2024-03-31,000,㈱バルカー,79950,285151,1462.0,同社は当社の化学事業における販売先であり、相互の事業拡大や取引関係の強化を目的に株式を保有しております。,,79950
E01570,ダイキン工業株式会社,63670,2024-03-31,000,住友電気工業㈱,58020,532500,1250.0,同社は当社の空調事業、化学事業における仕入及び販売先であり、相互の事業拡大や取引関係の強化を目的に株式を保有しております。,,58020
E01570,ダイキン工業株式会社,63670,2024-03-31,000,上新電機㈱,81730,432792,1007.0,同社は当社の空調製品の販売取引において協力関係にある取引先であり、相互の事業拡大や取引関係の強化を目的に株式を保有しております。,,81730
E01570,ダイキン工業株式会社,63670,2024-03-31,000,MS&ADインシュアランスグループホールディングス㈱,,120200,977.0,同社グループには当社の主力取引保険会社が属しており、当社の財務活動円滑化のため、株式を保有しております。,,
E01570,ダイキン工業株式会社,63670,2024-03-31,000,㈱山善,80510,685884,923.0,同社は当社の空調製品の販売取引において協力関係にある取引先であり、相互の事業拡大や取引関係の強化を目的に株式を保有しております。,,80510
E01570,ダイキン工業株式会社,63670,2024-03-31,000,日油㈱,44030,135000,844.0,同社は当社の特機事業における仕入先であり、相互の事業拡大や取引関係の強化を目的に株式を保有しております。,,44030
E01570,ダイキン工業株式会社,63670,2024-03-31,000,因幡電機産業㈱,99340,239000,837.0,同社は当社の空調製品の販売取引において協力関係にある取引先であり、相互の事業拡大や取引関係の強化を目的に株式を保有しております。,,99340
E01570,ダイキン工業株式会社,63670,2024-03-31,000,㈱ツガミ,61010,717000,824.0,同社は当社の油機事業における販売先であり、相互の事業拡大や取引関係の強化を目的に株式を保有しております。,,61010
E01570,ダイキン工業株式会社,63670,2024-03-31,000,㈱いよぎんホールディングス,58300,544000,638.0,同社グループには当社の取引銀行の一つが属しており、当社の財務活動円滑化のため、株式を保有しております。,,58300
E01570,ダイキン工業株式会社,63670,2024-03-31,000,㈱みずほフィナンシャルグループ,84110,204032,621.0,同社グループには当社の取引銀行の一つが属しており、当社の財務活動円滑化のため、株式を保有しております。,,84110
E01570,ダイキン工業株式会社,63670,2024-03-31,000,阪急阪神ホールディングス㈱,90420,126000,554.0,同社は当社の空調事業における販売先であり、相互の事業拡大や取引関係の強化を目的に株式を保有しております。,,90420
E01570,ダイキン工業株式会社,63670,2024-03-31,000,京阪神ビルディング㈱,88180,323926,529.0,同社は当社の空調事業における販売先であり、相互の事業拡大や取引関係の強化を目的に株式を保有しております。,,88180
E01570,ダイキン工業株式会社,63670,2024-03-31,000,㈱島津製作所,77010,122000,516.0,同社は当社の空調事業における仕入及び販売先であり、相互の事業拡大や取引関係の強化を目的に株式を保有しております。,,77010
E01570,ダイキン工業株式会社,63670,2024-03-31,000,㈱ダイセル,42020,325000,492.0,同社は当社の化学事業及び特機事業における仕入先であり、相互の事業拡大や取引関係の強化を目的に株式を保有しております。,,42020
E01570,ダイキン工業株式会社,63670,2024-03-31,000,㈱三菱UFJフィナンシャル・グループ,,247400,385.0,同社グループには当社の主力取引銀行の一つが属しており、当社の財務活動円滑化のため、株式を保有しております。,,
E01570,ダイキン工業株式会社,63670,2024-03-31,000,㈱トミタ,68980,250000,381.0,同社は当社の油機製品の販売取引において協力関係にある取引先であり、相互の事業拡大や取引関係の強化を目的に株式を保有しております。,,68980
E01570,ダイキン工業株式会社,63670,2024-03-31,000,日本空調サービス㈱,46580,392000,367.0,同社は当社の油機製品の販売取引において協力関係にある取引先であり、相互の事業拡大や取引関係の強化を目的に株式を保有しております。,,46580
E01570,ダイキン工業株式会社,63670,2024-03-31,000,コクヨ㈱,79840,142100,353.0,同社は当社の空調事業における販売先であり、相互の事業拡大や取引関係の強化を目的に株式を保有しております。,,79840
E01570,ダイキン工業株式会社,63670,2024-03-31,000,㈱日阪製作所,62470,340000,346.0,同社は当社の空調事業における仕入先であり、相互の事業拡大や取引関係の強化を目的に株式を保有しております。,,62470
E01570,ダイキン工業株式会社,63670,2024-03-31,000,ユアサ商事㈱,80740,63300,338.0,同社は当社の空調製品の販売取引において協力関係にある取引先であり、相互の事業拡大や取引関係の強化を目的に株式を保有しております。,,80740
E01570,ダイキン工業株式会社,63670,2024-03-31,000,平和不動産㈱,88030,73800,301.0,同社は当社の空調事業における販売先であり、相互の事業拡大や取引関係の強化を目的に株式を保有しております。,,88030
E01570,ダイキン工業株式会社,63670,2024-03-31,000,日比谷総合設備㈱,19820,96624,287.0,同社は当社の空調製品の販売取引において協力関係にある取引先であり、相互の事業拡大や取引関係の強化を目的に株式を保有しております。,,19820
E01570,ダイキン工業株式会社,63670,2024-03-31,000,㈱しずおかフィナンシャルグループ,58310,194775,281.0,同社グループには当社の取引銀行の一つが属しており、当社の財務活動円滑化のため、株式を保有しております。,,58310
E01570,ダイキン工業株式会社,63670,2024-03-31,000,美津濃㈱,80220,44000,279.0,同社は当社の空調事業における販売先であり、相互の事業拡大や取引関係の強化を目的に株式を保有しております。,,80220
E01570,ダイキン工業株式会社,63670,2024-03-31,000,㈱滋賀銀行,83660,63800,267.0,同行は当社の取引銀行の一つであり、当社の財務活動円滑化のため、株式を保有しております。,,83660
E01570,ダイキン工業株式会社,63670,2024-03-31,000,極東開発工業㈱,72260,100290,260.0,同社は当社の油機事業における販売先であり、相互の事業拡大や取引関係の強化を目的に株式を保有しております。,,72260
E01570,ダイキン工業株式会社,63670,2024-03-31,000,ライオン㈱,49120,190000,258.0,同社は当社の空調事業における販売先であり、相互の事業拡大や取引関係の強化を目的に株式を保有しております。,,49120
E01570,ダイキン工業株式会社,63670,2024-03-31,000,南海電気鉄道㈱,90440,71200,227.0,同社は当社の空調事業における販売先であり、相互の事業拡大や取引関係の強化を目的に株式を保有しております。,,90440
E01570,ダイキン工業株式会社,63670,2024-03-31,000,㈱JDSC,,233100,224.0,同社は空調事業での協力取引先であり、デジタルを活用した業務効率化や新サービス創出のため、株式を保有しております。,,
E01570,ダイキン工業株式会社,63670,2024-03-31,000,TOPPANホールディングス㈱,,56825,220.0,同社グループは当社の空調事業における販売先であり、相互の事業拡大や取引関係の強化を目的に株式を保有しております。,,
E01570,ダイキン工業株式会社,63670,2024-03-31,000,鴻池運輸㈱,90250,100000,219.0,同社は当社の物流業務の委託をしている会社であり、相互の事業拡大や取引関係の強化を目的に株式を保有しております。,,90250
E01570,ダイキン工業株式会社,63670,2024-03-31,000,住友重機械工業㈱,63020,41600,196.0,同社は当社の油機事業における販売先であり、相互の事業拡大や取引関係の強化を目的に株式を保有しております。,,63020
E01570,ダイキン工業株式会社,63670,2024-03-31,000,長瀬産業㈱,80120,74669,190.0,同社は当社の化学事業における仕入及び販売先であり、相互の事業拡大や取引関係の強化を目的に株式を保有しております。,,80120
E01570,ダイキン工業株式会社,63670,2024-03-31,000,㈱商船三井,91040,34065,157.0,同社グループは当社の低温事業における販売先、かつ物流業務の委託をしている取引先であり、相互の事業拡大や取引関係の強化を目的に株式を保有しております。,,91040
E01570,ダイキン工業株式会社,63670,2024-03-31,000,㈱TOKAIホールディングス,,150000,148.0,同社は当社の空調製品の販売取引において協力関係にある取引先であり、相互の事業拡大や取引関係の強化を目的に株式を保有しております。,,
E01570,ダイキン工業株式会社,63670,2024-03-31,000,あすか製薬ホールディングス㈱,48860,60000,133.0,同社は当社の空調事業における販売先であり、相互の事業拡大や取引関係の強化を目的に株式を保有しております。,,48860
E01570,ダイキン工業株式会社,63670,2024-03-31,000,三谷産業㈱,82850,319220,130.0,同社は当社の空調製品の販売取引において協力関係にある取引先であり、相互の事業拡大や取引関係の強化を目的に株式を保有しております。,,82850
E01570,ダイキン工業株式会社,63670,2024-03-31,000,ハウス食品グループ本社㈱,28100,41261,127.0,同社は当社の空調事業における販売先であり、相互の事業拡大や取引関係の強化を目的に株式を保有しております。,,28100
E01570,ダイキン工業株式会社,63670,2024-03-31,000,㈱吉野家ホールディングス,98610,36000,122.0,同社は当社の空調事業における販売先であり、相互の事業拡大や取引関係の強化を目的に株式を保有しております。,,98610
E01266,共英製鋼株式会社,54400,2024-03-31,000,合同製鐵株式会社,54100,514400,2942.0,同社は当社の中核事業である鉄鋼事業を主体として営んでおり、また、当社の持分法適用関連会社である中山鋼業株式会社に共同出資している関係にあり、事業関係の円滑化を目的として保有しています。,,54100
E01266,共英製鋼株式会社,54400,2024-03-31,000,岡谷鋼機株式会社,74850,62000,1048.0,同社は当社のネジ部品を含む製品販売先および主原料購入先であり、取引協力関係の維持・構築やカーボンニュートラルの取り組みで重要性を増している鉄スクラップの安定調達を目的として保有しています。,,74850
E01266,共英製鋼株式会社,54400,2024-03-31,000,中外炉工業株式会社,19640,110000,343.0,同社は工業炉およびバーナー等に関する高い技術力を有しており、鉄鋼製造時の副産物のリサイクル等に関する技術交流を目的として保有しています。,,19640
E01266,共英製鋼株式会社,54400,2024-03-31,000,株式会社三菱ＵＦＪフィナンシャル・グループ,83060,200000,311.0,同社グループには当社の主力取引銀行である株式会社三菱ＵＦＪ銀行が属しており、事業戦略に応じた安定的かつ機動的な資金調達および同社グループとの良好な関係の維持・強化を目的として保有しています。,,83060
E01266,共英製鋼株式会社,54400,2024-03-31,000,株式会社りそなホールディングス,83080,276300,263.0,同社グループには当社の主力取引銀行である株式会社りそな銀行が属しており、事業戦略に応じた安定的かつ機動的な資金調達および同社グループとの良好な関係の維持・強化を目的として保有しています。,,83080
E01266,共英製鋼株式会社,54400,2024-03-31,000,株式会社三井住友フィナンシャルグループ,83160,6100,54.0,同社グループには当社の主力取引銀行である株式会社三井住友銀行が属しており、事業戦略に応じた安定的かつ機動的な資金調達および同社グループとの良好な関係の維持・強化を目的として保有しています。,,83160
E01266,共英製鋼株式会社,54400,2024-03-31,000,清和中央ホールディングス株式会社,75310,20000,31.0,同社グループには当社製品の販売先である清和鋼業株式会社が属しており、取引協力関係の維持・構築を目的として保有しています。,,75310
E01266,共英製鋼株式会社,54400,2024-03-31,000,コンドーテック株式会社,74380,13800,18.0,同社には商社を介して当社製品の構造用棒鋼を販売しており、取引協力関係の維持・構築を目的として保有しています。,,74380
E01266,共英製鋼株式会社,54400,2024-03-31,000,神鋼商事株式会社,80750,441,3.0,同社は当社の製品販売先および主原料、副原料の購入先であり、取引協力関係の維持・構築やカーボンニュートラルの取り組みで重要性を増している鉄スクラップと副原料の安定調達を目的として保有しています。,,80750
E24512,インターライフホールディングス株式会社,14180,2025-02-28,000,東京建物㈱,88040,79000,188770.0,オフィスの改装工事等の取引があり、今後の事業展開に向けた情報収集や企業間取引における関係維持・強化を図るため株式を保有しております。,,88040
E24512,インターライフホールディングス株式会社,14180,2025-02-28,000,㈱乃村工藝社,97160,141400,121321.0,当社と同社は、相互の情報交換、円滑な事業推進を目的とした契約を締結しており、今後の事業展開に向けた情報収集や企業間取引における関係維持・強化を図るため株式を保有しております。,,97160
E24512,インターライフホールディングス株式会社,14180,2025-02-28,000,住友不動産㈱,88300,10000,52060.0,音響・照明設備工事等の取引を行っており、今後の事業展開に向けた情報収集や企業間取引における関係維持・強化を図るため株式を保有しております。,,88300
E24512,インターライフホールディングス株式会社,14180,2025-02-28,000,東武鉄道㈱,90010,15800,41032.0,各種情報交換を通じ工事関連の受注機会の増加を目的とし、また同社との良好な関係の維持強化を図るため株式を保有しています。,,90010
E24512,インターライフホールディングス株式会社,14180,2025-02-28,000,㈱乃村工藝社,97160,79000,188770.0,オフィスの改装工事等の取引があり、今後の事業展開に向けた情報収集や企業間取引における関係維持・強化を図るため株式を保有しております。,,97160
E24512,インターライフホールディングス株式会社,14180,2025-02-28,000,㈱丹青社,97430,141400,121321.0,当社と同社は、相互の情報交換、円滑な事業推進を目的とした契約を締結しており、今後の事業展開に向けた情報収集や企業間取引における関係維持・強化を図るため株式を保有しております。,,97430
E24512,インターライフホールディングス株式会社,14180,2025-02-28,000,㈱スペース,48380,10000,52060.0,音響・照明設備工事等の取引を行っており、今後の事業展開に向けた情報収集や企業間取引における関係維持・強化を図るため株式を保有しております。,,48380
E00311,株式会社ＡＶＡＮＴＩＡ,89040,2024-08-31,000,松井建設株式会社,18100,190000,149530.0,当社子会社で行うマンション事業における取引先であり、取引関係の維持強化を目的として保有しております。（定量的な保有効果）（注）１,,18100
E00311,株式会社ＡＶＡＮＴＩＡ,89040,2024-08-31,000,三井住友トラスト・ホールディングス株式会社(注)２,,6000,21618.0,当社における金融・資金取引及び事業運営上の安定的かつ継続的な関係強化を目的として保有しております。（定量的な保有効果）（注）１,,
E00311,株式会社ＡＶＡＮＴＩＡ,89040,2024-08-31,000,株式会社十六フィナンシャルグループ,73800,4000,17060.0,当社における金融・資金取引及び事業運営上の安定的かつ継続的な関係強化を目的として保有しております。（定量的な保有効果）（注）１,,73800
E00311,株式会社ＡＶＡＮＴＩＡ,89040,2024-08-31,000,株式会社三菱ＵＦＪフィナンシャル・グループ,83060,10000,15280.0,当社における金融・資金取引及び事業運営上の安定的かつ継続的な関係強化を目的として保有しております。（定量的な保有効果）（注）１,,83060
E00311,株式会社ＡＶＡＮＴＩＡ,89040,2024-08-31,000,株式会社あいちフィナンシャルグループ,73890,5328,12947.0,当社における金融・資金取引及び事業運営上の安定的かつ継続的な関係強化を目的として保有しております。（定量的な保有効果）（注）１,,73890
E00311,株式会社ＡＶＡＮＴＩＡ,89040,2024-08-31,000,株式会社名古屋銀行,85220,200,1408.0,当社における金融・資金取引及び事業運営上の安定的かつ継続的な関係強化を目的として保有しております。（定量的な保有効果）（注）１,,85220
E00221,新日本建設株式会社,18790,2025-03-31,000,㈱千葉銀行,83310,701587,981.0,（保有目的）上記に記載のとおりであります。（業務提携等の概要）物件紹介、金融取引等（定量的な保有効果）上記に記載のとおりであります。（株式数が増加した理由）取引関係を強化するための株式累積投資による取得であります。,,83310
E00221,新日本建設株式会社,18790,2025-03-31,000,㈱京葉銀行,85440,135004,121.0,（保有目的）上記に記載のとおりであります。（業務提携等の概要）物件紹介、金融取引等（定量的な保有効果）上記に記載のとおりであります。,,85440
E00221,新日本建設株式会社,18790,2025-03-31,000,㈱千葉興業銀行,83370,79600,103.0,（保有目的）上記に記載のとおりであります。（業務提携等の概要）物件紹介、金融取引等（定量的な保有効果）上記に記載のとおりであります。,,83370
E00221,新日本建設株式会社,18790,2025-03-31,000,㈱三菱ＵＦＪフィナンシャル・グループ,83060,12871,25.0,（保有目的）上記に記載のとおりであります。（業務提携等の概要）物件紹介、金融取引等（定量的な保有効果）上記に記載のとおりであります。,,83060
E00221,新日本建設株式会社,18790,2025-03-31,000,㈱オリエンタルランド,46610,8000,23.0,（保有目的）上記に記載のとおりであります。（業務提携等の概要）工事発注（定量的な保有効果）上記に記載のとおりであります。,,46610
E02380,テイ・エス　テック株式会社,73130,2025-03-31,000,倉敷紡績株式会社,31060,174000,1037.0,当社製品製造に係る業務の円滑な推進及び化成品領域などでの購買・開発を含めたグローバルビジネスパートナーとして、同社との協業体制強化のため。,,31060
E02380,テイ・エス　テック株式会社,73130,2025-03-31,000,株式会社三菱UFJフィナンシャル・グループ,,410540,825.0,金融取引をはじめ、財務・総務に関する有益な情報提供など、各種業務を円滑に推進するため。,,
E02380,テイ・エス　テック株式会社,73130,2025-03-31,000,株式会社パイオラックス,59880,309000,736.0,当社製品製造に係る業務の円滑な推進及び内装品ファスナー部品領域などでの購買・開発を含めたグローバルビジネスパートナーとして、同社との協業体制強化のため。,,59880
E02380,テイ・エス　テック株式会社,73130,2025-03-31,000,いすゞ自動車株式会社,72020,345412,696.0,当社製品の重要な販売先として、製品製造に係る業務の円滑な推進及び営業情報の入手並びに取引関係の維持・強化のため。株式数の増加は、製品販売強化を目的とした取引先持株会による株式取得のため。,,72020
E02380,テイ・エス　テック株式会社,73130,2025-03-31,000,オイレス工業株式会社,62820,293700,662.0,当社製品製造に係る業務の円滑な推進及びベアリング・ダンパー部品領域などでの購買・開発を含めたグローバルビジネスパートナーとして、同社との協業体制強化のため。,,62820
E02380,テイ・エス　テック株式会社,73130,2025-03-31,000,スズキ株式会社,72690,357200,646.0,当社製品の重要な販売先として、製品製造に係る業務の円滑な推進及び営業情報の入手並びに取引の関係維持・強化のため。,,72690
E02380,テイ・エス　テック株式会社,73130,2025-03-31,000,株式会社オーハシテクニカ,76280,260000,478.0,当社製品製造に係る業務の円滑な推進及びシートフレーム締結部品領域などでの購買・開発を含めたグローバルビジネスパートナーとして、同社との協業体制強化のため。,,76280
E02380,テイ・エス　テック株式会社,73130,2025-03-31,000,オカモト株式会社,51220,84600,428.0,当社製品製造に係る業務の円滑な推進及び表皮材領域などでの購買・開発を含めたグローバルビジネスパートナーとして、同社との協業体制強化のため。,,51220
E02380,テイ・エス　テック株式会社,73130,2025-03-31,000,川崎重工業株式会社,70120,20725,185.0,当社製品の重要な販売先として、製品製造に係る業務の円滑な推進及び営業情報の入手並びに取引関係の維持・強化のため。株式数の増加は、製品販売強化を目的とした取引先持株会による株式取得のため。,,70120
E02380,テイ・エス　テック株式会社,73130,2025-03-31,000,株式会社T&Dホールディングス,,52470,166.0,保険業務取引をはじめ、財務・総務に関する有益な情報提供など、各種業務を円滑に推進するため。,,
E02380,テイ・エス　テック株式会社,73130,2025-03-31,000,株式会社三井住友フィナンシャルグループ,83160,37209,141.0,金融取引をはじめ、財務・総務に関する有益な情報提供など、各種業務を円滑に推進するため。株式数の増加は、株式分割実施のため。,,83160
E02380,テイ・エス　テック株式会社,73130,2025-03-31,000,株式会社SUBARU,,41700,110.0,当社製品の重要な販売先として、製品製造に係る業務の円滑な推進及び営業情報の入手並びに取引の関係維持・強化のため。,,
E02686,コニシ株式会社,49560,2025-03-31,000,㈱大阪ソーダ,40460,1217900,1977.0,同社は化成品事業の仕入先であります。事業上の関係維持・強化を図るため同社株式を継続して保有していますが、当事業年度中に一部売却いたしました。同社は2024年９月30日付で普通株式１株を５株とする株式分割を行ったため、保有株数は増加しております。,,40460
E02686,コニシ株式会社,49560,2025-03-31,000,大和ハウス工業㈱,19250,337925,1668.0,同社はボンド事業の住関連分野の接着剤、シーリング材の顧客であります。事業上の関係維持・強化を図るため同社株式を追加購入し継続して保有しています。,,19250
E02686,コニシ株式会社,49560,2025-03-31,000,日東電工㈱,69880,270000,738.0,同社は化成品事業の顧客であります。事業上の関係維持・強化を図るため同社株式を継続して保有していますが、当事業年度中に一部売却いたしました。同社は2024年９月30日付で普通株式１株を５株とする株式分割を行ったため、保有株数は増加しております。,,69880
E02686,コニシ株式会社,49560,2025-03-31,000,東亞合成㈱,40450,253643,357.0,同社はボンド事業の接着剤「ボンド アロンアルフア」の仕入先であります。事業上の関係維持・強化を図るため同社株式を継続して保有しています。,,40450
E02686,コニシ株式会社,49560,2025-03-31,000,稲畑産業㈱,80980,100000,317.0,同社はボンド事業の原材料の仕入先であります。事業上の関係維持・強化を図るため同社株式を継続して保有しています。,,80980
E02686,コニシ株式会社,49560,2025-03-31,000,㈱カネカ,41180,53000,201.0,同社はボンド事業の原材料の仕入先であり、化成品事業の仕入先および顧客であります。事業上の関係維持・強化を図るため同社株式を継続して保有しています。,,41180
E02686,コニシ株式会社,49560,2025-03-31,000,㈱日本ピグメントホールディングス,41190,49716,153.0,同社はボンド事業の原材料の仕入先であります。事業上の関係維持・強化を図るため同社株式を追加購入し継続して保有しています。,,41190
E02686,コニシ株式会社,49560,2025-03-31,000,荒川化学工業㈱,49680,99360,109.0,同社はボンド事業の原材料の仕入先であります。事業上の関係維持・強化を図るため同社株式を継続して保有しています。,,49680
E02686,コニシ株式会社,49560,2025-03-31,000,㈱キムラ,81070,199122,92.0,同社はボンド事業の顧客であります。事業上の関係維持・強化を図るため同社株式を追加購入し継続して保有しています。,,81070
E02686,コニシ株式会社,49560,2025-03-31,000,高圧ガス工業㈱,40970,100000,88.0,同社はボンド事業の原材料の仕入先であります。事業上の関係維持・強化を図るため同社株式を継続して保有しています。,,40970
E02686,コニシ株式会社,49560,2025-03-31,000,信越化学工業㈱,40630,15500,65.0,同社はボンド事業のシーリング材、原材料の仕入先であり、化成品事業の仕入先であります。事業上の関係維持・強化を図るため同社株式を継続して保有しています。,,40630
E02686,コニシ株式会社,49560,2025-03-31,000,トラスコ中山㈱,98300,31944,63.0,同社はボンド事業の顧客であります。事業上の関係維持・強化を図るため同社株式を継続して保有しています。,,98300
E02686,コニシ株式会社,49560,2025-03-31,000,ニホンフラッシュ㈱,78200,58515,46.0,同社はボンド事業の顧客であります。事業上の関係維持・強化を図るため同社株式を追加購入し継続して保有しています。,,78200
E02686,コニシ株式会社,49560,2025-03-31,000,イサム塗料㈱,46240,10400,33.0,同社は化成品事業の顧客であります。事業上の関係維持・強化を図るため同社株式を継続して保有しています。,,46240
E02686,コニシ株式会社,49560,2025-03-31,000,ＯＣＨＩホールディングス㈱,31660,14850,20.0,同社はボンド事業の顧客であります。事業上の関係維持・強化を図るため同社株式を継続して保有しています。,,31660
E02686,コニシ株式会社,49560,2025-03-31,000,アルテック㈱,99720,50000,11.0,同社は化成品事業の仕入先であります。事業上の関係維持・強化を図るため同社株式を継続して保有しています。,,99720
E00957,日本ケミファ株式会社,45390,2024-03-31,000,ゼリア新薬工業㈱,45590,172700,368.0,（保有目的）医薬品事業における取引先であり、良好な取引関係の維持・強化を図るため（定量的な保有効果）（注）２,,45590
E00957,日本ケミファ株式会社,45390,2024-03-31,000,Delta-Fly Pharma㈱,,430300,362.0,（保有目的）関係強化を通じた医薬品開発の推進を図るため（定量的な保有効果）（注）２（株式数が増加した理由）第三者割当増資の引受による株式の取得,,
E00957,日本ケミファ株式会社,45390,2024-03-31,000,㈱朝日工業社,19750,95200,319.0,（保有目的）設備の新設・維持等における取引の円滑化を図るため（定量的な保有効果）（注）２,,19750
E00957,日本ケミファ株式会社,45390,2024-03-31,000,㈱東京きらぼしフィナンシャルグループ,71730,60892,296.0,（保有目的）主要金融機関として良好な関係の維持、取引の円滑化を図るため（定量的な保有効果）（注）２,,71730
E00957,日本ケミファ株式会社,45390,2024-03-31,000,アルフレッサホールディングス㈱,27840,58000,128.0,（保有目的）医薬品事業における取引先であり、良好な取引関係の維持・強化を図るため（定量的な保有効果）（注）２,,27840
E00957,日本ケミファ株式会社,45390,2024-03-31,000,㈱みずほフィナンシャルグループ,84110,23100,70.0,（保有目的）主要金融機関として良好な関係の維持、取引の円滑化を図るため（定量的な保有効果）（注）２,,84110
E00957,日本ケミファ株式会社,45390,2024-03-31,000,アステナホールディングス㈱,80950,100000,49.0,（保有目的）医薬品事業における取引先であり、良好な取引関係の維持・強化を図るため（定量的な保有効果）（注）２,,80950
E00957,日本ケミファ株式会社,45390,2024-03-31,000,㈱ほくやく・竹山ホールディングス,30550,36002,31.0,（保有目的）医薬品事業における取引先であり、良好な取引関係の維持・強化を図るため（定量的な保有効果）（注）２,,30550
E00957,日本ケミファ株式会社,45390,2024-03-31,000,サスメド㈱,42630,58800,31.0,（保有目的）関係強化を通じた医薬品開発の促進・効率化を図るため（定量的な保有効果）（注）２,,42630
E00957,日本ケミファ株式会社,45390,2024-03-31,000,㈱ほくほくフィナンシャルグループ,83770,15100,29.0,（保有目的）主要金融機関として良好な関係の維持、取引の円滑化を図るため（定量的な保有効果）（注）２,,83770
E00957,日本ケミファ株式会社,45390,2024-03-31,000,東邦ホールディングス㈱,81290,7890,28.0,（保有目的）医薬品事業における取引先であり、良好な取引関係の維持・強化を図るため（定量的な保有効果）（注）２,,81290
E00957,日本ケミファ株式会社,45390,2024-03-31,000,三井住友トラスト・ホールディングス㈱,,3630,12.0,（保有目的）主要金融機関として良好な関係の維持、取引の円滑化を図るため（定量的な保有効果）（注）２,,
E00848,有機合成薬品工業株式会社,45310,2025-03-31,000,ゼリア新薬工業株式会社,45590,272100,614.0,医薬品関係で取引があり、同社との営業上の関係強化のため、同社株式を保有しております。,,45590
E00848,有機合成薬品工業株式会社,45310,2025-03-31,000,あすか製薬ホールディングス株式会社,48860,150000,345.0,医薬品関係で取引があり、同社との関係強化のため、同社株式を保有しております。,,48860
E00848,有機合成薬品工業株式会社,45310,2025-03-31,000,住友商事株式会社,80530,73000,246.0,アミノ酸関係、化成品関係、医薬品関係で取引があり、同社との関係強化のため、同社株式を保有しております。,,80530
E00848,有機合成薬品工業株式会社,45310,2025-03-31,000,株式会社三菱UFJフィナンシャル・グループ,,113400,228.0,融資等で取引があり、同社との関係強化のため、同社株式を保有しております。,,
E00848,有機合成薬品工業株式会社,45310,2025-03-31,000,株式会社大阪ソーダ,40460,119500,194.0,医薬品関係で取引があり、同社との営業上の関係強化のため、同社株式を保有しております。また、株式分割により保有株式数が増加しております。（注）,,40460
E00848,有機合成薬品工業株式会社,45310,2025-03-31,000,ニプロ株式会社,80860,100000,135.0,医薬品関係で取引があり、同社との業務提携及び資本提携のため、同社株式を保有しております。,,80860
E00848,有機合成薬品工業株式会社,45310,2025-03-31,000,株式会社クレハ,40230,46500,128.0,当社常磐工場における生産活動において取引があり、同社との営業上の関係強化のため、同社株式を保有しております。,,40230
E00848,有機合成薬品工業株式会社,45310,2025-03-31,000,株式会社めぶきフィナンシャルグループ,71670,112320,81.0,融資等で取引があり、同社との関係強化のため、同社株式を保有しております。,,71670
E00848,有機合成薬品工業株式会社,45310,2025-03-31,000,久光製薬株式会社,45300,13700,55.0,医薬品関係で取引があり、同社との関係強化のため、同社株式を保有しております。,,45300
E00848,有機合成薬品工業株式会社,45310,2025-03-31,000,株式会社東京きらぼしフィナンシャルグループ,71730,3219,18.0,融資等で取引があり、同社との関係強化のため、同社株式を保有しております。,,71730
E00866,三光合成株式会社,78880,2024-05-31,000,本田技研工業㈱,72670,11593,20.0,保有目的：当社の取引先であり、取引関係の維持・強化のため。株式数増加理由：取引先持株会による買い増し及び株式分割による増加。,,72670
E01377,オーエスジー株式会社,61360,2024-11-30,000,オークマ㈱,61030,727800,2241.0,当社の販売先及び設備の調達先であり、取引関係の維持・強化のため株式を保有。株式の分割により株式数が増加。,,61030
E01377,オーエスジー株式会社,61360,2024-11-30,000,㈱山善,80510,666786,858.0,当社の販売先及び仕入先であり、取引関係の維持・強化のため株式を保有。取引先持株会を通じた株式の取得。,,80510
E01377,オーエスジー株式会社,61360,2024-11-30,000,㈱アストロスケールホールディングス,186A0,600000,523.0,持続可能な社会の実現に貢献することを目的として保有。保有していた非上場株式の新規上場により株式数が増加。,,186A0
E01377,オーエスジー株式会社,61360,2024-11-30,000,新東工業㈱,63390,251000,233.0,当社製品のユーザー及び仕入先であり、取引関係の維持・強化のため株式を保有。,,63390
E01377,オーエスジー株式会社,61360,2024-11-30,000,旭ダイヤモンド工業㈱,61400,132000,105.0,当社の仕入先であり、取引関係の維持・強化のため株式を保有。,,61400
E01377,オーエスジー株式会社,61360,2024-11-30,000,ミクロン精密㈱,61590,30000,46.0,当社の仕入先であり、取引関係の維持・強化のため株式を保有。,,61590
E01377,オーエスジー株式会社,61360,2024-11-30,000,岡谷鋼機㈱,74850,2000,13.0,当社の販売先及び仕入先であり、取引関係の維持・強化のため株式を保有。株式の分割により株式数が増加。,,74850
E30728,フィード・ワン株式会社,20600,2025-03-31,000,㈱コンコルディア・フィナンシャルグループ,71860,1317600,1292.0,安定的な資金調達先として良好な関係を維持・強化することを目的として保有しております。,,71860
E30728,フィード・ワン株式会社,20600,2025-03-31,000,ケイヒン㈱,93120,465300,1094.0,畜産飼料事業における倉庫保管、陸上運送等に係る取引を行っており、良好な関係を維持・強化することを目的として相互保有しております。,,93120
E30728,フィード・ワン株式会社,20600,2025-03-31,000,スターゼン㈱,80430,884400,823.0,畜産飼料事業における取引先であり、㈱南部ファーム及び㈱美保野ポークの共同経営者として良好な関係を維持・強化することを目的として相互保有しております。なお、スターゼン㈱は2025年３月31日付で普通株式１株につき３株の割合で株式分割を行っております。,,80430
E30728,フィード・ワン株式会社,20600,2025-03-31,000,㈱ヨンキュウ,99550,350000,749.0,水産飼料事業における資本業務提携先であり、良好な関係を維持・強化することを目的として相互保有しております。,,99550
E30728,フィード・ワン株式会社,20600,2025-03-31,000,㈱みずほフィナンシャルグループ,84110,41005,166.0,安定的な資金調達先として良好な関係を維持・強化することを目的として保有しております。,,84110
E30728,フィード・ワン株式会社,20600,2025-03-31,000,丸全昭和運輸㈱,90680,25947,155.0,配合飼料の配送業務に係る取引先として良好な関係を維持・強化することを目的として相互保有しております。なお、同社株式の一部は取引先持株会名義で保有しており、取引関係の維持・強化の観点から定期取得しております。,,90680
E30728,フィード・ワン株式会社,20600,2025-03-31,000,㈱しずおかフィナンシャルグループ,58310,44100,71.0,安定的な資金調達先として良好な関係を維持・強化することを目的として保有しております。,,58310
E30728,フィード・ワン株式会社,20600,2025-03-31,000,㈱山口フィナンシャルグループ,84180,14000,24.0,安定的な資金調達先として良好な関係を維持・強化することを目的として保有しております。,,84180
E01475,株式会社　赤阪鐵工所,60220,2025-03-31,000,㈱しずおかフィナンシャルグループ,58310,561846,911876.0,事業において必要となる資金の供給、手形決済や経費支払い等の金融取引を中心とした安定的な取引関係の維持・強化。,,58310
E01475,株式会社　赤阪鐵工所,60220,2025-03-31,000,㈱ジャパンエンジンコーポレーション(注)３,,225000,767250.0,当社製品の販売及び製造に必要となる部品等の仕入取引を中心とした安定的な取引関係の維持・強化。また、２ストロークディーゼル機関のライセンサーとして製造・販売に関する実施権の維持。,,
E01475,株式会社　赤阪鐵工所,60220,2025-03-31,000,飯野海運㈱,91190,240608,239886.0,当社製品の販売取引を中心とした安定的な取引関係の維持・強化。株式数の増加は、取引先持株会の購入による増加であり、海運業界に関する知見を販売活動に活用しております。,,91190
E01475,株式会社　赤阪鐵工所,60220,2025-03-31,000,シンフォニアテクノロジー㈱,65070,20000,119600.0,当社製品の販売取引を中心とした安定的な取引関係の維持・強化。,,65070
E01475,株式会社　赤阪鐵工所,60220,2025-03-31,000,㈱ＴＯＫＡＩホールディングス,31670,101443,99718.0,当社製品の販売及び製造に必要となる部品等の仕入取引を中心とした安定的な取引関係の維持・強化。,,31670
E01475,株式会社　赤阪鐵工所,60220,2025-03-31,000,㈱名村造船所,70140,25600,58496.0,製造に必要となる部品等の仕入取引を中心とした安定的な取引関係の維持・強化。,,70140
E01475,株式会社　赤阪鐵工所,60220,2025-03-31,000,㈱みずほフィナンシャルグループ,84110,7788,31549.0,事業において必要となる資金の供給、手形決済や経費支払い等の金融取引を中心とした安定的な取引関係の維持・強化。,,84110
E01475,株式会社　赤阪鐵工所,60220,2025-03-31,000,ＮＳユナイテッド海運㈱,91100,4075,16320.0,当社製品の販売取引を中心とした安定的な取引関係の維持・強化。,,91100
E01475,株式会社　赤阪鐵工所,60220,2025-03-31,000,㈱清水銀行,83640,10065,15127.0,事業において必要となる資金の供給や経費の支払い等の金融取引を中心とした安定的な取引関係の維持・強化。,,83640
E01475,株式会社　赤阪鐵工所,60220,2025-03-31,000,リケンＮＰＲ㈱,62090,1156,2881.0,製造に必要となる部品等の仕入取引を中心とした安定的な取引関係の維持・強化。,,62090
E04291,株式会社ヤマタネ,93050,2025-03-31,000,東京海上ホールディングス株式会社,87660,2903000,16651.0,"不動産部門で取引を行っており、同社との良好な関係の維持、強化、金融取引の円滑化を目的に、配当利回り等の定量的効果を検証の上保有しておりましたが、段階的に売却をすすめております。同社株式は2025年２月１日付の吸収合併に伴い720,000株が当社に移管されました。",,87660
E04291,株式会社ヤマタネ,93050,2025-03-31,000,清水建設株式会社,18030,394000,521.0,"物流部門並びに不動産部門で取引を行っており、同社との良好な関係の維持、強化を目的に、配当利回り等の定量的効果を検証の上保有しております。の定量的効果を検証の上保有しております。同社株式は2025年２月１日付の吸収合併に伴い156,000株が当社に移管されました。",,18030
E04291,株式会社ヤマタネ,93050,2025-03-31,000,東京ガス,,85200,405.0,物流部門で取引を行っており、同社との良好な関係の維持、強化を目的に、配当利回り等の定量的効果を検証の上保有しております。同社株式は2025年２月１日付の吸収合併に伴い当社に移管されました。,,
E04291,株式会社ヤマタネ,93050,2025-03-31,000,森永製菓株式会社,22010,158000,395.0,物流部門で取引を行っており、同社との良好な関係の維持、強化を目的に、配当利回り等の定量的効果を検証の上保有しております。,,22010
E04291,株式会社ヤマタネ,93050,2025-03-31,000,株式会社三井住友フィナンシャルグループ,83160,95400,362.0,借入等の金融取引を行っており、同社との良好な関係の維持、強化を目的に、配当利回り等の定量的効果を検証の上保有しております。,,83160
E04291,株式会社ヤマタネ,93050,2025-03-31,000,江崎グリコ株式会社,22060,78317,362.0,物流部門で取引を行っており、同社との良好な関係の維持、強化を目的に、配当利回り等の定量的効果を検証の上保有しております。また、加入している持株会における定期的な拠出金により株式数は増加しております。,,22060
E04291,株式会社ヤマタネ,93050,2025-03-31,000,乾汽船,93080,154000,207.0,同社株式は2025年２月１日付の吸収合併に伴い当社に移管されました。同社との取引に特段の影響はないと判断したため、売却の方針であります。,,93080
E04291,株式会社ヤマタネ,93050,2025-03-31,000,丸三証券株式会社,86130,115700,104.0,食品部門で取引を行っており、同社との良好な関係の維持、強化を目的に、配当利回り等の定量的効果を検証の上保有しております。,,86130
E04291,株式会社ヤマタネ,93050,2025-03-31,000,イオン株式会社,49120,27900,104.0,食品部門並びに情報部門で取引を行っており、同社との良好な関係の維持、強化を目的に、配当利回り等の定量的効果を検証の上保有しております。,,49120
E04291,株式会社ヤマタネ,93050,2025-03-31,000,北越コーポレーション株式会社,38650,83706,102.0,物流部門で取引を行っており、同社との良好な関係の維持、強化を目的に、配当利回り等の定量的効果を検証の上保有しております。また、加入している持株会における定期的な拠出金により株式数は増加しております。,,38650
E04291,株式会社ヤマタネ,93050,2025-03-31,000,きんでん,19440,30000,100.0,同社株式は2025年２月１日付の吸収合併に伴い当社に移管されました。不動産部門で取引を行っておりますが、同社との取引に特段の影響はないと判断したため、売却方針であります。,,19440
E04291,株式会社ヤマタネ,93050,2025-03-31,000,エンチョー,82080,116000,95.0,同社株式は2025年２月１日付の吸収合併に伴い当社に移管されました。不動産部門で取引を行っておりましたが、同社との取引に特段の影響はないと判断したため、売却の方針であります。,,82080
E04291,株式会社ヤマタネ,93050,2025-03-31,000,株式会社三十三フィナンシャルグループ,73220,14800,35.0,借入等の金融取引を行っており、同社との良好な関係の維持、強化を目的に、配当利回り等の定量的効果を検証の上保有しております。,,73220
E04291,株式会社ヤマタネ,93050,2025-03-31,000,イトーキ,79720,6000,9.0,同社株式は2025年２月１日付の吸収合併に伴い当社に移管されました。物流部門で取引を行っており、同社との良好な関係の維持、強化を目的に、配当利回り等の定量的効果を検証の上保有しております。,,79720
E01444,株式会社　コロナ,59090,2025-03-31,000,㈱第四北越フィナンシャルグループ,73270,228086,719.0,当社の主要取引金融機関であり、長期安定的な金融取引関係の維持・強化を図るため。2024年９月30日を基準日として１株につき２株の割合で株式が分割されたため保有株数が増加。,,73270
E01444,株式会社　コロナ,59090,2025-03-31,000,㈱ミツウロコグループホールディングス,81310,242681,434.0,当社の製品の販売先であり、良好な販売取引関係の維持・強化により企業価値の向上を図るため。取引先持株会に加入しているため保有株数が増加。,,81310
E01444,株式会社　コロナ,59090,2025-03-31,000,大和ハウス工業㈱,19250,61740,304.0,当社の製品の販売先であり、良好な販売取引関係の維持・強化により企業価値の向上を図るため。,,19250
E01444,株式会社　コロナ,59090,2025-03-31,000,㈱山善,80510,185826,244.0,当社の製品の販売先であり、良好な販売取引関係の維持・強化により企業価値の向上を図るため。取引先持株会に加入しているため保有株数が増加。,,80510
E01444,株式会社　コロナ,59090,2025-03-31,000,上新電機㈱,81730,75000,159.0,当社の製品の販売先であり、良好な販売取引関係の維持・強化により企業価値の向上を図るため。,,81730
E01444,株式会社　コロナ,59090,2025-03-31,000,住友商事㈱,80530,41680,140.0,当社の原材料の仕入先であり、原材料の安定調達などを目的とした良好な仕入取引関係の維持・強化を図ることが企業価値の向上に資するため。,,80530
E01444,株式会社　コロナ,59090,2025-03-31,000,㈱コメリ,82180,30492,90.0,当社の製品の販売先であり、良好な販売取引関係の維持・強化により企業価値の向上を図るため。,,82180
E01444,株式会社　コロナ,59090,2025-03-31,000,㈱ノジマ,74190,34980,88.0,当社の製品の販売先であり、良好な販売取引関係の維持・強化により企業価値の向上を図るため。,,74190
E01444,株式会社　コロナ,59090,2025-03-31,000,アークランズ㈱,98420,30000,49.0,当社の製品の販売先であり、良好な販売取引関係の維持・強化により企業価値の向上を図るため。,,98420
E01444,株式会社　コロナ,59090,2025-03-31,000,㈱ロジネットジャパン,90270,15000,46.0,当社の物流業務に関する取引先であり、販売先への製品の安定供給などを目的とした良好な物流取引関係の維持・強化を図ることが企業価値の向上に資するため。,,90270
E01444,株式会社　コロナ,59090,2025-03-31,000,ダイヤモンドエレクトリックホールディングス㈱,66990,68000,40.0,当社の部品の仕入先であり、部品の安定調達などを目的とした良好な仕入取引関係の維持・強化を図ることが企業価値の向上に資するため。,,66990
E01444,株式会社　コロナ,59090,2025-03-31,000,㈱エディオン,27300,10000,18.0,当社の製品の販売先であり、良好な販売取引関係の維持・強化により企業価値の向上を図るため。,,27300
E01444,株式会社　コロナ,59090,2025-03-31,000,ОＣＨＩホールディングス㈱,,13851,18.0,当社の製品の販売先であり、良好な販売取引関係の維持・強化により企業価値の向上を図るため。取引先持株会に加入しているため保有株数が増加。,,
E01444,株式会社　コロナ,59090,2025-03-31,000,㈱コジマ,75130,12000,12.0,当社の製品の販売先であり、良好な販売取引関係の維持・強化により企業価値の向上を図るため。,,75130
E01444,株式会社　コロナ,59090,2025-03-31,000,三相電機㈱,65180,11000,8.0,当社の部品の仕入先であり、部品の安定調達などを目的とした良好な仕入取引関係の維持・強化を図ることが企業価値の向上に資するため。,,65180
E01444,株式会社　コロナ,59090,2025-03-31,000,㈱キムラ,81070,9919,4.0,当社の製品の販売先であり、良好な販売取引関係の維持・強化により企業価値の向上を図るため。取引先持株会に加入しているため保有株数が増加。,,81070
E01444,株式会社　コロナ,59090,2025-03-31,000,トナミホールディングス㈱,90700,435,4.0,当社の物流業務に関する取引先であり、販売先への製品の安定供給などを目的とした良好な物流取引関係の維持・強化を図ることが企業価値の向上に資するため。,,90700
E01444,株式会社　コロナ,59090,2025-03-31,000,㈱デンキョーグループホールディングス,81440,3232,3.0,当社の製品の販売先であり、良好な販売取引関係の維持・強化により企業価値の向上を図るため。取引先持株会に加入しているため保有株数が増加。,,81440
E01444,株式会社　コロナ,59090,2025-03-31,000,タカラスタンダード㈱,79810,944,1.0,当社の製品の販売先であり、良好な販売取引関係の維持・強化により企業価値の向上を図るため。取引先持株会に加入しているため保有株数が増加。,,79810
E01444,株式会社　コロナ,59090,2025-03-31,000,㈱ヤマダホールディングス,98310,3780,1.0,当社の製品の販売先であり、良好な販売取引関係の維持・強化により企業価値の向上を図るため。,,98310
E01444,株式会社　コロナ,59090,2025-03-31,000,橋本総業ホールディングス㈱,75700,1196,1.0,当社の製品の販売先であり、良好な販売取引関係の維持・強化により企業価値の向上を図るため。取引先持株会に加入しているため保有株数が増加。,,75700
E02522,神鋼商事株式会社,80750,2025-03-31,000,㈱神戸製鋼所,54060,1578200,2730.0,取引先として、事業上の関係を維持・強化し、製品販売の維持拡大と、製品・原材料等の安定調達を通じて企業基盤の安定化を図り、中長期的に企業価値の向上を図るため。主として取引高をもとに保有の合理性を検討しております。,,54060
E02522,神鋼商事株式会社,80750,2025-03-31,000,シンフォニアテクノロジー㈱,65070,400000,2392.0,取引先として、事業上の関係を維持・強化し、製品販売の維持拡大と、製品・原材料等の安定調達を通じて企業基盤の安定化を図り、中長期的に企業価値の向上を図るため。主として取引高をもとに保有の合理性を検討しております。,,65070
E02522,神鋼商事株式会社,80750,2025-03-31,000,三櫻工業㈱,65840,2212525,1460.0,取引先として、事業上の関係を維持・強化し、製品販売の維持拡大と、製品・原材料等の安定調達を通じて企業基盤の安定化を図り、中長期的に企業価値の向上を図るため。主として取引高をもとに保有の合理性を検討しております。,,65840
E02522,神鋼商事株式会社,80750,2025-03-31,000,因幡電機産業㈱,99340,298400,1133.0,取引先として、事業上の関係を維持・強化し、製品販売の維持拡大を通じて企業基盤の安定化を図り、中長期的に企業価値の向上を図るため。主として取引高をもとに保有の合理性を検討しております。,,99340
E02522,神鋼商事株式会社,80750,2025-03-31,000,フルサト・マルカホールディングス㈱,71280,386800,922.0,取引先として、事業上の関係を維持・強化し、製品販売の維持拡大を通じて企業基盤の安定化を図り、中長期的に企業価値の向上を図るため。主として取引高をもとに保有の合理性を検討しております。,,71280
E02522,神鋼商事株式会社,80750,2025-03-31,000,㈱淀川製鋼所,54510,152800,851.0,取引先として、事業上の関係を維持・強化し、製品販売の維持拡大を通じて企業基盤の安定化を図り、中長期的に企業価値の向上を図るため。主として取引高をもとに保有の合理性を検討しております。,,54510
E02522,神鋼商事株式会社,80750,2025-03-31,000,木村工機㈱,62310,100000,797.0,取引先として、事業上の関係を維持・強化し、製品販売の維持拡大を通じて企業基盤の安定化を図り、中長期的に企業価値の向上を図るため。主として取引高をもとに保有の合理性を検討しております。,,62310
E02522,神鋼商事株式会社,80750,2025-03-31,000,共英製鋼㈱,54400,360000,677.0,取引先として、事業上の関係を維持・強化し、製品販売の維持拡大を通じて企業基盤の安定化を図り、中長期的に企業価値の向上を図るため。主として取引高をもとに保有の合理性を検討しております。,,54400
E02522,神鋼商事株式会社,80750,2025-03-31,000,三和ホールディングス㈱,59290,124500,593.0,取引先として、事業上の関係を維持・強化し、製品販売の維持拡大を通じて企業基盤の安定化を図り、中長期的に企業価値の向上を図るため。主として取引高をもとに保有の合理性を検討しております。,,59290
E02522,神鋼商事株式会社,80750,2025-03-31,000,川岸工業㈱,59210,141700,529.0,取引先として、事業上の関係を維持・強化し、製品販売の維持拡大を通じて企業基盤の安定化を図り、中長期的に企業価値の向上を図るため。主として取引高をもとに保有の合理性を検討しております。,,59210
E02522,神鋼商事株式会社,80750,2025-03-31,000,小池酸素工業㈱,61370,49220,310.0,取引先として、事業上の関係を維持・強化し、製品販売の維持拡大を通じて企業基盤の安定化を図り、中長期的に企業価値の向上を図るため。主として取引高をもとに保有の合理性を検討しております。,,61370
E02522,神鋼商事株式会社,80750,2025-03-31,000,モリ工業㈱,54640,50000,249.0,取引先として、事業上の関係を維持・強化し、製品販売の維持拡大を通じて企業基盤の安定化を図り、中長期的に企業価値の向上を図るため。主として取引高をもとに保有の合理性を検討しております。,,54640
E02522,神鋼商事株式会社,80750,2025-03-31,000,㈱ヤマックス,52850,100000,140.0,取引先として、事業上の関係を維持・強化し、製品販売の維持拡大を通じて企業基盤の安定化を図り、中長期的に企業価値の向上を図るため。主として取引高をもとに保有の合理性を検討しております。,,52850
E02522,神鋼商事株式会社,80750,2025-03-31,000,神鋼鋼線工業㈱,56600,100000,135.0,取引先として、事業上の関係を維持・強化し、製品販売の維持拡大を通じて企業基盤の安定化を図り、中長期的に企業価値の向上を図るため。主として取引高をもとに保有の合理性を検討しております。,,56600
E02522,神鋼商事株式会社,80750,2025-03-31,000,川田テクノロジーズ㈱,34430,45600,132.0,取引先として、事業上の関係を維持・強化し、製品販売の維持拡大を通じて企業基盤の安定化を図り、中長期的に企業価値の向上を図るため。主として取引高をもとに保有の合理性を検討しております。株式の増加は、株式の分割のためです。,,34430
E02522,神鋼商事株式会社,80750,2025-03-31,000,東邦アセチレン㈱,40930,297000,106.0,取引先として、事業上の関係を維持・強化し、製品販売の維持拡大を通じて企業基盤の安定化を図り、中長期的に企業価値の向上を図るため。主として取引高をもとに保有の合理性を検討しております。,,40930
E02522,神鋼商事株式会社,80750,2025-03-31,000,㈱駒井ハルテック,59150,21100,33.0,取引先として、事業上の関係を維持・強化し、製品販売の維持拡大を通じて企業基盤の安定化を図り、中長期的に企業価値の向上を図るため。主として取引高をもとに保有の合理性を検討しております。,,59150
E02522,神鋼商事株式会社,80750,2025-03-31,000,大同工業㈱,63730,32000,27.0,取引先として、事業上の関係を維持・強化し、製品販売の維持拡大を通じて企業基盤の安定化を図り、中長期的に企業価値の向上を図るため。主として取引高をもとに保有の合理性を検討しております。,,63730
E02522,神鋼商事株式会社,80750,2025-03-31,000,高圧ガス工業㈱,40970,23488,20.0,取引先として、事業上の関係を維持・強化し、製品販売の維持拡大を通じて企業基盤の安定化を図り、中長期的に企業価値の向上を図るため。主として取引高をもとに保有の合理性を検討しております。株式の増加は、持株会による買付のためです。,,40970
E02522,神鋼商事株式会社,80750,2025-03-31,000,双葉電子工業㈱,69860,11600,6.0,取引先として、事業上の関係を維持・強化し、製品販売の維持拡大を通じて企業基盤の安定化を図り、中長期的に企業価値の向上を図るため。主として取引高をもとに保有の合理性を検討しております。,,69860
E02522,神鋼商事株式会社,80750,2025-03-31,000,特殊電極㈱,34370,2451,5.0,取引先として、事業上の関係を維持・強化し、製品販売の維持拡大を通じて企業基盤の安定化を図り、中長期的に企業価値の向上を図るため。主として取引高をもとに保有の合理性を検討しております。株式の増加は、持株会による買付のためです。,,34370
E02522,神鋼商事株式会社,80750,2025-03-31,000,日本高周波鋼業㈱,54760,15000,5.0,取引先として、事業上の関係を維持・強化し、製品販売の維持拡大と、製品・原材料等の安定調達を通じて企業基盤の安定化を図り、中長期的に企業価値の向上を図るため。主として取引高をもとに保有の合理性を検討しております。,,54760
E02522,神鋼商事株式会社,80750,2025-03-31,000,㈱SUBARU,,2000,5.0,取引先として、事業上の関係を維持・強化し、製品販売の維持拡大を通じて企業基盤の安定化を図り、中長期的に企業価値の向上を図るため。主として取引高をもとに保有の合理性を検討しております。,,
E02522,神鋼商事株式会社,80750,2025-03-31,000,㈱ダイヘン,66220,202,1.0,取引先として、事業上の関係を維持・強化し、製品・原材料等の安定調達を通じて企業基盤の安定化を図り、中長期的に企業価値の向上を図るため。主として取引高をもとに保有の合理性を検討しております。株式の増加は、持株会による買付のためです。,,66220
E03004,株式会社ジェリービーンズグループ,30700,2025-01-31,000,㈱コナカ（旧㈱サマンサタバサジャパンリミテッド）,,325,73.0,"取引の安定的、長期的な維持・強化のため保有しております。定量的な保有効果は秘密保持の観点から記載いたしませんが、保有の便益と当社資本コストの比較により経済合理性を検証しております。なお、当事業年度において㈱サマンサタバサジャパンリミテッドは㈱コナカの完全子会社となり、㈱サマンサタバサジャパンリミテッド2,100株に対して㈱コナカ325株を株式交換で取得しており、実質的に株式数は増加しておりません。",,
E01570,ダイキン工業株式会社,63670,2025-03-31,000,住友不動産㈱,88300,8367000,46796.0,同社は当社の空調事業における販売先であり、相互の事業拡大や取引関係の強化を目的に株式を保有しております。なお、同社とは、「空調設備の脱炭素に向けた包括連携協定」を締結し、脱炭素・循環型社会の実現に向け、共同で取り組んでおります。,,88300
E01570,ダイキン工業株式会社,63670,2025-03-31,000,三浦工業㈱,60050,5400000,15965.0,同社は当社の製品や技術・サービスおいて協業関係にある取引先であり、資本業務提携に基づき相互の事業拡大や取引関係の強化を目的に株式を保有しております。なお、資本業務提携に基づき、当期に株式を取得しております。,,60050
E01570,ダイキン工業株式会社,63670,2025-03-31,000,住友林業㈱,19110,1934900,8724.0,同社は当社の空調製品の販売取引において協力関係にある取引先であり、相互の事業拡大や取引関係の強化を目的に株式を保有しております。,,19110
E01570,ダイキン工業株式会社,63670,2025-03-31,000,東テク㈱,99600,3000000,7314.0,同社は当社の空調製品の販売取引において協力関係にある取引先であり、相互の事業拡大や取引関係の強化を目的に株式を保有しております。（注２）,,99600
E01570,ダイキン工業株式会社,63670,2025-03-31,000,キヤノン㈱,77510,1569500,7290.0,同社は当社の空調事業における販売先であり、相互の事業拡大や取引関係の強化を目的に株式を保有しております。,,77510
E01570,ダイキン工業株式会社,63670,2025-03-31,000,㈱三井住友フィナンシャルグループ,83160,1711722,6495.0,同社グループには当社の主力取引銀行の一つが属しており、当社の財務活動円滑化のため、株式を保有しております。（注３）,,83160
E01570,ダイキン工業株式会社,63670,2025-03-31,000,シンフォニアテクノロジー㈱,65070,1017000,6081.0,同社は当社の空調事業における販売先であり、相互の事業拡大や取引関係の強化を目的に株式を保有しております。,,65070
E01570,ダイキン工業株式会社,63670,2025-03-31,000,新晃工業㈱,64580,4050000,4876.0,同社は当社の空調事業における仕入先であり、また当社空調製品の製造・販売で業務提携関係にある取引先であります。相互の事業拡大や取引関係の強化を目的に株式を保有しております。（注４）,,64580
E01570,ダイキン工業株式会社,63670,2025-03-31,000,NOK㈱,,1300600,2847.0,同社は、当社の空調事業、化学事業における販売先であり、相互の事業拡大や取引関係の強化を目的に株式を保有しております。,,
E01570,ダイキン工業株式会社,63670,2025-03-31,000,三井住友トラストグループ㈱,83090,686710,2554.0,同社グループには当社の主力取引銀行の一つが属しており、当社の財務活動円滑化のため、株式を保有しております。,,83090
E01570,ダイキン工業株式会社,63670,2025-03-31,000,小野薬品工業㈱,45280,1480000,2371.0,同社は当社の空調事業における販売先であり、相互の事業拡大や取引関係の強化を目的に株式を保有しております。,,45280
E01570,ダイキン工業株式会社,63670,2025-03-31,000,ローム㈱,69630,1547800,2211.0,同社は当社の空調事業における仕入先であり、相互の事業拡大や取引関係の強化を目的に株式を保有しております。,,69630
E01570,ダイキン工業株式会社,63670,2025-03-31,000,㈱住友倉庫,93030,790400,2183.0,同社は当社の物流業務の委託をしている会社であり、相互の事業拡大や取引関係の強化を目的に株式を保有しております。,,93030
E01570,ダイキン工業株式会社,63670,2025-03-31,000,エア・ウォーター㈱,40880,1024000,1933.0,同社は当社の化学事業における販売先であり、相互の事業拡大や取引関係の強化を目的に株式を保有しております。,,40880
E01570,ダイキン工業株式会社,63670,2025-03-31,000,㈱きんでん,19440,564500,1891.0,同社は当社の空調製品の販売取引において協力関係にある取引先であり、相互の事業拡大や取引関係の強化を目的に株式を保有しております。,,19440
E01570,ダイキン工業株式会社,63670,2025-03-31,000,㈱ツガミ,61010,717000,1304.0,同社は当社の油機事業における販売先であり、相互の事業拡大や取引関係の強化を目的に株式を保有しております。,,61010
E01570,ダイキン工業株式会社,63670,2025-03-31,000,㈱京都フィナンシャルグループ,58440,551200,1254.0,同社グループには当社の取引銀行の一つが属しており、当社の財務活動円滑化のため、株式を保有しております。,,58440
E01570,ダイキン工業株式会社,63670,2025-03-31,000,レンゴー㈱,39410,1455500,1153.0,同社は当社の空調事業における仕入先であり、相互の事業拡大や取引関係の強化を目的に株式を保有しております。,,39410
E01570,ダイキン工業株式会社,63670,2025-03-31,000,㈱いよぎんホールディングス,58300,544000,956.0,同社グループには当社の取引銀行の一つが属しており、当社の財務活動円滑化のため、株式を保有しております。,,58300
E01570,ダイキン工業株式会社,63670,2025-03-31,000,因幡電機産業㈱,99340,239000,908.0,同社は当社の空調製品の販売取引において協力関係にある取引先であり、相互の事業拡大や取引関係の強化を目的に株式を保有しております。,,99340
E01570,ダイキン工業株式会社,63670,2025-03-31,000,㈱バルカー,79950,285151,885.0,同社は当社の化学事業における販売先であり、相互の事業拡大や取引関係の強化を目的に株式を保有しております。,,79950
E01570,ダイキン工業株式会社,63670,2025-03-31,000,日油㈱,44030,405000,818.0,同社は当社の特機事業における仕入先であり、相互の事業拡大や取引関係の強化を目的に株式を保有しております。（注８）,,44030
E01570,ダイキン工業株式会社,63670,2025-03-31,000,大阪瓦斯㈱,95320,235500,796.0,同社は当社の空調製品の販売取引において協力関係にある取引先であり、相互の事業拡大や取引関係の強化を目的に株式を保有しております。,,95320
E01570,ダイキン工業株式会社,63670,2025-03-31,000,上新電機㈱,81730,298592,636.0,同社は当社の空調製品の販売取引において協力関係にある取引先であり、相互の事業拡大や取引関係の強化を目的に株式を保有しております。,,81730
E01570,ダイキン工業株式会社,63670,2025-03-31,000,㈱山善,80510,457584,602.0,同社は当社の空調製品の販売取引において協力関係にある取引先であり、相互の事業拡大や取引関係の強化を目的に株式を保有しております。,,80510
E01570,ダイキン工業株式会社,63670,2025-03-31,000,阪急阪神ホールディングス㈱,90420,126000,507.0,同社は当社の空調事業における販売先であり、相互の事業拡大や取引関係の強化を目的に株式を保有しております。,,90420
E01570,ダイキン工業株式会社,63670,2025-03-31,000,㈱ダイセル,42020,325000,421.0,同社は当社の化学事業及び特機事業における仕入先であり、相互の事業拡大や取引関係の強化を目的に株式を保有しております。,,42020
E01570,ダイキン工業株式会社,63670,2025-03-31,000,㈱PILLAR,,125457,417.0,同社は当社の化学事業における販売先であり、相互の事業拡大や取引関係の強化を目的に株式を保有しております。,,
E01570,ダイキン工業株式会社,63670,2025-03-31,000,㈱三菱UFJフィナンシャル・グループ,,206200,414.0,同社グループには当社の主力取引銀行の一つが属しており、当社の財務活動円滑化のため、株式を保有しております。,,
E01570,ダイキン工業株式会社,63670,2025-03-31,000,日本空調サービス㈱,46580,392000,390.0,同社は当社の空調製品の販売取引において協力関係にある取引先であり、相互の事業拡大や取引関係の強化を目的に株式を保有しております。,,46580
E01570,ダイキン工業株式会社,63670,2025-03-31,000,平和不動産㈱,88030,73800,346.0,同社は当社の空調事業における販売先であり、相互の事業拡大や取引関係の強化を目的に株式を保有しております。,,88030
E01570,ダイキン工業株式会社,63670,2025-03-31,000,美津濃㈱,80220,44000,342.0,同社は当社の空調事業における販売先であり、相互の事業拡大や取引関係の強化を目的に株式を保有しております。,,80220
E01570,ダイキン工業株式会社,63670,2025-03-31,000,㈱トミタ,68980,250000,339.0,同社は当社の油機製品の販売取引において協力関係にある取引先であり、相互の事業拡大や取引関係の強化を目的に株式を保有しております。,,68980
E01570,ダイキン工業株式会社,63670,2025-03-31,000,㈱日阪製作所,62470,340000,336.0,同社は当社の空調事業における仕入先であり、相互の事業拡大や取引関係の強化を目的に株式を保有しております。,,62470
E01570,ダイキン工業株式会社,63670,2025-03-31,000,㈱滋賀銀行,83660,63800,335.0,同行は当社の取引銀行の一つであり、当社の財務活動円滑化のため、株式を保有しております。,,83660
E01570,ダイキン工業株式会社,63670,2025-03-31,000,㈱しずおかフィナンシャルグループ,58310,194775,316.0,同社グループには当社の取引銀行の一つが属しており、当社の財務活動円滑化のため、株式を保有しております。,,58310
E01570,ダイキン工業株式会社,63670,2025-03-31,000,日比谷総合設備㈱,19820,96624,301.0,同社は当社の空調製品の販売取引において協力関係にある取引先であり、相互の事業拡大や取引関係の強化を目的に株式を保有しております。,,19820
E01570,ダイキン工業株式会社,63670,2025-03-31,000,ユアサ商事㈱,80740,63300,286.0,同社は当社の空調製品の販売取引において協力関係にある取引先であり、相互の事業拡大や取引関係の強化を目的に株式を保有しております。,,80740
E01570,ダイキン工業株式会社,63670,2025-03-31,000,鴻池運輸㈱,90250,100000,268.0,同社は当社の物流業務の委託をしている会社であり、相互の事業拡大や取引関係の強化を目的に株式を保有しております。,,90250
E01570,ダイキン工業株式会社,63670,2025-03-31,000,京阪神ビルディング㈱,88180,155726,211.0,同社は当社の空調事業における販売先であり、相互の事業拡大や取引関係の強化を目的に株式を保有しております。,,88180
E01570,ダイキン工業株式会社,63670,2025-03-31,000,長瀬産業㈱,80120,74669,198.0,同社は当社の化学事業における仕入及び販売先であり、相互の事業拡大や取引関係の強化を目的に株式を保有しております。,,80120
E01570,ダイキン工業株式会社,63670,2025-03-31,000,㈱JDSC,,233100,190.0,同社は空調事業での協力取引先であり、デジタルを活用した業務効率化や新サービス創出のため、株式を保有しております。,,
E01570,ダイキン工業株式会社,63670,2025-03-31,000,㈱商船三井,91040,34065,176.0,同社グループは当社の低温事業における販売先、かつ物流業務の委託をしている取引先であり、相互の事業拡大や取引関係の強化を目的に株式を保有しております。,,91040
E01570,ダイキン工業株式会社,63670,2025-03-31,000,南海電気鉄道㈱,90440,71200,174.0,同社は当社の空調事業における販売先であり、相互の事業拡大や取引関係の強化を目的に株式を保有しております。,,90440
E01570,ダイキン工業株式会社,63670,2025-03-31,000,㈱めぶきフィナンシャルグループ,71670,215096,156.0,同社グループには当社の取引銀行の一つが属しており、当社の財務活動円滑化のため、株式を保有しております。,,71670
E01570,ダイキン工業株式会社,63670,2025-03-31,000,㈱TOKAIホールディングス,,150000,147.0,同社グループは当社の空調製品の販売取引において協力関係にある取引先であり、相互の事業拡大や取引関係の強化を目的に株式を保有しております。,,
E01570,ダイキン工業株式会社,63670,2025-03-31,000,シナネンホールディングス㈱,81320,24270,144.0,同社は当社の空調製品の販売取引において協力関係にある取引先であり、相互の事業拡大や取引関係の強化を目的に株式を保有しております。,,81320
E01570,ダイキン工業株式会社,63670,2025-03-31,000,あすか製薬ホールディングス㈱,48860,60000,138.0,同社グループは当社の空調事業における販売先であり、相互の事業拡大や取引関係の強化を目的に株式を保有しております。,,48860
E01570,ダイキン工業株式会社,63670,2025-03-31,000,住友重機械工業㈱,63020,41600,126.0,同社は当社の油機事業における販売先であり、相互の事業拡大や取引関係の強化を目的に株式を保有しております。,,63020
E01570,ダイキン工業株式会社,63670,2025-03-31,000,㈱UACJ,,25268,120.0,同社は当社の空調事業における仕入先であり、相互の事業拡大や取引関係の強化を目的に株式を保有しております。,,
E01570,ダイキン工業株式会社,63670,2025-03-31,000,㈱八十二銀行,83590,110000,116.0,同行は当社の取引銀行の一つであり、当社の財務活動円滑化のため、株式を保有しております。,,83590
E01570,ダイキン工業株式会社,63670,2025-03-31,000,ハウス食品グループ本社㈱,28100,41261,112.0,同社グループは当社の空調事業における販売先であり、相互の事業拡大や取引関係の強化を目的に株式を保有しております。,,28100
E01570,ダイキン工業株式会社,63670,2025-03-31,000,三谷産業㈱,82850,319220,105.0,同社は当社の空調製品の販売取引において協力関係にある取引先であり、相互の事業拡大や取引関係の強化を目的に株式を保有しております。,,82850
E01570,ダイキン工業株式会社,63670,2025-03-31,000,橋本総業ホールディングス㈱,75700,72600,87.0,同社は当社の空調製品の販売取引において協力関係にある取引先であり、相互の事業拡大や取引関係の強化を目的に株式を保有しております。,,75700
E01570,ダイキン工業株式会社,63670,2025-03-31,000,㈱百五銀行,83680,103000,75.0,同行は当社の取引銀行の一つであり、当社の財務活動円滑化のため、株式を保有しております。,,83680
E01570,ダイキン工業株式会社,63670,2025-03-31,000,ナイス㈱,80890,43600,68.0,同社は当社の空調製品の販売取引において協力関係にある取引先であり、相互の事業拡大や取引関係の強化を目的に株式を保有しております。,,80890
E01570,ダイキン工業株式会社,63670,2025-03-31,000,㈱みずほフィナンシャルグループ,84110,13732,55.0,同社グループには当社の取引銀行の一つが属しており、当社の財務活動円滑化のため、株式を保有しております。,,84110
E01570,ダイキン工業株式会社,63670,2025-03-31,000,㈱群馬銀行,83340,45000,55.0,同行は当社の取引銀行の一つであり、当社の財務活動円滑化のため、株式を保有しております。,,83340
E01570,ダイキン工業株式会社,63670,2025-03-31,000,㈱西日本フィナンシャルホールディングス,71890,22600,47.0,同社グループには当社の取引銀行の一つが属しており、当社の財務活動円滑化のため、株式を保有しております。,,71890
E01570,ダイキン工業株式会社,63670,2025-03-31,000,近鉄グループホールディングス㈱,90410,14750,47.0,同社は当社の空調事業における販売先であり、相互の事業拡大や取引関係の強化を目的に株式を保有しております。,,90410
E05312,株式会社キューブシステム,23350,2025-03-31,000,富士通(株),67020,138188,407.0,当社グループの事業における主要取引先として、良好な取引関係の維持・継続、動向把握および情報収集のために保有。良好な関係構築を目的とした取引先持株会における累積投資により増加。上記「株式の保有状況」に記載のとおり、保有意義の妥当性を確認しております。,,67020
E05312,株式会社キューブシステム,23350,2025-03-31,000,(株)トリプルアイズ,50260,300000,316.0,資本・業務提携先としての関係強化による取引の拡大を目的として保有。上記「株式の保有状況」に記載のとおり、保有意義の妥当性を確認しております。,,50260
E05312,株式会社キューブシステム,23350,2025-03-31,000,(株)野村総合研究所,43070,58463,282.0,業務提携先との株式持合および、当社グループの事業における主要取引先として、関係の強化によるマーケット拡大のために保有。上記「株式の保有状況」に記載のとおり、保有意義の妥当性を確認しております。,,43070
E05312,株式会社キューブシステム,23350,2025-03-31,000,イオン(株),49120,50245,188.0,当社グループの事業における主要取引先の親会社として、良好な取引関係の維持・継続、動向把握および情報収集のために保有。良好な関係構築を目的とした取引先持株会における累積投資により増加。上記「株式の保有状況」に記載のとおり、保有意義の妥当性を確認しております。,,49120
E05312,株式会社キューブシステム,23350,2025-03-31,000,(株)東邦システムサイエンス,43330,3000,3.0,同業他社の情報収集および、ビジネスモデルや事業戦略、財務指標等のベンチマークとして保有。上記「株式の保有状況」に記載のとおり、保有意義の妥当性を確認しております。,,43330
E05312,株式会社キューブシステム,23350,2025-03-31,000,(株)みずほフィナンシャルグループ,84110,800,3.0,当社グループの事業における主要取引先として、良好な取引関係の維持・継続、動向把握および情報収集のために保有。上記「株式の保有状況」に記載のとおり、保有意義の妥当性を確認しております。,,84110
E05312,株式会社キューブシステム,23350,2025-03-31,000,(株)ハイマックス,42990,2400,3.0,同業他社の情報収集および、ビジネスモデルや事業戦略、財務指標等のベンチマークとして保有。上記「株式の保有状況」に記載のとおり、保有意義の妥当性を確認しております。,,42990
E05312,株式会社キューブシステム,23350,2025-03-31,000,(株)かんぽ生命保険,71810,1000,3.0,当社グループの事業における主要取引先の親会社として、良好な取引関係の維持・継続、動向把握および情報収集のために保有。上記「株式の保有状況」に記載のとおり、保有意義の妥当性を確認しております。,,71810
E05312,株式会社キューブシステム,23350,2025-03-31,000,(株)ＮＴＴデータグループ,96130,500,1.0,当社グループの事業における主要取引先として、良好な取引関係の維持・継続、動向把握および情報収集のために保有。上記「株式の保有状況」に記載のとおり、保有意義の妥当性を確認しております。,,96130
E05312,株式会社キューブシステム,23350,2025-03-31,000,(株)ＤＴＳ,96820,200,0.0,同業他社の情報収集および、ビジネスモデルや事業戦略、財務指標等のベンチマークとして保有。上記「株式の保有状況」に記載のとおり、保有意義の妥当性を確認しております。,,96820
E05312,株式会社キューブシステム,23350,2025-03-31,000,(株)ＮＳＤ,97590,200,0.0,同業他社の情報収集および、ビジネスモデルや事業戦略、財務指標等のベンチマークとして保有。上記「株式の保有状況」に記載のとおり、保有意義の妥当性を確認しております。,,97590
E05312,株式会社キューブシステム,23350,2025-03-31,000,(株)クレスコ（注）,,400,0.0,同業他社の情報収集および、ビジネスモデルや事業戦略、財務指標等のベンチマークとして保有。上記「株式の保有状況」に記載のとおり、保有意義の妥当性を確認しております。,,
E05312,株式会社キューブシステム,23350,2025-03-31,000,コムチュア（株）,38440,200,0.0,同業他社の情報収集および、ビジネスモデルや事業戦略、財務指標等のベンチマークとして保有。上記「株式の保有状況」に記載のとおり、保有意義の妥当性を確認しております。,,38440
E02143,いすゞ自動車株式会社,72020,2025-03-31,000,トヨタ自動車株式会社,72030,25478500,66651.0,商用事業を基盤に、ＣＡＳＥの社会実装・普及に向けた加速と、輸送業の課題解決やＣＮ社会の実現に貢献することを目指し、資本提携による強固な関係を背景に業務提携を効果的に進めることを目的として保有を継続。,,72030
E02143,いすゞ自動車株式会社,72020,2025-03-31,000,ＳＧホールディングス株式会社,91430,19800000,29620.0,新車及び保有事業の収益、配当収入など保有銘柄に関する利益が当社資本コストに見合うことを確認。中長期的な関係の維持と更なる発展を図ることを目的とし保有を継続。,,91430
E02143,いすゞ自動車株式会社,72020,2025-03-31,000,ニッコンホールディングス株式会社,90720,3385970,9115.0,新車及び保有事業の収益、配当収入など保有銘柄に関する利益が当社資本コストに見合うことを確認。中長期的な関係の維持と更なる発展を図ることを目的とし保有を継続。,,90720
E02143,いすゞ自動車株式会社,72020,2025-03-31,000,センコーグループホールディングス株式会社,90690,4039689,6091.0,新車及び保有事業の収益、配当収入など保有銘柄に関する利益が当社資本コストに見合うことを確認。中長期的な関係の維持と更なる発展を図ることを目的とし保有を継続。,,90690
E02143,いすゞ自動車株式会社,72020,2025-03-31,000,プレス工業株式会社,72460,10151185,5674.0,複数の車両用部品の最大取引先。同部品の安定調達、グローバルでのＱＣＤへの貢献期待を目的とし保有を継続。（注）１,,72460
E02143,いすゞ自動車株式会社,72020,2025-03-31,000,日本発条株式会社,,2347499,3770.0,複数の車両用部品の最大取引先。同部品の安定調達、グローバルでのＱＣＤへの貢献期待を目的とし保有を継続。（注）１,,
E02143,いすゞ自動車株式会社,72020,2025-03-31,000,京成電鉄株式会社,90090,1916250,2582.0,新車及び保有事業の収益、配当収入など保有銘柄に関する利益が当社資本コストに見合うことを確認。中長期的な関係の維持と更なる発展を図ることを目的とし保有を継続。,,90090
E02143,いすゞ自動車株式会社,72020,2025-03-31,000,福山通運株式会社,90750,614078,2219.0,新車及び保有事業の収益、配当収入など保有銘柄に関する利益が当社資本コストに見合うことを確認。中長期的な関係の維持と更なる発展を図ることを目的とし保有を継続。（持株会による増加）,,90750
E02143,いすゞ自動車株式会社,72020,2025-03-31,000,佐藤商事株式会社,80650,1451077,2154.0,鉄鋼の大手取引商社。同社を通じた鉄鋼の安定調達、グローバルでのＱＣＤへの貢献期待を目的とし保有を継続。（注）１,,80650
E02143,いすゞ自動車株式会社,72020,2025-03-31,000,トナミホールディングス株式会社,90700,196643,2007.0,新車及び保有事業の収益、配当収入など保有銘柄に関する利益が当社資本コストに見合うことを確認。中長期的な関係の維持と更なる発展を図ることを目的とし保有を継続。,,90700
E02143,いすゞ自動車株式会社,72020,2025-03-31,000,株式会社アイチコーポレーション,63450,1274473,1607.0,新車及び保有事業の収益、配当収入など保有銘柄に関する利益が当社資本コストに見合うことを確認。中長期的な関係の維持と更なる発展を図ることを目的とし保有を継続。,,63450
E02143,いすゞ自動車株式会社,72020,2025-03-31,000,山崎製パン株式会社,22120,520064,1497.0,新車及び保有事業の収益、配当収入など保有銘柄に関する利益が当社資本コストに見合うことを確認。中長期的な関係の維持と更なる発展を図ることを目的とし保有を継続。,,22120
E02143,いすゞ自動車株式会社,72020,2025-03-31,000,日立建機株式会社,63050,364870,1440.0,産業用エンジン及び保有事業の収益、配当収入など保有銘柄に関する利益が当社資本コストに見合うことを確認。中長期的な関係の維持、発展を図ることを目的とし保有を継続。,,63050
E02143,いすゞ自動車株式会社,72020,2025-03-31,000,曙ブレーキ工業株式会社,72380,12111104,1295.0,特定の車両用部品の最大取引先。同部品の安定調達、グローバルでのＱＣＤへの貢献期待を目的とし保有を継続。（注）１,,72380
E02143,いすゞ自動車株式会社,72020,2025-03-31,000,日本精工株式会社,64710,1689000,1077.0,複数の車両用部品の最大取引先。同部品の安定調達、グローバルでのＱＣＤへの貢献期待を目的とし保有を継続。（注）１,,64710
E02143,いすゞ自動車株式会社,72020,2025-03-31,000,西尾レントオール株式会社,,202092,844.0,新車及び保有事業の収益、配当収入など保有銘柄に関する利益が当社資本コストに見合うことを確認。中長期的な関係の維持と更なる発展を図ることを目的とし保有を継続。,,
E02143,いすゞ自動車株式会社,72020,2025-03-31,000,株式会社ＴＢＫ,72770,2798002,831.0,複数の車両用部品の最大取引先。同部品の安定調達、グローバルでのＱＣＤへの貢献期待を目的とし保有を継続。（注）１,,72770
E02143,いすゞ自動車株式会社,72020,2025-03-31,000,澁澤倉庫株式会社,93040,213000,690.0,新車及び保有事業の収益、配当収入など保有銘柄に関する利益が当社資本コストに見合うことを確認。中長期的な関係の維持と更なる発展を図ることを目的とし保有を継続。,,93040
E02143,いすゞ自動車株式会社,72020,2025-03-31,000,東京ラヂエーター製造株式会社,72350,675000,610.0,複数の車両用部品の最大取引先。同部品の安定調達、グローバルでのＱＣＤへの貢献期待を目的とし保有を継続。（注）１,,72350
E02143,いすゞ自動車株式会社,72020,2025-03-31,000,デンヨー株式会社,65170,211000,514.0,産業用エンジン及び保有事業の収益、配当収入など保有銘柄に関する利益が当社資本コストに見合うことを確認。中長期的な関係の維持、発展を図ることを目的とし保有を継続。,,65170
E02143,いすゞ自動車株式会社,72020,2025-03-31,000,西日本鉄道株式会社,90310,220000,473.0,新車及び保有事業の収益、配当収入など保有銘柄に関する利益が当社資本コストに見合うことを確認。中長期的な関係の維持と更なる発展を図ることを目的とし保有を継続。,,90310
E02143,いすゞ自動車株式会社,72020,2025-03-31,000,三重交通グループホールディングス株式会社,32320,653038,328.0,新車及び保有事業の収益、配当収入など保有銘柄に関する利益が当社資本コストに見合うことを確認。中長期的な関係の維持と更なる発展を図ることを目的とし保有を継続。,,32320
E02143,いすゞ自動車株式会社,72020,2025-03-31,000,新潟交通株式会社,90170,155000,321.0,新車及び保有事業の収益、配当収入など保有銘柄に関する利益が当社資本コストに見合うことを確認。中長期的な関係の維持と更なる発展を図ることを目的とし保有を継続。,,90170
E02143,いすゞ自動車株式会社,72020,2025-03-31,000,大同メタル工業株式会社,72450,593000,292.0,特定の車両用部品の最大取引先。同部品の安定調達、グローバルでのＱＣＤへの貢献期待を目的とし保有を継続。（注）１,,72450
E02143,いすゞ自動車株式会社,72020,2025-03-31,000,丸全昭和運輸株式会社,90680,45293,272.0,新車及び保有事業の収益、配当収入など保有銘柄に関する利益が当社資本コストに見合うことを確認。中長期的な関係の維持と更なる発展を図ることを目的とし保有を継続。,,90680
E02143,いすゞ自動車株式会社,72020,2025-03-31,000,株式会社西武ホールディングス,90240,61900,204.0,新車及び保有事業の収益、配当収入など保有銘柄に関する利益が当社資本コストに見合うことを確認。中長期的な関係の維持と更なる発展を図ることを目的とし保有を継続。,,90240
E02143,いすゞ自動車株式会社,72020,2025-03-31,000,株式会社ＡＩＲＭＡＮ,63640,101900,193.0,産業用エンジン及び保有事業の収益、配当収入など保有銘柄に関する利益が当社資本コストに見合うことを確認。中長期的な関係の維持、発展を図ることを目的とし保有を継続。,,63640
E02143,いすゞ自動車株式会社,72020,2025-03-31,000,広島電鉄株式会社,90330,300000,181.0,新車及び保有事業の収益、配当収入など保有銘柄に関する利益が当社資本コストに見合うことを確認。中長期的な関係の維持と更なる発展を図ることを目的とし保有を継続。,,90330
E02143,いすゞ自動車株式会社,72020,2025-03-31,000,株式会社カナモト,96780,48145,155.0,新車及び保有事業の収益、配当収入など保有銘柄に関する利益が当社資本コストに見合うことを確認。中長期的な関係の維持と更なる発展を図ることを目的とし保有を継続。,,96780
E02143,いすゞ自動車株式会社,72020,2025-03-31,000,富士急行株式会社,90100,65000,145.0,新車及び保有事業の収益、配当収入など保有銘柄に関する利益が当社資本コストに見合うことを確認。中長期的な関係の維持と更なる発展を図ることを目的とし保有を継続。,,90100
E02143,いすゞ自動車株式会社,72020,2025-03-31,000,株式会社上組,93640,41000,143.0,新車及び保有事業の収益、配当収入など保有銘柄に関する利益が当社資本コストに見合うことを確認。中長期的な関係の維持と更なる発展を図ることを目的とし保有を継続。,,93640
E02143,いすゞ自動車株式会社,72020,2025-03-31,000,株式会社伊藤園,25930,40000,127.0,新車及び保有事業の収益、配当収入など保有銘柄に関する利益が当社資本コストに見合うことを確認。中長期的な関係の維持と更なる発展を図ることを目的とし保有を継続。,,25930
E02143,いすゞ自動車株式会社,72020,2025-03-31,000,株式会社クロップス,94280,100000,96.0,本社及び工場の受付、警備、設備メンテナンス、清掃など幅広い業務を同社へ委託。中長期的な安定取引の維持を目的とし保有を継続。（注）１,,94280
E02143,いすゞ自動車株式会社,72020,2025-03-31,000,相鉄ホールディングス,90030,32882,71.0,新車及び保有事業の収益、配当収入など保有銘柄に関する利益が当社資本コストに見合うことを確認。中長期的な関係の維持と更なる発展を図ることを目的とし保有を継続。,,90030
E02143,いすゞ自動車株式会社,72020,2025-03-31,000,京王電鉄株式会社,90080,16400,62.0,新車及び保有事業の収益、配当収入など保有銘柄に関する利益が当社資本コストに見合うことを確認。中長期的な関係の維持と更なる発展を図ることを目的とし保有を継続。,,90080
E02143,いすゞ自動車株式会社,72020,2025-03-31,000,株式会社ユーグレナ,29310,86800,43.0,次世代の代替エネルギー開発等の協業を目的とし保有を継続。（注）１,,29310
E02143,いすゞ自動車株式会社,72020,2025-03-31,000,株式会社ロジネットジャパン,90270,10800,33.0,新車及び保有事業の収益、配当収入など保有銘柄に関する利益が当社資本コストに見合うことを確認。中長期的な関係の維持と更なる発展を図ることを目的とし保有を継続。,,90270
E02143,いすゞ自動車株式会社,72020,2025-03-31,000,株式会社伊藤園（第１種優先株式）,,12000,22.0,新車及び保有事業の収益、配当収入など保有銘柄に関する利益が当社資本コストに見合うことを確認。中長期的な関係の維持と更なる発展を図ることを目的とし保有を継続。,,
E02143,いすゞ自動車株式会社,72020,2025-03-31,000,岡山県貨物運送株式会社,90630,5000,17.0,新車及び保有事業の収益、配当収入など保有銘柄に関する利益が当社資本コストに見合うことを確認。中長期的な関係の維持と更なる発展を図ることを目的とし保有を継続。,,90630
E02143,いすゞ自動車株式会社,72020,2025-03-31,000,ダイナミックマップ基盤株式会社,,10000,14.0,新車及び保有事業の収益、配当収入など保有銘柄に関する利益が当社資本コストに見合うことを確認。中長期的な関係の維持と更なる発展を図ることを目的とし保有を継続。,,
E05042,株式会社トーセ,47280,2024-08-31,000,㈱京都フィナンシャルグループ,58440,28800,66528.0,円滑な金融取引の維持のため保有しております。なお、株式数の増加は株式分割によるものです。定量的な保有効果は記載が困難であるため記載しておりません。保有の合理性はイ.で記載の方法により検証しております。,,58440
E05042,株式会社トーセ,47280,2024-08-31,000,㈱カプコン,96970,8000,25384.0,デジタルエンタテインメント事業の業界動向の把握のため保有しております。なお、株式数の増加は株式分割によるものです。定量的な保有効果は記載が困難であるため記載しておりません。保有の合理性はイ.で記載の方法により検証しております。,,96970
E05042,株式会社トーセ,47280,2024-08-31,000,monoAItechnology㈱,,8080,4177.0,協業によるデジタルエンタテインメント事業の強化といった事業シナジーのため保有しております。定量的な保有効果は記載が困難であるため記載しておりません。保有の合理性はイ.で記載の方法により検証しております。,,
E26914,阿波製紙株式会社,38960,2025-03-31,000,株式会社阿波銀行,83880,56094,160429.0,メインバンクとして資金調達や金融取引の安定的な協力関係の維持・強化を図るため、保有しております。株式数の増加は株式累積投資によるものです。,,83880
E26914,阿波製紙株式会社,38960,2025-03-31,000,エイケン工業株式会社,72650,800,2520.0,自動車関連資材における主要取引先であり、営業活動の円滑化及び維持強化により将来的な企業価値向上のため、保有しております。,,72650
E26914,阿波製紙株式会社,38960,2025-03-31,000,トモニホールディングス株式会社,86000,2300,1237.0,資金調達や金融取引の安定的な協力関係の維持・強化を図るため、保有しております。,,86000
E01904,ニチコン株式会社,69960,2025-03-31,000,ニデック株式会社,,2329600,5805.0,コンデンサ事業およびNECST事業において製品販売・原材料仕入等を行っている重要な取引先で、安定的および長期的な取引関係の維持・強化を通じて、当社の中長期的な企業価値の向上に資すると判断し、同社株式を保有しています。,,
E01904,ニチコン株式会社,69960,2025-03-31,000,株式会社京都フィナンシャルグループ,58440,1743600,3967.0,当社の主要取引銀行の１つであり、京都に本社を置く当社にとって、地域密着型金融に取り組む同行との関係維持・強化が地域社会に貢献すると判断し、同行株式を保有しています。,,58440
E01904,ニチコン株式会社,69960,2025-03-31,000,芙蓉総合リース株式会社,84240,191000,2211.0,取引関係の維持・強化を通じ、主にリース取引等の財務面における安全性・安定性を高めるため、同社株式を保有しています。,,84240
E01904,ニチコン株式会社,69960,2025-03-31,000,株式会社三菱ＵＦＪフィナンシャル・グループ,83060,1090570,2193.0,資金調達等金融取引関係の維持・強化を通じて企業基盤の安定化を図り、中長期的な企業価値向上のために同社株式を保有しています。,,83060
E01904,ニチコン株式会社,69960,2025-03-31,000,ホシデン株式会社,68040,475600,945.0,コンデンサ事業およびNECST事業において製品販売・原材料仕入等を行っている重要な取引先で、安定的および長期的な取引関係の維持・強化を通じて、当社の中長期的な企業価値の向上に資すると判断し、同社株式を保有しています。,,68040
E01904,ニチコン株式会社,69960,2025-03-31,000,ダイキン工業株式会社,63670,50000,807.0,コンデンサ事業およびNECST事業において製品販売等を行っている重要な取引先で、安定的および長期的な取引関係の維持・強化を通じて、当社の中長期的な企業価値の向上に資すると判断し、同社株式を保有しています。,,63670
E01904,ニチコン株式会社,69960,2025-03-31,000,因幡電機産業株式会社,99340,208582,792.0,コンデンサ事業およびNECST事業において製品販売・原材料仕入等を行っている重要な取引先で、安定的および長期的な取引関係の維持・強化を通じて、当社の中長期的な企業価値の向上に資すると判断し、同社株式を保有しています。,,99340
E01904,ニチコン株式会社,69960,2025-03-31,000,岡谷鋼機株式会社,74850,100200,699.0,コンデンサ事業およびNECST事業において製品販売・原材料仕入等を行っている重要な取引先で、安定的および長期的な取引関係の維持・強化を通じて、当社の中長期的な企業価値の向上に資すると判断し、同社株式を保有しています。,,74850
E01904,ニチコン株式会社,69960,2025-03-31,000,ローム株式会社,69630,442400,631.0,コンデンサ事業およびNECST事業において製品販売・原材料仕入等を行っている重要な取引先で、安定的および長期的な取引関係の維持・強化を通じて、当社の中長期的な企業価値の向上に資すると判断し、同社株式を保有しています。,,69630
E01904,ニチコン株式会社,69960,2025-03-31,000,ＥＩＺＯ株式会社,67370,259200,540.0,コンデンサ事業において製品販売等を行っている重要な取引先で、安定的および長期的な取引関係の維持・強化を通じて、当社の中長期的な企業価値の向上に資すると判断し、同社株式を保有しています。,,67370
E01904,ニチコン株式会社,69960,2025-03-31,000,株式会社三井住友フィナンシャルグループ,83160,114300,433.0,資金調達等金融取引関係の維持・強化を通じて企業基盤の安定化を図り、中長期的な企業価値向上のために同社株式を保有しています。,,83160
E01904,ニチコン株式会社,69960,2025-03-31,000,サンワテクノス株式会社,81370,169700,360.0,コンデンサ事業およびNECST事業において製品販売・原材料仕入等を行っている重要な取引先で、安定的および長期的な取引関係の維持・強化を通じて、当社の中長期的な企業価値の向上に資すると判断し、同社株式を保有しています。,,81370
E01904,ニチコン株式会社,69960,2025-03-31,000,ＳＯＭＰＯホールディングス株式会社,86300,78750,356.0,取引関係の維持・強化を通じ、主に保険の安定利用等による事業活動の円滑化により企業価値の向上を図るため同社株式を保有しています。,,86300
E01904,ニチコン株式会社,69960,2025-03-31,000,キヤノン電子株式会社,77390,141000,350.0,コンデンサ事業およびNECST事業において製品販売等を行っている重要な取引先で、安定的および長期的な取引関係の維持・強化を通じて、当社の中長期的な企業価値の向上に資すると判断し、同社株式を保有しています。,,77390
E01904,ニチコン株式会社,69960,2025-03-31,000,加賀電子株式会社,81540,100500,271.0,コンデンサ事業およびNECST事業において製品販売・原材料仕入等を行っている重要な取引先で、安定的および長期的な取引関係の維持・強化を通じて、当社の中長期的な企業価値の向上に資すると判断し、同社株式を保有しています。当事業年度中に一部売却しました。,,81540
E01904,ニチコン株式会社,69960,2025-03-31,000,株式会社みずほフィナンシャルグループ,84110,53856,218.0,資金調達等金融取引関係の維持・強化を通じて企業基盤の安定化を図り、中長期的な企業価値向上のために同社株式を保有しています。,,84110
E01904,ニチコン株式会社,69960,2025-03-31,000,新光商事株式会社,81410,134000,120.0,コンデンサ事業およびNECST事業において製品販売・原材料仕入等を行っている重要な取引先で、安定的および長期的な取引関係の維持・強化を通じて、当社の中長期的な企業価値の向上に資すると判断し、同社株式を保有しています。,,81410
E01904,ニチコン株式会社,69960,2025-03-31,000,オプテックスグループ株式会社,69140,54400,94.0,コンデンサ事業において原材料仕入等を行っている重要な取引先で、安定的および長期的な取引関係の維持・強化を通じて、当社の中長期的な企業価値の向上に資すると判断し、同社株式を保有しています。,,69140
E01904,ニチコン株式会社,69960,2025-03-31,000,萩原電気ホールディングス株式会社,74670,18750,61.0,コンデンサ事業およびNECST事業において製品販売等を行っている重要な取引先で、安定的および長期的な取引関係の維持・強化を通じて、当社の中長期的な企業価値の向上に資すると判断し、同社株式を保有しています。,,74670
E34486,ＴＡＮＡＫＥＮ株式会社,14500,2025-03-31,000,株式会社長谷工コーポレーション,18080,123139,241968.0,N/A,,18080
E00502,株式会社ヒガシマル,20580,2025-03-31,000,日清食品ホールディングス㈱,28970,87900,268.0,当該会社の子会社の味日本㈱は食品事業における仕入取引先であり、取引関係の維持・強化及び今後の事業発展を目的として保有しております。,,28970
E00502,株式会社ヒガシマル,20580,2025-03-31,000,㈱ヨンキュウ,99550,39502,84.0,水産事業における販売取引先であり、取引関係の維持・強化及び今後の事業発展を目的として相互保有しております。株式数の増加は、取引先持株会を通じた定期取得によるものです。,,99550
E00502,株式会社ヒガシマル,20580,2025-03-31,000,ヤマエグループホールディングス㈱,71300,46064,110.0,当該会社の子会社のヤマエ久野㈱は当社事業における仕入・販売取引先であり、取引関係の維持・強化及び今後の事業発展を目的として保有しております。株式数の増加は、取引先持株会を通じた定期取得によるものです。,,71300
E00502,株式会社ヒガシマル,20580,2025-03-31,000,㈱九州フィナンシャルグループ,71800,136242,100.0,当該会社の子会社の㈱鹿児島銀行との間で資金借入取引を行っており、今後の資金調達の安定化及び取引関係の維持・強化を図るために保有しております。株式数の増加は、株式累積投資による取得によるものです。,,71800
E00502,株式会社ヒガシマル,20580,2025-03-31,000,鳥越製粉㈱,20090,40600,33.0,食品事業における仕入取引先であり、取引関係の維持・強化及び今後の事業発展を目的として相互保有しております。,,20090
E00502,株式会社ヒガシマル,20580,2025-03-31,000,第一生命ホールディングス㈱,87500,1200,1.0,当該会社の子会社の第一生命保険㈱との間で保険取引等を行っており、取引関係の維持・強化を図るため保有しております。株式数の増加は、株式分割によるものです。,,87500
E00502,株式会社ヒガシマル,20580,2025-03-31,000,㈱三井住友フィナンシャルグループ,83160,333,1.0,当該会社の子会社の㈱三井住友銀行との間で資金借入取引等を行っており、今後の資金調達の安定化及び取引関係の維持・強化を図るために保有しております。株式数の増加は、株式分割によるものです。,,83160
E00502,株式会社ヒガシマル,20580,2025-03-31,000,伊藤忠食品㈱,26920,100,0.0,食品事業における得意先であり、取引関係の維持・強化及び今後の事業発展を目的として保有しております。,,26920
E35587,ＳＡＮＥＩ株式会社,62300,2025-03-31,000,コーナン商事㈱,75160,42679,159619.0,取引関係の維持強化持株会を通じた取得により増加,,75160
E35587,ＳＡＮＥＩ株式会社,62300,2025-03-31,000,㈱三菱UFJフィナンシャル・グループ,,31200,62743.0,取引関係の維持強化,,
E35587,ＳＡＮＥＩ株式会社,62300,2025-03-31,000,タカラスタンダード㈱,79810,28656,50348.0,取引関係の維持強化持株会を通じた取得により増加,,79810
E35587,ＳＡＮＥＩ株式会社,62300,2025-03-31,000,大和ハウス工業㈱,19250,3000,14814.0,取引関係の維持強化,,19250
E35587,ＳＡＮＥＩ株式会社,62300,2025-03-31,000,㈱ジュンテンドー,98350,12858,6686.0,取引関係の維持強化,,98350
E35587,ＳＡＮＥＩ株式会社,62300,2025-03-31,000,橋本総業ホールディングス㈱,75700,4454,5349.0,取引関係の維持強化持株会を通じた取得により増加,,75700
E35587,ＳＡＮＥＩ株式会社,62300,2025-03-31,000,サンエツ金属㈱,,591,2251.0,取引関係の維持強化持株会を通じた取得により増加,,
E35587,ＳＡＮＥＩ株式会社,62300,2025-03-31,000,㈱コメリ,82180,405,1198.0,取引関係の維持強化,,82180
E35587,ＳＡＮＥＩ株式会社,62300,2025-03-31,000,クリナップ㈱,79550,1000,655.0,取引関係の維持強化,,79550
E03160,株式会社　セキド,98780,2025-03-20,000,㈱三菱ＵＦＪフィナンシャル・グループ,83060,28100,59164.0,取引関係の維持、強化を目的に保有しております。（注）,,83060
E03160,株式会社　セキド,98780,2025-03-20,000,㈱みずほフィナンシャルグループ,84110,11686,50682.0,取引関係の維持、強化を目的に保有しております。（注）,,84110
E03160,株式会社　セキド,98780,2025-03-20,000,㈱ストリーム,30710,114000,11514.0,取引関係の維持、強化を目的に保有しております。（注）,,30710
E03160,株式会社　セキド,98780,2025-03-20,000,㈱東和銀行,85580,3189,2091.0,取引関係の維持、強化を目的に保有しております。（注）,,85580
E03160,株式会社　セキド,98780,2025-03-20,000,㈱コンコルディア・フィナンシャルグループ,71860,635,635.0,取引関係の維持、強化を目的に保有しております。（注）,,71860
E01656,日本アイ・エス・ケイ株式会社,79860,2024-12-31,000,コクヨ㈱,79840,61313,171492.0,取引関係の維持のためであり、持株会を通じて株式が増加しております。,,79840
E01656,日本アイ・エス・ケイ株式会社,79860,2024-12-31,000,㈱山善,80510,21087,29438.0,取引関係の維持のためであり、持株会を通じて株式が増加しております。,,80510
E01656,日本アイ・エス・ケイ株式会社,79860,2024-12-31,000,㈱高島屋,,6589,8329.0,取引関係の維持のためであり、持株会を通じて株式が増加しております。,,
E01656,日本アイ・エス・ケイ株式会社,79860,2024-12-31,000,中山福㈱,,6935,2531.0,取引関係の維持のためであり、持株会を通じた株式が増加しております。,,
E01656,日本アイ・エス・ケイ株式会社,79860,2024-12-31,000,㈱ヤマノホールディングス,75710,2000,130.0,取引関係強化のためであります。,,75710
E04979,パーク二四株式会社（定款上の商号　パーク２４株式会社）,46660,2024-10-31,000,日本信号㈱,67410,158500,148.0,駐車場設備発注先との関係強化,,67410
E04979,パーク二四株式会社（定款上の商号　パーク２４株式会社）,46660,2024-10-31,000,アマノ㈱,64360,20000,88.0,駐車場設備発注先との関係強化,,64360
E04223,南総通運株式会社,90340,2025-03-31,000,㈱千葉銀行,83310,88530,123853.0,保有目的:同社は当社の主要取引銀行であり、良好な取引関係維持、地域情報入手のため。定量的保有効果:同社からの配当金収入。,,83310
E04223,南総通運株式会社,90340,2025-03-31,000,NIPPON EXPRESSホールディングス㈱,,46642,126866.0,保有目的:営業上の取引関係強化のため。定量的保有効果:同社からの売上及び配当金収入。株式数が増加した理由:同社の持株会における買付の結果。なお、同社は、2025年１月１日に普通株式１株につき３株の割合で株式分割しております。,,
E04223,南総通運株式会社,90340,2025-03-31,000,旭ダイヤモンド工業㈱,61400,10000,8320.0,保有目的:営業上の取引関係強化のため。定量的保有効果:同社からの売上及び配当金収入。,,61400
E04223,南総通運株式会社,90340,2025-03-31,000,㈱伊藤園,25930,10000,31970.0,保有目的:営業上の取引関係強化のため。定量的保有効果:同社からの売上及び配当金収入。,,25930
E04223,南総通運株式会社,90340,2025-03-31,000,㈱京葉銀行,85440,11025,9889.0,保有目的:同社は当社の主要取引銀行であり、良好な取引関係維持、地域情報入手のため。定量的保有効果:同社からの配当金収入。,,85440
E04223,南総通運株式会社,90340,2025-03-31,000,㈱千葉興業銀行,83370,10700,13845.0,保有目的:地域社会との関係維持、地域情報入手のため。定量的保有効果:同社からの配当金収入。,,83370
E04223,南総通運株式会社,90340,2025-03-31,000,㈱オートウェーブ,26660,3000,444.0,保有目的:営業上の取引関係強化のため。定量的保有効果:同社からの売上及び配当金収入。,,26660
E27305,タマホーム株式会社,14190,2024-05-31,000,グリーンランドリゾート㈱,96560,70000,49.0,業務遂行上の関係の維持・強化のため,,96560
E27305,タマホーム株式会社,14190,2024-05-31,000,積水ハウス㈱,19280,100,0.0,当社が属する業界及び同業他社の情報収集,,19280
E27305,タマホーム株式会社,14190,2024-05-31,000,飯田グループホールディングス㈱,32910,100,0.0,当社が属する業界及び同業他社の情報収集,,32910
E02163,マツダ株式会社,72610,2025-03-31,000,トヨタ自動車㈱,72030,41466500,108476.0,自動車関連業務提携の維持強化「第一部　企業情報　第２　事業の状況　５　重要な契約等」をご参照ください,,72030
E02163,マツダ株式会社,72610,2025-03-31,000,ダイキョーニシカワ㈱,42460,3541800,2118.0,自動車部品取引の関係維持強化,,42460
E02163,マツダ株式会社,72610,2025-03-31,000,㈱三井住友フィナンシャルグループ,83160,471300,1789.0,金融関連取引の関係円滑化,,83160
E02163,マツダ株式会社,72610,2025-03-31,000,ダイナミックマッププラットフォーム㈱,336A0,10000,15.0,自動車関連情報取引の関係維持,,336A0
E02114,株式会社ミマキエンジニアリング,66380,2025-03-31,000,㈱八十二銀行,83590,50000,52800.0,保有目的は、取引関係の開拓・維持であります。銀行業である㈱八十二銀行と事業実態の観点から定量的な保有効果を示すことは困難でありますが、中長期的な資金調達計画の観点からメインバンクである同行の経営情報を把握する必要があります。また、保有金額も少額で当社財務への影響は軽微であります。,,83590
E02574,スターゼン株式会社,80430,2025-03-31,000,㈱セブン＆アイ・ホールディングス,33820,666407,1441.0,・総合小売・食料品小売業界の大手であり、営業取引関係維持・強化のため保有しています。・業務上の提携その他これらに類する事項はございません。・持株会取引により株式数が増加しております。,,33820
E02574,スターゼン株式会社,80430,2025-03-31,000,イオン㈱,49120,263544,988.0,・総合小売・食料品小売業界の大手であり、営業取引関係維持・強化のため保有しています。・業務上の提携その他これらに類する事項はございません。・持株会取引により株式数が増加しています。,,49120
E02574,スターゼン株式会社,80430,2025-03-31,000,東洋水産㈱,28750,110895,975.0,・食品製造業界の大手であり、営業取引関係維持・強化のため保有しています。・業務上の提携その他これらに類する事項はございません。,,28750
E02574,スターゼン株式会社,80430,2025-03-31,000,㈱三菱ＵＦＪフィナンシャル・グループ,83060,354620,713.0,・安定的な金融取引の維持・強化、情報収集のため保有しています。,,83060
E02574,スターゼン株式会社,80430,2025-03-31,000,㈱三井住友フィナンシャルグループ,83160,136200,516.0,・安定的な金融取引の維持・強化、情報収集のため保有しています。・同社の株式分割により株式数が増加しています。,,83160
E02574,スターゼン株式会社,80430,2025-03-31,000,日本マクドナルドホールディングス㈱,27020,57620,329.0,・飲食店業界の大手であり、営業取引関係維持・強化のため保有しています。・業務上の提携その他これらに類する事項はございません。・持株会取引により株式数が増加しています。,,27020
E02574,スターゼン株式会社,80430,2025-03-31,000,フィード・ワン㈱,20600,334816,292.0,・飼料製造業界の大手であり、営業取引関係維持・強化のため保有しています。・業務上の提携その他これらに類する事項はございません。,,20600
E02574,スターゼン株式会社,80430,2025-03-31,000,横浜冷凍㈱,28740,300000,254.0,・食品製造・冷蔵倉庫業界の大手であり、営業取引関係維持・強化のため保有しています。・業務上の提携その他これらに類する事項はございません。,,28740
E02574,スターゼン株式会社,80430,2025-03-31,000,SOMPOホールディングス㈱,,54000,244.0,・安定的な保険取引の維持・強化のため保有しています。・同社の株式分割により株式数が増加しています。,,
E02574,スターゼン株式会社,80430,2025-03-31,000,㈱ベルク,99740,22000,149.0,・総合小売・食料品小売業界の大手であり、営業取引関係維持・強化のため保有しています。・業務上の提携その他これらに類する事項はございません。,,99740
E02574,スターゼン株式会社,80430,2025-03-31,000,㈱ハイデイ日高,76110,53600,147.0,・飲食店業界の大手であり、営業取引関係維持・強化のため保有しています。・業務上の提携その他これらに類する事項はございません。・市場からの買付けにより株式数が増加しています。,,76110
E02574,スターゼン株式会社,80430,2025-03-31,000,㈱リテールパートナーズ,81670,102289,137.0,・総合小売・食料品小売業界の大手であり、営業取引関係維持・強化のため保有しています。・業務上の提携その他これらに類する事項はございません。・持株会取引により株式数が増加しています。,,81670
E02574,スターゼン株式会社,80430,2025-03-31,000,アクシアルリテイリング㈱,,119669,115.0,・総合小売・食料品小売業界の大手であり、営業取引関係維持・強化のため保有しています。・業務上の提携その他これらに類する事項はございません。・同社の株式分割及び持株会取引により株式数が増加しています。,,
E02574,スターゼン株式会社,80430,2025-03-31,000,㈱千葉銀行,83310,80000,111.0,・安定的な金融取引の維持・強化のため保有しています。,,83310
E02574,スターゼン株式会社,80430,2025-03-31,000,ワタミ㈱,75220,103400,108.0,・飲食店業界の大手であり、営業取引関係維持・強化のため保有しています。・業務上の提携その他これらに類する事項はございません。,,75220
E02574,スターゼン株式会社,80430,2025-03-31,000,㈱ヤオコー,82790,11000,101.0,・総合小売・食料品小売業界の大手であり、営業取引関係維持・強化のため保有しています。・業務上の提携その他これらに類する事項はございません。,,82790
E02574,スターゼン株式会社,80430,2025-03-31,000,㈱みずほフィナンシャルグループ,84110,22668,91.0,・安定的な金融取引の維持・強化のため保有しています。,,84110
E02574,スターゼン株式会社,80430,2025-03-31,000,ユナイテッド・スーパーマーケット・ホールディングス㈱,32220,103844,85.0,・総合小売・食料品小売業界の大手であり、営業取引関係維持・強化のため保有しています。・業務上の提携その他これらに類する事項はございません。・㈱いなげやの完全子会社化に伴う株式交換により株式数が増加しています。,,32220
E02574,スターゼン株式会社,80430,2025-03-31,000,エスビー食品㈱,,13200,70.0,・食品製造業界の大手であり、営業取引関係維持・強化のため保有しています。・業務上の提携その他これらに類する事項はございません。,,
E02574,スターゼン株式会社,80430,2025-03-31,000,㈱アークス,99480,21468,62.0,・総合小売・食料品小売業界の大手であり、営業取引関係維持・強化のため保有しています。・業務上の提携その他これらに類する事項はございません。・持株会取引により株式数が増加しています。,,99480
E02574,スターゼン株式会社,80430,2025-03-31,000,㈱トライアルホールディングス,141A0,20000,43.0,・総合小売・食料品小売業界の大手であり、営業取引関係維持・強化のため保有しています。・業務上の提携その他これらに類する事項はございません。,,141A0
E02574,スターゼン株式会社,80430,2025-03-31,000,㈱ゼンショーホールディングス,75500,5000,40.0,・飲食店業界の大手であり、営業取引関係維持・強化のため保有しています。・業務上の提携その他これらに類する事項はございません。,,75500
E02574,スターゼン株式会社,80430,2025-03-31,000,イオン九州㈱,26530,14031,33.0,・総合小売・食料品小売業界の大手であり、営業取引関係維持・強化のため保有しています。・業務上の提携その他これらに類する事項はございません。・持株会取引により株式数が増加しています。,,26530
E02574,スターゼン株式会社,80430,2025-03-31,000,㈱ブロンコビリー,30910,8000,30.0,・飲食店業界の大手であり、営業取引関係維持・強化のため保有しています。・業務上の提携その他これらに類する事項はございません。,,30910
E02574,スターゼン株式会社,80430,2025-03-31,000,㈱九州フィナンシャルグループ,71800,33300,24.0,・安定的な金融取引の維持・強化のため保有しています。,,71800
E02574,スターゼン株式会社,80430,2025-03-31,000,㈱エコス,75200,11000,23.0,・総合小売・食料品小売業界の大手であり、営業取引関係維持・強化のため保有しています。・業務上の提携その他これらに類する事項はございません。,,75200
E02574,スターゼン株式会社,80430,2025-03-31,000,㈱アトム,34260,29040,18.0,・飲食店業界の大手であり、営業取引関係維持・強化のため保有しています。・業務上の提携その他これらに類する事項はございません。,,34260
E02574,スターゼン株式会社,80430,2025-03-31,000,㈱ダイイチ,76430,12000,16.0,・総合小売・食料品小売業界の大手であり、営業取引関係維持・強化のため保有しています。・業務上の提携その他これらに類する事項はございません。,,76430
E02574,スターゼン株式会社,80430,2025-03-31,000,㈱トーホー,53370,4000,13.0,・食品卸業界の大手であり、営業取引関係維持・強化のため保有しています。・業務上の提携その他これらに類する事項はございません。,,53370
E02574,スターゼン株式会社,80430,2025-03-31,000,㈱柿安本店,22940,4055,12.0,・食品製造業界の大手であり、営業取引関係維持・強化のため保有しています。・業務上の提携その他これらに類する事項はございません。・持株会取引により株式数が増加しています。,,22940
E02574,スターゼン株式会社,80430,2025-03-31,000,エスフーズ㈱,22920,3801,9.0,・食品製造業界の大手であり、営業取引関係維持・強化のため保有しています。・業務上の提携その他これらに類する事項はございません。,,22920
E02574,スターゼン株式会社,80430,2025-03-31,000,㈱大和証券グループ本社,86010,4000,3.0,・安定的な金融取引の維持・強化のため保有しています。,,86010
E02574,スターゼン株式会社,80430,2025-03-31,000,㈱G-７ホールディングス,,2000,2.0,・食品卸業界の大手であり、営業取引関係維持・強化のため保有しています。・業務上の提携その他これらに類する事項はございません。,,
E02574,スターゼン株式会社,80430,2025-03-31,000,㈱イズミ,64280,560,1.0,・総合小売・食料品小売業界の大手であり、営業取引関係維持・強化のため保有しています。・業務上の提携その他これらに類する事項はございません。,,64280
E02574,スターゼン株式会社,80430,2025-03-31,000,㈱南日本銀行,85540,2000,1.0,・安定的な金融取引の維持・強化、地域の情報収集のため保有しています。,,85540
E02167,スズキ株式会社,72690,2025-03-31,000,トヨタ自動車㈱,72030,30948300,80960.0,業務提携の維持・発展のために保有。社会課題の解決及び自動車社会の健全で持続的な発展に貢献していくことを念頭に、両社で2016年に業務提携に向けた検討を開始して協業に取り組み、2019年に、従来どおり競争者であり続けつつも新たなフィールドでの協力を進めていくために、長期的なパートナー関係の構築・推進を目指すべく資本提携。,,72030
E02167,スズキ株式会社,72690,2025-03-31,000,㈱三菱ＵＦＪフィナンシャル・グループ,83060,9931630,19972.0,主に資金調達等の取引関係の維持・強化のために保有。,,83060
E02167,スズキ株式会社,72690,2025-03-31,000,㈱しずおかフィナンシャルグループ,58310,7000800,11362.0,主に資金調達等の取引関係の維持・強化のために保有。,,58310
E02167,スズキ株式会社,72690,2025-03-31,000,Subros Ltd.,,7800000,7693.0,主にインドにおける自動車関連部品の取引関係の維持・強化のため。1985年に合弁会社として設立された際に出資。,,
E02167,スズキ株式会社,72690,2025-03-31,000,住友不動産㈱,88300,1362000,7617.0,主にイベント施設の賃借や拠点用地の仲介取引関係の維持・強化のために保有。,,88300
E02167,スズキ株式会社,72690,2025-03-31,000,㈱みずほフィナンシャルグループ,84110,1107701,4487.0,主に資金調達等の取引関係の維持・強化のために保有。,,84110
E02167,スズキ株式会社,72690,2025-03-31,000,㈱りそなホールディングス,83080,2313450,2977.0,主に資金調達等の取引関係の維持・強化のために保有。,,83080
E02167,スズキ株式会社,72690,2025-03-31,000,ＮＯＫ㈱,72400,1012300,2216.0,主に自動車関連部品・材料に関する取引関係の維持・強化・機会創出のために保有。,,72400
E02167,スズキ株式会社,72690,2025-03-31,000,㈱大気社,19790,417900,1910.0,主に自動車関連部品・材料に関する取引関係の維持・強化・機会創出のために保有。,,19790
E02167,スズキ株式会社,72690,2025-03-31,000,㈱三井住友フィナンシャルグループ,83160,478656,1816.0,主に資金調達等の取引関係の維持・強化のために保有。(株式数の増加は株式分割によるもの),,83160
E02167,スズキ株式会社,72690,2025-03-31,000,カヤバ㈱,72420,540040,1587.0,主に自動車関連部品・材料に関する取引関係の維持・強化・機会創出のために保有。(株式数の増加は株式分割によるもの),,72420
E02167,スズキ株式会社,72690,2025-03-31,000,イビデン㈱,40620,386100,1540.0,主に自動車関連部品・材料に関する取引関係の維持・強化・機会創出のために保有。,,40620
E02167,スズキ株式会社,72690,2025-03-31,000,スタンレー電気㈱,69230,518364,1454.0,主に自動車関連部品・材料に関する取引関係の維持・強化・機会創出のために保有。,,69230
E02167,スズキ株式会社,72690,2025-03-31,000,㈱マキタ,65860,283800,1397.0,主に作業用工具に関する取引関係の維持・強化・機会創出のために保有。,,65860
E02167,スズキ株式会社,72690,2025-03-31,000,三井住友トラスト・ホールディングス㈱,,292500,1088.0,主に資金調達等の取引関係の維持・強化のために保有。,,
E02167,スズキ株式会社,72690,2025-03-31,000,日本精工㈱,64710,1702650,1086.0,主に自動車関連部品・材料に関する取引関係の維持・強化・機会創出のために保有。,,64710
E02167,スズキ株式会社,72690,2025-03-31,000,ユシロ化学工業㈱,,549000,1057.0,主に自動車関連部品・材料に関する取引関係の維持・強化・機会創出のために保有。,,
E02167,スズキ株式会社,72690,2025-03-31,000,三櫻工業㈱,65840,1600000,1056.0,主に自動車関連部品・材料に関する取引関係の維持・強化・機会創出のために保有。,,65840
E02167,スズキ株式会社,72690,2025-03-31,000,㈱ヨロズ,72940,800000,808.0,主に自動車関連部品・材料に関する取引関係の維持・強化・機会創出のために保有。,,72940
E02167,スズキ株式会社,72690,2025-03-31,000,㈱ユニバンス,72540,1937200,738.0,主に自動車関連部品・材料に関する取引関係の維持・強化・機会創出のために保有。,,72540
E02167,スズキ株式会社,72690,2025-03-31,000,ＳＯＭＰＯホールディングス㈱,86300,157500,712.0,主に保険の取引関係の維持・強化のために保有。(株式数の増加は株式分割によるもの),,86300
E02167,スズキ株式会社,72690,2025-03-31,000,ヤマトホールディングス㈱,90640,348080,682.0,主に物流業務に関する取引関係の維持・強化・機会創出のために保有。,,90640
E02167,スズキ株式会社,72690,2025-03-31,000,㈱ispace,,873960,659.0,自動車開発で培ってきた技術で同社の挑戦に貢献すること及び当社の技術向上に資することから保有。,,
E02167,スズキ株式会社,72690,2025-03-31,000,㈱エクセディ,72780,127050,557.0,主に自動車関連部品・材料に関する取引関係の維持・強化・機会創出のために保有。,,72780
E02167,スズキ株式会社,72690,2025-03-31,000,東海東京フィナンシャル・ホールディングス㈱,86160,1118090,541.0,主に金融取引等における関係の維持・強化のために保有。,,86160
E02167,スズキ株式会社,72690,2025-03-31,000,㈱アイシン,72590,300000,486.0,主に自動車関連部品・材料に関する取引関係の維持・強化・機会創出のために保有。(株式数の増加は株式分割によるもの),,72590
E02167,スズキ株式会社,72690,2025-03-31,000,㈱小糸製作所,72760,200000,367.0,主に自動車関連部品・材料に関する取引関係の維持・強化・機会創出のために保有。,,72760
E02167,スズキ株式会社,72690,2025-03-31,000,㈱アーレスティ,58520,565767,366.0,主に自動車関連部品・材料に関する取引関係の維持・強化・機会創出のために保有。,,58520
E02167,スズキ株式会社,72690,2025-03-31,000,フタバ産業㈱,72410,459000,357.0,主に自動車関連部品・材料に関する取引関係の維持・強化・機会創出のために保有。,,72410
E02167,スズキ株式会社,72690,2025-03-31,000,㈱ミクニ,72470,1007365,306.0,主に自動車関連部品・材料に関する取引関係の維持・強化・機会創出のために保有。,,72470
E02167,スズキ株式会社,72690,2025-03-31,000,リケンＮＰＲ㈱,62090,120000,299.0,主に自動車関連部品・材料に関する取引関係の維持・強化・機会創出のために保有。,,62090
E02167,スズキ株式会社,72690,2025-03-31,000,㈱ハイレックスコーポレーション,72790,154187,242.0,主に自動車関連部品・材料に関する取引関係の維持・強化・機会創出のために保有。,,72790
E02167,スズキ株式会社,72690,2025-03-31,000,トピー工業㈱,72310,109621,233.0,主に自動車関連部品・材料に関する取引関係の維持・強化・機会創出のために保有。,,72310
E02167,スズキ株式会社,72690,2025-03-31,000,曙ブレーキ工業㈱,72380,1751000,187.0,主に自動車関連部品・材料に関する取引関係の維持・強化・機会創出のために保有。,,72380
E02167,スズキ株式会社,72690,2025-03-31,000,西川ゴム工業㈱,51610,30750,150.0,主に自動車関連部品・材料に関する取引関係の維持・強化・機会創出のために保有。,,51610
E02167,スズキ株式会社,72690,2025-03-31,000,㈱河合楽器製作所,79520,47000,134.0,地域経済との関係を維持・強化するために保有。,,79520
E02167,スズキ株式会社,72690,2025-03-31,000,㈱東海理化電機製作所,69950,50000,111.0,主に自動車関連部品・材料に関する取引関係の維持・強化・機会創出のために保有。,,69950
E02167,スズキ株式会社,72690,2025-03-31,000,戸田建設㈱,18600,124185,109.0,主に施設・拠点の建築に関する取引関係の維持・強化・機会創出のために保有。,,18600
E02167,スズキ株式会社,72690,2025-03-31,000,豊田合成㈱,72820,38573,103.0,主に自動車関連部品・材料に関する取引関係の維持・強化・機会創出のために保有。,,72820
E02167,スズキ株式会社,72690,2025-03-31,000,岡谷鋼機㈱,74850,14400,100.0,主に自動車関連部品・材料に関する取引関係の維持・強化・機会創出のために保有。(株式数の増加は株式分割によるもの),,74850
E02167,スズキ株式会社,72690,2025-03-31,000,リョービ㈱,58510,44000,98.0,主に自動車関連部品・材料に関する取引関係の維持・強化・機会創出のために保有。,,58510
E02167,スズキ株式会社,72690,2025-03-31,000,中央発條㈱,59920,38484,64.0,主に自動車関連部品・材料に関する取引関係の維持・強化・機会創出のために保有。,,59920
E02167,スズキ株式会社,72690,2025-03-31,000,ニチアス㈱,53930,6050,27.0,主に自動車関連部品・材料に関する取引関係の維持・強化・機会創出のために保有。,,53930
E02167,スズキ株式会社,72690,2025-03-31,000,㈱清水銀行,83640,11248,16.0,地域経済との関係を維持・強化するために保有。,,83640
E02167,スズキ株式会社,72690,2025-03-31,000,ダイナミックマッププラットフォーム㈱,336A0,10000,14.0,主に自動運転技術の開発に関する取引関係の維持・強化・機会創出のために保有。(上場により非上場株式から区分変更),,336A0
E26301,株式会社アイスタイル,36600,2024-06-30,000,株式会社ハウスオブローゼ,,260000,412.0,株式会社ハウス オブ ローゼのプライベート化粧品の海外拡販とアイスタイルグループの海外販路の拡大を目指していくにあたり、両社の連携を一層深めるため、株式を取得いたしました。定量的な保有効果の記載は困難でありますが、保有の合理性はa.で記載の方法により検証しております。,,
E03992,株式会社エスコン,88920,2025-03-31,000,トモニホールディングス株式会社,86000,82482,44.0,（保有目的）当社は、同社連結子会社の㈱徳島大正銀行から借入を行っており、当社グループの安定的な資金調達において有用性があると考えております。（定量的な保有効果）配当金収入　１百万円簿価配当利回り　2.3％,,86000
E03992,株式会社エスコン,88920,2025-03-31,000,エスコンジャパンリート投資法人,,16894,1936.0,（保有目的）同法人は当社子会社である株式会社エスコンアセットマネジメントが資産運用を行う投資法人であり、同法人の収益の長期安定性と成長のサポートのため、本銘柄を保有しております。（定量的な保有効果）配当金収入　109百万円簿価配当利回り　5.8％,,
E03229,株式会社ベルーナ,99970,2025-03-31,000,㈱ＫＹＯＲＩＴＳＵ,77950,1000000,162.0,通販事業を中心にカタログ等、媒体の印刷を通じ、取引を継続しており、関係の維持・強化のために同社株式を保有しております。,,77950
E03229,株式会社ベルーナ,99970,2025-03-31,000,㈱マリオン,34940,450000,157.0,保有している一部の不動産管理を通じ、取引を継続しており、関係の維持・強化のために同社株式を保有しております。,,34940
E03229,株式会社ベルーナ,99970,2025-03-31,000,ＢＩＰＲＯＧＹ㈱,80560,1000,4.0,通販事業のシステム開発を通じ、取引を継続しており、関係の維持・強化のために同社株式を保有しております。,,80560
