stock_code,company_name,market_cap,bs_securities_assets,pl_dividend_income,asset_ratio,dividend_ratio
5070,株式会社ドラフト,5343195200.0,0.0,0.0,0.0,0.0
7483,株式会社ドウシシャ,90970750000.0,2683000000.0,0.0,0.03,0.0
4179,株式会社ジーネクスト,1475115600.0,0.0,0.0,0.0,0.0
2654,株式会社アスモ,5618795000.0,0.0,0.0,0.0,0.0
4320,株式会社ＣＥホールディングス,10754251200.0,438348000.0,0.0,0.04,0.0
8544,株式会社　京葉銀行,145883970000.0,0.0,0.0,0.0,0.0
6363,株式会社酉島製作所,60095509851.0,10463000000.0,0.0,0.17,0.0
4419,株式会社Ｆｉｎａｔｅｘｔホールディングス,57917939348.0,46153000.0,0.0,0.0,0.0
3020,アプライド株式会社,9393620000.0,33000000.0,0.0,0.0,0.0
6208,株式会社石川製作所,9251865000.0,1312554000.0,0.0,0.14,0.0
7859,株式会社アルメディオ,4639808468.0,0.0,0.0,0.0,0.0
4538,扶桑薬品工業株式会社,20064831787.0,4375000000.0,0.0,0.22,0.0
3350,株式会社メタプラネット,48889714232.0,73654000.0,0.0,0.0,0.0
4679,株式会社　田　谷,1296500000.0,0.0,0.0,0.0,0.0
4074,株式会社ラキール,7634137500.0,712643000.0,0.0,0.09,0.0
3435,サンコーテクノ株式会社,11762573760.0,1175073000.0,0.0,0.1,0.0
7817,パラマウントベッドホールディングス株式会社,145609493376.0,21682000000.0,0.0,0.15,0.0
9336,大栄環境株式会社,299578807100.0,7763000000.0,0.0,0.03,0.0
3854,株式会社アイル,66137316448.0,146256000.0,0.0,0.0,0.0
2331,綜合警備保障株式会社,536730620920.0,62312000000.0,0.0,0.12,0.0
2937,株式会社サンクゼール,14933890400.0,55394000.0,0.0,0.0,0.0
9351,東洋埠頭株式会社,10936620000.0,8741000000.0,0.0,0.8,0.0
4182,三菱瓦斯化学株式会社,549506050500.0,236354000000.0,0.0,0.43,0.0
8367,株式会社南都銀行,150098625000.0,0.0,0.0,0.0,0.0
4389,プロパティデータバンク株式会社,5641807500.0,29751000.0,0.0,0.01,0.0
3691,株式会社デジタルプラス,3904972200.0,24813000.0,0.0,0.01,0.0
4240,クラスターテクノロジー株式会社,1611062400.0,0.0,0.0,0.0,0.0
8473,ＳＢＩホールディングス株式会社,1723488908163.0,6191000000.0,0.0,0.0,0.0
1934,株式会社ユアテック,162114513000.0,11102000000.0,0.0,0.07,0.0
9082,大和自動車交通株式会社,4504500000.0,1259000000.0,0.0,0.28,0.0
3341,日本調剤株式会社,100750760000.0,13000000.0,0.0,0.0,0.0
6507,シンフォニアテクノロジー株式会社,271378901420.0,14086000000.0,0.0,0.05,0.0
6555,株式会社ＭＳ＆Ｃｏｎｓｕｌｔｉｎｇ,1874487900.0,21004000.0,0.0,0.01,0.0
1435,株式会社ｒｏｂｏｔ　ｈｏｍｅ,13851304000.0,1038034000.0,0.0,0.07,0.0
4997,日本農薬株式会社,70655624684.0,11598000000.0,0.0,0.16,0.0
9980,ＭＲＫホールディングス株式会社,8913966248.0,0.0,0.0,0.0,0.0
9405,朝日放送グループホールディングス株式会社,28571939000.0,17354000000.0,0.0,0.61,0.0
9672,東京都競馬株式会社,142961324380.0,2258269000.0,0.0,0.02,0.0
8147,株式会社トミタ,7389600000.0,2307805000.0,0.0,0.31,0.0
5199,不二ラテックス株式会社,2482364070.0,402452000.0,0.0,0.16,0.0
4008,住友精化株式会社,60983320000.0,1198000000.0,0.0,0.02,0.0
4998,フマキラー株式会社,18073040000.0,5241000000.0,0.0,0.29,0.0
7463,株式会社アドヴァン,37790785128.0,2591220000.0,0.0,0.07,0.0
7619,田中商事株式会社,6288384000.0,83499000.0,0.0,0.01,0.0
5288,アジアパイルホールディングス株式会社,36832063000.0,4174000000.0,0.0,0.11,0.0
8848,株式会社レオパレス２１,226290243000.0,4827000000.0,0.0,0.02,0.0
3626,ＴＩＳ株式会社,1105097974000.0,56396000000.0,0.0,0.05,0.0
6743,大同信号株式会社,9099090000.0,6787734000.0,0.0,0.75,0.0
3181,株式会社買取王国,3315965250.0,150000000.0,0.0,0.05,0.0
4716,日本オラクル株式会社,2145065163120.0,36000000.0,0.0,0.0,0.0
6338,株式会社タカトリ,8511809500.0,207024000.0,0.0,0.02,0.0
9513,電源開発株式会社,461105469000.0,727385000000.0,0.0,1.58,0.0
2705,株式会社大戸屋ホールディングス,38391117000.0,20000000.0,0.0,0.0,0.0
3672,株式会社オルトプラス,1843950305.0,4863000.0,0.0,0.0,0.0
4687,ＴＤＣソフト株式会社,31693363200.0,2934970000.0,0.0,0.09,0.0
7220,武蔵精密工業株式会社,213913005000.0,16574000000.0,0.0,0.08,0.0
3686,株式会社ディー・エル・イー,7439985000.0,2000028000.0,0.0,0.27,0.0
6954,ファナック株式会社,3781596344115.0,192214000000.0,0.0,0.05,0.0
3086,Ｊ．フロント　リテイリング株式会社,543972468522.0,2067000000.0,0.0,0.0,0.0
3415,株式会社ＴＯＫＹＯ　ＢＡＳＥ,21466300394.0,0.0,0.0,0.0,0.0
1968,太平電業株式会社,119605080000.0,16676000000.0,0.0,0.14,0.0
3934,株式会社ベネフィットジャパン,10282852016.0,11000000.0,0.0,0.0,0.0
3835,ｅＢＡＳＥ株式会社,23582400000.0,1456636000.0,0.0,0.06,0.0
9010,富士急行株式会社,110153669166.0,8720974000.0,0.0,0.08,0.0
9872,北恵株式会社,8810420080.0,553338000.0,0.0,0.06,0.0
6247,株式会社日阪製作所,40944240000.0,12387000000.0,0.0,0.3,0.0
4171,株式会社グローバルインフォメーション,4093760400.0,0.0,0.0,0.0,0.0
6037,楽待株式会社,24020443200.0,4165473000.0,0.0,0.17,0.0
6543,株式会社日宣,4179972160.0,344244000.0,0.0,0.08,0.0
5905,日本製罐株式会社,1919568000.0,2717886000.0,0.0,1.42,0.0
3657,ポールトゥウィンホールディングス株式会社,14003252000.0,627107000.0,0.0,0.04,0.0
2373,株式会社ケア２１,6368076000.0,1509769000.0,0.0,0.24,0.0
1736,株式会社　オーテック,7871700000.0,6297294000.0,0.0,0.8,0.0
6999,ＫＯＡ株式会社,33598170920.0,4773000000.0,0.0,0.14,0.0
8091,ニチモウ株式会社,20026562400.0,13746000000.0,0.0,0.69,0.0
8368,株式会社　百五銀行,188556298000.0,0.0,0.0,0.0,0.0
9729,株式会社トーカイ,76551818904.0,8257000000.0,0.0,0.11,0.0
8081,株式会社カナデン,45810000000.0,4358000000.0,0.0,0.1,0.0
3123,サイボー株式会社,7344000000.0,6601304000.0,0.0,0.9,0.0
5186,ニッタ株式会社,119725760000.0,52820000000.0,0.0,0.44,0.0
2901,株式会社ウェルディッシュ,12909796000.0,0.0,0.0,0.0,0.0
7180,株式会社九州フィナンシャルグループ,352674701187.1338,56000000.0,0.0,0.0,0.0
7058,共栄セキュリティーサービス株式会社,3894302500.0,53259000.0,0.0,0.01,0.0
4316,株式会社ビーマップ,1957175000.0,49768000.0,0.0,0.03,0.0
3248,株式会社アールエイジ,2668859000.0,8497000.0,0.0,0.0,0.0
2700,木徳神糧株式会社,3604778000.0,4179155000.0,0.0,1.16,0.0
6367,ダイキン工業株式会社,5308276430000.0,171857000000.0,0.0,0.03,0.0
5440,共英製鋼株式会社,99360889490.0,18060000000.0,0.0,0.18,0.0
1418,インターライフホールディングス株式会社,6940080000.0,536023000.0,0.0,0.08,0.0
8904,株式会社ＡＶＡＮＴＩＡ,12071167300.0,437672000.0,0.0,0.04,0.0
1879,新日本建設株式会社,104926831200.0,1345000000.0,0.0,0.01,0.0
3040,株式会社ソリトンシステムズ,26469848808.0,56000000.0,0.0,0.0,0.0
7313,テイ・エス　テック株式会社,240720000000.0,6238000000.0,0.0,0.03,0.0
4956,コニシ株式会社,83863074000.0,9838000000.0,0.0,0.12,0.0
4539,日本ケミファ株式会社,6319063000.0,2066000000.0,0.0,0.33,0.0
4531,有機合成薬品工業株式会社,5757188000.0,2047000000.0,0.0,0.36,0.0
3175,株式会社エー・ピーホールディングス,11878264300.0,195339000.0,0.0,0.02,0.0
9271,株式会社和心,2847150000.0,0.0,0.0,0.0,0.0
7888,三光合成株式会社,24304896000.0,24000000.0,0.0,0.0,0.0
2993,株式会社長栄,9054161600.0,0.0,0.0,0.0,0.0
7114,株式会社フーディソン,4158601700.0,0.0,0.0,0.0,0.0
3011,株式会社バナーズ,2873524212.0,1502000.0,0.0,0.0,0.0
6136,オーエスジー株式会社,183586838967.0,6351000000.0,0.0,0.03,0.0
2060,フィード・ワン株式会社,41093572704.0,10450000000.0,0.0,0.25,0.0
6022,株式会社　赤阪鐵工所,3803800000.0,2302766000.0,0.0,0.61,0.0
6535,株式会社アイモバイル,37330494696.0,477000000.0,0.0,0.01,0.0
9305,株式会社ヤマタネ,26692857893.0,26316000000.0,0.0,0.99,0.0
9253,スローガン株式会社,2179089000.0,146544000.0,0.0,0.07,0.0
5909,株式会社　コロナ,26936372772.0,22664000000.0,0.0,0.84,0.0
6550,Ｕｎｉｐｏｓ株式会社,2226043800.0,0.0,0.0,0.0,0.0
8075,神鋼商事株式会社,17985800000.0,32574000000.0,0.0,1.81,0.0
4587,ペプチドリーム株式会社,215947274400.0,1345662000.0,0.0,0.01,0.0
7599,株式会社ＩＤＯＭ,105712232000.0,0.0,0.0,0.0,0.0
4833,株式会社Ｄｅｆ　ｃｏｎｓｕｌｔｉｎｇ,2754389410.0,0.0,0.0,0.0,0.0
3070,株式会社ジェリービーンズグループ,6060060000.0,0.0,0.0,0.0,0.0
6367,ダイキン工業株式会社,5308276430000.0,160032000000.0,0.0,0.03,0.0
4745,株式会社東京個別指導学院,18730545075.0,0.0,0.0,0.0,0.0
2335,株式会社キューブシステム,17923500000.0,2170000000.0,0.0,0.12,0.0
6551,株式会社ツナググループ・ホールディングス,5578006440.0,0.0,0.0,0.0,0.0
9640,株式会社セゾンテクノロジー,31249800000.0,747525000.0,0.0,0.02,0.0
7228,株式会社デイトナ,13138767000.0,0.0,0.0,0.0,0.0
7202,いすゞ自動車株式会社,1402436471369.5,151437000000.0,0.0,0.11,0.0
4728,株式会社トーセ,5162395000.0,609911000.0,0.0,0.12,0.0
3896,阿波製紙株式会社,3895876000.0,199818000.0,0.0,0.05,0.0
4393,株式会社バンク・オブ・イノベーション,46154590000.0,0.0,0.0,0.0,0.0
6996,ニチコン株式会社,85820000000.0,26688000000.0,0.0,0.31,0.0
1450,ＴＡＮＡＫＥＮ株式会社,12214238400.0,241968000.0,0.0,0.02,0.0
5381,Ｍｉｐｏｘ株式会社,7413834960.0,162560000.0,0.0,0.02,0.0
9557,株式会社エアークローゼット,3845518600.0,0.0,0.0,0.0,0.0
3903,株式会社ｇｕｍｉ,25846872302.0,2754074000.0,0.0,0.11,0.0
7793,株式会社イメージ・マジック,3195648080.0,0.0,0.0,0.0,0.0
6230,ＳＡＮＥＩ株式会社,9256716000.0,484999000.0,0.0,0.05,0.0
9878,株式会社　セキド,2794800000.0,124088000.0,0.0,0.04,0.0
7986,日本アイ・エス・ケイ株式会社,2957040000.0,215922000.0,0.0,0.07,0.0
4666,パーク二四株式会社（定款上の商号　パーク２４株式会社）,324820852731.0,0.0,0.0,0.0,0.0
7823,株式会社アートネイチャー,27927116000.0,2092000000.0,0.0,0.07,0.0
9034,南総通運株式会社,13860000000.0,505748000.0,0.0,0.04,0.0
6048,株式会社デザインワン・ジャパン,1535412100.0,396440000.0,0.0,0.26,0.0
1419,タマホーム株式会社,100886115000.0,324000000.0,0.0,0.0,0.0
7261,マツダ株式会社,536337582124.8779,271063000000.0,0.0,0.51,0.0
6638,株式会社ミマキエンジニアリング,68309280000.0,143815000.0,0.0,0.0,0.0
8043,スターゼン株式会社,21532766000.0,21597000000.0,0.0,1.0,0.0
7269,スズキ株式会社,3245496732800.0,276650000000.0,0.0,0.09,0.0
3660,株式会社アイスタイル,44886439743.0,3557000000.0,0.0,0.08,0.0
3659,株式会社ネクソン,2336936882000.0,814000000.0,0.0,0.0,0.0
8892,株式会社エスコン,99665276757.0,19546000000.0,0.0,0.2,0.0
9997,株式会社ベルーナ,93840460000.0,14576000000.0,0.0,0.16,0.0
4370,モビルス株式会社,2461153688.0,0.0,0.0,0.0,0.0
7084,株式会社Ｓｍｉｌｅ　Ｈｏｌｄｉｎｇｓ,5952366000.0,16095000.0,0.0,0.0,0.0
4659,株式会社エイジス,32744448000.0,3284278000.0,0.0,0.1,0.0
3195,株式会社ジェネレーションパス,3219846360.0,0.0,0.0,0.0,0.0
4021,日産化学株式会社,638308800000.0,24353000000.0,0.0,0.04,0.0
3667,株式会社ｅｎｉｓｈ,3248070760.0,40659000.0,0.0,0.01,0.0
9213,株式会社セイファート,1040790400.0,18327000.0,0.0,0.02,0.0
3983,株式会社オロ,49681092975.0,0.0,0.0,0.0,0.0
9324,安田倉庫株式会社,55164120000.0,63949000000.0,0.0,1.16,0.0
2816,株式会社ダイショー,13826188800.0,259000000.0,0.0,0.02,0.0
2221,岩塚製菓株式会社,35466420000.0,63601080000.0,0.0,1.79,0.0
6643,株式会社戸上電機製作所,17894880000.0,1879209000.0,0.0,0.11,0.0
9993,株式会社ヤマザワ,12561105450.0,437000000.0,0.0,0.03,0.0
3196,株式会社ホットランドホールディングス,43224577600.0,376061000.0,0.0,0.01,0.0
6504,富士電機株式会社,995505728000.0,108713000000.0,0.0,0.11,0.0
5947,リンナイ株式会社,530946720000.0,35919000000.0,0.0,0.07,0.0
4575,株式会社キャンバス,18420175410.0,0.0,0.0,0.0,0.0
4381,ビープラッツ株式会社,1238655382.0,0.0,0.0,0.0,0.0
1909,日本ドライケミカル株式会社,37484820000.0,2045477000.0,0.0,0.05,0.0
7060,ギークス株式会社,5113582155.0,25895000.0,0.0,0.01,0.0
3985,テモナ株式会社,3244868128.0,2250000.0,0.0,0.0,0.0
3571,株式会社ソトー,9683435000.0,6572750000.0,0.0,0.68,0.0
5658,日亜鋼業株式会社,16302975570.0,17628222000.0,0.0,1.08,0.0
6663,太洋テクノレックス株式会社,1605963200.0,338775000.0,0.0,0.21,0.0
5952,アマテイ株式会社,1995354000.0,0.0,0.0,0.0,0.0
9173,東海汽船株式会社,6492200000.0,547171000.0,0.0,0.08,0.0
4005,住友化学株式会社,604552741370.3003,76403000000.0,0.0,0.13,0.0
4970,東洋合成工業株式会社,38966121150.0,472000000.0,0.0,0.01,0.0
6838,株式会社多摩川ホールディングス,4837516200.0,229627000.0,0.0,0.05,0.0
1835,東鉄工業株式会社,148010000000.0,15046446000.0,0.0,0.1,0.0
4256,株式会社サインド,6350142000.0,0.0,0.0,0.0,0.0
1815,鉄建建設株式会社,45293325000.0,23020000000.0,0.0,0.51,0.0
7277,株式会社ＴＢＫ,9239335390.0,3364000000.0,0.0,0.36,0.0
6555,株式会社ＭＳ＆Ｃｏｎｓｕｌｔｉｎｇ,1880336600.0,9278000.0,0.0,0.0,0.0
6522,株式会社アスタリスク,2909380600.0,101250000.0,0.0,0.03,0.0
7426,株式会社　山大,1317570000.0,21972000.0,0.0,0.02,0.0
7317,株式会社松屋アールアンドディ,14939960000.0,0.0,0.0,0.0,0.0
9345,ビズメイツ株式会社,3817520000.0,0.0,0.0,0.0,0.0
2186,ソーバル株式会社,7628443132.0,23842000.0,0.0,0.0,0.0
6345,株式会社アイチコーポレーション,100222080000.0,5395663000.0,0.0,0.05,0.0
4985,アース製薬株式会社,105381705000.0,5440000000.0,0.0,0.05,0.0
5199,不二ラテックス株式会社,2482364070.0,193788000.0,0.0,0.08,0.0
4344,ソースネクスト株式会社,24344302500.0,2152084000.0,0.0,0.09,0.0
8920,株式会社　東　祥,24828120000.0,0.0,0.0,0.0,0.0
3073,株式会社ＤＤグループ,31281257205.0,1424000000.0,0.0,0.05,0.0
5711,三菱マテリアル株式会社,296771880495.0,310772000000.0,0.0,1.05,0.0
5232,住友大阪セメント株式会社,126466849685.0,39372000000.0,0.0,0.31,0.0
8742,株式会社小林洋行,3665878668.0,2198450000.0,0.0,0.6,0.0
3131,シンデン・ハイテックス株式会社,6024621000.0,25000000.0,0.0,0.0,0.0
7199,プレミアグループ株式会社,87931628730.0,7000000.0,0.0,0.0,0.0
6837,株式会社京写,5703360000.0,592000000.0,0.0,0.1,0.0
7673,ダイコー通産株式会社,7780526020.0,546905000.0,0.0,0.07,0.0
9903,株式会社カンセキ,7164500000.0,2566309000.0,0.0,0.36,0.0
8830,住友不動産株式会社,2614188105198.0,842125000000.0,0.0,0.32,0.0
7730,マニー株式会社,129741473362.5,303000000.0,0.0,0.0,0.0
6305,日立建機株式会社,932308574692.0,11715000000.0,0.0,0.01,0.0
4412,株式会社サイエンスアーツ,7656696000.0,10000000.0,0.0,0.0,0.0
6472,ＮＴＮ株式会社,130080712524.94812,23235000000.0,0.0,0.18,0.0
4194,ビジョナル株式会社,431702469000.0,687000000.0,0.0,0.0,0.0
5969,株式会社ロブテックス,2514000000.0,657409000.0,0.0,0.26,0.0
3583,オーベクス株式会社,4017317277.0,124970000.0,0.0,0.03,0.0
7999,ＭＵＴＯＨホールディングス株式会社,14037229586.0,3857000000.0,0.0,0.27,0.0
9251,株式会社ＡＢ＆Ｃｏｍｐａｎｙ,14613964296.0,0.0,0.0,0.0,0.0
1951,エクシオグループ株式会社,405356432000.0,32531000000.0,0.0,0.08,0.0
2410,株式会社キャリアデザインセンター,10539514557.0,0.0,0.0,0.0,0.0
9214,Ｒｅｃｏｖｅｒｙ　Ｉｎｔｅｒｎａｔｉｏｎａｌ株式会社,1958390000.0,0.0,0.0,0.0,0.0
7717,株式会社ブイ・テクノロジー,29378249600.0,1046000000.0,0.0,0.04,0.0
1860,戸田建設株式会社,307555703138.6719,185721000000.0,0.0,0.6,0.0
5279,日本興業株式会社,4084312000.0,656933000.0,0.0,0.16,0.0
7443,横浜魚類株式会社,3761420000.0,748313000.0,0.0,0.2,0.0
3772,ウェルス・マネジメント株式会社,19294878800.0,3748981000.0,0.0,0.19,0.0
7942,株式会社ジェイエスピー,58366232834.0,1728000000.0,0.0,0.03,0.0
9962,株式会社　ミスミグループ本社,585222021000.0,1224000000.0,0.0,0.0,0.0
3489,株式会社フェイスネットワーク,22280520000.0,0.0,0.0,0.0,0.0
3355,クリヤマホールディングス株式会社,33204700000.0,7893602000.0,0.0,0.24,0.0
3600,株式会社フジックス,2309164000.0,1983404000.0,0.0,0.86,0.0
6276,シリウスビジョン株式会社,1636635000.0,446107000.0,0.0,0.27,0.0
7450,株式会社サンデー,11520613000.0,135649000.0,0.0,0.01,0.0
5888,ＤＡＩＷＡ　ＣＹＣＬＥ株式会社,10195817500.0,0.0,0.0,0.0,0.0
3050,ＤＣＭホールディングス株式会社,207590500000.0,35869000000.0,0.0,0.17,0.0
6486,イーグル工業株式会社,96180281000.0,18196000000.0,0.0,0.19,0.0
8566,リコーリース株式会社,170899210000.0,43452000000.0,0.0,0.25,0.0
3003,ヒューリック株式会社,1112314354147.5,420487000000.0,0.0,0.38,0.0
3856,Ａｂａｌａｎｃｅ株式会社,14593142102.0,2582000000.0,0.0,0.18,0.0
7383,株式会社ネットプロテクションズホールディングス,70408398543.0,0.0,0.0,0.0,0.0
2281,プリマハム株式会社,116913459286.0,9275000000.0,0.0,0.08,0.0
2134,北浜キャピタルパートナーズ株式会社,17618992587.0,59938000.0,0.0,0.0,0.0
7135,ジャパンクラフトホールディングス株式会社,6893379680.0,170297000.0,0.0,0.02,0.0
6229,株式会社オーケーエム,5604677000.0,142224000.0,0.0,0.03,0.0
3598,山喜株式会社,2586362802.0,104025000.0,0.0,0.04,0.0
2193,クックパッド株式会社,24171615000.0,11365000.0,0.0,0.0,0.0
5273,三谷セキサン株式会社,168732255960.0,31563000000.0,0.0,0.19,0.0
6327,北川精機株式会社,5466891200.0,122862000.0,0.0,0.02,0.0
6573,アジャイルメディア・ネットワーク株式会社,3972025080.0,20191000.0,0.0,0.01,0.0
5618,ナイル株式会社,3884244000.0,0.0,0.0,0.0,0.0
3010,ポラリス・ホールディングス株式会社,49789746840.0,2415000.0,0.0,0.0,0.0
8040,株式会社東京ソワール,3377500000.0,1563397000.0,0.0,0.46,0.0
9310,日本トランスシティ株式会社,73520946615.0,25366000000.0,0.0,0.35,0.0
2664,株式会社カワチ薬品,70136497260.0,154000000.0,0.0,0.0,0.0
7812,株式会社クレステック,5321698200.0,109505000.0,0.0,0.02,0.0
6754,アンリツ株式会社,248845905000.0,337000000.0,0.0,0.0,0.0
3916,デジタル・インフォメーション・テクノロジー株式会社,38398008140.0,156473000.0,0.0,0.0,0.0
7532,株式会社パン・パシフィック・インターナショナルホールディングス,3225312291000.0,35688000000.0,0.0,0.01,0.0
3048,株式会社ビックカメラ,305361451392.0,25468000000.0,0.0,0.08,0.0
6228,株式会社ジェイ・イー・ティ,10075560000.0,0.0,0.0,0.0,0.0
7075,株式会社ＱＬＳホールディングス,5234866000.0,0.0,0.0,0.0,0.0
7776,株式会社セルシード,16605214701.0,20536000.0,0.0,0.0,0.0
6268,ナブテスコ株式会社,321303856000.0,5194000000.0,0.0,0.02,0.0
7506,株式会社　ハウス　オブ　ローゼ,6419680995.0,141111000.0,0.0,0.02,0.0
4290,株式会社プレステージ・インターナショナル,79521953400.0,9592066000.0,0.0,0.12,0.0
1758,太洋基礎工業株式会社,4563532800.0,1566492000.0,0.0,0.34,0.0
1810,松井建設株式会社,36818320000.0,14657000000.0,0.0,0.4,0.0
4180,Ａｐｐｉｅｒ　Ｇｒｏｕｐ株式会社,154457896980.0,0.0,0.0,0.0,0.0
5016,ＪＸ金属株式会社,771552837762.0,8090000000.0,0.0,0.01,0.0
4387,株式会社ＺＵＵ,3429398920.0,3974970000.0,0.0,1.16,0.0
6465,ホシザキ株式会社,758644040000.0,11272000000.0,0.0,0.01,0.0
8077,トルク株式会社,7057764000.0,8225069000.0,0.0,1.17,0.0
2220,亀田製菓株式会社,91280620000.0,18096000000.0,0.0,0.2,0.0
1515,日鉄鉱業株式会社,123280228440.0,39161000000.0,0.0,0.32,0.0
3914,ＪＩＧ－ＳＡＷ株式会社,18335716000.0,211773000.0,0.0,0.01,0.0
3407,旭化成株式会社,1382141024000.0,168371000000.0,0.0,0.12,0.0
3950,ザ・パック株式会社,22108900000.0,8058000000.0,0.0,0.36,0.0
2114,フジ日本株式会社,28161976500.0,11338784000.0,0.0,0.4,0.0
3719,ＡＩストーム株式会社,5927004000.0,23701000.0,0.0,0.0,0.0
3664,株式会社モブキャストホールディングス,3193996520.0,17159000.0,0.0,0.01,0.0
4889,株式会社レナサイエンス,34982598400.0,0.0,0.0,0.0,0.0
6995,株式会社東海理化電機製作所,219753688000.0,32579000000.0,0.0,0.15,0.0
7354,株式会社ダイレクトマーケティングミックス,12022847408.0,410417000.0,0.0,0.03,0.0
9424,日本通信株式会社,25220408328.0,166341000.0,0.0,0.01,0.0
4564,オンコセラピー・サイエンス株式会社,7606023600.0,0.0,0.0,0.0,0.0
3961,シルバーエッグ・テクノロジー株式会社,1896312054.0,0.0,0.0,0.0,0.0
9743,株式会社丹青社,62757596016.0,2457047000.0,0.0,0.04,0.0
2334,株式会社イオレ,9470146400.0,49764000.0,0.0,0.01,0.0
1926,ライト工業株式会社,131901362550.0,8313000000.0,0.0,0.06,0.0
3925,株式会社ダブルスタンダード,21266280000.0,0.0,0.0,0.0,0.0
6890,株式会社フェローテック,174336411300.0,11654000000.0,0.0,0.07,0.0
2469,ヒビノ株式会社,24000692240.0,223000000.0,0.0,0.01,0.0
5997,協立エアテック株式会社,3798000000.0,781016000.0,0.0,0.21,0.0
3918,ＰＣＩホールディングス株式会社,10952436800.0,206103000.0,0.0,0.02,0.0
4072,株式会社電算システムホールディングス,27960474500.0,2355000000.0,0.0,0.08,0.0
2533,オエノンホールディングス株式会社,39614062384.0,3654000000.0,0.0,0.09,0.0
2449,株式会社プラップジャパン,4842775350.0,82596000.0,0.0,0.02,0.0
9059,カンダホールディングス株式会社,18856172000.0,1581000000.0,0.0,0.08,0.0
3370,株式会社フジタコーポレーション,1201481600.0,61897000.0,0.0,0.05,0.0
5134,株式会社ＰＯＰＥＲ,4688314820.0,0.0,0.0,0.0,0.0
4884,クリングルファーマ株式会社,5639259600.0,0.0,0.0,0.0,0.0
6099,株式会社エラン,50661600000.0,2558748000.0,0.0,0.05,0.0
7896,セブン工業株式会社,2415941000.0,11000000.0,0.0,0.0,0.0
6376,日機装株式会社,89235750000.0,16700000000.0,0.0,0.19,0.0
6786,株式会社ＲＶＨ,2633463040.0,57359000.0,0.0,0.02,0.0
9503,関西電力株式会社,1903737852500.0,682469000000.0,0.0,0.36,0.0
7255,株式会社　桜井製作所,2332000000.0,422592000.0,0.0,0.18,0.0
4712,株式会社ＫｅｙＨｏｌｄｅｒ,13751372250.0,11326000.0,0.0,0.0,0.0
7963,興研株式会社,8743157139.0,186454000.0,0.0,0.02,0.0
9625,株式会社セレスポ,6325181500.0,23842000.0,0.0,0.0,0.0
3093,株式会社トレジャー・ファクトリー,44191257000.0,0.0,0.0,0.0,0.0
8091,ニチモウ株式会社,20026562400.0,14434000000.0,0.0,0.72,0.0
8060,キヤノンマーケティングジャパン株式会社,578393414204.0,17771000000.0,0.0,0.03,0.0
4519,中外製薬株式会社,11615720940306.0,13392000000.0,0.0,0.0,0.0
8160,株式会社　木曽路,67449209707.0,2994000000.0,0.0,0.04,0.0
4584,キッズウェル・バイオ株式会社,12374445666.0,283137000.0,0.0,0.02,0.0
4548,生化学工業株式会社,35622378000.0,19038000000.0,0.0,0.53,0.0
3358,ワイエスフード株式会社,3165645000.0,47430000.0,0.0,0.01,0.0
4752,株式会社　昭和システムエンジニアリング,7089940000.0,447466000.0,0.0,0.06,0.0
6232,株式会社ＡＣＳＬ,19827936400.0,197577000.0,0.0,0.01,0.0
4013,勤次郎株式会社,18464240000.0,50987000.0,0.0,0.0,0.0
4362,日本精化株式会社,65561248000.0,10871513000.0,0.0,0.17,0.0
2122,株式会社インタースペース,6486463200.0,482902000.0,0.0,0.07,0.0
9036,東部ネットワーク株式会社,5041873000.0,2235934000.0,0.0,0.44,0.0
6445,株式会社ジャノメ,20227311785.0,1808000000.0,0.0,0.09,0.0
4568,第一三共株式会社,6848967658000.0,49122000000.0,0.0,0.01,0.0
6090,ヒューマン・メタボローム・テクノロジーズ株式会社,4537367211.0,7000000.0,0.0,0.0,0.0
6189,株式会社グローバルキッズＣＯＭＰＡＮＹ,6579392640.0,27000000.0,0.0,0.0,0.0
4814,ネクストウェア株式会社,2147511630.0,140211000.0,0.0,0.07,0.0
4478,フリー株式会社,227075077500.0,361758000.0,0.0,0.0,0.0
6331,三菱化工機株式会社,16221650000.0,4434000000.0,0.0,0.27,0.0
7833,株式会社アイフィスジャパン,6073506000.0,2754000.0,0.0,0.0,0.0
6894,パルステック工業株式会社,2460848594.0,61913000.0,0.0,0.03,0.0
6038,株式会社イード,4515839200.0,539145000.0,0.0,0.12,0.0
5704,株式会社ＪＭＣ,2384620200.0,0.0,0.0,0.0,0.0
2814,佐藤食品工業株式会社,21214531000.0,3466946000.0,0.0,0.16,0.0
9867,ソレキア株式会社,5581191450.0,596453000.0,0.0,0.11,0.0
7554,株式会社幸楽苑,21186592497.0,78300000.0,0.0,0.0,0.0
3622,ネットイヤーグループ株式会社,4619340000.0,0.0,0.0,0.0,0.0
4041,日本曹達株式会社,188819215550.0,63328000000.0,0.0,0.34,0.0
1911,住友林業株式会社,293233341000.0,268895000000.0,0.0,0.92,0.0
6150,タケダ機械株式会社,2980440000.0,171042000.0,0.0,0.06,0.0
5943,株式会社ノーリツ,93175126000.0,35952000000.0,0.0,0.39,0.0
5621,株式会社ヒューマンテクノロジーズ,20644566400.0,0.0,0.0,0.0,0.0
5832,株式会社ちゅうぎんフィナンシャルグループ,343489289000.0,3000000000.0,0.0,0.01,0.0
2742,株式会社ハローズ,106646757000.0,2000000.0,0.0,0.0,0.0
4746,株式会社東計電算,73678000000.0,35175676000.0,0.0,0.48,0.0
6532,株式会社ベイカレント,1312293946040.0,0.0,0.0,0.0,0.0
9612,株式会社ラックランド,10667424600.0,377000000.0,0.0,0.04,0.0
1925,大和ハウス工業株式会社,3279584094000.0,220868000000.0,0.0,0.07,0.0
5031,モイ株式会社,3198214000.0,0.0,0.0,0.0,0.0
3559,株式会社ピーバンドットコム,2623480756.0,110469000.0,0.0,0.04,0.0
3549,株式会社クスリのアオキホールディングス,381607041120.0,3356000000.0,0.0,0.01,0.0
6832,アオイ電子株式会社,25872000000.0,2951046000.0,0.0,0.11,0.0
8226,株式会社　理経,5585299560.0,31630000.0,0.0,0.01,0.0
5301,東海カーボン株式会社,227305006592.0,33307000000.0,0.0,0.15,0.0
3423,株式会社エスイー,8251742400.0,297915000.0,0.0,0.04,0.0
7374,株式会社コンフィデンス・インターワークス,10418730681.0,15000000.0,0.0,0.0,0.0
2722,株式会社ＩＫホールディングス,3165348000.0,24428000.0,0.0,0.01,0.0
7638,株式会社ＮＥＷ　ＡＲＴ　ＨＯＬＤＩＮＧＳ,23888644296.0,1128000.0,0.0,0.0,0.0
5028,セカンドサイトアナリティカ株式会社,3490603668.0,67440000.0,0.0,0.02,0.0
4204,積水化学工業株式会社,1119935386500.0,105102000000.0,0.0,0.09,0.0
2806,ユタカフーズ株式会社,18115069861.0,2136000000.0,0.0,0.12,0.0
8358,スルガ銀行株式会社,277571712000.0,0.0,0.0,0.0,0.0
4406,新日本理化株式会社,7643630000.0,9950000000.0,0.0,1.3,0.0
9509,北海道電力株式会社,168099922261.5249,649985000000.0,0.0,3.87,0.0
4375,セーフィー株式会社,60384886650.0,567842000.0,0.0,0.01,0.0
6835,アライドテレシスホールディングス株式会社,18434899560.0,1892000.0,0.0,0.0,0.0
3197,株式会社すかいらーくホールディングス,667718957000.0,162000000.0,0.0,0.0,0.0
6653,株式会社正興電機製作所,21293148000.0,4131000000.0,0.0,0.19,0.0
8705,日産証券グループ株式会社,9354250000.0,3970472000.0,0.0,0.42,0.0
3046,株式会社ジンズホールディングス,191600200000.0,952000000.0,0.0,0.0,0.0
4270,株式会社ＢｅｅＸ,5376858200.0,15574000.0,0.0,0.0,0.0
2874,横浜冷凍株式会社,61755884728.0,43239000000.0,0.0,0.7,0.0
2332,株式会社クエスト,8001165744.0,808502000.0,0.0,0.1,0.0
9507,四国電力株式会社,251212644000.0,143015000000.0,0.0,0.57,0.0
4235,ウルトラファブリックス・ホールディングス株式会社,11773710000.0,0.0,0.0,0.0,0.0
4990,昭和化学工業株式会社,5582214000.0,3706238000.0,0.0,0.66,0.0
4026,神島化学工業株式会社,11319000000.0,431000000.0,0.0,0.04,0.0
1982,日比谷総合設備株式会社,91935720000.0,20379000000.0,0.0,0.22,0.0
8244,株式会社近鉄百貨店,73757088000.0,4082000000.0,0.0,0.06,0.0
6566,株式会社要興業,18744123400.0,1009311000.0,0.0,0.05,0.0
5900,株式会社ダイケン,4836088800.0,984834000.0,0.0,0.2,0.0
4902,コニカミノルタ株式会社,229315322936.03516,8559000000.0,0.0,0.04,0.0
7839,株式会社ＳＨＯＥＩ,95556700764.0,0.0,0.0,0.0,0.0
7928,旭化学工業株式会社,2396040000.0,219734000.0,0.0,0.09,0.0
9272,ブティックス株式会社,14021352000.0,0.0,0.0,0.0,0.0
2613,株式会社Ｊ－オイルミルズ,67786684000.0,19753000000.0,0.0,0.29,0.0
3546,アレンザホールディングス株式会社,31340734668.0,352000000.0,0.0,0.01,0.0
4004,株式会社レゾナック・ホールディングス,670081224000.0,0.0,0.0,0.0,0.0
3205,株式会社ダイドーリミテッド,29928600000.0,4282000000.0,0.0,0.14,0.0
4556,株式会社カイノス,5652986400.0,261536000.0,0.0,0.05,0.0
4882,株式会社ペルセウスプロテオミクス,6150541500.0,0.0,0.0,0.0,0.0
2154,株式会社オープンアップグループ,156482811375.0,607000000.0,0.0,0.0,0.0
7231,トピー工業株式会社,59614652000.0,30748000000.0,0.0,0.52,0.0
2501,サッポロホールディングス株式会社,551321618000.0,4391000000.0,0.0,0.01,0.0
7305,新家工業株式会社,29378700000.0,9306000000.0,0.0,0.32,0.0
3612,株式会社ワールド,91170541000.0,1003000000.0,0.0,0.01,0.0
5391,株式会社エーアンドエーマテリアル,9232486000.0,692000000.0,0.0,0.07,0.0
4812,株式会社電通総研,423686120000.0,3388000000.0,0.0,0.01,0.0
7033,株式会社マネジメントソリューションズ,27992972800.0,0.0,0.0,0.0,0.0
7840,フランスベッドホールディングス株式会社,43920208000.0,326000000.0,0.0,0.01,0.0
3986,株式会社ビーブレイクシステムズ,2153280960.0,0.0,0.0,0.0,0.0
3391,株式会社ツルハホールディングス,589514980540.0,34181000000.0,0.0,0.06,0.0
9466,株式会社アイドママーケティングコミュニケーション,3352960000.0,501121000.0,0.0,0.15,0.0
3773,株式会社アドバンスト・メディア,21096454428.0,3774005000.0,0.0,0.18,0.0
9842,アークランズ株式会社,110629332748.0,2785000000.0,0.0,0.03,0.0
7078,ＩＮＣＬＵＳＩＶＥ株式会社,5885344332.0,209615000.0,0.0,0.04,0.0
3475,株式会社グッドコムアセット,34102456800.0,681884000.0,0.0,0.02,0.0
9706,日本空港ビルデング株式会社,424089185000.0,22766000000.0,0.0,0.05,0.0
9252,株式会社ラストワンマイル,10478457000.0,135017000.0,0.0,0.01,0.0
6942,株式会社ソフィアホールディングス,5219532000.0,0.0,0.0,0.0,0.0
3352,株式会社バッファロー,3173967522.0,0.0,0.0,0.0,0.0
7167,株式会社めぶきフィナンシャルグループ,778588971950.9888,0.0,0.0,0.0,0.0
3109,シキボウ株式会社,12605855736.0,1112000000.0,0.0,0.09,0.0
6508,株式会社明電舎,245390530000.0,23498000000.0,0.0,0.1,0.0
4366,ダイトーケミックス株式会社,7952000000.0,2100000000.0,0.0,0.26,0.0
9279,株式会社ギフトホールディングス,67583840340.0,0.0,0.0,0.0,0.0
2459,アウンコンサルティング株式会社,1800672000.0,124775000.0,0.0,0.07,0.0
1975,株式会社朝日工業社,68326400000.0,9836000000.0,0.0,0.14,0.0
9020,東日本旅客鉄道株式会社,3598354864000.0,506182000000.0,0.0,0.14,0.0
9438,株式会社エムティーアイ,57068098400.0,4466864000.0,0.0,0.08,0.0
8897,ＭＩＲＡＲＴＨホールディングス株式会社,52752800000.0,3125000000.0,0.0,0.06,0.0
7208,株式会社カネミツ,4390917912.0,1123255000.0,0.0,0.26,0.0
9021,西日本旅客鉄道株式会社,1521361654000.0,138844000000.0,0.0,0.09,0.0
9075,福山通運株式会社,142900122315.0,58005000000.0,0.0,0.41,0.0
1443,技研ホールディングス株式会社,3150167538.0,5911023000.0,0.0,1.88,0.0
6289,株式会社技研製作所,39133272000.0,1854000000.0,0.0,0.05,0.0
6912,菊水ホールディングス株式会社,16117200000.0,2099518000.0,0.0,0.13,0.0
5185,株式会社フコク,29706602310.0,1259000000.0,0.0,0.04,0.0
6297,鉱研工業株式会社,6844110000.0,8846000.0,0.0,0.0,0.0
2982,株式会社ＡＤワークスグループ,16391352120.0,480502000.0,0.0,0.03,0.0
9904,株式会社ベリテ,10048174425.0,0.0,0.0,0.0,0.0
2389,株式会社デジタルホールディングス,21667744587.0,8543000000.0,0.0,0.39,0.0
4968,荒川化学工業株式会社,21767629600.0,10105000000.0,0.0,0.46,0.0
6177,ＡｐｐＢａｎｋ株式会社,1454373000.0,0.0,0.0,0.0,0.0
3544,サツドラホールディングス株式会社,12044133144.0,716000000.0,0.0,0.06,0.0
6785,株式会社鈴木,25595908000.0,2136790000.0,0.0,0.08,0.0
8139,株式会社ナガホリ,26619347712.0,1345782000.0,0.0,0.05,0.0
7523,アールビバン株式会社,9617536896.0,2336716000.0,0.0,0.24,0.0
4452,花王株式会社,3100564500000.0,7454000000.0,0.0,0.0,0.0
2148,アイティメディア株式会社,33908210000.0,498740000.0,0.0,0.01,0.0
5970,株式会社ジーテクト,79251993040.0,10986000000.0,0.0,0.14,0.0
4547,キッセイ薬品工業株式会社,203143424400.0,84869000000.0,0.0,0.42,0.0
7464,セフテック株式会社,3240000000.0,503752000.0,0.0,0.16,0.0
2721,株式会社ジェイホールディングス,1625298000.0,0.0,0.0,0.0,0.0
3826,株式会社システムインテグレータ,4542144000.0,10000000.0,0.0,0.0,0.0
8345,株式会社岩手銀行,60947615000.0,0.0,0.0,0.0,0.0
7947,株式会社エフピコ,223682360000.0,10274000000.0,0.0,0.05,0.0
3232,三重交通グループホールディングス株式会社,52470474087.0,14114242000.0,0.0,0.27,0.0
2997,株式会社ストレージ王,1629495000.0,52694000.0,0.0,0.03,0.0
7692,株式会社アースインフィニティ,12554956800.0,76247000.0,0.0,0.01,0.0
9554,株式会社ＡＶｉＣ,12727012500.0,3000000.0,0.0,0.0,0.0
7362,株式会社Ｔ．Ｓ．Ｉ,1270939900.0,0.0,0.0,0.0,0.0
8095,アステナホールディングス株式会社,19671759360.0,4137112000.0,0.0,0.21,0.0
3396,株式会社フェリシモ,8195496000.0,2136000000.0,0.0,0.26,0.0
7004,カナデビア株式会社,166979934000.0,27571000000.0,0.0,0.17,0.0
6941,山一電機株式会社,59333328450.0,65042000.0,0.0,0.0,0.0
8200,株式会社リンガーハット,57219198540.0,933001000.0,0.0,0.02,0.0
5971,株式会社共和工業所,7507200000.0,2550796000.0,0.0,0.34,0.0
2168,株式会社パソナグループ,90843163700.0,3288000000.0,0.0,0.04,0.0
7769,リズム株式会社,25155279000.0,3512000000.0,0.0,0.14,0.0
5587,株式会社インバウンドプラットフォーム,3049446400.0,29980000.0,0.0,0.01,0.0
4299,株式会社ハイマックス,14783873472.0,24000000.0,0.0,0.0,0.0
4832,ＪＦＥシステムズ株式会社,31914592000.0,1864859000.0,0.0,0.06,0.0
3416,ピクスタ株式会社,2315013120.0,8087000.0,0.0,0.0,0.0
6173,株式会社アクアライン,1059157836.0,0.0,0.0,0.0,0.0
8714,株式会社池田泉州ホールディングス,178159072000.0,0.0,0.0,0.0,0.0
6277,ホソカワミクロン株式会社,82110600000.0,2655000000.0,0.0,0.03,0.0
9421,株式会社エヌジェイホールディングス,3231641600.0,200994000.0,0.0,0.06,0.0
7878,株式会社光・彩,2030688000.0,71842000.0,0.0,0.04,0.0
7567,株式会社栄電子,2315950000.0,785651000.0,0.0,0.34,0.0
9478,ＳＥホールディングス・アンド・インキュベーションズ株式会社,6311394874.0,115000000.0,0.0,0.02,0.0
5290,株式会社ベルテクスコーポレーション,71758281450.0,1540362000.0,0.0,0.02,0.0
3041,株式会社ビューティカダンホールディングス,2289276000.0,10001000.0,0.0,0.0,0.0
5216,株式会社倉元製作所,10921468000.0,1371000.0,0.0,0.0,0.0
1972,三晃金属工業株式会社,26413200000.0,10000000.0,0.0,0.0,0.0
1871,ピーエス・コンストラクション株式会社,83907762000.0,3749000000.0,0.0,0.04,0.0
1793,株式会社大本組,32554710000.0,9825000000.0,0.0,0.3,0.0
4928,株式会社ノエビアホールディングス,152677320000.0,3112000000.0,0.0,0.02,0.0
1967,株式会社ヤマト,46988752740.0,12255933000.0,0.0,0.26,0.0
6859,エスペック株式会社,73722321400.0,4006000000.0,0.0,0.05,0.0
2687,株式会社シー・ヴイ・エス・ベイエリア,2840904000.0,228220000.0,0.0,0.08,0.0
2294,株式会社柿安本店,32832548000.0,212000000.0,0.0,0.01,0.0
8715,アニコム　ホールディングス株式会社,55305100080.0,0.0,0.0,0.0,0.0
6668,株式会社アドテックプラズマテクノロジー,11316348000.0,1000000.0,0.0,0.0,0.0
4265,Ｉｎｓｔｉｔｕｔｉｏｎ　ｆｏｒ　ａ　Ｇｌｏｂａｌ　Ｓｏｃｉｅｔｙ株式会社,1474541100.0,82315000.0,0.0,0.06,0.0
7865,ピープル株式会社,2498312500.0,0.0,0.0,0.0,0.0
9628,燦ホールディングス株式会社,36409000000.0,162000000.0,0.0,0.0,0.0
6157,日進工具株式会社,19076695908.0,31515000.0,0.0,0.0,0.0
6272,レオン自動機株式会社,36143016000.0,1953777000.0,0.0,0.05,0.0
4925,株式会社ハーバー研究所,6508490000.0,0.0,0.0,0.0,0.0
5195,バンドー化学株式会社,76488490000.0,8645000000.0,0.0,0.11,0.0
8614,東洋証券株式会社,36200008810.0,7050000000.0,0.0,0.19,0.0
3627,テクミラホールディングス株式会社,3866143100.0,799594000.0,0.0,0.21,0.0
8411,株式会社みずほフィナンシャルグループ,10311431214000.0,9000000.0,0.0,0.0,0.0
3678,株式会社メディアドゥ,26234068588.0,5669000000.0,0.0,0.22,0.0
3154,メディアスホールディングス株式会社,19467647226.0,4713827000.0,0.0,0.24,0.0
4076,株式会社シイエヌエス,4228230000.0,5000000.0,0.0,0.0,0.0
7746,岡本硝子株式会社,4008460000.0,161135000.0,0.0,0.04,0.0
3920,アイビーシー株式会社,5099727600.0,246523000.0,0.0,0.05,0.0
9435,株式会社光通信,1861538446100.0,34268000000.0,0.0,0.02,0.0
7066,株式会社ピアズ,6657714000.0,375487000.0,0.0,0.06,0.0
7375,株式会社リファインバースグループ,2564890486.0,20000000.0,0.0,0.01,0.0
5644,株式会社メタルアート,11177132280.0,243000000.0,0.0,0.02,0.0
9563,Ａｔｌａｓ　Ｔｅｃｈｎｏｌｏｇｉｅｓ株式会社,2461580000.0,0.0,0.0,0.0,0.0
5936,東洋シヤッター株式会社,5192631000.0,169844000.0,0.0,0.03,0.0
8275,株式会社フォーバル,37106248236.0,2596057000.0,0.0,0.07,0.0
4579,ラクオリア創薬株式会社,11596258899.0,547053000.0,0.0,0.05,0.0
3391,株式会社ツルハホールディングス,590472465220.0,31942000000.0,0.0,0.05,0.0
4471,三洋化成工業株式会社,89429200000.0,30713000000.0,0.0,0.34,0.0
3436,株式会社ＳＵＭＣＯ,433866997221.0,2453000000.0,0.0,0.01,0.0
7345,株式会社アイ・パートナーズフィナンシャル,2084116000.0,0.0,0.0,0.0,0.0
4409,東邦化学工業株式会社,17293500000.0,3730000000.0,0.0,0.22,0.0
9795,株式会社ステップ,38791090000.0,1766356000.0,0.0,0.05,0.0
4615,神東塗料株式会社,4495920000.0,2732000000.0,0.0,0.61,0.0
9616,株式会社共立メンテナンス,295165957000.0,16506000000.0,0.0,0.06,0.0
6063,日本エマージェンシーアシスタンス株式会社,2486845200.0,0.0,0.0,0.0,0.0
8783,ＧＦＡ株式会社,6674346283.0,1763639000.0,0.0,0.26,0.0
9687,株式会社ＫＳＫ,29971300000.0,6002000000.0,0.0,0.2,0.0
2136,株式会社ヒップ,4770360000.0,0.0,0.0,0.0,0.0
8118,株式会社　キング,20238365337.0,3100000000.0,0.0,0.15,0.0
6547,株式会社グリーンズ,28214508679.0,117000000.0,0.0,0.0,0.0
9377,株式会社　エージーピー,20670300000.0,254373000.0,0.0,0.01,0.0
3841,株式会社ジーダット,5106198800.0,132121000.0,0.0,0.03,0.0
6809,ＴＯＡ株式会社,34239044905.0,9004000000.0,0.0,0.26,0.0
3185,夢展望株式会社,2732272600.0,0.0,0.0,0.0,0.0
7751,キヤノン株式会社,5371065469528.0,10885000000.0,0.0,0.0,0.0
5816,オーナンバ株式会社,12269411227.0,1884895000.0,0.0,0.15,0.0
7061,日本ホスピスホールディングス株式会社,8381825400.0,0.0,0.0,0.0,0.0
2593,株式会社伊藤園,288423624540.0,4581000000.0,0.0,0.02,0.0
9708,株式会社帝国ホテル,115592400000.0,5822000000.0,0.0,0.05,0.0
9215,株式会社ＣａＳｙ,1873080000.0,46100000.0,0.0,0.02,0.0
7701,株式会社　島津製作所,995387340000.0,15182000000.0,0.0,0.02,0.0
2587,サントリー食品インターナショナル株式会社,1390500000000.0,0.0,0.0,0.0,0.0
2207,名糖産業株式会社,35874675000.0,43064000000.0,0.0,1.2,0.0
5982,株式会社マルゼン,69032200000.0,3261025000.0,0.0,0.05,0.0
4592,サンバイオ株式会社,150649377048.0,0.0,0.0,0.0,0.0
4484,ランサーズ株式会社,3590195388.0,0.0,0.0,0.0,0.0
4591,株式会社リボミック,5175217040.0,0.0,0.0,0.0,0.0
7804,株式会社ビーアンドピー,5254967800.0,0.0,0.0,0.0,0.0
2573,北海道コカ・コーラボトリング株式会社,46263800000.0,693000000.0,0.0,0.01,0.0
8336,株式会社武蔵野銀行,119422875000.0,0.0,0.0,0.0,0.0
3880,大王製紙株式会社,142139933000.0,21382000000.0,0.0,0.15,0.0
4448,株式会社ｋｕｂｅｌｌ,20714002096.0,184457000.0,0.0,0.01,0.0
6637,寺崎電気産業株式会社,46451950000.0,1143456000.0,0.0,0.02,0.0
6016,株式会社ジャパンエンジンコーポレーション,60900000000.0,810450000.0,0.0,0.01,0.0
4091,日本酸素ホールディングス株式会社,2342594628000.0,20678000000.0,0.0,0.01,0.0
4840,株式会社トライアイズ,2905000000.0,36547000.0,0.0,0.01,0.0
4102,丸尾カルシウム株式会社,3183960000.0,4551328000.0,0.0,1.43,0.0
6125,株式会社岡本工作機械製作所,30602824175.0,404000000.0,0.0,0.01,0.0
4069,株式会社ＢｌｕｅＭｅｍｅ,5057133590.0,45423000.0,0.0,0.01,0.0
7242,カヤバ株式会社,159478880000.0,19874000000.0,0.0,0.12,0.0
7072,株式会社インティメート・マージャー,2987941250.0,0.0,0.0,0.0,0.0
9273,コーア商事ホールディングス株式会社,29905185800.0,101074000.0,0.0,0.0,0.0
8153,株式会社モスフードサービス,119877112950.0,14067000000.0,0.0,0.12,0.0
6193,バーチャレクス・ホールディングス株式会社,2343966352.0,427646000.0,0.0,0.18,0.0
2480,システム・ロケーション株式会社,5140800000.0,821634000.0,0.0,0.16,0.0
2222,寿スピリッツ株式会社,321667257000.0,211000000.0,0.0,0.0,0.0
1994,高橋カーテンウォール工業株式会社,4623657324.0,222031000.0,0.0,0.05,0.0
6652,ＩＤＥＣ株式会社,75087336100.0,605000000.0,0.0,0.01,0.0
5038,株式会社ｅＷｅＬＬ,34718842312.0,0.0,0.0,0.0,0.0
4620,藤倉化成株式会社,17245150000.0,5430250000.0,0.0,0.31,0.0
7148,株式会社ＦＰＧ,201808706800.0,37000000.0,0.0,0.0,0.0
9274,ＫＰＰグループホールディングス株式会社,51105440000.0,19603000000.0,0.0,0.38,0.0
5017,富士石油株式会社,24393096000.0,34778000000.0,0.0,1.43,0.0
5932,三協立山株式会社,18838113513.0,14257000000.0,0.0,0.76,0.0
8795,株式会社Ｔ＆Ｄホールディングス,1845792000000.0,0.0,0.0,0.0,0.0
7211,三菱自動車工業株式会社,583022037028.0762,102736000000.0,0.0,0.18,0.0
3421,株式会社稲葉製作所,31065932925.0,2197566000.0,0.0,0.07,0.0
6403,水道機工株式会社,8761800000.0,1493000000.0,0.0,0.17,0.0
9506,東北電力株式会社,524506969000.0,1895254000000.0,0.0,3.61,0.0
6005,三浦工業株式会社,367854376000.0,10773000000.0,0.0,0.03,0.0
2782,株式会社セリア,224486400000.0,406000000.0,0.0,0.0,0.0
7112,株式会社キューブ,2976838356.0,0.0,0.0,0.0,0.0
2173,株式会社博展,8686254240.0,1792000.0,0.0,0.0,0.0
3681,株式会社ブイキューブ,4346743500.0,465197000.0,0.0,0.11,0.0
6040,日本スキー場開発株式会社,8561551500.0,9459000.0,0.0,0.0,0.0
8337,株式会社千葉興業銀行,94390774000.0,0.0,0.0,0.0,0.0
8772,株式会社アサックス,23614038000.0,0.0,0.0,0.0,0.0
7985,ネポン株式会社,1351016044.0,80156000.0,0.0,0.06,0.0
3045,株式会社カワサキ,4160034000.0,0.0,0.0,0.0,0.0
2673,夢みつけ隊株式会社,1485036000.0,2200000.0,0.0,0.0,0.0
5126,ポーターズ株式会社,3127347600.0,0.0,0.0,0.0,0.0
8341,株式会社七十七銀行,396306350000.0,0.0,0.0,0.0,0.0
8101,株式会社ＧＳＩクレオス,26040998000.0,5978000000.0,0.0,0.23,0.0
3984,株式会社ユーザーローカル,29932112600.0,0.0,0.0,0.0,0.0
9368,キムラユニティー株式会社,19094021800.0,6634000000.0,0.0,0.35,0.0
8132,シナネンホールディングス株式会社,78843600000.0,8243000000.0,0.0,0.1,0.0
3452,株式会社ビーロット,28846656000.0,0.0,0.0,0.0,0.0
5186,ニッタ株式会社,115770760000.0,60444000000.0,0.0,0.52,0.0
6863,株式会社ニレコ,15058558937.0,1560952000.0,0.0,0.1,0.0
2208,株式会社ブルボン,71272100000.0,4331000000.0,0.0,0.06,0.0
9165,株式会社クオルテック,3475650000.0,49999000.0,0.0,0.01,0.0
3843,フリービット株式会社,32311320000.0,989025000.0,0.0,0.03,0.0
3550,株式会社スタジオアタオ,3074103000.0,0.0,0.0,0.0,0.0
6656,インスペック株式会社,2804760000.0,0.0,0.0,0.0,0.0
4022,ラサ工業株式会社,32927880000.0,3234000000.0,0.0,0.1,0.0
6882,株式会社三社電機製作所,12901850000.0,88000000.0,0.0,0.01,0.0
4350,株式会社　メディカルシステムネットワーク,14616520200.0,702000000.0,0.0,0.05,0.0
5616,株式会社雨風太陽,2992866450.0,15000000.0,0.0,0.01,0.0
6819,伊豆シャボテンリゾート株式会社,9091061856.0,194601000.0,0.0,0.02,0.0
8283,株式会社ＰＡＬＴＡＣ,263403000000.0,25600000000.0,0.0,0.1,0.0
5036,日本ビジネスシステムズ株式会社,68583555200.0,1405000000.0,0.0,0.02,0.0
7516,コーナン商事株式会社,130751566010.0,4515000000.0,0.0,0.03,0.0
7021,株式会社ニッチツ,4170540000.0,2547843000.0,0.0,0.61,0.0
7380,株式会社十六フィナンシャルグループ,199101000000.0,0.0,0.0,0.0,0.0
9853,株式会社銀座ルノアール,5626803600.0,89630000.0,0.0,0.02,0.0
4974,タカラバイオ株式会社,99463285600.0,0.0,0.0,0.0,0.0
6467,株式会社ニチダイ,3250134700.0,74283000.0,0.0,0.02,0.0
9761,東海リース株式会社,7316436000.0,314427000.0,0.0,0.04,0.0
8935,株式会社ＦＪネクストホールディングス,41575800000.0,299000000.0,0.0,0.01,0.0
5603,虹技株式会社,3741906000.0,3477000000.0,0.0,0.93,0.0
2686,株式会社ジーフット,12348461000.0,1000000.0,0.0,0.0,0.0
3361,株式会社トーエル,16303129980.0,1319575000.0,0.0,0.08,0.0
7264,株式会社ムロコーポレーション,7704877400.0,1852793000.0,0.0,0.24,0.0
6042,株式会社ニッキ,5266000000.0,1883543000.0,0.0,0.36,0.0
8214,株式会社ＡＯＫＩホールディングス,144531372672.0,760000000.0,0.0,0.01,0.0
1379,ホクト株式会社,60279713000.0,8374000000.0,0.0,0.14,0.0
2975,スター・マイカ・ホールディングス株式会社,33354000000.0,1365173000.0,0.0,0.04,0.0
9342,株式会社スマサポ,2376337600.0,0.0,0.0,0.0,0.0
5138,株式会社Ｒｅｂａｓｅ,6720573600.0,0.0,0.0,0.0,0.0
6557,ＡＩＡＩグループ株式会社,8825218794.0,749802000.0,0.0,0.08,0.0
4447,株式会社ピー・ビーシステムズ,3897432000.0,2511000.0,0.0,0.0,0.0
7628,株式会社オーハシテクニカ,28611192240.0,2566782000.0,0.0,0.09,0.0
9470,株式会社学研ホールディングス,42044504544.0,17574000000.0,0.0,0.42,0.0
7994,株式会社オカムラ,233642010762.0,43971000000.0,0.0,0.19,0.0
2492,株式会社インフォマート,106366792000.0,437854000.0,0.0,0.0,0.0
6269,三井海洋開発株式会社,454494250000.0,0.0,0.0,0.0,0.0
6284,日精エー・エス・ビー機械株式会社,98538782400.0,449000000.0,0.0,0.0,0.0
3962,株式会社チェンジホールディングス,85004068662.0,4574000000.0,0.0,0.05,0.0
6869,シスメックス株式会社,1568961452500.0,7989000000.0,0.0,0.01,0.0
4762,株式会社エックスネット,11153160000.0,2697866000.0,0.0,0.24,0.0
3320,クロスプラス株式会社,9401498400.0,5095000000.0,0.0,0.54,0.0
6955,ＦＤＫ株式会社,12087705700.0,211000000.0,0.0,0.02,0.0
3297,株式会社東武住販,2907692800.0,34485000.0,0.0,0.01,0.0
1383,ベルグアース株式会社,4802511000.0,24741000.0,0.0,0.01,0.0
3477,フォーライフ株式会社,2840000000.0,0.0,0.0,0.0,0.0
4427,株式会社ＥｄｕＬａｂ,3917504010.0,127679000.0,0.0,0.03,0.0
6565,ＡＢホテル株式会社,20115744000.0,0.0,0.0,0.0,0.0
7609,ダイトロン株式会社,41221342405.0,2190980000.0,0.0,0.05,0.0
6482,ＹＵＳＨＩＮ株式会社,21347201534.0,559944000.0,0.0,0.03,0.0
4237,フジプレアム株式会社,10037882000.0,998838000.0,0.0,0.1,0.0
4919,株式会社ミルボン,80507995854.0,875480000.0,0.0,0.01,0.0
7192,日本モーゲージサービス株式会社,6234496000.0,1531000.0,0.0,0.0,0.0
9044,南海電気鉄道株式会社,248690586000.0,60055000000.0,0.0,0.24,0.0
4534,持田製薬株式会社,109170000000.0,15022000000.0,0.0,0.14,0.0
4260,株式会社ハイブリッドテクノロジーズ,5186794340.0,396041000.0,0.0,0.08,0.0
4576,株式会社デ・ウエスタン・セラピテクス研究所,5411316560.0,142806000.0,0.0,0.03,0.0
7292,株式会社村上開明堂,79134000000.0,4831000000.0,0.0,0.06,0.0
6078,株式会社バリューＨＲ,46697563000.0,1077279000.0,0.0,0.02,0.0
7611,株式会社ハイデイ日高,128174309760.0,156361000.0,0.0,0.0,0.0
4241,株式会社アテクト,1819088000.0,0.0,0.0,0.0,0.0
8070,東京産業株式会社,22254505136.0,7197000000.0,0.0,0.32,0.0
6797,名古屋電機工業株式会社,7340346000.0,1133113000.0,0.0,0.15,0.0
4263,サスメド株式会社,10591877600.0,0.0,0.0,0.0,0.0
3607,株式会社クラウディアホールディングス,3555936400.0,29128000.0,0.0,0.01,0.0
4506,住友ファーマ株式会社,424559300000.0,22823000000.0,0.0,0.05,0.0
7683,株式会社ダブルエー,25810693920.0,204514000.0,0.0,0.01,0.0
4594,ブライトパス・バイオ株式会社,6062917100.0,0.0,0.0,0.0,0.0
3998,株式会社すららネット,2316388344.0,0.0,0.0,0.0,0.0
1921,株式会社　巴コーポレーション,62571205000.0,35767825000.0,0.0,0.57,0.0
3974,ＳＣＡＴ株式会社,2468040000.0,63240000.0,0.0,0.03,0.0
3178,チムニー株式会社,24311385600.0,541849000.0,0.0,0.02,0.0
5011,ニチレキグループ株式会社,83143945920.0,9252000000.0,0.0,0.11,0.0
5137,株式会社スマートドライブ,2439403200.0,29565000.0,0.0,0.01,0.0
3747,株式会社インタートレード,4504104000.0,44988000.0,0.0,0.01,0.0
6094,株式会社フリークアウト・ホールディングス,8867278608.0,3607180000.0,0.0,0.41,0.0
3935,株式会社エディア,5900496000.0,5000000.0,0.0,0.0,0.0
2215,第一屋製パン株式会社,3582758300.0,16000000.0,0.0,0.0,0.0
4078,堺化学工業株式会社,45883000000.0,5120000000.0,0.0,0.11,0.0
9090,ＡＺ－ＣＯＭ丸和ホールディングス株式会社,153162817200.0,10935000000.0,0.0,0.07,0.0
7110,株式会社クラシコム,11276712000.0,0.0,0.0,0.0,0.0
2499,日本和装ホールディングス株式会社,2968550000.0,0.0,0.0,0.0,0.0
4462,石原ケミカル株式会社,30093858000.0,4086282000.0,0.0,0.14,0.0
3608,株式会社ＴＳＩホールディングス,88636484736.0,23490000000.0,0.0,0.27,0.0
3484,株式会社イノベーションホールディングス,17232540000.0,0.0,0.0,0.0,0.0
9439,株式会社エム・エイチ・グループ,2433198900.0,76580000.0,0.0,0.03,0.0
6676,株式会社バッファロー,34195500000.0,2298000000.0,0.0,0.07,0.0
7459,株式会社メディパルホールディングス,535130666000.0,199078000000.0,0.0,0.37,0.0
6577,株式会社ベストワンドットコム,3938386800.0,209246000.0,0.0,0.05,0.0
7162,アストマックス株式会社,3513800100.0,790345000.0,0.0,0.22,0.0
9051,センコン物流株式会社,6973334000.0,389946000.0,0.0,0.06,0.0
2678,アスクル株式会社,144492284000.0,159000000.0,0.0,0.0,0.0
4398,株式会社ブロードバンドセキュリティ,5545319262.0,120000000.0,0.0,0.02,0.0
2768,双日株式会社,810000000000.0,83711000000.0,0.0,0.1,0.0
6840,株式会社ＡＫＩＢＡホールディングス,2509568880.0,0.0,0.0,0.0,0.0
3645,株式会社メディカルネット,3253446000.0,59202000.0,0.0,0.02,0.0
3261,株式会社グランディーズ,4195194102.0,0.0,0.0,0.0,0.0
5713,住友金属鉱山株式会社,989930856000.0,211313000000.0,0.0,0.21,0.0
9022,東海旅客鉄道株式会社,3430930000000.0,458717000000.0,0.0,0.13,0.0
8051,株式会社山善,119989542665.0,24063000000.0,0.0,0.2,0.0
6753,シャープ株式会社,428292351000.0,185710000000.0,0.0,0.43,0.0
5161,西川ゴム工業株式会社,54246435000.0,22877000000.0,0.0,0.42,0.0
8946,株式会社ＡＳＩＡＮ　ＳＴＡＲ,2690326600.0,0.0,0.0,0.0,0.0
9697,株式会社カプコン,2319663872000.0,0.0,0.0,0.0,0.0
8050,セイコーグループ株式会社,175761087945.0,53123000000.0,0.0,0.3,0.0
3926,株式会社オープンドア,15473700000.0,1625579000.0,0.0,0.11,0.0
1762,株式会社髙松コンストラクショングループ,107065350000.0,7518000000.0,0.0,0.07,0.0
2169,ＣＤＳ株式会社,12124624400.0,133255000.0,0.0,0.01,0.0
7914,共同印刷株式会社,11140470000.0,17501000000.0,0.0,1.57,0.0
6480,日本トムソン株式会社,41601806550.0,11110000000.0,0.0,0.27,0.0
6496,株式会社中北製作所,17818800000.0,5448491000.0,0.0,0.31,0.0
8869,明和地所株式会社,22016733000.0,96000000.0,0.0,0.0,0.0
4323,日本システム技術株式会社,44309065280.0,1667447000.0,0.0,0.04,0.0
5255,株式会社モンスターラボ,7404443550.0,2668186000.0,0.0,0.36,0.0
7287,日本精機株式会社,87881913000.0,18210000000.0,0.0,0.21,0.0
4192,スパイダープラス株式会社,17229572000.0,0.0,0.0,0.0,0.0
2762,株式会社ＳＡＮＫＯ　ＭＡＲＫＥＴＩＮＧ　ＦＯＯＤＳ,2570899975.0,0.0,0.0,0.0,0.0
3816,株式会社大和コンピューター,4576891000.0,601860000.0,0.0,0.13,0.0
3908,株式会社コラボス,1622502000.0,0.0,0.0,0.0,0.0
3189,株式会社ＡＮＡＰホールディングス,7998682800.0,21024000.0,0.0,0.0,0.0
6330,東洋エンジニアリング株式会社,42992170000.0,6889000000.0,0.0,0.16,0.0
8596,株式会社九州リースサービス,31194753548.0,10494000000.0,0.0,0.34,0.0
5802,住友電気工業株式会社,2639853825000.0,604733000000.0,0.0,0.23,0.0
5451,株式会社淀川製鋼所,36580713000.0,40961000000.0,0.0,1.12,0.0
2733,株式会社あらた,114121746960.0,12659000000.0,0.0,0.11,0.0
9691,株式会社両毛システムズ,11740950000.0,415078000.0,0.0,0.04,0.0
7361,株式会社ヒューマンクリエイションホールディングス,2182781150.0,94537000.0,0.0,0.04,0.0
5589,株式会社オートサーバー,16864324000.0,0.0,0.0,0.0,0.0
4937,株式会社Ｗａｑｏｏ,3626165856.0,0.0,0.0,0.0,0.0
9782,株式会社ディーエムエス,21655284000.0,1144810000.0,0.0,0.05,0.0
6645,オムロン株式会社,773831240000.0,7081000000.0,0.0,0.01,0.0
6586,株式会社マキタ,1251675990000.0,32541000000.0,0.0,0.03,0.0
4284,株式会社　ソルクシーズ,10433211066.0,1068385000.0,0.0,0.1,0.0
9973,ＫＯＺＯホールディングス株式会社,6714997520.0,16010000.0,0.0,0.0,0.0
7040,株式会社サン・ライフホールディング,6172100000.0,3800131000.0,0.0,0.62,0.0
1814,大末建設株式会社,23456940000.0,898000000.0,0.0,0.04,0.0
6047,株式会社Ｇｕｎｏｓｙ,18251043822.0,4175000000.0,0.0,0.23,0.0
6824,新コスモス電機株式会社,32030550000.0,7568157000.0,0.0,0.24,0.0
7883,サンメッセ株式会社,6203117400.0,4201538000.0,0.0,0.68,0.0
3997,株式会社トレードワークス,4334816400.0,233910000.0,0.0,0.05,0.0
9536,西部ガスホールディングス株式会社,66899413000.0,59430000000.0,0.0,0.89,0.0
3793,株式会社ドリコム,15961075328.0,20006000.0,0.0,0.0,0.0
4391,ロジザード株式会社,3942618000.0,0.0,0.0,0.0,0.0
6312,フロイント産業株式会社,20442400000.0,824109000.0,0.0,0.04,0.0
8032,日本紙パルプ商事株式会社,95687279870.0,37017000000.0,0.0,0.39,0.0
4056,ニューラルグループ株式会社,12302704862.0,157215000.0,0.0,0.01,0.0
6432,株式会社竹内製作所,233480235000.0,168000000.0,0.0,0.0,0.0
4719,株式会社アルファシステムズ,49675234000.0,3769777000.0,0.0,0.08,0.0
2130,株式会社メンバーズ,16401317400.0,1065060000.0,0.0,0.06,0.0
4025,多木化学株式会社,27399826000.0,13649000000.0,0.0,0.5,0.0
4598,ＤｅｌｔａーＦｌｙ　Ｐｈａｒｍａ株式会社,6879039300.0,0.0,0.0,0.0,0.0
8593,三菱ＨＣキャピタル株式会社,1607735819424.0,550198000000.0,0.0,0.34,0.0
4287,株式会社ジャストプランニング,5404444892.0,10228000.0,0.0,0.0,0.0
6245,株式会社ヒラノテクシード,23122357258.0,4481501000.0,0.0,0.19,0.0
7409,ＡｅｒｏＥｄｇｅ株式会社,10715964000.0,0.0,0.0,0.0,0.0
7379,株式会社サーキュレーション,7582263000.0,0.0,0.0,0.0,0.0
2908,フジッコ株式会社,47629250000.0,3944000000.0,0.0,0.08,0.0
5976,高周波熱錬株式会社,39531728400.0,9857000000.0,0.0,0.25,0.0
9211,株式会社エフ・コード,28763367600.0,0.0,0.0,0.0,0.0
4709,株式会社ＩＤホールディングス,39904012992.0,4664007000.0,0.0,0.12,0.0
8056,ＢＩＰＲＯＧＹ株式会社,600354132000.0,17934000000.0,0.0,0.03,0.0
8088,岩谷産業株式会社,356873781000.0,211938000000.0,0.0,0.59,0.0
2325,株式会社ＮＪＳ,57776000000.0,2111273000.0,0.0,0.04,0.0
3597,株式会社自重堂,27387056000.0,3990891000.0,0.0,0.15,0.0
6489,前澤工業株式会社,32906560000.0,4171000000.0,0.0,0.13,0.0
4390,株式会社アイ・ピー・エス,28960012200.0,0.0,0.0,0.0,0.0
5724,株式会社アサカ理研,6194098400.0,195189000.0,0.0,0.03,0.0
9308,乾汽船株式会社,31652573440.0,5192000000.0,0.0,0.16,0.0
5578,ＡＲアドバンストテクノロジ株式会社,8697832000.0,111145000.0,0.0,0.01,0.0
3087,株式会社ドトール・日レスホールディングス,114480500110.0,1087000000.0,0.0,0.01,0.0
4317,株式会社レイ,7336435712.0,242926000.0,0.0,0.03,0.0
3267,株式会社フィル・カンパニー,4674402000.0,15560000.0,0.0,0.0,0.0
6185,ＳＭＮ株式会社,6516901755.0,3075000.0,0.0,0.0,0.0
9543,静岡ガス株式会社,84954080000.0,21513000000.0,0.0,0.25,0.0
4616,川上塗料株式会社,1780000000.0,1029993000.0,0.0,0.58,0.0
6178,日本郵政株式会社,4338042720000.0,143153000000.0,0.0,0.03,0.0
3921,株式会社ネオジャパン,24135538000.0,1540928000.0,0.0,0.06,0.0
9514,株式会社エフオン,7312693882.0,0.0,0.0,0.0,0.0
7309,株式会社シマノ,1825177600000.0,25892000000.0,0.0,0.01,0.0
4488,ＡＩ　ｉｎｓｉｄｅ株式会社,14699816250.0,1192000.0,0.0,0.0,0.0
6879,株式会社ＩＭＡＧＩＣＡ　ＧＲＯＵＰ,35569095000.0,3485203000.0,0.0,0.1,0.0
8282,株式会社ケーズホールディングス,268362500000.0,1044000000.0,0.0,0.0,0.0
6098,株式会社リクルートホールディングス,12556650644321.0,49163000000.0,0.0,0.0,0.0
9619,株式会社イチネンホールディングス,39693003372.0,6055000000.0,0.0,0.15,0.0
6625,ＪＡＬＣＯホールディングス株式会社,36220552962.0,604819000.0,0.0,0.02,0.0
3560,株式会社ほぼ日,7135845000.0,362244000.0,0.0,0.05,0.0
3682,エンカレッジ・テクノロジ株式会社,4196065200.0,41778000.0,0.0,0.01,0.0
6926,岡谷電機産業株式会社,4836449582.0,2121797000.0,0.0,0.44,0.0
4064,日本カーバイド工業株式会社,17445208468.0,387000000.0,0.0,0.02,0.0
7811,中本パックス株式会社,16048503009.0,1111226000.0,0.0,0.07,0.0
4772,株式会社ＳＭ　ＥＮＴＥＲＴＡＩＮＭＥＮＴ　ＪＡＰＡＮ,13676770058.0,1385827000.0,0.0,0.1,0.0
3328,ＢＥＥＮＯＳ株式会社,54211920075.0,2649000000.0,0.0,0.05,0.0
6087,株式会社アビスト,13094200000.0,738504000.0,0.0,0.06,0.0
8542,株式会社トマト銀行,14715540000.0,0.0,0.0,0.0,0.0
1867,株式会社植木組,13877653032.0,2512488000.0,0.0,0.18,0.0
9229,株式会社サンウェルズ,23879160000.0,0.0,0.0,0.0,0.0
9419,株式会社ワイヤレスゲート,2854967814.0,62462000.0,0.0,0.02,0.0
8381,株式会社山陰合同銀行,200930560000.0,0.0,0.0,0.0,0.0
8804,東京建物株式会社,526161283947.0,139265000000.0,0.0,0.26,0.0
4098,チタン工業株式会社,2282358000.0,534000000.0,0.0,0.23,0.0
4343,株式会社イオンファンタジー,63594387875.0,5323000.0,0.0,0.0,0.0
2388,株式会社ウェッジホールディングス,4121964366.0,0.0,0.0,0.0,0.0
8278,株式会社フジ,174061335816.0,24481000000.0,0.0,0.14,0.0
6899,ＡＳＴＩ株式会社,6208699902.0,702729000.0,0.0,0.11,0.0
3842,株式会社ネクストジェン,2733151200.0,0.0,0.0,0.0,0.0
4891,㈱ティムス,6694791122.0,0.0,0.0,0.0,0.0
8349,株式会社　東北銀行,10659589000.0,0.0,0.0,0.0,0.0
7046,ＴＤＳＥ株式会社,3810400000.0,0.0,0.0,0.0,0.0
8107,株式会社キムラタン,13556552000.0,0.0,0.0,0.0,0.0
4094,日本化学産業株式会社,41330640000.0,8854753000.0,0.0,0.21,0.0
9428,株式会社クロップス,11180971000.0,1074000000.0,0.0,0.1,0.0
9767,日建工学株式会社,2603076000.0,980182000.0,0.0,0.38,0.0
6104,芝浦機械株式会社,86126808820.0,11754000000.0,0.0,0.14,0.0
5597,ブルーイノベーション株式会社,7196646177.0,0.0,0.0,0.0,0.0
3744,サイオス株式会社,4073349600.0,427662000.0,0.0,0.1,0.0
1780,株式会社　ヤマウラ,27349488000.0,2209153000.0,0.0,0.08,0.0
6337,株式会社テセック,9673535430.0,3399000000.0,0.0,0.35,0.0
8919,株式会社カチタス,191750260320.0,0.0,0.0,0.0,0.0
3004,神栄株式会社,7890970500.0,5889000000.0,0.0,0.75,0.0
2590,ダイドーグループホールディングス株式会社,88508927000.0,9815000000.0,0.0,0.11,0.0
9699,ニシオホールディングス株式会社,117112875000.0,2753000000.0,0.0,0.02,0.0
6028,テクノプロ・ホールディングス株式会社,470713600000.0,0.0,0.0,0.0,0.0
4484,ランサーズ株式会社,3590195388.0,0.0,0.0,0.0,0.0
8698,マネックスグループ株式会社,193786384400.0,9312000000.0,0.0,0.05,0.0
3121,マーチャント・バンカーズ株式会社,10055749000.0,69161000.0,0.0,0.01,0.0
5131,リンカーズ株式会社,2570689000.0,0.0,0.0,0.0,0.0
7521,株式会社ムサシ,14095350000.0,3559000000.0,0.0,0.25,0.0
7327,株式会社第四北越フィナンシャルグループ,326651175000.0,0.0,0.0,0.0,0.0
6381,アネスト岩田株式会社,62117311440.0,3173000000.0,0.0,0.05,0.0
5632,三菱製鋼株式会社,25244363000.0,6009000000.0,0.0,0.24,0.0
7378,株式会社アシロ,13735237048.0,0.0,0.0,0.0,0.0
4935,株式会社リベルタ,17036600000.0,0.0,0.0,0.0,0.0
3981,株式会社ビーグリー,8363985366.0,0.0,0.0,0.0,0.0
7610,株式会社テイツー,9338349968.0,661348000.0,0.0,0.07,0.0
9658,株式会社ビジネスブレイン太田昭和,33034100000.0,1173507000.0,0.0,0.04,0.0
3835,ｅＢＡＳＥ株式会社,23535235200.0,1342828000.0,0.0,0.06,0.0
3965,株式会社キャピタル・アセット・プランニング,4410935553.0,653219000.0,0.0,0.15,0.0
3726,株式会社フォーシーズＨＤ,6943514630.0,0.0,0.0,0.0,0.0
6997,日本ケミコン株式会社,26174340069.0,15007000000.0,0.0,0.57,0.0
9433,ＫＤＤＩ株式会社,5371119642408.0,236433000000.0,0.0,0.04,0.0
7299,フジオーゼックス株式会社,14998155250.0,140510000.0,0.0,0.01,0.0
6351,株式会社鶴見製作所,105737500000.0,12662000000.0,0.0,0.12,0.0
6322,株式会社タクミナ,12180179040.0,1888491000.0,0.0,0.16,0.0
5464,モリ工業株式会社,6748654000.0,7068000000.0,0.0,1.05,0.0
6227,ＡＩメカテック株式会社,20565030000.0,0.0,0.0,0.0,0.0
8285,三谷産業株式会社,22423236000.0,27440000000.0,0.0,1.22,0.0
5871,ＳＯＬＩＺＥ株式会社,10740000000.0,419000000.0,0.0,0.04,0.0
3205,株式会社ダイドーリミテッド,29928600000.0,4567000000.0,0.0,0.15,0.0
7565,萬世電機株式会社,8016400000.0,1259383000.0,0.0,0.16,0.0
2164,株式会社地域新聞社,1228326960.0,0.0,0.0,0.0,0.0
4671,株式会社ファルコホールディングス,24959126038.0,3675000000.0,0.0,0.15,0.0
8143,株式会社ラピーヌ,675121000.0,517418000.0,0.0,0.77,0.0
8439,東京センチュリー株式会社,889248191000.0,451367000000.0,0.0,0.51,0.0
8194,株式会社ライフコーポレーション,119225878800.0,2356000000.0,0.0,0.02,0.0
5819,カナレ電気株式会社,11090278680.0,735499000.0,0.0,0.07,0.0
8354,株式会社ふくおかフィナンシャルグループ,772388658000.0,0.0,0.0,0.0,0.0
6083,ＥＲＩホールディングス株式会社,23536362000.0,98304000.0,0.0,0.0,0.0
5592,株式会社くすりの窓口,38158200000.0,67812000.0,0.0,0.0,0.0
6495,株式会社宮入バルブ製作所,5422342785.0,296864000.0,0.0,0.05,0.0
9301,三菱倉庫株式会社,467001827085.0,163716000000.0,0.0,0.35,0.0
7800,株式会社アミファ,2044520000.0,0.0,0.0,0.0,0.0
2163,株式会社アルトナー,20618164800.0,1498000.0,0.0,0.0,0.0
8255,アクシアル　リテイリング株式会社,105152448000.0,3778000000.0,0.0,0.04,0.0
7741,ＨＯＹＡ株式会社,6344787390900.0,39418000000.0,0.0,0.01,0.0
7078,ＩＮＣＬＵＳＩＶＥ株式会社,5880413565.0,189121000.0,0.0,0.03,0.0
7198,ＳＢＩアルヒ株式会社,37200525440.0,0.0,0.0,0.0,0.0
5631,株式会社日本製鋼所,610079268015.0,24629000000.0,0.0,0.04,0.0
3349,株式会社コスモス薬品,385847716800.0,4000000.0,0.0,0.0,0.0
7792,株式会社コラントッテ,12837594900.0,100341000.0,0.0,0.01,0.0
5262,日本ヒューム株式会社,68027505000.0,19857935000.0,0.0,0.29,0.0
2911,旭松食品株式会社,4196612000.0,847388000.0,0.0,0.2,0.0
7702,株式会社ジェイ・エム・エス（称号　株式会社　ＪＭＳ）,10660123846.0,5437000000.0,0.0,0.51,0.0
1844,株式会社大盛工業,8104016466.0,0.0,0.0,0.0,0.0
9976,株式会社　セキチュー,5569391550.0,699649000.0,0.0,0.13,0.0
3053,株式会社ペッパーフードサービス,12111751400.0,20000000.0,0.0,0.0,0.0
5563,新日本電工株式会社,34735635000.0,12255000000.0,0.0,0.35,0.0
5965,株式会社フジマック,13986560000.0,3552057000.0,0.0,0.25,0.0
6233,ＫＬＡＳＳ株式会社,2366649000.0,76472000.0,0.0,0.03,0.0
5247,株式会社ＢＴＭ,1053057500.0,0.0,0.0,0.0,0.0
7105,三菱ロジスネクスト株式会社,208114220000.0,7491000000.0,0.0,0.04,0.0
7419,株式会社ノジマ,328253542400.0,31412000000.0,0.0,0.1,0.0
4404,ミヨシ油脂株式会社,20026296985.0,10356000000.0,0.0,0.52,0.0
3804,株式会社システム　ディ,13249422000.0,32544000.0,0.0,0.0,0.0
5491,日本金属株式会社,4884300000.0,2881000000.0,0.0,0.59,0.0
6525,株式会社ＫＯＫＵＳＡＩ　ＥＬＥＣＴＲＩＣ,808496140045.0,0.0,0.0,0.0,0.0
9049,京福電気鉄道株式会社,13260000000.0,470000000.0,0.0,0.04,0.0
6651,日東工業株式会社,131083920000.0,5970000000.0,0.0,0.05,0.0
8166,株式会社タカキュー,2618377954.0,655383000.0,0.0,0.25,0.0
9414,日本ＢＳ放送株式会社,16177774256.0,1414517000.0,0.0,0.09,0.0
2109,ＤＭ三井製糖株式会社,99222560000.0,16728000000.0,0.0,0.17,0.0
2150,株式会社ケアネット,33982200000.0,1133701000.0,0.0,0.03,0.0
3927,株式会社フーバーブレイン,4892466600.0,135802000.0,0.0,0.03,0.0
6069,トレンダーズ株式会社,7855060000.0,0.0,0.0,0.0,0.0
4251,恵和株式会社,21850077216.0,147869000.0,0.0,0.01,0.0
4062,イビデン株式会社,892492489152.0,58797000000.0,0.0,0.07,0.0
6411,中野冷機株式会社,39986520000.0,3321450000.0,0.0,0.08,0.0
8163,ＳＲＳホールディングス株式会社,51920670368.0,1188514000.0,0.0,0.02,0.0
7859,株式会社アルメディオ,4639808468.0,0.0,0.0,0.0,0.0
3932,株式会社アカツキ,42898030500.0,11375000000.0,0.0,0.27,0.0
4417,グローバルセキュリティエキスパート株式会社,21580705800.0,764371000.0,0.0,0.04,0.0
4536,参天製薬株式会社,578416696000.0,8515000000.0,0.0,0.01,0.0
1890,東洋建設株式会社,145803195000.0,2415000000.0,0.0,0.02,0.0
8131,株式会社ミツウロコグループホールディングス,123081058011.0,25008000000.0,0.0,0.2,0.0
9723,株式会社京都ホテル,7685659800.0,5314000.0,0.0,0.0,0.0
5967,ＴＯＮＥ株式会社,5704231000.0,2250360000.0,0.0,0.39,0.0
3150,株式会社グリムス,59537000000.0,2082529000.0,0.0,0.03,0.0
7272,ヤマハ発動機株式会社,1092040656000.0,52813000000.0,0.0,0.05,0.0
7320,Ｓｏｌｖｖｙ株式会社,8701110000.0,3509787000.0,0.0,0.4,0.0
6240,ヤマシンフィルタ株式会社,46571828747.0,0.0,0.0,0.0,0.0
7140,ペットゴー株式会社,1480415600.0,0.0,0.0,0.0,0.0
2354,株式会社ＹＥ　ＤＩＧＩＴＡＬ,11797436000.0,32185000.0,0.0,0.0,0.0
4911,株式会社資生堂,960000000000.0,3222000000.0,0.0,0.0,0.0
5753,日本伸銅株式会社,4834800000.0,533000000.0,0.0,0.11,0.0
5994,株式会社ファインシンター,3726060000.0,1508472000.0,0.0,0.4,0.0
7613,シークス株式会社,59623200000.0,2427000000.0,0.0,0.04,0.0
3091,株式会社ブロンコビリー,52022550000.0,168634000.0,0.0,0.0,0.0
6740,株式会社ジャパンディスプレイ,65966596374.0,3110000000.0,0.0,0.05,0.0
8338,株式会社筑波銀行,20308038000.0,0.0,0.0,0.0,0.0
2938,株式会社オカムラ食品工業,9353101152.0,99000000.0,0.0,0.01,0.0
4839,株式会社ＷＯＷＯＷ,36747765600.0,3076000000.0,0.0,0.08,0.0
9467,株式会社アルファポリス,43796735400.0,0.0,0.0,0.0,0.0
4960,ケミプロ化成株式会社,4488375510.0,254891000.0,0.0,0.06,0.0
6981,株式会社村田製作所,4226341153000.0,21443000000.0,0.0,0.01,0.0
6224,株式会社ＪＲＣ,19814408700.0,216862000.0,0.0,0.01,0.0
5707,東邦亜鉛株式会社,9401180532.0,156000000.0,0.0,0.02,0.0
8802,三菱地所株式会社,3394774332000.0,358442000000.0,0.0,0.11,0.0
4058,トヨクモ株式会社,36106240000.0,0.0,0.0,0.0,0.0
9533,東邦瓦斯株式会社,417238560000.0,170019000000.0,0.0,0.41,0.0
4918,株式会社アイビー化粧品,2014080000.0,0.0,0.0,0.0,0.0
9353,櫻島埠頭株式会社,2417800000.0,4718877000.0,0.0,1.95,0.0
9216,ビーウィズ株式会社,20096726400.0,253330000.0,0.0,0.01,0.0
9039,株式会社サカイ引越センター,112412544000.0,6215000000.0,0.0,0.06,0.0
6744,能美防災株式会社,231164529800.0,9755000000.0,0.0,0.04,0.0
4377,株式会社ワンキャリア,12398328740.0,186164000.0,0.0,0.02,0.0
3687,株式会社フィックスターズ,63973770000.0,83592000.0,0.0,0.0,0.0
9001,東武鉄道株式会社,502836285000.0,99253000000.0,0.0,0.2,0.0
6848,東亜ディーケーケー株式会社,16182320000.0,2508000000.0,0.0,0.15,0.0
1766,東建コーポレーション株式会社,188742720000.0,756000000.0,0.0,0.0,0.0
7201,日産自動車株式会社,1143539961531.5552,1428641000000.0,0.0,1.25,0.0
7916,光村印刷株式会社,4270305920.0,5158886000.0,0.0,1.21,0.0
5856,株式会社エルアイイーエイチ,5229974400.0,4419000.0,0.0,0.0,0.0
2790,株式会社ナフコ,54624589600.0,405000000.0,0.0,0.01,0.0
7069,株式会社サイバー・バズ,2983416900.0,29048000.0,0.0,0.01,0.0
9023,東京地下鉄株式会社,948482500000.0,5240000000.0,0.0,0.01,0.0
3474,Ｇ－ＦＡＣＴＯＲＹ株式会社,3926304000.0,5438000.0,0.0,0.0,0.0
7089,フォースタートアップス株式会社,5413038400.0,89283000.0,0.0,0.02,0.0
8613,丸三証券株式会社,59916822000.0,13574000000.0,0.0,0.23,0.0
4052,フィーチャ株式会社,2196040125.0,0.0,0.0,0.0,0.0
4212,積水樹脂株式会社,66425544000.0,16062000000.0,0.0,0.24,0.0
7744,ノーリツ鋼機株式会社,53960590152.0,21640000000.0,0.0,0.4,0.0
2681,株式会社ゲオホールディングス,62555931900.0,194000000.0,0.0,0.0,0.0
6841,横河電機株式会社,1022920192000.0,64290000000.0,0.0,0.06,0.0
3918,ＰＣＩホールディングス株式会社,10952436800.0,230237000.0,0.0,0.02,0.0
6864,株式会社エヌエフホールディングス,8844570000.0,245134000.0,0.0,0.03,0.0
2796,ファーマライズホールディングス株式会社,5969888595.0,67000000.0,0.0,0.01,0.0
4267,株式会社ライトワークス,10727612000.0,24867000.0,0.0,0.0,0.0
9682,株式会社ＤＴＳ,230522329440.0,5707000000.0,0.0,0.02,0.0
1826,佐田建設株式会社,17430083000.0,415000000.0,0.0,0.02,0.0
4386,株式会社ＳＩＧグループ,4432115340.0,233094000.0,0.0,0.05,0.0
8617,光世証券株式会社,4069494000.0,4607000000.0,0.0,1.13,0.0
9755,応用地質株式会社,77066000000.0,5451000000.0,0.0,0.07,0.0
8104,クワザワホールディングス株式会社,8781044000.0,1530000000.0,0.0,0.17,0.0
3083,スターシーズ株式会社,3700476400.0,127048000.0,0.0,0.03,0.0
6473,株式会社ジェイテクト,398737912000.0,43208000000.0,0.0,0.11,0.0
3199,綿半ホールディングス株式会社,31814550360.0,2057000000.0,0.0,0.06,0.0
6156,株式会社エーワン精密,9063000000.0,873002000.0,0.0,0.1,0.0
3810,サイバーステップ株式会社,3983512456.0,0.0,0.0,0.0,0.0
9856,株式会社ケーユーホールディングス,50171289288.0,1100000000.0,0.0,0.02,0.0
8789,フィンテック　グローバル株式会社,22346708700.0,533513000.0,0.0,0.02,0.0
6364,株式会社ＡＩＲＭＡＮ,62532911514.0,3888325000.0,0.0,0.06,0.0
7129,ミアヘルサホールディングス株式会社,3153098400.0,0.0,0.0,0.0,0.0
6383,株式会社ダイフク,1416006240000.0,13484000000.0,0.0,0.01,0.0
3173,株式会社Ｃｏｍｉｎｉｘ,5824776320.0,1270000000.0,0.0,0.22,0.0
7184,株式会社　富山第一銀行,66173961000.0,0.0,0.0,0.0,0.0
5258,株式会社トランザクション・メディア・ネットワークス,15573421500.0,280040000.0,0.0,0.02,0.0
2702,日本マクドナルドホールディングス株式会社,777816000000.0,12056000000.0,0.0,0.02,0.0
9025,鴻池運輸株式会社,178830667880.0,13005000000.0,0.0,0.07,0.0
8818,京阪神ビルディング株式会社,76096349000.0,22399261000.0,0.0,0.29,0.0
9505,北陸電力株式会社,152996956735.10742,503860000000.0,0.0,3.29,0.0
3065,株式会社ライフフーズ,6127509600.0,200000000.0,0.0,0.03,0.0
4118,株式会社カネカ,268752000000.0,61184000000.0,0.0,0.23,0.0
4838,スペースシャワーＳＫＩＹＡＫＩホールディングス株式会社,9042507855.0,43758000.0,0.0,0.0,0.0
4966,上村工業株式会社,173026440000.0,16971092000.0,0.0,0.1,0.0
8217,株式会社オークワ,38665914000.0,2766000000.0,0.0,0.07,0.0
3565,アセンテック株式会社,23906641200.0,411390000.0,0.0,0.02,0.0
9130,共栄タンカー株式会社,7634700000.0,1779467000.0,0.0,0.23,0.0
2327,日鉄ソリューションズ株式会社,716086826000.0,21656000000.0,0.0,0.03,0.0
5019,出光興産株式会社,1238159729178.1006,305764000000.0,0.0,0.25,0.0
6469,株式会社　放電精密加工研究所,16376080500.0,279663000.0,0.0,0.02,0.0
5026,株式会社トリプルアイズ,8433075300.0,10201000.0,0.0,0.0,0.0
8518,日本アジア投資株式会社,5281400904.0,117000000.0,0.0,0.02,0.0
8912,株式会社エリアクエスト,2829057000.0,1028119000.0,0.0,0.36,0.0
3023,ラサ商事株式会社,16687478000.0,4218000000.0,0.0,0.25,0.0
4197,株式会社アスマーク,2712045000.0,28659000.0,0.0,0.01,0.0
4229,群栄化学工業株式会社,25258250556.0,13211000000.0,0.0,0.52,0.0
2652,株式会社まんだらけ,11505240000.0,1253000.0,0.0,0.0,0.0
6045,株式会社レントラックス,9100387800.0,599891000.0,0.0,0.07,0.0
6546,フルテック株式会社,6087085200.0,518716000.0,0.0,0.09,0.0
7949,小松ウオール工業株式会社,46267765080.0,475000000.0,0.0,0.01,0.0
7433,伯東株式会社,78101215000.0,8333000000.0,0.0,0.11,0.0
5957,日東精工株式会社,24310890336.0,759917000.0,0.0,0.03,0.0
9880,イノテック株式会社,19919800000.0,2648107000.0,0.0,0.13,0.0
9831,株式会社ヤマダホールディングス,443016638402.52686,15423000000.0,0.0,0.03,0.0
4248,竹本容器株式会社,10173710400.0,7384000.0,0.0,0.0,0.0
7486,サンリン株式会社,8560800000.0,6205000000.0,0.0,0.72,0.0
6770,アルプスアルパイン株式会社,327715454500.0,60033000000.0,0.0,0.18,0.0
8230,株式会社はせがわ,5724322000.0,664000000.0,0.0,0.12,0.0
9902,株式会社日伝,83792234400.0,15945000000.0,0.0,0.19,0.0
3371,株式会社ソフトクリエイトホールディングス,60032055762.0,7349334000.0,0.0,0.12,0.0
4650,ＳＤエンターテイメント株式会社,2510163000.0,18090000.0,0.0,0.01,0.0
6203,豊和工業株式会社,12435200794.0,6530000000.0,0.0,0.53,0.0
4768,株式会社　大塚商会,1099921578000.0,22815000000.0,0.0,0.02,0.0
4523,エーザイ株式会社,1149388709000.0,33294000000.0,0.0,0.03,0.0
7093,アディッシュ株式会社,1051012080.0,0.0,0.0,0.0,0.0
3157,ジオリーブグループ株式会社,15956013268.0,1833000000.0,0.0,0.11,0.0
4661,株式会社オリエンタルランド,5565193422800.0,55553000000.0,0.0,0.01,0.0
4722,フューチャー株式会社,217538496000.0,13048000000.0,0.0,0.06,0.0
3393,スターティアホールディングス株式会社,27003934800.0,151092000.0,0.0,0.01,0.0
1942,株式会社関電工,703933711002.0,67429000000.0,0.0,0.1,0.0
5244,株式会社ｊｉｇ．ｊｐ,11195489200.0,0.0,0.0,0.0,0.0
2540,養命酒製造株式会社,53542500000.0,24834328000.0,0.0,0.46,0.0
2376,株式会社　サイネックス,5195939980.0,698472000.0,0.0,0.13,0.0
8365,株式会社　富山銀行,8372872000.0,0.0,0.0,0.0,0.0
7138,株式会社ＴＯＲＩＣＯ,2487328100.0,0.0,0.0,0.0,0.0
3180,株式会社ビューティガレージ,19778352000.0,196868000.0,0.0,0.01,0.0
5248,株式会社テクノロジーズ,13504075200.0,30470000.0,0.0,0.0,0.0
4172,東和ハイシステム株式会社,5057560000.0,1388630000.0,0.0,0.27,0.0
4691,ワシントンホテル株式会社,15419390000.0,358316000.0,0.0,0.02,0.0
4896,株式会社ケイファーマ,8494567200.0,0.0,0.0,0.0,0.0
7992,セーラー万年筆株式会社,3648125142.0,12159000.0,0.0,0.0,0.0
8018,三共生興株式会社,28244000000.0,31166000000.0,0.0,1.1,0.0
1332,株式会社ニッスイ,273220277236.5,30453000000.0,0.0,0.11,0.0
3675,株式会社クロス・マーケティンググループ,14258580000.0,371784000.0,0.0,0.03,0.0
6166,株式会社中村超硬,3625876100.0,1572000.0,0.0,0.0,0.0
9042,阪急阪神ホールディングス株式会社,953081136000.0,456686000000.0,0.0,0.48,0.0
7912,大日本印刷株式会社,1171426080000.0,393125000000.0,0.0,0.34,0.0
3639,株式会社ボルテージ,1752178575.0,245040000.0,0.0,0.14,0.0
6186,株式会社一蔵,2178952325.0,100000000.0,0.0,0.05,0.0
7244,市光工業株式会社,36907029000.0,3474000000.0,0.0,0.09,0.0
3135,株式会社マーケットエンタープライズ,8330432600.0,2642000.0,0.0,0.0,0.0
3558,ジェイドグループ株式会社,16737083520.0,0.0,0.0,0.0,0.0
9365,トレーディア株式会社,1844850000.0,2177823000.0,0.0,1.18,0.0
5482,愛知製鋼株式会社,39536907903.0,26614000000.0,0.0,0.67,0.0
6384,株式会社昭和真空,8708660000.0,173248000.0,0.0,0.02,0.0
3002,グンゼ株式会社,63294268560.0,3924000000.0,0.0,0.06,0.0
7537,丸文株式会社,30126774000.0,3723000000.0,0.0,0.12,0.0
7363,株式会社ベビーカレンダー,1412550000.0,0.0,0.0,0.0,0.0
4657,株式会社環境管理センター,1964478880.0,75682000.0,0.0,0.04,0.0
2934,ジェイフロンティア株式会社,8265507014.0,87802000.0,0.0,0.01,0.0
5256,株式会社Ｆｕｓｉｃ,2907258900.0,21000000.0,0.0,0.01,0.0
6554,株式会社エスユーエス,9995585600.0,152000000.0,0.0,0.02,0.0
7480,スズデン株式会社,24762894000.0,424477000.0,0.0,0.02,0.0
3536,アクサスホールディングス株式会社,4033225000.0,180874000.0,0.0,0.04,0.0
7219,株式会社エッチ・ケー・エス,3539200000.0,670230000.0,0.0,0.19,0.0
3151,株式会社バイタルケーエスケー・ホールディングス,64462284000.0,45131000000.0,0.0,0.7,0.0
9076,セイノーホールディングス株式会社,419276635222.0,71142000000.0,0.0,0.17,0.0
7049,株式会社識学,7598652672.0,91272000.0,0.0,0.01,0.0
5253,カバー株式会社,132028272000.0,0.0,0.0,0.0,0.0
7981,タカラスタンダード株式会社,167997979012.0,14745000000.0,0.0,0.09,0.0
9008,京王電鉄株式会社,442986160180.0,85963000000.0,0.0,0.19,0.0
2003,日東富士製粉株式会社,66443874240.0,8394000000.0,0.0,0.13,0.0
2418,株式会社ツカダ・グローバルホールディング,28396800000.0,4673000000.0,0.0,0.16,0.0
6963,ローム株式会社,765932720000.0,351511000000.0,0.0,0.46,0.0
6302,住友重機械工業株式会社,376580920000.0,21417000000.0,0.0,0.06,0.0
4929,株式会社アジュバンホールディングス,6330313200.0,201882000.0,0.0,0.03,0.0
3388,明治電機工業株式会社,23655064460.0,3980360000.0,0.0,0.17,0.0
8769,株式会社アドバンテッジリスクマネジメント,9361115000.0,557579000.0,0.0,0.06,0.0
5191,住友理工株式会社,189252398000.0,363000000.0,0.0,0.0,0.0
4571,ＮＡＮＯ　ＭＲＮＡ株式会社,9816938662.0,222120000.0,0.0,0.02,0.0
2924,イフジ産業株式会社,17533622370.0,175000000.0,0.0,0.01,0.0
9827,リリカラ株式会社,7875826200.0,318303000.0,0.0,0.04,0.0
8894,株式会社ＲＥＶＯＬＵＴＩＯＮ,8747587446.0,786238000.0,0.0,0.09,0.0
4114,株式会社日本触媒,259194000000.0,35167000000.0,0.0,0.14,0.0
1724,シンクレイヤ株式会社,3262894800.0,529000000.0,0.0,0.16,0.0
2597,株式会社ユニカフェ,12815140800.0,86637000.0,0.0,0.01,0.0
5129,株式会社ＦＩＸＥＲ,8082581400.0,0.0,0.0,0.0,0.0
9678,株式会社カナモト,135015870000.0,11450000000.0,0.0,0.08,0.0
2692,伊藤忠食品株式会社,125928000000.0,36706000000.0,0.0,0.29,0.0
7111,ＩＮＥＳＴ株式会社,6466192615.0,0.0,0.0,0.0,0.0
5590,株式会社ネットスターズ,15644901600.0,325995000.0,0.0,0.02,0.0
4992,北興化学工業株式会社,42938520000.0,12259000000.0,0.0,0.29,0.0
3101,東洋紡株式会社,83170832000.0,12274000000.0,0.0,0.15,0.0
2784,アルフレッサホールディングス株式会社,401825650000.0,115315000000.0,0.0,0.29,0.0
6046,株式会社リンクバル,2398500000.0,0.0,0.0,0.0,0.0
3839,株式会社ＯＤＫソリューションズ,4862600000.0,1183723000.0,0.0,0.24,0.0
8551,株式会社　北日本銀行,28049670000.0,0.0,0.0,0.0,0.0
2300,株式会社きょくとう,2781166230.0,624703000.0,0.0,0.22,0.0
6103,オークマ株式会社,250462100000.0,34033000000.0,0.0,0.14,0.0
7239,株式会社タチエス,62096404000.0,6459000000.0,0.0,0.1,0.0
4421,株式会社ディ・アイ・システム,2846998000.0,0.0,0.0,0.0,0.0
8424,芙蓉総合リース株式会社,121635844960.0,155675000000.0,0.0,1.28,0.0
4676,株式会社フジ・メディア・ホールディングス,878697764000.0,414896000000.0,0.0,0.47,0.0
5283,株式会社高見澤,5442248000.0,1043000000.0,0.0,0.19,0.0
5463,丸一鋼管株式会社,301560000000.0,66631000000.0,0.0,0.22,0.0
3802,株式会社エコミック,2229270000.0,0.0,0.0,0.0,0.0
3963,株式会社シンクロ・フード,17240816000.0,14952000.0,0.0,0.0,0.0
4498,サイバートラスト株式会社,20182810400.0,157975000.0,0.0,0.01,0.0
3064,株式会社ＭｏｎｏｔａＲＯ,1384982137500.0,1500000000.0,0.0,0.0,0.0
2293,滝沢ハム株式会社,5318060000.0,1728450000.0,0.0,0.33,0.0
7678,株式会社あさくま,23451762100.0,0.0,0.0,0.0,0.0
2795,日本プリメックス株式会社,4927044064.0,1283670000.0,0.0,0.26,0.0
5461,中部鋼鈑株式会社,58548000000.0,12325000000.0,0.0,0.21,0.0
9760,株式会社　進学会ホールディングス,3184929000.0,534862000.0,0.0,0.17,0.0
3863,日本製紙株式会社,127415361632.0,172984000000.0,0.0,1.36,0.0
6845,アズビル株式会社,789987885024.0,22791000000.0,0.0,0.03,0.0
9275,株式会社ナルミヤ・インターナショナル,15133630850.0,9947000.0,0.0,0.0,0.0
3758,株式会社アエリア,6763736408.0,923000000.0,0.0,0.14,0.0
7606,株式会社ユナイテッドアローズ,64868762372.0,0.0,0.0,0.0,0.0
3526,芦森工業株式会社,17207763699.0,1447000000.0,0.0,0.08,0.0
7451,三菱食品株式会社,275155104000.0,34237000000.0,0.0,0.12,0.0
3469,株式会社デュアルタップ,2644528500.0,24473000.0,0.0,0.01,0.0
4934,プレミアアンチエイジング株式会社,7848480600.0,10000000.0,0.0,0.0,0.0
5574,株式会社ＡＢＥＪＡ,37738167500.0,0.0,0.0,0.0,0.0
6619,ダブル・スコープ株式会社,12039180800.0,38334000000.0,0.0,3.18,0.0
8104,クワザワホールディングス株式会社,8781044000.0,1497000000.0,0.0,0.17,0.0
6769,ザインエレクトロニクス株式会社,11167790500.0,415890000.0,0.0,0.04,0.0
5009,富士興産株式会社,10517829000.0,110000000.0,0.0,0.01,0.0
6800,株式会社ヨコオ,34129175418.0,2813000000.0,0.0,0.08,0.0
4093,東邦アセチレン株式会社,12257000000.0,2210125000.0,0.0,0.18,0.0
3891,ニッポン高度紙工業株式会社,18829328320.0,302683000.0,0.0,0.02,0.0
2117,ウェルネオシュガー株式会社,74521600000.0,3887000000.0,0.0,0.05,0.0
4686,株式会社ジャストシステム,239879628000.0,14000000.0,0.0,0.0,0.0
2395,株式会社新日本科学,56911490800.0,19762231000.0,0.0,0.35,0.0
3132,マクニカホールディングス株式会社,349011328000.0,7958000000.0,0.0,0.02,0.0
5695,パウダーテック株式会社,6147900000.0,0.0,0.0,0.0,0.0
9258,株式会社ＣＳ－Ｃ,2692310400.0,0.0,0.0,0.0,0.0
5142,アキレス株式会社,15829670118.0,6162000000.0,0.0,0.39,0.0
9069,センコーグループホールディングス株式会社,355600608000.0,27045000000.0,0.0,0.08,0.0
7203,トヨタ自動車株式会社,39779674759500.0,7626969000000.0,0.0,0.19,0.0
9832,株式会社オートバックスセブン,119300852670.0,9145000000.0,0.0,0.08,0.0
2138,クルーズ株式会社,7826390400.0,3656678000.0,0.0,0.47,0.0
5010,日本精蝋株式会社,4256000000.0,313000000.0,0.0,0.07,0.0
9145,株式会社ビーイングホールディングス,20846500000.0,67000000.0,0.0,0.0,0.0
7389,株式会社あいちフィナンシャルグループ,131406700000.0,0.0,0.0,0.0,0.0
3501,ＳＵＭＩＮＯＥ株式会社,8327288000.0,6396000000.0,0.0,0.77,0.0
7918,株式会社ヴィア・ホールディングス,5520988000.0,371000000.0,0.0,0.07,0.0
9331,株式会社キャスター,1678153760.0,0.0,0.0,0.0,0.0
3465,ケイアイスター不動産株式会社,75194412000.0,2704000000.0,0.0,0.04,0.0
6298,ワイエイシイホールディングス株式会社,15633117000.0,2313000000.0,0.0,0.15,0.0
6870,日本フェンオール株式会社,9900240000.0,2883727000.0,0.0,0.29,0.0
6834,株式会社　精工技研,53201827800.0,503746000.0,0.0,0.01,0.0
4479,株式会社マクアケ,11644930500.0,51346000.0,0.0,0.0,0.0
2763,株式会社エフティグループ,37199620568.0,8619000000.0,0.0,0.23,0.0
7043,アルー株式会社,1979660000.0,11884000.0,0.0,0.01,0.0
9982,タキヒヨー株式会社,16016000000.0,3941000000.0,0.0,0.25,0.0
9776,札幌臨床検査センター株式会社,4363560000.0,234985000.0,0.0,0.05,0.0
6336,株式会社石井表記,5437340580.0,124000000.0,0.0,0.02,0.0
5458,高砂鐵工株式会社,2815488000.0,22000000.0,0.0,0.01,0.0
6875,株式会社メガチップス,109664244000.0,101636005000.0,0.0,0.93,0.0
4883,株式会社モダリス,6246359820.0,0.0,0.0,0.0,0.0
6986,双葉電子工業株式会社,25116629488.0,13343000000.0,0.0,0.53,0.0
2907,株式会社あじかん,9663500000.0,961655000.0,0.0,0.1,0.0
7183,あんしん保証株式会社,3002092200.0,0.0,0.0,0.0,0.0
4480,株式会社メドレー,105745678000.0,392000000.0,0.0,0.0,0.0
5368,日本インシュレーション株式会社,8689785600.0,662158000.0,0.0,0.08,0.0
7177,ＧＭＯフィナンシャルホールディングス株式会社,98894441430.0,12390000000.0,0.0,0.13,0.0
9799,旭情報サービス株式会社,17272805000.0,2285406000.0,0.0,0.13,0.0
9162,株式会社ブリーチ,8662928000.0,66267000.0,0.0,0.01,0.0
7867,株式会社タカラトミー,301164763050.0,3890000000.0,0.0,0.01,0.0
6952,カシオ計算機株式会社,276826004353.0,4866000000.0,0.0,0.02,0.0
9908,日本電計株式会社,24463260000.0,1649038000.0,0.0,0.07,0.0
2157,株式会社コシダカホールディングス,105179400000.0,793586000.0,0.0,0.01,0.0
7925,前澤化成工業株式会社,28506384000.0,9629000000.0,0.0,0.34,0.0
9885,株式会社　シャルレ,6032250000.0,2325000000.0,0.0,0.39,0.0
9661,株式会社歌舞伎座,55860300000.0,5843345000.0,0.0,0.1,0.0
8929,株式会社青山財産ネットワークス,45612985003.0,2845000000.0,0.0,0.06,0.0
6539,株式会社ＭＳ－Ｊａｐａｎ,23596790400.0,1457114000.0,0.0,0.06,0.0
5471,大同特殊鋼株式会社,216917979232.5,39714000000.0,0.0,0.18,0.0
9423,株式会社フォーバル・リアルストレート,3471725400.0,0.0,0.0,0.0,0.0
8747,豊トラスティ証券株式会社,14049108288.0,2012878000.0,0.0,0.14,0.0
4750,株式会社ダイサン,4281316000.0,2173000.0,0.0,0.0,0.0
2818,株式会社ピエトロ,12267093510.0,15522000.0,0.0,0.0,0.0
5246,株式会社ＥＬＥＭＥＮＴＳ,25996424654.0,176699000.0,0.0,0.01,0.0
8563,株式会社大東銀行,9119318000.0,0.0,0.0,0.0,0.0
7939,株式会社研創,2151770000.0,28079000.0,0.0,0.01,0.0
4053,株式会社Ｓｕｎ　Ａｓｔｅｒｉｓｋ,18745866080.0,675000000.0,0.0,0.04,0.0
7515,株式会社マルヨシセンター,3782070955.0,289613000.0,0.0,0.08,0.0
7682,株式会社浜木綿,8956322500.0,18070000.0,0.0,0.0,0.0
4205,日本ゼオン株式会社,336222062000.0,71191000000.0,0.0,0.21,0.0
9376,株式会社ユーラシア旅行社,1867140000.0,206339000.0,0.0,0.11,0.0
2694,株式会社焼肉坂井ホールディングス,17270352000.0,80554000.0,0.0,0.0,0.0
7181,株式会社かんぽ生命保険,1324311552000.0,0.0,0.0,0.0,0.0
6171,株式会社土木管理総合試験所,5453152085.0,353829000.0,0.0,0.06,0.0
7782,株式会社シンシア,4309461600.0,0.0,0.0,0.0,0.0
6031,ＺＥＴＡ株式会社,10487820200.0,14317000.0,0.0,0.0,0.0
8219,青山商事株式会社,111421134000.0,4729000000.0,0.0,0.04,0.0
4761,株式会社さくらケーシーエス,16912000000.0,6344000000.0,0.0,0.38,0.0
9363,株式会社大運,2628232458.0,1668889000.0,0.0,0.63,0.0
7059,株式会社コプロ・ホールディングス,44120000000.0,0.0,0.0,0.0,0.0
2462,ライク株式会社,28589325600.0,460061000.0,0.0,0.02,0.0
8020,兼松株式会社,237909750000.0,27214000000.0,0.0,0.11,0.0
7217,株式会社テイン,3855000000.0,0.0,0.0,0.0,0.0
8383,株式会社　鳥取銀行,12408510000.0,0.0,0.0,0.0,0.0
3778,さくらインターネット株式会社,154786136500.0,682270000.0,0.0,0.0,0.0
5449,大阪製鐵株式会社,121044777000.0,553000000.0,0.0,0.0,0.0
3858,株式会社ユビキタスＡＩ,3974420000.0,265341000.0,0.0,0.07,0.0
2432,株式会社ディー・エヌ・エー,295042563947.5,93552000000.0,0.0,0.32,0.0
8097,三愛オブリ株式会社,127974000000.0,15516000000.0,0.0,0.12,0.0
5851,リョービ株式会社,73127040000.0,19206000000.0,0.0,0.26,0.0
1888,若築建設株式会社,59439940000.0,6705000000.0,0.0,0.11,0.0
4627,ナトコ株式会社,11508037200.0,523074000.0,0.0,0.05,0.0
6763,帝国通信工業株式会社,22323840000.0,2707875000.0,0.0,0.12,0.0
8928,穴吹興産株式会社,23231490000.0,3501261000.0,0.0,0.15,0.0
7013,株式会社ＩＨＩ,2427686905000.0,18604000000.0,0.0,0.01,0.0
2437,Ｓｈｉｎｗａ　Ｗｉｓｅ　Ｈｏｌｄｉｎｇｓ株式会社,3081265866.0,52847000.0,0.0,0.02,0.0
6140,旭ダイヤモンド工業株式会社,37671123600.0,10778000000.0,0.0,0.29,0.0
4206,アイカ工業株式会社,246500730000.0,20750000000.0,0.0,0.08,0.0
3877,中越パルプ工業株式会社,22327888000.0,11651000000.0,0.0,0.52,0.0
8923,トーセイ株式会社,133929133800.0,8610046000.0,0.0,0.06,0.0
4633,サカタインクス株式会社,111160944000.0,32833000000.0,0.0,0.3,0.0
4597,ソレイジア・ファーマ株式会社,8738356400.0,0.0,0.0,0.0,0.0
7670,オーウエル株式会社,10363500000.0,10419000000.0,0.0,1.01,0.0
6757,株式会社ＯＳＧコーポレーション,4444000000.0,1144000.0,0.0,0.0,0.0
4369,株式会社　トリケミカル研究所,110657869200.0,3923209000.0,0.0,0.04,0.0
4372,ユミルリンク株式会社,5854470400.0,0.0,0.0,0.0,0.0
8157,都築電気株式会社,59018470000.0,4538000000.0,0.0,0.08,0.0
9037,株式会社ハマキョウレックス,107379776000.0,3331000000.0,0.0,0.03,0.0
5233,太平洋セメント株式会社,428800576000.0,135374000000.0,0.0,0.32,0.0
7937,株式会社ツツミ,34995570000.0,52000000.0,0.0,0.0,0.0
4819,株式会社デジタルガレージ,199895525500.0,3257000000.0,0.0,0.02,0.0
3561,株式会社力の源ホールディングス,41612884000.0,149527000.0,0.0,0.0,0.0
5958,三洋工業株式会社,14467200000.0,1027000000.0,0.0,0.07,0.0
9900,株式会社サガミホールディングス,51632904000.0,757896000.0,0.0,0.01,0.0
6306,日工株式会社,29240000000.0,5565000000.0,0.0,0.19,0.0
6395,株式会社タダノ,134939000000.0,11435000000.0,0.0,0.08,0.0
3569,セーレン株式会社,154215879356.0,10364000000.0,0.0,0.07,0.0
8079,正栄食品工業株式会社,71392500000.0,4489232000.0,0.0,0.06,0.0
9602,東宝株式会社,1710678576509.0,153764000000.0,0.0,0.09,0.0
6616,トレックス・セミコンダクター株式会社,16938457200.0,1232434000.0,0.0,0.07,0.0
5599,Ｓ＆Ｊ株式会社,6550060800.0,0.0,0.0,0.0,0.0
9561,株式会社グラッドキューブ,6487231560.0,84085000.0,0.0,0.01,0.0
1808,株式会社　長谷工コーポレーション,675885010059.0,102774000000.0,0.0,0.15,0.0
2815,アリアケジャパン株式会社,224734800000.0,32989117000.0,0.0,0.15,0.0
9532,大阪瓦斯株式会社,1501654180000.0,569252000000.0,0.0,0.38,0.0
7512,イオン北海道株式会社,124502060000.0,40000000.0,0.0,0.0,0.0
5252,日本ナレッジ株式会社,1788800000.0,36357000.0,0.0,0.02,0.0
3277,株式会社サンセイランディック,10284710200.0,100030000.0,0.0,0.01,0.0
3652,株式会社ディジタルメディアプロフェッショナル,6487639200.0,536318000.0,0.0,0.08,0.0
2196,株式会社エスクリ,3432838500.0,0.0,0.0,0.0,0.0
5269,日本コンクリート工業株式会社,16755330000.0,15248883000.0,0.0,0.91,0.0
3441,株式会社山王,5000000000.0,358207000.0,0.0,0.07,0.0
3537,昭栄薬品株式会社,5898365040.0,5575689000.0,0.0,0.95,0.0
7082,株式会社ジモティー,5657975000.0,2369000.0,0.0,0.0,0.0
4179,株式会社ジーネクスト,1895389684.0,0.0,0.0,0.0,0.0
1662,石油資源開発株式会社,266509000000.0,180280000000.0,0.0,0.68,0.0
7482,株式会社シモジマ,29181417284.0,515000000.0,0.0,0.02,0.0
4063,信越化学工業株式会社,9258016680000.0,134632000000.0,0.0,0.01,0.0
7279,株式会社ハイレックスコーポレーション,90955886420.0,45612000000.0,0.0,0.5,0.0
5757,株式会社ＣＫサンエツ,33517260000.0,1759000000.0,0.0,0.05,0.0
7818,株式会社トランザクション,79607334000.0,4150574000.0,0.0,0.05,0.0
6925,ウシオ電機株式会社,163771250000.0,37473000000.0,0.0,0.23,0.0
2737,株式会社トーメンデバイス,41016060000.0,231000000.0,0.0,0.01,0.0
8209,株式会社フレンドリー,1270786055.0,9000000.0,0.0,0.01,0.0
7011,三菱重工業株式会社,10910374398000.0,232145000000.0,0.0,0.02,0.0
9306,東陽倉庫株式会社,12653176000.0,8708425000.0,0.0,0.69,0.0
7073,株式会社ジェイック,2321178000.0,44801000.0,0.0,0.02,0.0
9959,アシードホールディングス株式会社,9163105000.0,1650000000.0,0.0,0.18,0.0
5110,住友ゴム工業株式会社,444016584000.0,16252000000.0,0.0,0.04,0.0
8898,株式会社センチュリー２１・ジャパン,12582075000.0,715500000.0,0.0,0.06,0.0
4113,田岡化学工業株式会社,18512080000.0,88000000.0,0.0,0.0,0.0
7922,三光産業株式会社,3198792800.0,1262473000.0,0.0,0.39,0.0
4628,エスケー化研株式会社,136041640000.0,11369000000.0,0.0,0.08,0.0
4443,Ｓａｎｓａｎ株式会社,252048338248.0,3799000000.0,0.0,0.02,0.0
8798,株式会社アドバンスクリエイト,5711412600.0,30390000.0,0.0,0.01,0.0
7815,東京ボード工業株式会社,2269428780.0,112001000.0,0.0,0.05,0.0
8917,ファースト住建株式会社,17087820900.0,200491000.0,0.0,0.01,0.0
4238,ミライアル株式会社,11243320000.0,330668000.0,0.0,0.03,0.0
9739,ＮＳＷ株式会社,38024800000.0,1001000000.0,0.0,0.03,0.0
5332,ＴＯＴＯ株式会社,663678750000.0,67536000000.0,0.0,0.1,0.0
9956,株式会社バローホールディングス,142365034863.0,11930000000.0,0.0,0.08,0.0
5254,株式会社Ａｒｅｎｔ,29847877800.0,0.0,0.0,0.0,0.0
6849,日本光電工業株式会社,286617725940.0,4117000000.0,0.0,0.01,0.0
5572,株式会社Ｒｉｄｇｅ－ｉ,9537065200.0,0.0,0.0,0.0,0.0
6265,コンバム株式会社,3943660000.0,579744000.0,0.0,0.15,0.0
8267,イオン株式会社,3996899616000.0,326209000000.0,0.0,0.08,0.0
3553,共和レザー株式会社,19281500000.0,5595000000.0,0.0,0.29,0.0
6817,スミダコーポレーション株式会社,31871464371.0,0.0,0.0,0.0,0.0
9029,株式会社ヒガシホールディングス,23278320000.0,1307229000.0,0.0,0.06,0.0
9319,株式会社中央倉庫,26327384000.0,12008628000.0,0.0,0.46,0.0
2778,パレモ・ホールディングス株式会社,1807707600.0,4800000.0,0.0,0.0,0.0
3970,株式会社イノベーション,2744066200.0,104358000.0,0.0,0.04,0.0
2736,フェスタリアホールディングス株式会社,841464000.0,90535000.0,0.0,0.11,0.0
6326,株式会社　クボタ,1846612632000.0,78584000000.0,0.0,0.04,0.0
2802,味の素株式会社,1976580734248.0,23960000000.0,0.0,0.01,0.0
4951,エステー株式会社,36455000000.0,5948000000.0,0.0,0.16,0.0
7250,太平洋工業株式会社,84673109376.0,38290000000.0,0.0,0.45,0.0
9206,株式会社スターフライヤー,7887088000.0,37000000.0,0.0,0.0,0.0
7510,株式会社たけびし,29691501000.0,5666000000.0,0.0,0.19,0.0
1950,日本電設工業株式会社,170395953000.0,41318000000.0,0.0,0.24,0.0
2120,株式会社ＬＩＦＵＬＬ,25236932.0,227000000.0,0.0,8.99,0.0
5208,株式会社有沢製作所,50232000000.0,1969043000.0,0.0,0.04,0.0
5715,古河機械金属株式会社,85062630000.0,19903000000.0,0.0,0.23,0.0
7477,ムラキ株式会社,1991850000.0,222936000.0,0.0,0.11,0.0
4318,株式会社クイック,42659079788.0,1762665000.0,0.0,0.04,0.0
2156,セーラー広告株式会社,2206314000.0,235208000.0,0.0,0.11,0.0
4397,株式会社チームスピリット,8867412400.0,0.0,0.0,0.0,0.0
3104,富士紡ホールディングス株式会社,64717800000.0,2923000000.0,0.0,0.05,0.0
8154,加賀電子株式会社,163142838712.0,12556000000.0,0.0,0.08,0.0
5287,株式会社イトーヨーギョー,2711680000.0,139045000.0,0.0,0.05,0.0
1928,積水ハウス株式会社,2071202209384.0,205632000000.0,0.0,0.1,0.0
6258,平田機工株式会社,21824106610.0,2738741000.0,0.0,0.13,0.0
3082,株式会社きちりホールディングス,10135517000.0,117412000.0,0.0,0.01,0.0
5929,三和ホールディングス株式会社,1057593000000.0,33426000000.0,0.0,0.03,0.0
8803,平和不動産株式会社,86346911112.0,37027000000.0,0.0,0.43,0.0
3967,株式会社エルテス,4316395680.0,417970000.0,0.0,0.1,0.0
3092,株式会社ＺＯＺＯ,458072888934.5,931000000.0,0.0,0.0,0.0
9401,株式会社ＴＢＳホールディングス,816694812000.0,756458000000.0,0.0,0.93,0.0
6814,古野電気株式会社,132362399100.0,4548000000.0,0.0,0.03,0.0
6497,株式会社ハマイ,8322460940.0,3639251000.0,0.0,0.44,0.0
7872,エステールホールディングス株式会社,6577466000.0,226000000.0,0.0,0.03,0.0
5202,日本板硝子株式会社,44121798000.0,1643000000.0,0.0,0.04,0.0
7932,株式会社ニッピ,30565620000.0,4789000000.0,0.0,0.16,0.0
8252,株式会社　丸井グループ,638500876020.0,46523000000.0,0.0,0.07,0.0
4777,株式会社ガーラ,6754000900.0,0.0,0.0,0.0,0.0
6264,株式会社マルマエ,20179938000.0,7000000.0,0.0,0.0,0.0
4259,株式会社エクサウィザーズ,37839652200.0,40000000.0,0.0,0.0,0.0
6562,株式会社ジーニー,27734630400.0,62328000.0,0.0,0.0,0.0
6292,株式会社カワタ,5270510000.0,479421000.0,0.0,0.09,0.0
1827,株式会社ナカノフドー建設,24838629840.0,4402000000.0,0.0,0.18,0.0
3153,八洲電機株式会社,38162064000.0,3353000000.0,0.0,0.09,0.0
4665,株式会社ダスキン,188592000000.0,69509000000.0,0.0,0.37,0.0
3148,株式会社クリエイトＳＤホールディングス,236540470680.0,182000000.0,0.0,0.0,0.0
6155,高松機械工業株式会社,5333680000.0,1116000000.0,0.0,0.21,0.0
3946,株式会社トーモク,58313115000.0,11012000000.0,0.0,0.19,0.0
4967,小林製薬株式会社,405860000000.0,24617000000.0,0.0,0.06,0.0
6092,株式会社エンバイオ・ホールディングス,5150376000.0,836741000.0,0.0,0.16,0.0
3632,グリーホールディングス株式会社,87178604500.0,9230000000.0,0.0,0.11,0.0
4107,伊勢化学工業株式会社,129405402000.0,0.0,0.0,0.0,0.0
3169,株式会社ミサワ,4495036800.0,0.0,0.0,0.0,0.0
5801,古河電気工業株式会社,537704571453.0,98794000000.0,0.0,0.18,0.0
3513,イチカワ株式会社,8891200290.0,5682000000.0,0.0,0.64,0.0
3417,大木ヘルスケアホールディングス株式会社,15634103100.0,11670000000.0,0.0,0.75,0.0
8061,西華産業株式会社,60183200000.0,16922000000.0,0.0,0.28,0.0
4563,アンジェス株式会社,17182653000.0,441804000.0,0.0,0.03,0.0
4725,株式会社ＣＡＣ　Ｈｏｌｄｉｎｇｓ,40980093000.0,21820000000.0,0.0,0.53,0.0
3446,株式会社ジェイテックコーポレーション,6432720000.0,30833000.0,0.0,0.0,0.0
2292,エスフーズ株式会社,81700044000.0,14433000000.0,0.0,0.18,0.0
2464,株式会社ＡｏｂａーＢＢＴ,5006699100.0,13487000.0,0.0,0.0,0.0
6993,大黒屋ホールディングス株式会社,10282745234.0,66199000.0,0.0,0.01,0.0
8766,東京海上ホールディングス株式会社,11486026000000.0,0.0,0.0,0.0,0.0
6493,株式会社ＮＩＴＴＡＮ,10954009080.0,7664081000.0,0.0,0.7,0.0
6333,株式会社帝国電機製作所,55282124450.0,1147726000.0,0.0,0.02,0.0
4750,株式会社ダイサン,4281316000.0,3203000.0,0.0,0.0,0.0
2433,株式会社博報堂ＤＹホールディングス,452473284914.0,126834000000.0,0.0,0.28,0.0
8066,三谷商事株式会社,207025000000.0,13627000000.0,0.0,0.07,0.0
5108,株式会社ブリヂストン,4316445504000.0,50646000000.0,0.0,0.01,0.0
6357,三精テクノロジーズ株式会社,30931291200.0,8058452000.0,0.0,0.26,0.0
7090,株式会社リグア,1596460800.0,0.0,0.0,0.0,0.0
4486,ユナイトアンドグロウ株式会社,2467854000.0,10000000.0,0.0,0.0,0.0
3198,ＳＦＰホールディングス株式会社,50349811623.0,0.0,0.0,0.0,0.0
7445,株式会社ライトオン,9185765000.0,0.0,0.0,0.0,0.0
4057,株式会社インターファクトリー,2004458400.0,0.0,0.0,0.0,0.0
1801,大成建設株式会社,1577063323920.0,428326000000.0,0.0,0.27,0.0
7745,株式会社Ａ＆Ｄホロンホールディングス,55021720000.0,315000000.0,0.0,0.01,0.0
3241,株式会社ウィル,5346724000.0,0.0,0.0,0.0,0.0
9241,株式会社フューチャーリンクネットワーク,1342395678.0,53018000.0,0.0,0.04,0.0
7875,竹田ｉＰホールディングス株式会社,8763438000.0,2872000000.0,0.0,0.33,0.0
7065,ユーピーアール株式会社,6036080000.0,120062000.0,0.0,0.02,0.0
2379,ディップ株式会社,143554180000.0,5110230000.0,0.0,0.04,0.0
8746,ＵＮＢＡＮＫＥＤ株式会社,3477981000.0,397344000.0,0.0,0.11,0.0
2750,石光商事株式会社,9056000000.0,1241387000.0,0.0,0.14,0.0
4680,株式会社ラウンドワン,441081397218.0,0.0,0.0,0.0,0.0
4463,日華化学株式会社,22739640000.0,1966000000.0,0.0,0.09,0.0
6526,株式会社ソシオネクスト,491364133067.5,0.0,0.0,0.0,0.0
3191,株式会社ジョイフル本田,133573286782.0,2740000000.0,0.0,0.02,0.0
3086,Ｊ．フロント　リテイリング株式会社,544784165814.0,2060000000.0,0.0,0.0,0.0
6262,株式会社ＰＥＧＡＳＵＳ,13854358800.0,513463000.0,0.0,0.04,0.0
7902,株式会社ソノコム,4420000000.0,2162939000.0,0.0,0.49,0.0
7976,三菱鉛筆株式会社,124221674720.0,26130000000.0,0.0,0.21,0.0
8025,株式会社ツカモトコーポレーション,5400554269.0,8066425000.0,0.0,1.49,0.0
3543,株式会社コメダホールディングス,138756232500.0,158000000.0,0.0,0.0,0.0
3763,株式会社プロシップ,46949417200.0,584581000.0,0.0,0.01,0.0
2359,株式会社コア,28675243140.0,1921175000.0,0.0,0.07,0.0
5139,オープンワーク株式会社,21791815600.0,0.0,0.0,0.0,0.0
1712,株式会社ダイセキ環境ソリューション,19502632080.0,728000000.0,0.0,0.04,0.0
1768,株式会社ソネック,6697500000.0,762206000.0,0.0,0.11,0.0
4588,オンコリスバイオファーマ株式会社,15625961600.0,0.0,0.0,0.0,0.0
7031,株式会社インバウンドテック,2083541900.0,0.0,0.0,0.0,0.0
3624,アクセルマーク株式会社,1213678200.0,37540000.0,0.0,0.03,0.0
1853,株式会社　森組,9872800000.0,623000000.0,0.0,0.06,0.0
8388,株式会社阿波銀行,123400000000.0,0.0,0.0,0.0,0.0
9720,株式会社ホテル、ニューグランド,7534780000.0,79675000.0,0.0,0.01,0.0
3653,株式会社モルフォ,6709353000.0,316231000.0,0.0,0.05,0.0
7368,表示灯株式会社,7675118370.0,84066000.0,0.0,0.01,0.0
6200,株式会社インソース,82344738000.0,169326000.0,0.0,0.0,0.0
4413,株式会社ボードルア,44447229288.0,2643000.0,0.0,0.0,0.0
7343,ブロードマインド株式会社,6393082176.0,0.0,0.0,0.0,0.0
3954,昭和パックス株式会社,9233750000.0,5806011000.0,0.0,0.63,0.0
5257,ノバシステム株式会社,4145790000.0,362099000.0,0.0,0.09,0.0
8410,株式会社セブン銀行,313931803995.8496,0.0,0.0,0.0,0.0
7353,ＫＩＹＯラーニング株式会社,4867303200.0,27758000.0,0.0,0.01,0.0
6387,サムコ　株式会社,23734541831.0,369068000.0,0.0,0.02,0.0
6973,協栄産業株式会社,12486760950.0,4534062000.0,0.0,0.36,0.0
3186,株式会社ネクステージ,153538620000.0,67000000.0,0.0,0.0,0.0
2212,山崎製パン株式会社,695873554740.0,76726000000.0,0.0,0.11,0.0
1850,南海辰村建設株式会社,9111860000.0,866000000.0,0.0,0.1,0.0
2053,中部飼料株式会社,50385489000.0,6943000000.0,0.0,0.14,0.0
9632,スバル興業株式会社,38958370000.0,262455000.0,0.0,0.01,0.0
6199,株式会社セラク,20874449700.0,3496000.0,0.0,0.0,0.0
9843,株式会社ニトリホールディングス,1517520756960.0,22986000000.0,0.0,0.02,0.0
8914,エリアリンク株式会社,61883383800.0,36591000.0,0.0,0.0,0.0
7442,中山福株式会社,8166456000.0,3582469000.0,0.0,0.44,0.0
3271,株式会社　ＴＨＥグローバル社,32976490000.0,660714000.0,0.0,0.02,0.0
1961,三機工業株式会社,231216689880.0,31383000000.0,0.0,0.14,0.0
2894,石井食品株式会社,5738304000.0,777918000.0,0.0,0.14,0.0
4382,ＨＥＲＯＺ株式会社,15331009888.0,359591000.0,0.0,0.02,0.0
7042,株式会社アクセスグループ・ホールディングス,894876200.0,20869000.0,0.0,0.02,0.0
7780,株式会社メニコン,88066125312.0,822000000.0,0.0,0.01,0.0
5985,サンコール株式会社,10455499000.0,5898000000.0,0.0,0.56,0.0
9759,株式会社ＮＳＤ,308138000000.0,1785000000.0,0.0,0.01,0.0
9218,株式会社メンタルヘルステクノロジーズ,6724374300.0,10026000.0,0.0,0.0,0.0
9823,株式会社マミーマート,60893912520.0,346000000.0,0.0,0.01,0.0
6932,株式会社遠藤照明,34590616000.0,93000000.0,0.0,0.0,0.0
4771,株式会社エフアンドエム,41753160800.0,910444000.0,0.0,0.02,0.0
4975,株式会社ＪＣＵ,89535375000.0,1402110000.0,0.0,0.02,0.0
6373,大同工業株式会社,12595372000.0,16715000000.0,0.0,1.33,0.0
9684,株式会社スクウェア・エニックス・ホールディングス,1240013720000.0,5553000000.0,0.0,0.0,0.0
7245,大同メタル工業株式会社,31648488498.0,8034000000.0,0.0,0.25,0.0
6730,株式会社アクセル,10763509440.0,2179000000.0,0.0,0.2,0.0
7278,株式会社エクセディ,207492110000.0,3427000000.0,0.0,0.02,0.0
3426,アトムリビンテック株式会社,6145185000.0,2542839000.0,0.0,0.41,0.0
7131,のむら産業株式会社,3003018850.0,140350000.0,0.0,0.05,0.0
7722,国際計測器株式会社,7625400000.0,712386000.0,0.0,0.09,0.0
9713,株式会社ロイヤルホテル,13543155000.0,197000000.0,0.0,0.01,0.0
4599,株式会社ステムリム,18887622400.0,0.0,0.0,0.0,0.0
6325,株式会社タカキタ,5404000000.0,829267000.0,0.0,0.15,0.0
4559,ゼリア新薬工業株式会社,110275438440.0,8865571000.0,0.0,0.08,0.0
7413,株式会社創健社,1775038000.0,125828000.0,0.0,0.07,0.0
3679,株式会社じげん,51493700000.0,181000000.0,0.0,0.0,0.0
4492,株式会社ゼネテック,5305898000.0,0.0,0.0,0.0,0.0
4890,株式会社坪田ラボ,9819851900.0,0.0,0.0,0.0,0.0
3964,株式会社オークネット,40586884800.0,2491497000.0,0.0,0.06,0.0
9364,株式会社上組,445700832000.0,96863000000.0,0.0,0.22,0.0
4507,塩野義製薬株式会社,2234311257742.5,60461000000.0,0.0,0.03,0.0
7524,マルシェ株式会社,1701529600.0,32523000.0,0.0,0.02,0.0
4893,ノイルイミューン・バイオテック株式会社,7577808875.0,0.0,0.0,0.0,0.0
9948,株式会社アークス,179000145000.0,10461000000.0,0.0,0.06,0.0
3937,株式会社Ｕｂｉｃｏｍホールディングス,12115170880.0,352449000.0,0.0,0.03,0.0
3167,株式会社ＴＯＫＡＩホールディングス,146802629000.0,16274000000.0,0.0,0.11,0.0
7806,株式会社ＭＴＧ,181668981840.0,3212000000.0,0.0,0.02,0.0
7175,今村証券株式会社,5889240000.0,2102043000.0,0.0,0.36,0.0
4914,高砂香料工業株式会社,146709450160.0,23204000000.0,0.0,0.16,0.0
9104,株式会社　商船三井,1727486129547.0,1779474000000.0,0.0,1.03,0.0
4494,バリオセキュア株式会社,3432927399.0,0.0,0.0,0.0,0.0
3190,株式会社ホットマン,4321647000.0,345563000.0,0.0,0.08,0.0
6675,サクサ株式会社,25698018630.0,2933000000.0,0.0,0.11,0.0
1377,株式会社　サカタのタネ,159063066250.0,19720000000.0,0.0,0.12,0.0
3993,株式会社ＰＫＳＨＡ　Ｔｅｃｈｎｏｌｏｇｙ,109262160000.0,2435733000.0,0.0,0.02,0.0
7952,株式会社河合楽器製作所,23383545000.0,7232000000.0,0.0,0.31,0.0
4811,株式会社ドリーム・アーツ,15306115000.0,0.0,0.0,0.0,0.0
9250,株式会社ＧＲＣＳ,1798309390.0,0.0,0.0,0.0,0.0
6904,原田工業株式会社,9486488000.0,244473000.0,0.0,0.03,0.0
8076,株式会社カノークス,19519074000.0,12038450000.0,0.0,0.62,0.0
7337,株式会社ひろぎんホールディングス,383498550000.0,0.0,0.0,0.0,0.0
8273,株式会社イズミ,217432216800.0,10540000000.0,0.0,0.05,0.0
1870,矢作建設工業株式会社,85377798000.0,5662000000.0,0.0,0.07,0.0
2139,株式会社中広,3240240000.0,171201000.0,0.0,0.05,0.0
6866,日置電機株式会社,75871814650.0,741604000.0,0.0,0.01,0.0
2910,株式会社ロック・フィールド,40610608000.0,486000000.0,0.0,0.01,0.0
4684,株式会社オービック,2785314000000.0,221988000000.0,0.0,0.08,0.0
7127,株式会社一家ホールディングス,4773181200.0,188799000.0,0.0,0.04,0.0
9048,名古屋鉄道株式会社,321015529344.0,147074000000.0,0.0,0.46,0.0
3079,ディーブイエックス株式会社,9896040000.0,95230000.0,0.0,0.01,0.0
7809,株式会社壽屋,13258179000.0,0.0,0.0,0.0,0.0
6135,株式会社　牧野フライス製作所,284536602630.0,25226000000.0,0.0,0.09,0.0
4979,ＯＡＴアグリオ株式会社,26085632000.0,484000000.0,0.0,0.02,0.0
2393,株式会社日本ケアサプライ,34099155300.0,459756000.0,0.0,0.01,0.0
1866,北野建設株式会社,25312320000.0,10954000000.0,0.0,0.43,0.0
2743,ピクセルカンパニーズ株式会社,10094991400.0,0.0,0.0,0.0,0.0
2158,株式会社ＦＲＯＮＴＥＯ,21842580000.0,966614000.0,0.0,0.04,0.0
9476,株式会社中央経済社ホールディングス,2586296832.0,319348000.0,0.0,0.12,0.0
2311,株式会社エプコ,6782048000.0,291390000.0,0.0,0.04,0.0
6701,日本電気株式会社,1106952450000.0,103414000000.0,0.0,0.09,0.0
9386,日本コンセプト株式会社,42298925000.0,4519000.0,0.0,0.0,0.0
4045,東亞合成株式会社,162663500000.0,34023000000.0,0.0,0.21,0.0
5702,株式会社大紀アルミニウム工業所,43891010410.0,5519000000.0,0.0,0.13,0.0
7318,セレンディップ・ホールディングス株式会社,15703261325.0,2421890000.0,0.0,0.15,0.0
5261,リソルホールディングス株式会社,28933840000.0,0.0,0.0,0.0,0.0
2749,株式会社ＪＰホールディングス,47175127800.0,546995000.0,0.0,0.01,0.0
3850,株式会社エヌ・ティ・ティ・データ・イントラマート,17838000000.0,335094000.0,0.0,0.02,0.0
1807,株式会社佐藤渡辺,10654463800.0,3895195000.0,0.0,0.37,0.0
2288,丸大食品株式会社,47895584867.0,16222000000.0,0.0,0.34,0.0
3776,株式会社ブロードバンドタワー,9249825000.0,2431614000.0,0.0,0.26,0.0
2175,株式会社エス・エム・エス,124556376000.0,2875000000.0,0.0,0.02,0.0
6548,株式会社旅工房,3207567600.0,0.0,0.0,0.0,0.0
7254,株式会社ユニバンス,11721790287.0,4524190000.0,0.0,0.39,0.0
9007,小田急電鉄株式会社,592543176000.0,85605000000.0,0.0,0.14,0.0
3665,株式会社エニグモ,12195612000.0,3551874000.0,0.0,0.29,0.0
3447,信和株式会社,10704177000.0,52094000.0,0.0,0.0,0.0
8041,ＯＵＧホールディングス株式会社,20079874120.0,7108000000.0,0.0,0.35,0.0
8037,カメイ株式会社,82972365000.0,21859000000.0,0.0,0.26,0.0
6503,三菱電機株式会社,6586847517000.0,156296000000.0,0.0,0.02,0.0
4516,日本新薬株式会社,219816893436.0,36526000000.0,0.0,0.17,0.0
3815,株式会社メディア工房,6655700000.0,0.0,0.0,0.0,0.0
2340,株式会社　極楽湯ホールディングス,15110422600.0,248499000.0,0.0,0.02,0.0
3865,北越コーポレーション株式会社,186924682000.0,30608000000.0,0.0,0.16,0.0
9045,京阪ホールディングス株式会社,342036004000.0,56000000000.0,0.0,0.16,0.0
2211,株式会社不二家,63763832000.0,6858000000.0,0.0,0.11,0.0
8074,ユアサ商事株式会社,101549500000.0,13082000000.0,0.0,0.13,0.0
4881,株式会社ファンペップ,3532559200.0,29970000.0,0.0,0.01,0.0
3766,システムズ・デザイン株式会社,4025000000.0,171164000.0,0.0,0.04,0.0
2461,株式会社ファンコミュニケーションズ,35618604816.0,1140546000.0,0.0,0.03,0.0
7575,日本ライフライン株式会社,109697584000.0,7374000000.0,0.0,0.07,0.0
3497,株式会社ＬｅＴｅｃｈ,7272609034.0,0.0,0.0,0.0,0.0
6091,株式会社ウエスコホールディングス,10632296000.0,2197692000.0,0.0,0.21,0.0
2268,Ｂ－Ｒ　サーティワン　アイスクリーム株式会社,40844686190.0,105045000.0,0.0,0.0,0.0
3692,株式会社ＦＦＲＩセキュリティ,47092500000.0,372284000.0,0.0,0.01,0.0
3944,古林紙工株式会社,3580292300.0,4658476000.0,0.0,1.3,0.0
9416,株式会社ビジョン,54707870000.0,115026000.0,0.0,0.0,0.0
9882,株式会社イエローハット,74917925306.0,11341000000.0,0.0,0.15,0.0
3138,株式会社富士山マガジンサービス,3013898580.0,38294000.0,0.0,0.01,0.0
5304,ＳＥＣカーボン株式会社,43582280040.0,17724000000.0,0.0,0.41,0.0
1968,太平電業株式会社,126230260000.0,17635000000.0,0.0,0.14,0.0
2454,株式会社オールアバウト,5260642800.0,558510000.0,0.0,0.11,0.0
3420,株式会社ケー・エフ・シー,12136892250.0,4208372000.0,0.0,0.35,0.0
8002,丸紅株式会社,4873494351000.0,159662000000.0,0.0,0.03,0.0
4450,株式会社パワーソリューションズ,4016762720.0,387745000.0,0.0,0.1,0.0
7494,株式会社コナカ,8618687560.0,4144000000.0,0.0,0.48,0.0
1965,株式会社テクノ菱和,77906760000.0,10231000000.0,0.0,0.13,0.0
4926,株式会社シーボン,4889130400.0,317142000.0,0.0,0.06,0.0
2425,株式会社ケアサービス,3435600000.0,0.0,0.0,0.0,0.0
6513,株式会社オリジン,7001485370.0,7711534000.0,0.0,1.1,0.0
5408,株式会社中山製鋼所,39613612000.0,3193000000.0,0.0,0.08,0.0
6930,日本アンテナ株式会社,11268400000.0,545000000.0,0.0,0.05,0.0
4028,石原産業株式会社,86742684000.0,11488000000.0,0.0,0.13,0.0
5820,株式会社三ッ星,2773974450.0,466748000.0,0.0,0.17,0.0
3397,株式会社トリドールホールディングス,378501594560.0,161000000.0,0.0,0.0,0.0
6962,株式会社大真空,18094190003.0,2759028000.0,0.0,0.15,0.0
3001,片倉工業株式会社,90220830000.0,32887000000.0,0.0,0.36,0.0
8344,株式会社山形銀行,49064968000.0,0.0,0.0,0.0,0.0
6920,レーザーテック株式会社,1630211856000.0,1320000000.0,0.0,0.0,0.0
6033,株式会社エクストリーム,6862564296.0,1499078000.0,0.0,0.22,0.0
2226,株式会社湖池屋,51429400000.0,296000000.0,0.0,0.01,0.0
4736,日本ラッド株式会社,3989475000.0,483427000.0,0.0,0.12,0.0
8995,株式会社誠建設工業,1277620000.0,474568000.0,0.0,0.37,0.0
9766,コナミグループ株式会社,2922377500000.0,723000000.0,0.0,0.0,0.0
7760,ＩＭＶ株式会社,27572108016.0,169681000.0,0.0,0.01,0.0
4931,新日本製薬株式会社,50048408000.0,324000000.0,0.0,0.01,0.0
9413,株式会社テレビ東京ホールディングス,101214930000.0,20661000000.0,0.0,0.2,0.0
5939,株式会社大谷工業,4243200000.0,137865000.0,0.0,0.03,0.0
8940,株式会社インテリックス,7753062800.0,921438000.0,0.0,0.12,0.0
1407,株式会社ウエストホールディングス,68396847168.0,1742000000.0,0.0,0.03,0.0
8707,岩井コスモホールディングス株式会社,57852756000.0,13871000000.0,0.0,0.24,0.0
2493,イーサポートリンク株式会社,3982320000.0,454043000.0,0.0,0.11,0.0
7731,株式会社ニコン,470856639000.0,67291000000.0,0.0,0.14,0.0
5074,テスホールディングス株式会社,28681516780.0,381000000.0,0.0,0.01,0.0
3538,株式会社ウイルプラスホールディングス,10208599100.0,0.0,0.0,0.0,0.0
5928,アルメタックス株式会社,3430656000.0,1631631000.0,0.0,0.48,0.0
4017,株式会社クリーマ,1718725500.0,0.0,0.0,0.0,0.0
4351,株式会社山田再生系債権回収総合事務所,3597924000.0,370028000.0,0.0,0.1,0.0
2788,アップルインターナショナル株式会社,4754460200.0,1267002000.0,0.0,0.27,0.0
7709,クボテック株式会社,2738340000.0,0.0,0.0,0.0,0.0
5243,ｎｏｔｅ株式会社,20453974500.0,0.0,0.0,0.0,0.0
2201,森永製菓株式会社,208851616974.0,10251000000.0,0.0,0.05,0.0
4626,太陽ホールディングス株式会社,378818087450.0,4870000000.0,0.0,0.01,0.0
8515,アイフル株式会社,211778999432.0,8247000000.0,0.0,0.04,0.0
6073,株式会社アサンテ,20004570000.0,20534000.0,0.0,0.0,0.0
9227,マイクロ波化学株式会社,8259256700.0,0.0,0.0,0.0,0.0
5817,ＪＭＡＣＳ株式会社,2675442000.0,213933000.0,0.0,0.08,0.0
6249,株式会社ゲームカード・ジョイコホールディングス,36409872000.0,7434000000.0,0.0,0.2,0.0
1833,株式会社奥村組,168772725000.0,60397000000.0,0.0,0.36,0.0
4583,株式会社カイオム・バイオサイエンス,9978381000.0,0.0,0.0,0.0,0.0
8129,東邦ホールディングス株式会社,355198181888.0,64095000000.0,0.0,0.18,0.0
3252,地主株式会社,49157346300.0,3199000000.0,0.0,0.07,0.0
7421,カッパ・クリエイト株式会社,73874794110.0,861000000.0,0.0,0.01,0.0
4685,株式会社菱友システムズ,43616161440.0,2077000000.0,0.0,0.05,0.0
9846,株式会社天満屋ストア,10972500000.0,1263736000.0,0.0,0.12,0.0
2204,株式会社中村屋,18585997550.0,6529882000.0,0.0,0.35,0.0
3139,株式会社ラクト・ジャパン,40036292000.0,1327000000.0,0.0,0.03,0.0
9031,西日本鉄道株式会社,161299200000.0,64666000000.0,0.0,0.4,0.0
4015,ペイクラウドホールディングス株式会社,12181378700.0,32682000.0,0.0,0.0,0.0
5941,株式会社　中西製作所,15266826000.0,3448020000.0,0.0,0.23,0.0
7520,株式会社エコス,29052398998.0,527000000.0,0.0,0.02,0.0
8370,株式会社紀陽銀行,178816100000.0,0.0,0.0,0.0,0.0
3779,ジェイ・エスコムホールディングス株式会社,2324967000.0,0.0,0.0,0.0,0.0
6254,野村マイクロ・サイエンス株式会社,95672448000.0,846167000.0,0.0,0.01,0.0
4234,株式会社サンエー化研,6361840000.0,5601274000.0,0.0,0.88,0.0
3708,特種東海製紙株式会社,50115000000.0,14006000000.0,0.0,0.28,0.0
4887,サワイグループホールディングス株式会社,258139381500.0,518000000.0,0.0,0.0,0.0
1757,株式会社創建エース,4074776340.0,0.0,0.0,0.0,0.0
7810,株式会社クロスフォー,2902215000.0,0.0,0.0,0.0,0.0
7614,株式会社オーエムツーネットワーク,10996115366.0,2335369000.0,0.0,0.21,0.0
7734,理研計器株式会社,147408030000.0,7119804000.0,0.0,0.05,0.0
1966,株式会社　高田工業所,11199018000.0,410662000.0,0.0,0.04,0.0
7831,株式会社ウイルコホールディングス,3032048400.0,947000000.0,0.0,0.31,0.0
2153,Ｅ・Ｊホールディングス株式会社,26514139080.0,3161000000.0,0.0,0.12,0.0
7871,フクビ化学工業株式会社,16715904000.0,5845000000.0,0.0,0.35,0.0
2999,ホームポジション株式会社,3344872890.0,0.0,0.0,0.0,0.0
4923,コタ株式会社,47195372079.0,191837000.0,0.0,0.0,0.0
7958,天馬株式会社,79657502820.0,4294204000.0,0.0,0.05,0.0
6210,ＴＯＹＯイノベックス株式会社,12753048000.0,976000000.0,0.0,0.08,0.0
2330,株式会社フォーサイド,7383221976.0,176469000.0,0.0,0.02,0.0
9994,株式会社やまや,26716161000.0,910000000.0,0.0,0.03,0.0
2579,コカ・コーラボトラーズジャパンホールディングス株式会社,424084466000.0,0.0,0.0,0.0,0.0
9408,株式会社ＢＳＮメディアホールディングス,13572000000.0,6304074000.0,0.0,0.46,0.0
8604,野村ホールディングス株式会社,2958247684064.575,103586000000.0,0.0,0.04,0.0
3387,株式会社クリエイト・レストランツ・ホールディングス,323690525964.0,0.0,0.0,0.0,0.0
4577,ダイト株式会社,18084096000.0,3188000000.0,0.0,0.18,0.0
2830,アヲハタ株式会社,29022000000.0,198468000.0,0.0,0.01,0.0
9143,ＳＧホールディングス株式会社,1048324978000.0,28009000000.0,0.0,0.03,0.0
7795,株式会社ＫＹＯＲＩＴＳＵ,9059240000.0,3342501000.0,0.0,0.37,0.0
1491,中外鉱業株式会社,17674567000.0,110071000.0,0.0,0.01,0.0
2438,株式会社アスカネット,7125312000.0,571582000.0,0.0,0.08,0.0
8368,株式会社　百五銀行,188302179000.0,0.0,0.0,0.0,0.0
3495,香陵住販株式会社,7595455000.0,200572000.0,0.0,0.03,0.0
8039,築地魚市場株式会社,7727790000.0,2291000000.0,0.0,0.3,0.0
6568,神戸天然物化学株式会社,8464531200.0,232610000.0,0.0,0.03,0.0
6231,木村工機株式会社,38374530000.0,67400000.0,0.0,0.0,0.0
9450,株式会社ファイバーゲート,14065428800.0,11000000.0,0.0,0.0,0.0
4116,大日精化工業株式会社,59773263000.0,18514000000.0,0.0,0.31,0.0
6454,マックス株式会社,227568013140.0,20448000000.0,0.0,0.09,0.0
7079,ＷＤＢココ株式会社,7027410000.0,0.0,0.0,0.0,0.0
5858,株式会社ＳＴＧ,1491091800.0,66306000.0,0.0,0.04,0.0
3991,ウォンテッドリー株式会社,12422860800.0,0.0,0.0,0.0,0.0
9107,川崎汽船株式会社,1311580944000.0,1230101000000.0,0.0,0.94,0.0
6335,株式会社東京機械製作所,3378092040.0,255778000.0,0.0,0.08,0.0
8395,株式会社佐賀銀行,43421340000.0,0.0,0.0,0.0,0.0
6371,株式会社椿本チエイン,198936949000.0,39876000000.0,0.0,0.2,0.0
5484,東北特殊鋼株式会社,15024500000.0,6389909000.0,0.0,0.43,0.0
6217,津田駒工業株式会社,2403066915.0,349000000.0,0.0,0.15,0.0
4288,株式会社アズジェント,2083390764.0,29518000.0,0.0,0.01,0.0
5870,株式会社ナルネットコミュニケーションズ,3700477400.0,13949000.0,0.0,0.0,0.0
6743,大同信号株式会社,9099090000.0,5950234000.0,0.0,0.65,0.0
8105,堀田丸正株式会社,3220578792.0,51318000.0,0.0,0.02,0.0
4751,株式会社サイバーエージェント,800024152000.0,43467000000.0,0.0,0.05,0.0
2491,バリューコマース株式会社,27369974000.0,727000000.0,0.0,0.03,0.0
7157,ライフネット生命保険株式会社,167945648940.0,0.0,0.0,0.0,0.0
7399,株式会社ナンシン,4116072000.0,344932000.0,0.0,0.08,0.0
3266,株式会社ファンドクリエーショングループ,3165655164.0,222000000.0,0.0,0.07,0.0
5025,株式会社マーキュリー,1843968000.0,11200000.0,0.0,0.01,0.0
3294,株式会社イーグランド,9594166400.0,0.0,0.0,0.0,0.0
9311,アサガミ株式会社,8309480000.0,2894090000.0,0.0,0.35,0.0
1848,株式会社富士ピー・エス,9319724244.0,159000000.0,0.0,0.02,0.0
9635,武蔵野興業株式会社,2230200000.0,447628000.0,0.0,0.2,0.0
9434,ソフトバンク株式会社,10414600413121.969,38243000000.0,0.0,0.0,0.0
3103,ユニチカ株式会社,9933344000.0,2974000000.0,0.0,0.3,0.0
9418,株式会社Ｕ－ＮＥＸＴ　ＨＯＬＤＩＮＧＳ,123376727772.0,1128000000.0,0.0,0.01,0.0
4261,アジアクエスト株式会社,3779784000.0,0.0,0.0,0.0,0.0
7012,川崎重工業株式会社,1691804075000.0,13995000000.0,0.0,0.01,0.0
9475,株式会社昭文社ホールディングス,7507585449.0,2885006000.0,0.0,0.38,0.0
4043,株式会社トクヤマ,224986648000.0,36050000000.0,0.0,0.16,0.0
7296,株式会社エフ・シー・シー,154868176750.0,4633000000.0,0.0,0.03,0.0
4996,クミアイ化学工業株式会社,106547689600.0,38691000000.0,0.0,0.36,0.0
6771,池上通信機株式会社,4495305282.0,403000000.0,0.0,0.09,0.0
7601,株式会社ポプラ,2168959248.0,61412000.0,0.0,0.03,0.0
7600,株式会社　日本エム・ディ・エム,14455830480.0,0.0,0.0,0.0,0.0
7376,ＢＣＣ株式会社,1989777980.0,32333000.0,0.0,0.02,0.0
8247,株式会社大和,2329164000.0,3444715000.0,0.0,1.48,0.0
8159,株式会社立花エレテック,69619550000.0,25794000000.0,0.0,0.37,0.0
1786,オリエンタル白石株式会社,52053525000.0,3955000000.0,0.0,0.08,0.0
7434,株式会社オータケ,7609272000.0,3130097000.0,0.0,0.41,0.0
2055,日和産業株式会社,6603371525.0,950000000.0,0.0,0.14,0.0
2374,セントケア・ホールディング株式会社,18727421517.0,149288000.0,0.0,0.01,0.0
4885,室町ケミカル株式会社,3010192500.0,277433000.0,0.0,0.09,0.0
4378,株式会社ＣＩＮＣ,1997237760.0,0.0,0.0,0.0,0.0
4075,ブレインズテクノロジー株式会社,4428627000.0,0.0,0.0,0.0,0.0
5189,櫻護謨株式会社,3908344000.0,559125000.0,0.0,0.14,0.0
4245,株式会社ダイキアクシス,9310700100.0,1347000000.0,0.0,0.14,0.0
5201,ＡＧＣ株式会社,926703708000.0,25974000000.0,0.0,0.03,0.0
6430,ダイコク電機株式会社,31488509696.0,296151000.0,0.0,0.01,0.0
8360,株式会社　山梨中央銀行,88907496000.0,0.0,0.0,0.0,0.0
2693,ＹＫＴ株式会社,2821930560.0,353010000.0,0.0,0.13,0.0
2883,株式会社大冷,11812317800.0,26685000.0,0.0,0.0,0.0
9876,株式会社コックス,5736182796.0,2890321000.0,0.0,0.5,0.0
4499,株式会社Ｓｐｅｅｅ,30426885000.0,202574000.0,0.0,0.01,0.0
8001,伊藤忠商事株式会社,12038816844000.0,279879000000.0,0.0,0.02,0.0
4733,株式会社オービックビジネスコンサルタント,638596476000.0,31369252000.0,0.0,0.05,0.0
3542,株式会社ベガコーポレーション,23192249400.0,93663000.0,0.0,0.0,0.0
2930,株式会社北の達人コーポレーション,20032224000.0,0.0,0.0,0.0,0.0
7938,株式会社リーガルコーポレーション,7819500000.0,3815000000.0,0.0,0.49,0.0
3723,日本ファルコム株式会社,11883680000.0,0.0,0.0,0.0,0.0
2180,株式会社サニーサイドアップグループ,8282692000.0,304822000.0,0.0,0.04,0.0
3360,シップヘルスケアホールディングス株式会社,208574774100.0,29381000000.0,0.0,0.14,0.0
7578,株式会社ニチリョク,2003750625.0,0.0,0.0,0.0,0.0
7326,ＳＢＩインシュアランスグループ株式会社,35096229420.0,7000000.0,0.0,0.0,0.0
4196,株式会社ネオマーケティング,3410979200.0,0.0,0.0,0.0,0.0
7226,極東開発工業株式会社,102382500000.0,15379000000.0,0.0,0.15,0.0
4167,株式会社ココペリ,3799790400.0,0.0,0.0,0.0,0.0
6034,ＭＲＴ株式会社,4031613000.0,1873033000.0,0.0,0.46,0.0
3467,アグレ都市デザイン株式会社,10932600000.0,0.0,0.0,0.0,0.0
2871,株式会社ニチレイ,233420666973.0,45036000000.0,0.0,0.19,0.0
9508,九州電力株式会社,601028220000.0,2120615000000.0,0.0,3.53,0.0
3800,株式会社ユニリタ,15144000000.0,2852585000.0,0.0,0.19,0.0
9074,日本石油輸送株式会社,10397860000.0,7309000000.0,0.0,0.7,0.0
6490,株式会社ＰＩＬＬＡＲ,95284810000.0,6262000000.0,0.0,0.07,0.0
8367,株式会社南都銀行,149768375000.0,0.0,0.0,0.0,0.0
4425,Ｋｕｄａｎ株式会社,12310044297.0,500000000.0,0.0,0.04,0.0
5480,日本冶金工業株式会社,62607880000.0,6052000000.0,0.0,0.1,0.0
7966,リンテック株式会社,215579312000.0,2109000000.0,0.0,0.01,0.0
8084,株式会社ＲＹＯＤＥＮ,61637424000.0,6850000000.0,0.0,0.11,0.0
4572,カルナバイオサイエンス株式会社,5636712500.0,0.0,0.0,0.0,0.0
9539,京葉瓦斯株式会社,12028500000.0,31078000000.0,0.0,2.58,0.0
5027,ＡｎｙＭｉｎｄ　Ｇｒｏｕｐ株式会社,32920442500.0,0.0,0.0,0.0,0.0
6877,ＯＢＡＲＡ　ＧＲＯＵＰ株式会社,77634093600.0,1442000000.0,0.0,0.02,0.0
5955,株式会社ワイズホールディングス,12206935000.0,261983000.0,0.0,0.02,0.0
3246,株式会社コーセーアールイー,6604416000.0,0.0,0.0,0.0,0.0
6294,オカダアイヨン株式会社,15725506000.0,523395000.0,0.0,0.03,0.0
9651,日本プロセス株式会社,15541729200.0,2644430000.0,0.0,0.17,0.0
4177,株式会社ｉ－ｐｌｕｇ,5353450984.0,15393000.0,0.0,0.0,0.0
6081,アライドアーキテクツ株式会社,3163118604.0,546347000.0,0.0,0.17,0.0
6418,日本金銭機械株式会社,27743928685.0,950992000.0,0.0,0.03,0.0
8119,株式会社三栄コーポレーション,8383874664.0,4370475000.0,0.0,0.52,0.0
6209,リケンＮＰＲ株式会社,69376866960.0,37109000000.0,0.0,0.53,0.0
8708,アイザワ証券グループ株式会社,52528725000.0,25208000000.0,0.0,0.48,0.0
6201,株式会社豊田自動織機,5293281196800.0,730709000000.0,0.0,0.14,0.0
1811,株式会社錢高組,31287015000.0,68058000000.0,0.0,2.18,0.0
3375,株式会社ＺＯＡ,2275510000.0,144519000.0,0.0,0.06,0.0
2282,日本ハム株式会社,484277265000.0,18950000000.0,0.0,0.04,0.0
7643,株式会社ダイイチ,21012781680.0,66442000.0,0.0,0.0,0.0
7726,黒田精工株式会社,5382457894.0,2367790000.0,0.0,0.44,0.0
6518,三相電機株式会社,3972876000.0,974133000.0,0.0,0.25,0.0
1802,株式会社大林組,1599585453000.0,311557000000.0,0.0,0.19,0.0
6524,湖北工業株式会社,70983000000.0,856000000.0,0.0,0.01,0.0
4255,ＴＨＥＣＯＯ株式会社,1681815640.0,0.0,0.0,0.0,0.0
4258,株式会社網屋,12684336000.0,277623000.0,0.0,0.02,0.0
8511,日本証券金融株式会社,158576000000.0,544475000000.0,0.0,3.43,0.0
5133,株式会社テリロジーホールディングス,6468238476.0,427625000.0,0.0,0.07,0.0
2970,株式会社グッドライフカンパニー,12979356000.0,0.0,0.0,0.0,0.0
6061,株式会社ユニバーサル園芸社,27336000000.0,1201586000.0,0.0,0.04,0.0
2875,東洋水産株式会社,1060909828992.0,35123000000.0,0.0,0.03,0.0
3633,ＧＭＯペパボ株式会社,8476485000.0,664520000.0,0.0,0.08,0.0
9890,株式会社マキヤ,11646700000.0,1420989000.0,0.0,0.12,0.0
7827,株式会社オービス,2611779712.0,188658000.0,0.0,0.07,0.0
3440,日創グループ株式会社,7038000000.0,196210000.0,0.0,0.03,0.0
4182,三菱瓦斯化学株式会社,535777266000.0,233519000000.0,0.0,0.44,0.0
5242,株式会社アイズ,1609436100.0,0.0,0.0,0.0,0.0
7725,株式会社インターアクション,15101382400.0,130489000.0,0.0,0.01,0.0
1420,サンヨーホームズ株式会社,8594220000.0,30140000.0,0.0,0.0,0.0
9268,株式会社オプティマスグループ,28587240240.0,286000000.0,0.0,0.01,0.0
9006,京浜急行電鉄株式会社,426601566209.0,114136000000.0,0.0,0.27,0.0
3107,ダイワボウホールディングス株式会社,258571326000.0,10409000000.0,0.0,0.04,0.0
6036,ＫｅｅＰｅｒ技研株式会社,90498688000.0,22237000.0,0.0,0.0,0.0
4262,ニフティライフスタイル株式会社,7738547625.0,18550000.0,0.0,0.0,0.0
6323,ローツェ株式会社,333484200000.0,1446000000.0,0.0,0.0,0.0
2819,エバラ食品工業株式会社,24997229658.0,2224000000.0,0.0,0.09,0.0
7777,株式会社スリー・ディー・マトリックス,16736345345.0,8405000.0,0.0,0.0,0.0
7102,日本車輌製造株式会社,30406600000.0,17511000000.0,0.0,0.58,0.0
1795,株式会社マサル,3667684570.0,121047000.0,0.0,0.03,0.0
6923,スタンレー電気株式会社,436240000000.0,77828000000.0,0.0,0.18,0.0
3655,株式会社ブレインパッド,28388658708.0,443171000.0,0.0,0.02,0.0
3968,セグエグループ株式会社,16345163172.0,235409000.0,0.0,0.01,0.0
2602,日清オイリオグループ株式会社,168074260000.0,33725000000.0,0.0,0.2,0.0
6823,リオン株式会社,32679918300.0,1188399000.0,0.0,0.04,0.0
9983,株式会社ファーストリテイリング,14167197495360.0,143000000.0,0.0,0.0,0.0
3656,ＫＬａｂ株式会社,5771773700.0,2031273000.0,0.0,0.35,0.0
1930,北陸電気工事株式会社,35985563000.0,1366000000.0,0.0,0.04,0.0
3110,日東紡績株式会社,250857950000.0,21020000000.0,0.0,0.08,0.0
6194,株式会社アトラエ,18011308609.0,1072294000.0,0.0,0.06,0.0
8628,松井証券株式会社,183040879612.0,7698000000.0,0.0,0.04,0.0
7561,株式会社ハークスレイ,11715750000.0,3244000000.0,0.0,0.28,0.0
6647,森尾電機株式会社,2671875000.0,1279784000.0,0.0,0.48,0.0
7356,Ｒｅｔｔｙ株式会社,3011895548.0,0.0,0.0,0.0,0.0
7953,菊水化学工業株式会社,4842740520.0,1750100000.0,0.0,0.36,0.0
9895,株式会社コンセック,2357960000.0,1460645000.0,0.0,0.62,0.0
5951,ダイニチ工業株式会社,13779358401.0,2896987000.0,0.0,0.21,0.0
7864,株式会社フジシールインターナショナル,166107160516.0,3530000000.0,0.0,0.02,0.0
5911,株式会社横河ブリッジホールディングス,113219172000.0,10468000000.0,0.0,0.09,0.0
2683,株式会社魚喜,2681092944.0,175258000.0,0.0,0.07,0.0
4776,サイボウズ株式会社,207338154000.0,2261000000.0,0.0,0.01,0.0
4629,大伸化学株式会社,7062496000.0,543913000.0,0.0,0.08,0.0
9212,Ｇｒｅｅｎ　Ｅａｒｔｈ　Ｉｎｓｔｉｔｕｔｅ株式会社,4459905500.0,0.0,0.0,0.0,0.0
3182,オイシックス・ラ・大地株式会社,63735082192.0,3841000000.0,0.0,0.06,0.0
7822,永大産業株式会社,11040788000.0,5957000000.0,0.0,0.54,0.0
7322,株式会社三十三フィナンシャルグループ,86481935000.0,85000000.0,0.0,0.0,0.0
7187,ジェイリース株式会社,25190704000.0,128680000.0,0.0,0.01,0.0
5842,インテグラル株式会社,116816500000.0,0.0,0.0,0.0,0.0
7057,株式会社エヌ・シー・エヌ,3081061500.0,573312000.0,0.0,0.19,0.0
3834,株式会社朝日ネット,21888000000.0,401000000.0,0.0,0.02,0.0
1899,株式会社福田組,45119760000.0,6609000000.0,0.0,0.15,0.0
4376,株式会社くふうカンパニーホールディングス,10959429885.0,10000000.0,0.0,0.0,0.0
9656,グリーンランドリゾート株式会社,6383482000.0,341241000.0,0.0,0.05,0.0
1780,株式会社　ヤマウラ,27286179000.0,2035130000.0,0.0,0.07,0.0
3945,スーパーバッグ株式会社,4257538850.0,1483000000.0,0.0,0.35,0.0
3840,パス株式会社,8144850996.0,0.0,0.0,0.0,0.0
5542,新報国マテリアル株式会社,2867670000.0,75398000.0,0.0,0.03,0.0
7636,株式会社ハンズマン,11549800800.0,71000000.0,0.0,0.01,0.0
2767,円谷フィールズホールディングス株式会社,138317223100.0,7831000000.0,0.0,0.06,0.0
2670,株式会社エービーシー・マート,720694919049.0,18252000000.0,0.0,0.03,0.0
7417,株式会社南陽,17953299980.0,3052000000.0,0.0,0.17,0.0
1813,株式会社不動テトラ,36888130000.0,3133000000.0,0.0,0.08,0.0
9005,東急株式会社,1043218795500.0,272657000000.0,0.0,0.26,0.0
6368,オルガノ株式会社,434383830000.0,2373000000.0,0.0,0.01,0.0
4286,株式会社ＣＬホールディングス,8884050139.0,29988000.0,0.0,0.0,0.0
7476,アズワン株式会社,193838548470.0,14573000000.0,0.0,0.08,0.0
6694,株式会社ズーム,3060152784.0,1390000.0,0.0,0.0,0.0
6721,ウインテスト株式会社,7029219600.0,0.0,0.0,0.0,0.0
3547,株式会社串カツ田中ホールディングス,16735197000.0,0.0,0.0,0.0,0.0
4345,株式会社シーティーエス,34482000000.0,6206000000.0,0.0,0.18,0.0
5570,株式会社ジェノバ,9608080000.0,100443000.0,0.0,0.01,0.0
3113,株式会社ＵＮＩＶＡ・Ｏａｋホールディングス,6615432000.0,181092000.0,0.0,0.03,0.0
4705,株式会社クリップコーポレーション,3674160000.0,1072558000.0,0.0,0.29,0.0
6560,株式会社エル・ティー・エス,10316085625.0,560000000.0,0.0,0.05,0.0
9603,株式会社エイチ・アイ・エス,108690733896.0,3302000000.0,0.0,0.03,0.0
3075,株式会社銚子丸,22285130000.0,20000000.0,0.0,0.0,0.0
2991,株式会社ランドネット,7081086000.0,0.0,0.0,0.0,0.0
2370,株式会社メディネット,10051581628.0,101522000.0,0.0,0.01,0.0
4308,株式会社Ｊストリーム,10493467600.0,8698000.0,0.0,0.0,0.0
4228,積水化成品工業株式会社,16163872000.0,12579000000.0,0.0,0.78,0.0
2342,株式会社トランスジェニックグループ,2991848816.0,107693000.0,0.0,0.04,0.0
5192,三ツ星ベルト株式会社,106997760000.0,16189000000.0,0.0,0.15,0.0
8173,上新電機株式会社,67704000000.0,6032000000.0,0.0,0.09,0.0
9063,岡山県貨物運送株式会社,7810000000.0,3786679000.0,0.0,0.48,0.0
3940,株式会社ノムラシステムコーポレーション,6210036000.0,0.0,0.0,0.0,0.0
7283,愛三工業株式会社,109614932791.0,6443000000.0,0.0,0.06,0.0
9849,株式会社共同紙販ホールディングス,3414075000.0,582456000.0,0.0,0.17,0.0
8835,太平洋興発株式会社,5425063256.0,1110000000.0,0.0,0.2,0.0
7983,株式会社ミロク,3413680000.0,4308756000.0,0.0,1.26,0.0
2317,株式会社システナ,171203760000.0,3293000000.0,0.0,0.02,0.0
7460,株式会社ヤギ,26963000000.0,10858000000.0,0.0,0.4,0.0
8127,ヤマトインターナショナル株式会社,8435592000.0,5861536000.0,0.0,0.69,0.0
7133,ＨＹＵＧＡ　ＰＲＩＭＡＲＹ　ＣＡＲＥ株式会社,9744170800.0,0.0,0.0,0.0,0.0
7068,フィードフォースグループ株式会社,14301605190.0,105000000.0,0.0,0.01,0.0
4187,大阪有機化学工業株式会社,64608139554.0,6197896000.0,0.0,0.1,0.0
2411,ゲンダイエージェンシー株式会社,5166000000.0,163000000.0,0.0,0.03,0.0
3931,株式会社バリューゴルフ,3588702000.0,67979000.0,0.0,0.02,0.0
3306,日本製麻株式会社,3102339000.0,151205000.0,0.0,0.05,0.0
3409,株式会社北紡,4636632000.0,145436000.0,0.0,0.03,0.0
6890,株式会社フェローテック,174312797900.0,8420000000.0,0.0,0.05,0.0
6448,ブラザー工業株式会社,650447089355.0,19243000000.0,0.0,0.03,0.0
6627,株式会社テラプローブ,29936062500.0,0.0,0.0,0.0,0.0
6907,ジオマテック株式会社,7522944000.0,2354521000.0,0.0,0.31,0.0
5938,株式会社ＬＩＸＩＬ,485891940000.0,37201000000.0,0.0,0.08,0.0
3443,川田テクノロジーズ株式会社,66926224300.0,4074000000.0,0.0,0.06,0.0
2415,ヒューマンホールディングス株式会社,17061430356.0,409201000.0,0.0,0.02,0.0
6369,トーヨーカネツ株式会社,31931834520.0,6497000000.0,0.0,0.2,0.0
6347,株式会社プラコー,2139700872.0,22653000.0,0.0,0.01,0.0
4673,川崎地質株式会社,4115542200.0,615316000.0,0.0,0.15,0.0
5742,エヌアイシ・オートテック株式会社,4119500000.0,245453000.0,0.0,0.06,0.0
1788,株式会社三東工業社,2647960000.0,251498000.0,0.0,0.09,0.0
7481,尾家産業株式会社,20000055000.0,811000000.0,0.0,0.04,0.0
9511,沖縄電力株式会社,52315913000.0,11256000000.0,0.0,0.22,0.0
4825,株式会社ウェザーニューズ,48501180000.0,199960000.0,0.0,0.0,0.0
5032,ＡＮＹＣＯＬＯＲ株式会社,307927859800.0,0.0,0.0,0.0,0.0
9845,株式会社パーカーコーポレーション,25193364880.0,5400000000.0,0.0,0.21,0.0
9778,株式会社昴,5083912080.0,143700000.0,0.0,0.03,0.0
1861,株式会社　熊谷組,195864625000.0,50372000000.0,0.0,0.26,0.0
1770,藤田エンジニアリング株式会社,15677400000.0,5750729000.0,0.0,0.37,0.0
3353,株式会社メディカル一光グループ,14468850000.0,2405444000.0,0.0,0.17,0.0
6537,ＷＡＳＨハウス株式会社,2839414000.0,1000000.0,0.0,0.0,0.0
6316,株式会社丸山製作所,10133435000.0,3887000000.0,0.0,0.38,0.0
1904,大成温調株式会社,27357885825.0,3878822000.0,0.0,0.14,0.0
4415,株式会社ブロードエンタープライズ,4562163000.0,0.0,0.0,0.0,0.0
5341,ＡＳＡＨＩ　ＥＩＴＯホールディングス株式会社,1946722000.0,5092000.0,0.0,0.0,0.0
3969,株式会社エイトレッド,10729444200.0,0.0,0.0,0.0,0.0
6597,ＨＰＣシステムズ株式会社,7892505000.0,51200000.0,0.0,0.01,0.0
7989,立川ブラインド工業株式会社,36004082400.0,3626611000.0,0.0,0.1,0.0
7879,株式会社ノダ,11513228800.0,9302231000.0,0.0,0.81,0.0
9468,株式会社ＫＡＤＯＫＡＷＡ,565566040000.0,38397000000.0,0.0,0.07,0.0
8421,信金中央金庫,792000000000.0,0.0,0.0,0.0,0.0
7514,株式会社　ヒマラヤ,10632839181.0,1201000000.0,0.0,0.11,0.0
8260,株式会社井筒屋,5028456810.0,1399000000.0,0.0,0.28,0.0
5984,兼房株式会社,9544770000.0,658013000.0,0.0,0.07,0.0
8138,三京化成株式会社,3848880000.0,3424920000.0,0.0,0.89,0.0
9444,株式会社トーシンホールディングス,4072426400.0,90283000.0,0.0,0.02,0.0
5714,ＤＯＷＡホールディングス株式会社,295750501826.0,76709000000.0,0.0,0.26,0.0
6346,キクカワエンタープライズ株式会社,7656000000.0,1520989000.0,0.0,0.2,0.0
8331,株式会社千葉銀行,1091078194500.0,0.0,0.0,0.0,0.0
6400,不二精機株式会社,2498904000.0,212882000.0,0.0,0.09,0.0
5214,日本電気硝子株式会社,359577487798.0,43132000000.0,0.0,0.12,0.0
7453,株式会社　良品計画,1868029340000.0,2425000000.0,0.0,0.0,0.0
7711,助川電気工業株式会社,12843560000.0,803005000.0,0.0,0.06,0.0
7527,株式会社システムソフト,6277726360.0,347762000.0,0.0,0.06,0.0
4060,ｒａｋｕｍｏ株式会社,6047793600.0,21525000.0,0.0,0.0,0.0
3172,ティーライフ株式会社,4999326000.0,172000000.0,0.0,0.03,0.0
9769,株式会社学究社,25249155512.0,493094000.0,0.0,0.02,0.0
4922,株式会社コーセー,339496976000.0,16750000000.0,0.0,0.05,0.0
5940,不二サッシ株式会社,9028149130.0,3799000000.0,0.0,0.42,0.0
4558,株式会社中京医薬品,2343660000.0,76430000.0,0.0,0.03,0.0
7721,東京計器株式会社,70354928680.0,4577000000.0,0.0,0.07,0.0
6718,アイホン株式会社,50305420000.0,9059000000.0,0.0,0.18,0.0
6898,トミタ電機株式会社,2450937000.0,51974000.0,0.0,0.02,0.0
6138,ダイジェット工業株式会社,2623984000.0,1632637000.0,0.0,0.62,0.0
7352,株式会社ＴＷＯＳＴＯＮＥ＆Ｓｏｎｓ,38445924480.0,24846000.0,0.0,0.0,0.0
8848,株式会社レオパレス２１,225631465000.0,4616000000.0,0.0,0.02,0.0
1787,株式会社ナカボーテック,13897350000.0,394880000.0,0.0,0.03,0.0
7074,株式会社トゥエンティーフォーセブンホールディングス,2006111400.0,0.0,0.0,0.0,0.0
8202,ラオックスホールディングス株式会社,14840281377.0,295000000.0,0.0,0.02,0.0
5959,岡部株式会社,41995080000.0,8344000000.0,0.0,0.2,0.0
6085,アーキテクツ・スタジオ・ジャパン株式会社,985742496.0,10000000.0,0.0,0.01,0.0
7625,株式会社グローバルダイニング,3536272000.0,43389000.0,0.0,0.01,0.0
6666,リバーエレテック株式会社,4302540000.0,165443000.0,0.0,0.04,0.0
8306,株式会社三菱ＵＦＪフィナンシャル・グループ,23815627500620.0,0.0,0.0,0.0,0.0
6315,ＴＯＷＡ株式会社,146674365312.0,4446381000.0,0.0,0.03,0.0
4971,メック株式会社,53790529240.0,1627553000.0,0.0,0.03,0.0
7359,株式会社東京通信グループ,4472975880.0,259170000.0,0.0,0.06,0.0
7723,愛知時計電機株式会社,36607080000.0,9145000000.0,0.0,0.25,0.0
8609,株式会社岡三証券グループ,160464598000.0,75520000000.0,0.0,0.47,0.0
6752,パナソニックホールディングス株式会社,3538083909000.0,38394000000.0,0.0,0.01,0.0
3917,株式会社アイリッジ,4155509982.0,97988000.0,0.0,0.02,0.0
4612,日本ペイントホールディングス株式会社,2858837472000.0,7940000000.0,0.0,0.0,0.0
3928,株式会社マイネット,2142742164.0,245759000.0,0.0,0.11,0.0
2440,株式会社ぐるなび,14282853800.0,367422000.0,0.0,0.03,0.0
3280,株式会社エストラスト,7264726000.0,62000000.0,0.0,0.01,0.0
5580,株式会社プロディライト,2803418400.0,0.0,0.0,0.0,0.0
4247,ポバール興業株式会社,3267152000.0,681271000.0,0.0,0.21,0.0
7635,杉田エース株式会社,6405808000.0,883000000.0,0.0,0.14,0.0
1721,コムシスホールディングス株式会社,461377000000.0,31261000000.0,0.0,0.07,0.0
6626,ＳＥＭＩＴＥＣ株式会社,24221508000.0,198782000.0,0.0,0.01,0.0
7946,株式会社光陽社,1101729600.0,113349000.0,0.0,0.1,0.0
4385,株式会社メルカリ,397514249055.0,1543000000.0,0.0,0.0,0.0
6614,株式会社シキノハイテック,3585060000.0,96584000.0,0.0,0.03,0.0
7915,ＮＩＳＳＨＡ株式会社,66569195000.0,6417000000.0,0.0,0.1,0.0
8203,株式会社ミスターマックス・ホールディングス,33352462000.0,572000000.0,0.0,0.02,0.0
5933,アルインコ株式会社,22091292300.0,1654079000.0,0.0,0.07,0.0
2659,株式会社サンエー,192848445000.0,439000000.0,0.0,0.0,0.0
6113,株式会社アマダ,529014876000.0,16603000000.0,0.0,0.03,0.0
1939,株式会社四電工,63103734540.0,12133000000.0,0.0,0.19,0.0
9519,株式会社レノバ,64395742600.0,0.0,0.0,0.0,0.0
6853,株式会社共和電業,14499019800.0,1711584000.0,0.0,0.12,0.0
7126,グローバルスタイル株式会社,5653428816.0,8430000.0,0.0,0.0,0.0
4800,オリコン株式会社,11629740800.0,684608000.0,0.0,0.06,0.0
5660,神鋼鋼線工業株式会社,8029852642.0,1883000000.0,0.0,0.23,0.0
4650,ＳＤエンターテイメント株式会社,2510163000.0,14904000.0,0.0,0.01,0.0
8944,株式会社ランドビジネス,5382940800.0,15767000.0,0.0,0.0,0.0
9346,株式会社ココルポート,5546623950.0,0.0,0.0,0.0,0.0
3034,クオールホールディングス株式会社,75510305685.0,143000000.0,0.0,0.0,0.0
3329,東和フードサービス株式会社,17158694400.0,67639000.0,0.0,0.0,0.0
9941,太洋物産株式会社,1972680000.0,0.0,0.0,0.0,0.0
7412,株式会社アトム,128910491802.0,199000000.0,0.0,0.0,0.0
7284,盟和産業株式会社,4231453672.0,683850000.0,0.0,0.16,0.0
3221,株式会社ヨシックスホールディングス,26638131000.0,100454000.0,0.0,0.0,0.0
6183,株式会社ベルシステム２４ホールディングス,94551743420.0,1587000000.0,0.0,0.02,0.0
6406,フジテック株式会社,465983400000.0,7844000000.0,0.0,0.02,0.0
9325,ファイズホールディングス株式会社,12154004400.0,70787000.0,0.0,0.01,0.0
3988,株式会社ＳＹＳホールディングス,2944527040.0,235053000.0,0.0,0.08,0.0
9816,株式会社　ストライダーズ,2317143140.0,10000000.0,0.0,0.0,0.0
9837,モリト株式会社,44070000000.0,6386750000.0,0.0,0.14,0.0
5595,株式会社ＱＰＳ研究所,77472189600.0,0.0,0.0,0.0,0.0
8570,イオンフィナンシャルサービス株式会社,278329049928.0,14926000000.0,0.0,0.05,0.0
8150,三信電気株式会社,38798511859.0,2242000000.0,0.0,0.06,0.0
9682,株式会社ＤＴＳ,203755337120.0,7447000000.0,0.0,0.04,0.0
6905,コーセル株式会社,39497472000.0,3741258000.0,0.0,0.09,0.0
6779,日本電波工業株式会社,17785897245.0,919000000.0,0.0,0.05,0.0
3837,アドソル日進株式会社,11636144000.0,1764280000.0,0.0,0.15,0.0
2121,株式会社ＭＩＸＩ,256952012250.0,6023000000.0,0.0,0.02,0.0
3635,株式会社コーエーテクモホールディングス,701770377312.0,99409000000.0,0.0,0.14,0.0
6561,株式会社ＨＡＮＡＴＯＵＲ　ＪＡＰＡＮ,13905840600.0,0.0,0.0,0.0,0.0
4641,株式会社アルプス技研,59105628000.0,952609000.0,0.0,0.02,0.0
2998,クリアル株式会社,27976835000.0,1036000.0,0.0,0.0,0.0
6564,株式会社ミダックホールディングス,56741260500.0,255064000.0,0.0,0.0,0.0
3524,日東製網株式会社,3686075000.0,430757000.0,0.0,0.12,0.0
3529,アツギ株式会社,20852759872.0,3702000000.0,0.0,0.18,0.0
4634,ａｒｔｉｅｎｃｅ株式会社,164388988240.0,57610000000.0,0.0,0.35,0.0
7502,株式会社プラザホールディングス,4349509039.0,46183000.0,0.0,0.01,0.0
9337,株式会社トリドリ,6828267680.0,0.0,0.0,0.0,0.0
8136,株式会社サンリオ,1597323526962.0,7558000000.0,0.0,0.0,0.0
2922,株式会社なとり,30274868926.0,2094121000.0,0.0,0.07,0.0
9304,澁澤倉庫株式会社,64215740000.0,27822000000.0,0.0,0.43,0.0
7965,象印マホービン株式会社,135544200000.0,9272000000.0,0.0,0.07,0.0
6999,ＫＯＡ株式会社,31108170920.0,4942000000.0,0.0,0.16,0.0
2789,株式会社カルラ,2733584848.0,0.0,0.0,0.0,0.0
6989,北陸電気工業株式会社,17897100000.0,1431000000.0,0.0,0.08,0.0
7461,株式会社キムラ,7468560000.0,1033398000.0,0.0,0.14,0.0
7185,ヒロセ通商株式会社,29148625000.0,0.0,0.0,0.0,0.0
5071,株式会社ヴィス,10690304000.0,329796000.0,0.0,0.03,0.0
2917,株式会社大森屋,4838093104.0,566665000.0,0.0,0.12,0.0
2897,日清食品ホールディングス株式会社,881579940750.0,46522000000.0,0.0,0.05,0.0
4553,東和薬品株式会社,165108780000.0,871000000.0,0.0,0.01,0.0
8078,阪和興業株式会社,249762576000.0,116299000000.0,0.0,0.47,0.0
7422,東邦レマック株式会社,238624620.0,705039000.0,0.0,2.95,0.0
7624,株式会社ＮａＩＴＯ,7232215320.0,284000000.0,0.0,0.04,0.0
1717,明豊ファシリティワークス株式会社,12813325000.0,470000000.0,0.0,0.04,0.0
8007,高島株式会社,26669790000.0,2567000000.0,0.0,0.1,0.0
6424,株式会社高見沢サイバネティックス,4398300000.0,929234000.0,0.0,0.21,0.0
6741,日本信号株式会社,74695296472.0,28282000000.0,0.0,0.38,0.0
7716,株式会社ナカニシ,180670798800.0,5847139000.0,0.0,0.03,0.0
3668,株式会社コロプラ,66373766400.0,7588000000.0,0.0,0.11,0.0
8934,サンフロンティア不動産株式会社,100046286000.0,0.0,0.0,0.0,0.0
5015,ビーピー・カストロール株式会社,19207258004.0,65955000.0,0.0,0.0,0.0
9647,株式会社協和コンサルタンツ,3739318000.0,111807000.0,0.0,0.03,0.0
8876,株式会社リログループ,264335485500.0,0.0,0.0,0.0,0.0
7466,ＳＰＫ株式会社,23832840000.0,430178000.0,0.0,0.02,0.0
9716,株式会社乃村工藝社,104190134972.0,2502000000.0,0.0,0.02,0.0
8012,長瀬産業株式会社,329499507237.5,72028000000.0,0.0,0.22,0.0
3958,笹徳印刷株式会社,3278050000.0,3863421000.0,0.0,1.18,0.0
7097,株式会社さくらさくプラス,12377950400.0,0.0,0.0,0.0,0.0
1333,マルハニチロ株式会社,154262900000.0,44671000000.0,0.0,0.29,0.0
7134,株式会社アップガレージグループ,8753491800.0,18849000.0,0.0,0.0,0.0
3319,株式会社ゴルフダイジェスト・オンライン,7802998000.0,5760000.0,0.0,0.0,0.0
8123,川辺株式会社,2391385000.0,1154883000.0,0.0,0.48,0.0
8750,第一生命ホールディングス株式会社,1031948603800.0,8433000000.0,0.0,0.01,0.0
1878,大東建託株式会社,1063060150000.0,44160000000.0,0.0,0.04,0.0
3174,株式会社ハピネス・アンド・ディ,1843262400.0,29013000.0,0.0,0.02,0.0
7739,キヤノン電子株式会社,105727382700.0,2468000000.0,0.0,0.02,0.0
7990,グローブライド株式会社,52992000000.0,6692000000.0,0.0,0.13,0.0
3562,株式会社Ｎｏ．１,14352832500.0,218304000.0,0.0,0.02,0.0
9338,株式会社ＩＮＦＯＲＩＣＨ,23709673125.0,0.0,0.0,0.0,0.0
4198,株式会社テンダ,1570998000.0,0.0,0.0,0.0,0.0
7115,株式会社アルファパーチェス,28389332500.0,0.0,0.0,0.0,0.0
2932,株式会社ＳＴＩフードホールディングス,7840494900.0,118144000.0,0.0,0.02,0.0
8035,東京エレクトロン株式会社,13087788000000.0,200013000000.0,0.0,0.02,0.0
7836,アビックス株式会社,3512956600.0,56098000.0,0.0,0.02,0.0
4170,株式会社Ｋａｉｚｅｎ　Ｐｌａｔｆｏｒｍ,3613594203.0,94539000.0,0.0,0.03,0.0
4549,栄研化学株式会社,81014102676.0,408000000.0,0.0,0.01,0.0
7247,株式会社ミクニ,9704085555.0,8740000000.0,0.0,0.9,0.0
6031,ＺＥＴＡ株式会社,5238510024.0,0.0,0.0,0.0,0.0
1719,株式会社安藤・間,280220508000.0,28048000000.0,0.0,0.1,0.0
3760,株式会社ケイブ,6579710500.0,1035029000.0,0.0,0.16,0.0
2809,キユーピー株式会社,552133000000.0,51178000000.0,0.0,0.09,0.0
7122,近畿車輛株式会社,14044693847.0,6329000000.0,0.0,0.45,0.0
3143,オーウイル株式会社,5607000000.0,429126000.0,0.0,0.08,0.0
7435,株式会社ナ・デックス,8836620000.0,2261103000.0,0.0,0.26,0.0
4027,テイカ株式会社,30083812000.0,12235000000.0,0.0,0.41,0.0
7868,株式会社広済堂ホールディングス,66074581410.0,1758000000.0,0.0,0.03,0.0
5076,インフロニア・ホールディングス株式会社,339708420000.0,20116000000.0,0.0,0.06,0.0
7562,株式会社安楽亭,16804125180.0,185860000.0,0.0,0.01,0.0
4218,ニチバン株式会社,39651056000.0,2889000000.0,0.0,0.07,0.0
4524,森下仁丹株式会社,8943250000.0,3856000000.0,0.0,0.43,0.0
3987,エコモット株式会社,2835574800.0,144245000.0,0.0,0.05,0.0
9347,日本管財ホールディングス株式会社,113080280000.0,11951000000.0,0.0,0.11,0.0
3076,あいホールディングス株式会社,134571020000.0,3550000000.0,0.0,0.03,0.0
3175,株式会社エー・ピーホールディングス,11878264300.0,176324000.0,0.0,0.01,0.0
7094,株式会社ＮｅｘＴｏｎｅ,18062433600.0,0.0,0.0,0.0,0.0
7325,株式会社アイリックコーポレーション,6443920000.0,133481000.0,0.0,0.02,0.0
9663,株式会社ナガワ,100106149680.0,17199000000.0,0.0,0.17,0.0
8059,第一実業株式会社,82290608000.0,12709000000.0,0.0,0.15,0.0
7621,株式会社うかい,20211576700.0,114439000.0,0.0,0.01,0.0
9409,株式会社テレビ朝日ホールディングス,307028541000.0,209180000000.0,0.0,0.68,0.0
6778,株式会社アルチザネットワークス,6310920000.0,190431000.0,0.0,0.03,0.0
1436,株式会社グリーンエナジー＆カンパニー,9468082000.0,69950000.0,0.0,0.01,0.0
3770,株式会社ザッパラス,5064521000.0,424611000.0,0.0,0.08,0.0
1711,株式会社ＳＤＳホールディングス,2384236109.0,21930000.0,0.0,0.01,0.0
8144,株式会社デンキョーグループホールディングス,8017995000.0,4497000000.0,0.0,0.56,0.0
2805,ヱスビー食品株式会社,42568750000.0,15585000000.0,0.0,0.37,0.0
3634,株式会社ソケッツ,1493872200.0,12290000.0,0.0,0.01,0.0
7381,株式会社北國フィナンシャルホールディングス,123828320000.0,0.0,0.0,0.0,0.0
6286,靜甲株式会社,5698840917.0,2736492000.0,0.0,0.48,0.0
4690,日本パレットプール株式会社,3215700000.0,322318000.0,0.0,0.1,0.0
6964,株式会社サンコー,5040000000.0,1277957000.0,0.0,0.25,0.0
7420,佐鳥電機株式会社,31423446000.0,4344000000.0,0.0,0.14,0.0
3548,株式会社バロックジャパンリミテッド,28827571800.0,0.0,0.0,0.0,0.0
2927,株式会社ＡＦＣ－ＨＤアムスライフサイエンス,12718725916.0,588827000.0,0.0,0.05,0.0
7446,東北化学薬品株式会社,3825600000.0,1789876000.0,0.0,0.47,0.0
4368,扶桑化学工業株式会社,143464440000.0,714487000.0,0.0,0.0,0.0
8005,株式会社スクロール,36514315000.0,2368000000.0,0.0,0.06,0.0
7911,ＴＯＰＰＡＮホールディングス株式会社,1228292924000.0,310633000000.0,0.0,0.25,0.0
6470,大豊工業株式会社,16540524000.0,5063000000.0,0.0,0.31,0.0
5945,天龍製鋸株式会社,21347719110.0,9227377000.0,0.0,0.43,0.0
3924,株式会社ランドコンピュータ,13655604000.0,136850000.0,0.0,0.01,0.0
9366,株式会社サンリツ,4907206741.0,516829000.0,0.0,0.11,0.0
8065,佐藤商事株式会社,33635857000.0,17927000000.0,0.0,0.53,0.0
4178,株式会社Ｓｈａｒｉｎｇ　Ｉｎｎｏｖａｔｉｏｎｓ,3072573000.0,0.0,0.0,0.0,0.0
9787,イオンディライト株式会社,,4558000000.0,0.0,0.0,0.0
9989,株式会社サンドラッグ,555844655072.0,34013000000.0,0.0,0.06,0.0
9380,東海運株式会社,9371052000.0,3756655000.0,0.0,0.4,0.0
5445,東京鐵鋼株式会社,51883789700.0,8378000000.0,0.0,0.16,0.0
7808,株式会社シー・エス・ランバー,5548449900.0,307329000.0,0.0,0.06,0.0
5184,株式会社ニチリン,50801485000.0,3923000000.0,0.0,0.08,0.0
6349,株式会社小森コーポレーション,82196977080.0,13749000000.0,0.0,0.17,0.0
7041,ＣＲＧホールディングス株式会社,1823976000.0,592300000.0,0.0,0.32,0.0
6273,ＳＭＣ株式会社,3398766050000.0,145267000000.0,0.0,0.04,0.0
2004,昭和産業株式会社,95587731740.0,47221000000.0,0.0,0.49,0.0
6820,アイコム株式会社,42812550000.0,8447000000.0,0.0,0.2,0.0
8425,みずほリース株式会社,315455590800.0,377214000000.0,0.0,1.2,0.0
7607,株式会社進和,46417327180.0,2857237000.0,0.0,0.06,0.0
7630,株式会社壱番屋,148615530000.0,531443000.0,0.0,0.0,0.0
2436,共同ピーアール株式会社,8052332688.0,116194000.0,0.0,0.01,0.0
2267,株式会社ヤクルト本社,895935899484.0,68019000000.0,0.0,0.08,0.0
9986,蔵王産業株式会社,15195050000.0,78200000.0,0.0,0.01,0.0
7544,株式会社スリーエフ,3845840405.0,38000000.0,0.0,0.01,0.0
7267,本田技研工業株式会社,7877760000000.0,180512000000.0,0.0,0.02,0.0
3712,株式会社情報企画,20613600000.0,5586000.0,0.0,0.0,0.0
4088,エア・ウォーター株式会社,498798105000.0,42001000000.0,0.0,0.08,0.0
5591,株式会社ＡＶＩＬＥＮ,9784203786.0,0.0,0.0,0.0,0.0
7370,株式会社Ｅｎｊｉｎ,6018069600.0,383632000.0,0.0,0.06,0.0
9449,ＧＭＯインターネットグループ株式会社,404935842495.0,62811000000.0,0.0,0.16,0.0
2209,井村屋グループ株式会社,31930328000.0,2435806000.0,0.0,0.08,0.0
7729,株式会社東京精密,402344742821.0,3246000000.0,0.0,0.01,0.0
4054,日本情報クリエイト株式会社,10780184440.0,16159000.0,0.0,0.0,0.0
5844,株式会社京都フィナンシャルグループ,813978762000.0,0.0,0.0,0.0,0.0
9223,株式会社ＡＳＮＯＶＡ,7599862400.0,0.0,0.0,0.0,0.0
4595,株式会社ミズホメディー,26747604000.0,8000000.0,0.0,0.0,0.0
6965,浜松ホトニクス株式会社,302350924755.0,4386000000.0,0.0,0.01,0.0
6471,日本精工株式会社,346000000000.0,31453000000.0,0.0,0.09,0.0
1812,鹿島建設株式会社,1953383920000.0,397478000000.0,0.0,0.2,0.0
6356,日本ギア工業株式会社,7554120000.0,1060316000.0,0.0,0.14,0.0
6463,ＴＰＲ株式会社,70726600000.0,35651000000.0,0.0,0.5,0.0
7681,株式会社レオクラン,1959928800.0,105735000.0,0.0,0.05,0.0
5575,株式会社Ｇｌｏｂｅｅ,4653571846.0,0.0,0.0,0.0,0.0
3762,テクマトリックス株式会社,95046784000.0,1720584000.0,0.0,0.02,0.0
8181,株式会社東天紅,2338739739.0,254317000.0,0.0,0.11,0.0
5132,株式会社ｐｌｕｓｚｅｒｏ,24042377700.0,3152000.0,0.0,0.0,0.0
5988,株式会社パイオラックス,63918150000.0,4546000000.0,0.0,0.07,0.0
3068,株式会社ＷＤＩ,18993000000.0,318096000.0,0.0,0.02,0.0
7085,株式会社カーブスホールディングス,64667812677.0,0.0,0.0,0.0,0.0
9256,株式会社サクシード,2841487800.0,24320000.0,0.0,0.01,0.0
5845,全保連株式会社,22077063800.0,60000000.0,0.0,0.0,0.0
9765,株式会社オオバ,17442000000.0,1632186000.0,0.0,0.09,0.0
9722,藤田観光株式会社,140873672960.0,10472000000.0,0.0,0.07,0.0
4439,株式会社東名,13433792400.0,23652000.0,0.0,0.0,0.0
8093,極東貿易株式会社,18645394820.0,9405000000.0,0.0,0.5,0.0
5884,株式会社クラダシ,4463624704.0,0.0,0.0,0.0,0.0
4316,株式会社ビーマップ,1967894000.0,38303000.0,0.0,0.02,0.0
9238,バリュークリエーション株式会社,3902156800.0,0.0,0.0,0.0,0.0
6590,芝浦メカトロニクス株式会社,148092600000.0,0.0,0.0,0.0,0.0
6728,株式会社　アルバック,265288166750.0,10307000000.0,0.0,0.04,0.0
5973,株式会社トーアミ,3430400000.0,622914000.0,0.0,0.18,0.0
5136,ｔｒｉｐｌａ株式会社,12936776314.0,0.0,0.0,0.0,0.0
4151,協和キリン株式会社,1328804016000.0,4568000000.0,0.0,0.0,0.0
7927,ムトー精工株式会社,11942122564.0,303414000.0,0.0,0.03,0.0
7749,メディキット株式会社,40891000000.0,778786000.0,0.0,0.02,0.0
7820,ニホンフラッシュ株式会社,20173300000.0,2405901000.0,0.0,0.12,0.0
3733,株式会社ソフトウェア・サービス,74197760000.0,393000000.0,0.0,0.01,0.0
3094,株式会社スーパーバリュー,9277185000.0,0.0,0.0,0.0,0.0
9685,ＫＹＣＯＭホールディングス株式会社,3294376848.0,1373206000.0,0.0,0.42,0.0
6026,ＧＭＯ　ＴＥＣＨ株式会社,7561259400.0,20000000.0,0.0,0.0,0.0
5194,相模ゴム工業株式会社,10324528000.0,969539000.0,0.0,0.09,0.0
2108,日本甜菜製糖株式会社,36199166404.0,25456000000.0,0.0,0.7,0.0
4651,株式会社サニックスホールディングス,12278669000.0,161000000.0,0.0,0.01,0.0
3480,株式会社ジェイ・エス・ビー,84696064000.0,1262525000.0,0.0,0.01,0.0
3803,イメージ情報開発株式会社,1707680000.0,16219000.0,0.0,0.01,0.0
9504,中国電力株式会社,292998666179.5906,225685000000.0,0.0,0.77,0.0
7003,株式会社三井Ｅ＆Ｓ,301561650000.0,29674000000.0,0.0,0.1,0.0
9360,鈴与シンワート株式会社,9060000000.0,308000000.0,0.0,0.03,0.0
3402,東レ株式会社,1599667120500.0,98318000000.0,0.0,0.06,0.0
6481,ＴＨＫ株式会社,501507359386.0,4923000000.0,0.0,0.01,0.0
7358,株式会社ポピンズ,12762334200.0,0.0,0.0,0.0,0.0
5533,株式会社エリッツホールディングス,5964858000.0,110179000.0,0.0,0.02,0.0
3900,株式会社クラウドワークス,16604251186.0,1952023000.0,0.0,0.12,0.0
6635,株式会社大日光・エンジニアリング,3237085600.0,896929000.0,0.0,0.28,0.0
4554,富士製薬工業株式会社,33343368600.0,7092000000.0,0.0,0.21,0.0
6745,ホーチキ株式会社,79728000000.0,5280000000.0,0.0,0.07,0.0
8996,株式会社ハウスフリーダム,3370200000.0,47808000.0,0.0,0.01,0.0
2475,ＷＤＢホールディングス株式会社,33480140000.0,127731000.0,0.0,0.0,0.0
9270,バリュエンスホールディングス株式会社,12044325500.0,0.0,0.0,0.0,0.0
3289,東急不動産ホールディングス株式会社,747544466499.0,354714000000.0,0.0,0.47,0.0
5204,石塚硝子株式会社,10568595000.0,6463000000.0,0.0,0.61,0.0
7819,粧美堂株式会社,9118800000.0,1176241000.0,0.0,0.13,0.0
9888,株式会社ＵＥＸ,10200000000.0,2882646000.0,0.0,0.28,0.0
8541,株式会社　愛媛銀行,40845336000.0,0.0,0.0,0.0,0.0
3435,サンコーテクノ株式会社,11771319168.0,1454927000.0,0.0,0.12,0.0
5659,日本精線株式会社,33672405000.0,68000000.0,0.0,0.0,0.0
7173,株式会社東京きらぼしフィナンシャルグループ,204742000000.0,524000000.0,0.0,0.0,0.0
2429,株式会社ワールドホールディングス,40298099400.0,1437000000.0,0.0,0.04,0.0
3676,株式会社デジタルハーツホールディングス,22361788800.0,1340609000.0,0.0,0.06,0.0
8253,株式会社クレディセゾン,731208735996.0,53724000000.0,0.0,0.07,0.0
8207,テンアライド株式会社,11165263241.0,504658000.0,0.0,0.05,0.0
4623,株式会社アサヒペン,7722000000.0,2877120000.0,0.0,0.37,0.0
7747,朝日インテック株式会社,625572180800.0,15185000000.0,0.0,0.02,0.0
4374,株式会社ＲＯＢＯＴ　ＰＡＹＭＥＮＴ,9324922114.0,188480000.0,0.0,0.02,0.0
6248,株式会社横田製作所,2838352500.0,0.0,0.0,0.0,0.0
5950,日本パワーファスニング株式会社,3457379900.0,176791000.0,0.0,0.05,0.0
3359,株式会社ｃｏｔｔａ,4792440051.0,0.0,0.0,0.0,0.0
6198,株式会社キャリア,2621793280.0,0.0,0.0,0.0,0.0
8070,東京産業株式会社,22254505136.0,6713000000.0,0.0,0.3,0.0
2341,株式会社アルバイトタイムス,4761685342.0,14477000.0,0.0,0.0,0.0
7695,株式会社交換できるくん,5571984600.0,16188000.0,0.0,0.0,0.0
6070,キャリアリンク株式会社,27494727400.0,222709000.0,0.0,0.01,0.0
5956,トーソー株式会社,5340000000.0,1000493000.0,0.0,0.19,0.0
4707,株式会社キタック,2071251328.0,236146000.0,0.0,0.11,0.0
4365,松本油脂製薬株式会社,85863360000.0,20707000000.0,0.0,0.24,0.0
1828,田辺工業株式会社,27345672000.0,330657000.0,0.0,0.01,0.0
2146,ＵＴグループ株式会社,97458636435.0,6000000.0,0.0,0.0,0.0
6742,株式会社京三製作所,31044936000.0,11991000000.0,0.0,0.39,0.0
5333,日本碍子株式会社,549730657620.0,68892000000.0,0.0,0.13,0.0
4933,株式会社Ｉ－ｎｅ,29450751120.0,0.0,0.0,0.0,0.0
4619,日本特殊塗料株式会社,48709905600.0,22055000000.0,0.0,0.45,0.0
5697,株式会社サンユウ,3069864000.0,536076000.0,0.0,0.17,0.0
9073,京極運輸商事株式会社,4096000000.0,1797449000.0,0.0,0.44,0.0
9312,ケイヒン株式会社,17883713520.0,8303000000.0,0.0,0.46,0.0
5033,株式会社ヌーラボ,5693040678.0,0.0,0.0,0.0,0.0
3540,株式会社歯愛メディカル,49100000000.0,6021000000.0,0.0,0.12,0.0
5582,株式会社グリッド,11703227613.0,0.0,0.0,0.0,0.0
6366,千代田化工建設株式会社,141044976000.0,4272000000.0,0.0,0.03,0.0
7555,株式会社大田花き,4075500000.0,825629000.0,0.0,0.2,0.0
7366,株式会社ＬＩＴＡＬＩＣＯ,44746649836.0,242000000.0,0.0,0.01,0.0
6580,株式会社ライトアップ,15327840000.0,51159000.0,0.0,0.0,0.0
3844,コムチュア株式会社,57132115200.0,88000000.0,0.0,0.0,0.0
6458,新晃工業株式会社,98186337000.0,13212000000.0,0.0,0.13,0.0
6144,西部電機株式会社,28864640000.0,5571000000.0,0.0,0.19,0.0
9012,秩父鉄道株式会社,3006000000.0,111793000.0,0.0,0.04,0.0
7034,株式会社プロレド・パートナーズ,7098010400.0,6324438000.0,0.0,0.89,0.0
1952,新日本空調株式会社,120778668000.0,22443000000.0,0.0,0.19,0.0
3953,大村紙業株式会社,2892080912.0,237097000.0,0.0,0.08,0.0
6492,岡野バルブ製造株式会社,11349690000.0,1352000000.0,0.0,0.12,0.0
9709,ＮＣＳ＆Ａ株式会社,20376000000.0,1100280000.0,0.0,0.05,0.0
2674,株式会社ハードオフコーポレーション,23568306000.0,3639795000.0,0.0,0.15,0.0
7120,株式会社ＳＨＩＮＫＯ,4352082000.0,0.0,0.0,0.0,0.0
3437,特殊電極株式会社,3988980000.0,200812000.0,0.0,0.05,0.0
7408,株式会社ジャムコ,,1059766000.0,0.0,0.0,0.0
2303,株式会社ドーン,7507500000.0,548501000.0,0.0,0.07,0.0
5706,三井金属鉱業株式会社,299414058000.0,64220000000.0,0.0,0.21,0.0
6143,株式会社ソディック,53586809742.0,6657000000.0,0.0,0.12,0.0
3768,リスクモンスター株式会社,3803187156.0,1387142000.0,0.0,0.36,0.0
8399,株式会社琉球銀行,51988248000.0,0.0,0.0,0.0,0.0
7962,株式会社キングジム,26048624976.0,3116368000.0,0.0,0.12,0.0
4275,株式会社カーリット,28547350000.0,8631000000.0,0.0,0.3,0.0
9558,ジャパニアス株式会社,8543605200.0,20000000.0,0.0,0.0,0.0
7058,共栄セキュリティーサービス株式会社,3894302500.0,85465000.0,0.0,0.02,0.0
4109,ステラケミファ株式会社,52929840000.0,3163000000.0,0.0,0.06,0.0
9517,イーレックス株式会社,57535200646.0,3615000000.0,0.0,0.06,0.0
9930,北沢産業株式会社,9003204000.0,2687007000.0,0.0,0.3,0.0
3067,株式会社東京一番フーズ,4135785800.0,0.0,0.0,0.0,0.0
4445,リビン・テクノロジーズ株式会社,4259173960.0,686918000.0,0.0,0.16,0.0
4220,リケンテクノス株式会社,58229595767.0,6194352000.0,0.0,0.11,0.0
5237,株式会社ノザワ,11290125000.0,3614424000.0,0.0,0.32,0.0
6850,株式会社チノー,21446428656.0,1390000000.0,0.0,0.06,0.0
5356,美濃窯業株式会社,12999363000.0,2177854000.0,0.0,0.17,0.0
4434,株式会社サーバーワークス,16336425000.0,3806775000.0,0.0,0.23,0.0
4430,東海ソフト株式会社,7478856000.0,194016000.0,0.0,0.03,0.0
6182,株式会社メタリアル,6761485260.0,53030000.0,0.0,0.01,0.0
5253,カバー株式会社,141935516200.0,0.0,0.0,0.0,0.0
6396,株式会社宇野澤組鐵工所,3337600000.0,478689000.0,0.0,0.14,0.0
9726,ＫＮＴ－ＣＴホールディングス株式会社,28943542767.0,4481000000.0,0.0,0.15,0.0
9934,因幡電機産業株式会社,229455312000.0,19974000000.0,0.0,0.09,0.0
7180,株式会社九州フィナンシャルグループ,352350361312.8662,56000000.0,0.0,0.0,0.0
5423,東京製鐵株式会社,182816717589.0,25392000000.0,0.0,0.14,0.0
8918,株式会社ランド,13906260000.0,45000000.0,0.0,0.0,0.0
6089,株式会社ウィルグループ,21663391400.0,234000000.0,0.0,0.01,0.0
7956,ピジョン株式会社,207419193630.0,553000000.0,0.0,0.0,0.0
4617,中国塗料株式会社,155375000000.0,8229000000.0,0.0,0.05,0.0
4044,セントラル硝子株式会社,78910000000.0,17835000000.0,0.0,0.23,0.0
3563,株式会社ＦＯＯＤ　＆　ＬＩＦＥ　ＣＯＭＰＡＮＩＥＳ,862742244672.0,962000000.0,0.0,0.0,0.0
7490,日新商事株式会社,8002800000.0,8148730000.0,0.0,1.02,0.0
7844,株式会社マーベラス,32041446000.0,2908000000.0,0.0,0.09,0.0
9735,セコム株式会社,2481844314924.0,435635000000.0,0.0,0.18,0.0
9502,中部電力株式会社,1381834000000.0,2037296000000.0,0.0,1.47,0.0
4849,エン・ジャパン株式会社,83970324000.0,4661000000.0,0.0,0.06,0.0
7462,株式会社ＣＡＰＩＴＡ,1755397000.0,3545000.0,0.0,0.0,0.0
6257,株式会社藤商事,24063170500.0,9719000000.0,0.0,0.4,0.0
5284,ヤマウホールディングス株式会社,13179540000.0,499110000.0,0.0,0.04,0.0
4326,株式会社インテージホールディングス,76607270000.0,5920277000.0,0.0,0.08,0.0
4221,大倉工業株式会社,52449150000.0,10341000000.0,0.0,0.2,0.0
5440,共英製鋼株式会社,99181294570.0,17526000000.0,0.0,0.18,0.0
6361,株式会社荏原製作所,1310850035000.0,2078000000.0,0.0,0.0,0.0
1884,日本道路株式会社,110304460000.0,1947000000.0,0.0,0.02,0.0
7414,小野建株式会社,35046585000.0,3032000000.0,0.0,0.09,0.0
7088,株式会社フォーラムエンジニアリング,64103040000.0,10000000.0,0.0,0.0,0.0
4360,株式会社マナック・ケミカル・パートナーズ,4321125000.0,1520000000.0,0.0,0.35,0.0
3399,株式会社丸千代山岡家,60539528000.0,62953000.0,0.0,0.0,0.0
4973,日本高純度化学株式会社,19536384000.0,5974602000.0,0.0,0.31,0.0
6054,株式会社リブセンス,4111360000.0,66166000.0,0.0,0.02,0.0
3286,トラストホールディングス株式会社,4642414000.0,69847000.0,0.0,0.02,0.0
1893,五洋建設株式会社,268051387091.36963,22475000000.0,0.0,0.08,0.0
3156,株式会社レスター,79360008000.0,3477000000.0,0.0,0.04,0.0
2668,タビオ株式会社,8169842120.0,387450000.0,0.0,0.05,0.0
8343,株式会社秋田銀行,56992950000.0,0.0,0.0,0.0,0.0
6918,株式会社アバールデータ,16100558604.0,2677284000.0,0.0,0.17,0.0
3079,ディーブイエックス株式会社,9896040000.0,323874000.0,0.0,0.03,0.0
7791,ドリームベッド株式会社,3367937020.0,172628000.0,0.0,0.05,0.0
7885,タカノ株式会社,11460609000.0,3607813000.0,0.0,0.31,0.0
2798,株式会社ワイズテーブルコーポレーション,9756667200.0,208355000.0,0.0,0.02,0.0
9264,ポエック株式会社,8059361558.0,273311000.0,0.0,0.03,0.0
2483,株式会社翻訳センター,6434790000.0,346316000.0,0.0,0.05,0.0
4356,応用技術株式会社,9072561600.0,0.0,0.0,0.0,0.0
7505,扶桑電通株式会社,20312139640.0,7217184000.0,0.0,0.36,0.0
6612,バルミューダ株式会社,7281104000.0,0.0,0.0,0.0,0.0
7416,株式会社はるやまホールディングス,12083505000.0,567654000.0,0.0,0.05,0.0
7936,株式会社アシックス,2753122250000.0,3513000000.0,0.0,0.0,0.0
6023,ダイハツインフィニアース株式会社,71662500000.0,1472000000.0,0.0,0.02,0.0
7214,ＧＭＢ株式会社,4396672548.0,997123000.0,0.0,0.23,0.0
2408,株式会社ＫＧ情報,4549770000.0,57420000.0,0.0,0.01,0.0
6810,マクセル株式会社,86774688000.0,9667000000.0,0.0,0.11,0.0
9639,三協フロンテア株式会社,47062340000.0,87000000.0,0.0,0.0,0.0
8089,ナイス株式会社,20633629786.0,10514000000.0,0.0,0.51,0.0
6141,ＤＭＧ森精機株式会社,471432555000.0,1916000000.0,0.0,0.0,0.0
7740,株式会社タムロン,40986000000.0,6699000000.0,0.0,0.16,0.0
4565,ネクセラファーマ株式会社,77765972170.0,0.0,0.0,0.0,0.0
6998,日本タングステン株式会社,6351600640.0,1730000000.0,0.0,0.27,0.0
7259,株式会社アイシン,1528650662829.0,121975000000.0,0.0,0.08,0.0
3521,エコナックホールディングス株式会社,4181628000.0,0.0,0.0,0.0,0.0
5476,日本高周波鋼業株式会社,5845671566.0,861000000.0,0.0,0.15,0.0
3461,株式会社パルマ,3572178192.0,5448000.0,0.0,0.0,0.0
7083,ＡＨＣグループ株式会社,2008316352.0,89177000.0,0.0,0.04,0.0
5280,ヨシコン株式会社,17819120312.0,2985654000.0,0.0,0.17,0.0
9828,株式会社Ｇｅｎｋｉ　Ｇｌｏｂａｌ　Ｄｉｎｉｎｇ　Ｃｏｎｃｅｐｔｓ,69194675000.0,37000000.0,0.0,0.0,0.0
2811,カゴメ株式会社,266213753000.0,11501000000.0,0.0,0.04,0.0
4337,ぴあ株式会社,45561034830.0,1125000000.0,0.0,0.02,0.0
6707,サンケン電気株式会社,208414290240.0,15632000000.0,0.0,0.08,0.0
3941,レンゴー株式会社,234544753491.21094,156961000000.0,0.0,0.67,0.0
9057,遠州トラック株式会社,23807630000.0,357000000.0,0.0,0.01,0.0
3323,レカム株式会社,7023571675.0,26199000.0,0.0,0.0,0.0
4047,関東電化工業株式会社,49316964850.0,8181000000.0,0.0,0.17,0.0
5018,株式会社ＭＯＲＥＳＣＯ,12101856000.0,654000000.0,0.0,0.05,0.0
5892,株式会社ｙｕｔｏｒｉ,21183921000.0,0.0,0.0,0.0,0.0
7694,株式会社いつも,6828644800.0,158055000.0,0.0,0.02,0.0
5983,イワブチ株式会社,7150000000.0,2872489000.0,0.0,0.4,0.0
6310,井関農機株式会社,31351530452.0,9864000000.0,0.0,0.31,0.0
3300,株式会社アンビションＤＸホールディングス,15976155600.0,18103000.0,0.0,0.0,0.0
2980,ＳＲＥホールディングス株式会社,50000057800.0,45000000.0,0.0,0.0,0.0
5357,株式会社　ヨータイ,33270612000.0,3085052000.0,0.0,0.09,0.0
7841,株式会社遠藤製作所,10432305000.0,791004000.0,0.0,0.08,0.0
3105,日清紡ホールディングス株式会社,159074319531.98242,69917000000.0,0.0,0.44,0.0
4442,バルテス・ホールディングス株式会社,9009000000.0,213612000.0,0.0,0.02,0.0
5901,東洋製罐グループホールディングス株式会社,489486000000.0,167035000000.0,0.0,0.34,0.0
8877,エスリード株式会社,71992368000.0,499971000.0,0.0,0.01,0.0
3577,東海染工株式会社,3151627744.0,2696944000.0,0.0,0.86,0.0
3911,株式会社Ａｉｍｉｎｇ,11442798500.0,0.0,0.0,0.0,0.0
9348,株式会社ｉｓｐａｃｅ,60023515304.0,0.0,0.0,0.0,0.0
2792,株式会社ハニーズホールディングス,40455000000.0,940299000.0,0.0,0.02,0.0
4570,株式会社免疫生物研究所,4629351230.0,95058000.0,0.0,0.02,0.0
6196,株式会社ストライク,72771792000.0,808702000.0,0.0,0.01,0.0
3071,株式会社ストリーム,3223325000.0,10318000.0,0.0,0.0,0.0
9242,メディア総研株式会社,1637529300.0,110000000.0,0.0,0.07,0.0
3168,株式会社ＭＥＲＦ,7957146000.0,481238000.0,0.0,0.06,0.0
9278,ブックオフグループホールディングス株式会社,29176740000.0,305000000.0,0.0,0.01,0.0
8386,株式会社百十四銀行,135706200000.0,0.0,0.0,0.0,0.0
4530,久光製薬株式会社,342277713005.0,60222000000.0,0.0,0.18,0.0
4765,ＳＢＩグローバルアセットマネジメント株式会社,56942736000.0,7702904000.0,0.0,0.14,0.0
4416,株式会社Ｔｒｕｅ　Ｄａｔａ,4466431200.0,7485000.0,0.0,0.0,0.0
3753,株式会社フライトソリューションズ,2833316500.0,0.0,0.0,0.0,0.0
6706,電気興業株式会社,23129800000.0,2988000000.0,0.0,0.13,0.0
9404,日本テレビホールディングス株式会社,832358662400.0,567732000000.0,0.0,0.68,0.0
6197,株式会社ソラスト,39696811267.0,409000000.0,0.0,0.01,0.0
3315,日本コークス工業株式会社,26606712000.0,1292000000.0,0.0,0.05,0.0
5101,横浜ゴム株式会社,707019330000.0,23828000000.0,0.0,0.03,0.0
4165,株式会社プレイド,46603692768.0,49914000.0,0.0,0.0,0.0
6317,株式会社北川鉄工所,13432800000.0,4323000000.0,0.0,0.32,0.0
9978,株式会社文教堂グループホールディングス,2299206250.0,69313000.0,0.0,0.03,0.0
3133,株式会社海帆,36835591232.0,0.0,0.0,0.0,0.0
5990,株式会社スーパーツール,4696510000.0,421109000.0,0.0,0.09,0.0
2371,株式会社カカクコム,522007893050.0,4669000000.0,0.0,0.01,0.0
6788,株式会社日本トリム,38695806600.0,1306584000.0,0.0,0.03,0.0
1948,株式会社弘電社,21169200000.0,1440000000.0,0.0,0.07,0.0
6731,株式会社ピクセラ,1891654044.0,0.0,0.0,0.0,0.0
6195,株式会社ホープ,3556612800.0,5792000.0,0.0,0.0,0.0
6060,こころネット株式会社,3943020600.0,315026000.0,0.0,0.08,0.0
6455,株式会社モリタホールディングス,104955566000.0,14298000000.0,0.0,0.14,0.0
9936,株式会社王将フードサービス,257077440000.0,4894000000.0,0.0,0.02,0.0
6775,株式会社ＴＢグループ,1805484000.0,232446000.0,0.0,0.13,0.0
4901,富士フイルムホールディングス株式会社,3763971802000.0,45276000000.0,0.0,0.01,0.0
2445,株式会社タカミヤ,15093540000.0,532000000.0,0.0,0.04,0.0
4384,ラクスル株式会社,72654176672.0,7524000000.0,0.0,0.1,0.0
9960,東テク株式会社,117499200000.0,15055000000.0,0.0,0.13,0.0
8142,株式会社トーホー,34577680000.0,2369000000.0,0.0,0.07,0.0
4331,株式会社テイクアンドギヴ・ニーズ,13215874320.0,15000000.0,0.0,0.0,0.0
4574,大幸薬品株式会社,14026421300.0,461000000.0,0.0,0.03,0.0
5949,ユニプレス株式会社,46850176893.0,8309000000.0,0.0,0.18,0.0
8706,極東証券株式会社,46710075000.0,28903000000.0,0.0,0.62,0.0
4394,株式会社エクスモーション,2551282200.0,0.0,0.0,0.0,0.0
3020,アプライド株式会社,9393620000.0,33000000.0,0.0,0.0,0.0
3486,株式会社グローバル・リンク・マネジメント,17485121472.0,424400000.0,0.0,0.02,0.0
7774,株式会社ジャパン・ティッシュエンジニアリング,27005783000.0,150000000.0,0.0,0.01,0.0
3910,株式会社エムケイシステム,1698964000.0,0.0,0.0,0.0,0.0
4380,株式会社Ｍマート,6015684000.0,0.0,0.0,0.0,0.0
2329,株式会社東北新社,92395755318.0,8854000000.0,0.0,0.1,0.0
3948,光ビジネスフォーム株式会社,6966722212.0,1227487000.0,0.0,0.18,0.0
9119,飯野海運株式会社,113909400000.0,25660000000.0,0.0,0.23,0.0
6977,株式会社日本抵抗器製作所,1054000000.0,308521000.0,0.0,0.29,0.0
6062,株式会社チャーム・ケア・コーポレーション,42721872000.0,10000000.0,0.0,0.0,0.0
3943,大石産業株式会社,11258896000.0,1528000000.0,0.0,0.14,0.0
5869,株式会社早稲田学習研究会,10844347500.0,524590000.0,0.0,0.05,0.0
6630,ヤーマン株式会社,49362408000.0,300000000.0,0.0,0.01,0.0
3179,シュッピン株式会社,28452996966.0,0.0,0.0,0.0,0.0
7018,内海造船株式会社,12256320000.0,1014000000.0,0.0,0.08,0.0
1301,株式会社　極洋,55619190000.0,14053000000.0,0.0,0.25,0.0
1969,高砂熱学工業株式会社,520263250614.0,43220000000.0,0.0,0.08,0.0
3909,株式会社ショーケース,3422361600.0,42091000.0,0.0,0.01,0.0
7686,株式会社カクヤスグループ,13812901200.0,380000000.0,0.0,0.03,0.0
3042,株式会社セキュアヴェイル,2391590000.0,59397000.0,0.0,0.02,0.0
8022,美津濃株式会社,70697480000.0,9569000000.0,0.0,0.14,0.0
3231,野村不動産ホールディングス株式会社,157313184279.41895,189916000000.0,0.0,1.21,0.0
4410,ハリマ化成グループ株式会社,21098720000.0,9292000000.0,0.0,0.44,0.0
6419,株式会社マースグループホールディングス,65342720000.0,16113027000.0,0.0,0.25,0.0
7128,フルサト・マルカホールディングス株式会社,58231188000.0,3116000000.0,0.0,0.05,0.0
6379,レイズネクスト株式会社,98910864778.0,4711000000.0,0.0,0.05,0.0
7539,株式会社アイナボホールディングス,8141826180.0,2222055000.0,0.0,0.27,0.0
6822,大井電気株式会社,4637850000.0,664452000.0,0.0,0.14,0.0
7846,株式会社パイロットコーポレーション,172906280400.0,8937000000.0,0.0,0.05,0.0
4169,ＥＮＥＣＨＡＮＧＥ株式会社,9218833832.0,1018705000.0,0.0,0.11,0.0
3288,株式会社オープンハウスグループ,796607223000.0,33371000000.0,0.0,0.04,0.0
1605,株式会社ＩＮＰＥＸ,2581228937350.0,26545000000.0,0.0,0.01,0.0
6960,フクダ電子株式会社,256302130000.0,14740000000.0,0.0,0.06,0.0
3556,リネットジャパングループ株式会社,8892983400.0,104361000.0,0.0,0.01,0.0
4552,ＪＣＲファーマ株式会社,87278678000.0,9629000000.0,0.0,0.11,0.0
3817,株式会社ＳＲＡホールディングス,71475600000.0,9323000000.0,0.0,0.13,0.0
8011,株式会社三陽商会,34081921800.0,6298000000.0,0.0,0.18,0.0
1726,株式会社ビーアールホールディングス,15066555000.0,476000000.0,0.0,0.03,0.0
8860,フジ住宅株式会社,24946773000.0,872711000.0,0.0,0.03,0.0
6946,日本アビオニクス株式会社,69402960000.0,19000000.0,0.0,0.0,0.0
4760,株式会社アルファ,2570566752.0,65810000.0,0.0,0.03,0.0
9692,株式会社シーイーシー,79114762400.0,2231000000.0,0.0,0.03,0.0
3996,サインポスト株式会社,3914656470.0,7193000.0,0.0,0.0,0.0
6408,小倉クラッチ株式会社,5778361560.0,1010000000.0,0.0,0.17,0.0
9984,ソフトバンクグループ株式会社,15699549056400.0,512128000000.0,0.0,0.03,0.0
1980,ダイダン株式会社,207522945000.0,17116000000.0,0.0,0.08,0.0
4371,株式会社コアコンセプト・テクノロジー,21299896800.0,196091000.0,0.0,0.01,0.0
1380,株式会社秋川牧園,4208253000.0,118784000.0,0.0,0.03,0.0
3710,ジョルダン株式会社,3037390000.0,402261000.0,0.0,0.13,0.0
1375,ユキグニファクトリー株式会社,44420609100.0,88000000.0,0.0,0.0,0.0
8908,株式会社毎日コムネット,13878000000.0,178362000.0,0.0,0.01,0.0
9262,株式会社シルバーライフ,8156160400.0,0.0,0.0,0.0,0.0
3955,株式会社イムラ,10428947640.0,960000000.0,0.0,0.09,0.0
4069,株式会社ＢｌｕｅＭｅｍｅ,5099583590.0,117043000.0,0.0,0.02,0.0
3077,ホリイフードサービス株式会社,1820070000.0,147923000.0,0.0,0.08,0.0
7571,株式会社ヤマノホールディングス,3511340000.0,121975000.0,0.0,0.03,0.0
7851,カワセコンピュータサプライ株式会社,1295160000.0,589732000.0,0.0,0.46,0.0
4888,ステラファーマ株式会社,14226253800.0,0.0,0.0,0.0,0.0
4586,株式会社メドレックス,3562132500.0,31191000.0,0.0,0.01,0.0
9432,日本電信電話株式会社,13600657246942.365,769083000000.0,0.0,0.06,0.0
5285,株式会社ヤマックス,20461860000.0,378924000.0,0.0,0.02,0.0
9171,栗林商船株式会社,14051884688.0,18893177000.0,0.0,1.34,0.0
3680,株式会社ホットリンク,4805705800.0,339241000.0,0.0,0.07,0.0
5831,株式会社しずおかフィナンシャルグループ,1001012589500.0,0.0,0.0,0.0,0.0
6919,ケル株式会社,10592424000.0,1225958000.0,0.0,0.12,0.0
2769,株式会社ヴィレッジヴァンガードコーポレーション,7979625500.0,0.0,0.0,0.0,0.0
7071,株式会社アンビスホールディングス,48467328000.0,0.0,0.0,0.0,0.0
7388,株式会社ＦＰパートナー,45742160600.0,1007000.0,0.0,0.0,0.0
4334,株式会社ユークス,4571552000.0,119709000.0,0.0,0.03,0.0
2876,株式会社デルソーレ,3796905930.0,194829000.0,0.0,0.05,0.0
6088,株式会社シグマクシス・ホールディングス,104130000000.0,3024643000.0,0.0,0.03,0.0
5609,日本鋳造株式会社,4197793500.0,112000000.0,0.0,0.03,0.0
3878,株式会社巴川コーポレーション,7376478260.0,6318000000.0,0.0,0.86,0.0
5867,株式会社エスネットワークス,3554084600.0,127606000.0,0.0,0.04,0.0
3696,株式会社セレス,31105760400.0,1143278000.0,0.0,0.04,0.0
8111,株式会社ゴールドウイン,375740712000.0,33014000000.0,0.0,0.09,0.0
4642,オリジナル設計株式会社,11656216000.0,767611000.0,0.0,0.07,0.0
3063,株式会社ジェイグループホールディングス,9336221100.0,7330000.0,0.0,0.0,0.0
2612,かどや製油株式会社,34169000000.0,2213000000.0,0.0,0.06,0.0
1414,ショーボンドホールディングス株式会社,269369369460.0,11511000000.0,0.0,0.04,0.0
8098,稲畑産業株式会社,180009477830.0,36230000000.0,0.0,0.2,0.0
5721,株式会社エス・サイエンス,16424874884.0,1377000.0,0.0,0.0,0.0
6190,株式会社フェニックスバイオ,1586378103.0,9397000.0,0.0,0.01,0.0
6071,株式会社ＩＢＪ,35994000000.0,1604165000.0,0.0,0.04,0.0
1946,株式会社トーエネック,123518636100.0,25958000000.0,0.0,0.21,0.0
3915,株式会社テラスカイ,29079273380.0,4269158000.0,0.0,0.15,0.0
3490,株式会社アズ企画設計,3344952000.0,30145000.0,0.0,0.01,0.0
7898,株式会社ウッドワン,8129466394.0,3276000000.0,0.0,0.4,0.0
2903,シノブフーズ株式会社,20501000000.0,0.0,0.0,0.0,0.0
1764,工藤建設株式会社,3539713980.0,289480000.0,0.0,0.08,0.0
9696,株式会社ウィザス,32752200000.0,2558850000.0,0.0,0.08,0.0
6282,オイレス工業株式会社,69030900000.0,7545000000.0,0.0,0.11,0.0
8418,株式会社山口フィナンシャルグループ,386544879744.0,9958000000.0,0.0,0.03,0.0
7794,株式会社イーディーピー,8209609600.0,0.0,0.0,0.0,0.0
8416,株式会社高知銀行,8184956000.0,0.0,0.0,0.0,0.0
9791,株式会社ビケンテクノ,7432434000.0,1791651000.0,0.0,0.24,0.0
8801,三井不動産株式会社,3769866095000.0,1334510000000.0,0.0,0.35,0.0
7256,河西工業株式会社,3793125888.0,2730000000.0,0.0,0.72,0.0
7707,プレシジョン・システム・サイエンス株式会社,5339711700.0,55172000.0,0.0,0.01,0.0
5103,昭和ホールディングス株式会社,4119845004.0,2302207000.0,0.0,0.56,0.0
6366,千代田化工建設株式会社,141044976000.0,3976000000.0,0.0,0.03,0.0
5446,北越メタル株式会社,4952560000.0,2199120000.0,0.0,0.44,0.0
7715,長野計器株式会社,38010916704.0,9320227000.0,0.0,0.25,0.0
2978,株式会社ツクルバ,6730905600.0,32421000.0,0.0,0.0,0.0
7906,ヨネックス株式会社,281862878000.0,276000000.0,0.0,0.0,0.0
4714,株式会社　リソー教育,37625548821.0,82650000.0,0.0,0.0,0.0
1663,Ｋ＆Ｏエナジーグループ株式会社,79085946251.0,15837000000.0,0.0,0.2,0.0
7092,株式会社Ｆａｓｔ　Ｆｉｔｎｅｓｓ　Ｊａｐａｎ,27496266680.0,2000000.0,0.0,0.0,0.0
4099,四国化成ホールディングス株式会社,105487019000.0,24023000000.0,0.0,0.23,0.0
3727,株式会社アプリックス,3370464020.0,39535000.0,0.0,0.01,0.0
4307,株式会社野村総合研究所,3143932569000.0,47165000000.0,0.0,0.02,0.0
7917,ＺＡＣＲＯＳ株式会社,73602843200.0,2667000000.0,0.0,0.04,0.0
8841,株式会社テーオーシー,66163545000.0,23027000000.0,0.0,0.35,0.0
8015,豊田通商株式会社,3465857447000.0,298520000000.0,0.0,0.09,0.0
3134,Ｈａｍｅｅ株式会社,19673971200.0,643592000.0,0.0,0.03,0.0
5386,株式会社鶴弥,3107120000.0,874527000.0,0.0,0.28,0.0
3798,ＵＬＳグループ株式会社,45158800000.0,461000000.0,0.0,0.01,0.0
7581,株式会社サイゼリヤ,261882720000.0,0.0,0.0,0.0,0.0
7504,株式会社高速,58375748520.0,5931900000.0,0.0,0.1,0.0
8871,株式会社ゴールドクレスト,121128840000.0,15078000000.0,0.0,0.12,0.0
2307,株式会社クロスキャット,17209742088.0,1255126000.0,0.0,0.07,0.0
3159,丸善ＣＨＩホールディングス株式会社,30450266000.0,4476000000.0,0.0,0.15,0.0
4120,スガイ化学工業株式会社,2884673000.0,1763585000.0,0.0,0.61,0.0
5161,西川ゴム工業株式会社,54226440000.0,26041000000.0,0.0,0.48,0.0
7039,ブリッジインターナショナル株式会社,6904075200.0,343156000.0,0.0,0.05,0.0
4495,株式会社アイキューブドシステムズ,9520231250.0,271938000.0,0.0,0.03,0.0
6867,リーダー電子株式会社,2342922219.0,155508000.0,0.0,0.07,0.0
2404,株式会社鉄人化ホールディングス,7697112168.0,0.0,0.0,0.0,0.0
3557,ユナイテッド＆コレクティブ株式会社,4341153100.0,0.0,0.0,0.0,0.0
9613,株式会社ＮＴＴデータグループ,5556705000000.0,3287000000.0,0.0,0.0,0.0
6250,株式会社やまびこ,94568469632.0,3908000000.0,0.0,0.04,0.0
3024,クリエイト株式会社,4262706000.0,150115000.0,0.0,0.04,0.0
6937,古河電池株式会社,45165600000.0,1655000000.0,0.0,0.04,0.0
8052,椿本興業株式会社,48832237035.0,15459000000.0,0.0,0.32,0.0
6570,株式会社共和コーポレーション,6086210130.0,330733000.0,0.0,0.05,0.0
3097,株式会社物語コーポレーション,140511108750.0,188000000.0,0.0,0.0,0.0
3409,株式会社北紡,5911592000.0,140784000.0,0.0,0.02,0.0
4813,株式会社ＡＣＣＥＳＳ,29571954000.0,675971000.0,0.0,0.02,0.0
8057,株式会社内田洋行,104294190000.0,20264000000.0,0.0,0.19,0.0
4293,株式会社セプテーニ・ホールディングス,90686161566.0,4701920000.0,0.0,0.05,0.0
4012,株式会社アクシス,7186124400.0,0.0,0.0,0.0,0.0
5588,ファーストアカウンティング株式会社,17349860640.0,0.0,0.0,0.0,0.0
1381,株式会社アクシーズ,16485895000.0,1122000000.0,0.0,0.07,0.0
6118,アイダエンジニアリング株式会社,60080931174.0,9979000000.0,0.0,0.17,0.0
1992,神田通信機株式会社,7261092336.0,2018540000.0,0.0,0.28,0.0
4578,大塚ホールディングス株式会社,3669860318616.0,11689000000.0,0.0,0.0,0.0
9990,株式会社サックスバーホールディングス,24007359600.0,4376931000.0,0.0,0.18,0.0
7602,株式会社レダックス,3230205206.0,62908000.0,0.0,0.02,0.0
8601,株式会社大和証券グループ本社,1596842115000.0,618456000000.0,0.0,0.39,0.0
4658,日本空調サービス株式会社,39255048000.0,6094000000.0,0.0,0.16,0.0
4231,タイガースポリマー株式会社,16812796000.0,4916875000.0,0.0,0.29,0.0
9237,株式会社笑美面,4637685100.0,0.0,0.0,0.0,0.0
3845,株式会社アイフリークモバイル,2411379433.0,0.0,0.0,0.0,0.0
8737,株式会社あかつき本社,17116587000.0,3772268000.0,0.0,0.22,0.0
4644,イマジニア株式会社,10680947000.0,746086000.0,0.0,0.07,0.0
2304,株式会社ＣＳＳホールディングス,4799324800.0,538668000.0,0.0,0.11,0.0
6867,リーダー電子株式会社,2334099219.0,168671000.0,0.0,0.07,0.0
3641,株式会社パピレス,9159162000.0,66000000.0,0.0,0.01,0.0
7508,株式会社Ｇ‐７ホールディングス,59319566000.0,123000000.0,0.0,0.0,0.0
1898,世紀東急工業株式会社,53666016000.0,415000000.0,0.0,0.01,0.0
4980,デクセリアルズ株式会社,377799147000.0,845000000.0,0.0,0.0,0.0
7064,株式会社ハウテレビジョン,3468555830.0,0.0,0.0,0.0,0.0
4476,ＡＩ　ＣＲＯＳＳ株式会社,6758523900.0,74498000.0,0.0,0.01,0.0
6498,株式会社キッツ,105954389310.0,5512000000.0,0.0,0.05,0.0
5602,株式会社栗本鐵工所,84978720000.0,20151000000.0,0.0,0.24,0.0
8309,三井住友トラストグループ株式会社,2779380815000.0,642000000.0,0.0,0.0,0.0
4189,ＫＨネオケム株式会社,99820437800.0,7370000000.0,0.0,0.07,0.0
9067,株式会社丸運,13063417499.0,2639000000.0,0.0,0.2,0.0
3317,株式会社フライングガーデン,3651903360.0,0.0,0.0,0.0,0.0
3690,株式会社イルグルム,3402869610.0,56828000.0,0.0,0.02,0.0
2338,クオンタムソリューションズ株式会社,21851336454.0,0.0,0.0,0.0,0.0
9417,株式会社スマートバリュー,4133082600.0,1593000.0,0.0,0.0,0.0
2753,株式会社　あみやき亭,30593589600.0,0.0,0.0,0.0,0.0
8291,日産東京販売ホールディングス株式会社,33384135000.0,6216000000.0,0.0,0.19,0.0
8316,株式会社三井住友フィナンシャルグループ,14022848103380.0,107820000000.0,0.0,0.01,0.0
4755,楽天グループ株式会社,1691700549019.8486,78225000000.0,0.0,0.05,0.0
6343,フリージア・マクロス株式会社,4780494000.0,6383065000.0,0.0,1.34,0.0
7857,セキ株式会社,6099324000.0,4804270000.0,0.0,0.79,0.0
7048,ベルトラ株式会社,10979694000.0,9774000.0,0.0,0.0,0.0
3566,ユニフォームネクスト株式会社,5956320222.0,5000000.0,0.0,0.0,0.0
3377,株式会社バイク王＆カンパニー,6310027200.0,580481000.0,0.0,0.09,0.0
6425,株式会社ユニバーサルエンターテインメント,77067395000.0,10250000000.0,0.0,0.13,0.0
3054,株式会社ハイパー,2977871000.0,44291000.0,0.0,0.01,0.0
8130,株式会社サンゲツ,174048000000.0,8203000000.0,0.0,0.05,0.0
6538,株式会社ディスラプターズ,4346254800.0,2000000.0,0.0,0.0,0.0
1963,日揮ホールディングス株式会社,335556265000.0,80386000000.0,0.0,0.24,0.0
6080,Ｍ＆Ａキャピタルパートナーズ株式会社,91878787000.0,2819955000.0,0.0,0.03,0.0
8179,ロイヤルホールディングス株式会社,130787664026.0,8817000000.0,0.0,0.07,0.0
4569,杏林製薬株式会社,96911904000.0,20042000000.0,0.0,0.21,0.0
4809,パラカ株式会社,19297825600.0,24000000.0,0.0,0.0,0.0
4437,ｇｏｏｄｄａｙｓホールディングス株式会社,4911316440.0,103501000.0,0.0,0.02,0.0
9110,ＮＳユナイテッド海運株式会社,92887625000.0,5506000000.0,0.0,0.06,0.0
4112,保土谷化学工業株式会社,12240915000.0,10223000000.0,0.0,0.84,0.0
3840,パス株式会社,6250356276.0,0.0,0.0,0.0,0.0
6862,ミナトホールディングス株式会社,5975988356.0,725003000.0,0.0,0.12,0.0
3137,株式会社ファンデリー,2626860600.0,0.0,0.0,0.0,0.0
6390,株式会社加藤製作所,15406816000.0,2823000000.0,0.0,0.18,0.0
6058,株式会社ベクトル,51558528861.0,1326000000.0,0.0,0.03,0.0
3904,株式会社カヤック,7007328000.0,638757000.0,0.0,0.09,0.0
8014,蝶理株式会社,100579425000.0,10382000000.0,0.0,0.1,0.0
7856,萩原工業株式会社,22748635200.0,157235000.0,0.0,0.01,0.0
9220,エフビー介護サービス株式会社,2820504000.0,48765000.0,0.0,0.02,0.0
7674,株式会社ＮＡＴＴＹ　ＳＷＡＮＫＹホールディングス,8099437600.0,0.0,0.0,0.0,0.0
6459,大和冷機工業株式会社,86212239000.0,546569000.0,0.0,0.01,0.0
4440,株式会社ヴィッツ,5721120000.0,196730000.0,0.0,0.03,0.0
8891,ＡＭＧホールディングス株式会社,6314842304.0,84718000.0,0.0,0.01,0.0
6928,株式会社エノモト,9350620320.0,523139000.0,0.0,0.06,0.0
4446,Ｌｉｎｋ－Ｕグループ株式会社,4719575700.0,176457000.0,0.0,0.04,0.0
7096,株式会社ステムセル研究所,10564244600.0,647856000.0,0.0,0.06,0.0
3688,株式会社ＣＡＲＴＡ　ＨＯＬＤＩＮＧＳ,52651320651.0,5596000000.0,0.0,0.11,0.0
3979,株式会社うるる,11052938400.0,515150000.0,0.0,0.05,0.0
9932,杉本商事株式会社,42199098000.0,4280783000.0,0.0,0.1,0.0
7621,株式会社うかい,20229601700.0,136230000.0,0.0,0.01,0.0
1743,コーアツ工業株式会社,3602400000.0,1047754000.0,0.0,0.29,0.0
4073,株式会社ジィ・シィ企画,1476128240.0,0.0,0.0,0.0,0.0
4392,ＦＩＧ株式会社,9190499980.0,829000000.0,0.0,0.09,0.0
3673,株式会社ブロードリーフ,76359504000.0,550642000.0,0.0,0.01,0.0
8279,株式会社ヤオコー,416429222720.0,909000000.0,0.0,0.0,0.0
4055,ティアンドエスグループ株式会社,9007176000.0,30400000.0,0.0,0.0,0.0
4718,株式会社早稲田アカデミー,49792428000.0,669317000.0,0.0,0.01,0.0
2185,株式会社シイエム・シイ,21474180000.0,1366951000.0,0.0,0.06,0.0
2734,株式会社サーラコーポレーション,61616253000.0,10374000000.0,0.0,0.17,0.0
2315,株式会社ＣＡＩＣＡ　ＤＩＧＩＴＡＬ,9013012404.0,621483000.0,0.0,0.07,0.0
6208,株式会社石川製作所,9213555000.0,1414462000.0,0.0,0.15,0.0
4540,株式会社ツムラ,278863129146.0,10276000000.0,0.0,0.04,0.0
6417,株式会社三共,717470000000.0,5349000000.0,0.0,0.01,0.0
5259,ＢＢＤイニシアティブ株式会社,6658590902.0,0.0,0.0,0.0,0.0
6632,株式会社ＪＶＣケンウッド,185812000000.0,4357000000.0,0.0,0.02,0.0
3836,株式会社アバントグループ,56242901394.0,1037000000.0,0.0,0.02,0.0
7273,株式会社イクヨ,1477506800.0,349818000.0,0.0,0.24,0.0
9024,株式会社西武ホールディングス,1356280023560.0,86672000000.0,0.0,0.06,0.0
3662,株式会社エイチームホールディングス,25132284000.0,2356000000.0,0.0,0.09,0.0
9731,株式会社白洋舍,14820000000.0,2544000000.0,0.0,0.17,0.0
9322,川西倉庫株式会社,9471926000.0,1638208000.0,0.0,0.17,0.0
5699,株式会社イボキン,4904323200.0,438308000.0,0.0,0.09,0.0
1807,株式会社佐藤渡辺,5327231900.0,3466299000.0,0.0,0.65,0.0
6405,鈴茂器工株式会社,22731840000.0,47229000.0,0.0,0.0,0.0
7603,株式会社マックハウス,6347979000.0,0.0,0.0,0.0,0.0
6049,株式会社イトクロ,6509160000.0,1488936000.0,0.0,0.23,0.0
9221,フルハシＥＰＯ株式会社,13181372400.0,282406000.0,0.0,0.02,0.0
5034,株式会社ｕｎｅｒｒｙ,8636023800.0,0.0,0.0,0.0,0.0
3184,ＩＣＤＡホールディングス株式会社,8095500000.0,460831000.0,0.0,0.06,0.0
4175,株式会社ｃｏｌｙ,12265964100.0,1740664000.0,0.0,0.14,0.0
9164,株式会社トライト,88000000000.0,0.0,0.0,0.0,0.0
4544,Ｈ．Ｕ．グループホールディングス株式会社,185180654484.0,1801000000.0,0.0,0.01,0.0
7163,住信ＳＢＩネット銀行株式会社,735115875000.0,0.0,0.0,0.0,0.0
2804,ブルドックソース株式会社,26193309760.0,9475969000.0,0.0,0.36,0.0
7081,コーユーレンティア株式会社,5969173900.0,263829000.0,0.0,0.04,0.0
2001,株式会社ニップン,166949232000.0,85530000000.0,0.0,0.51,0.0
6976,太陽誘電株式会社,339609798448.0,20000000.0,0.0,0.0,0.0
8622,水戸証券株式会社,35143615000.0,12602000000.0,0.0,0.36,0.0
9033,広島電鉄株式会社,18937101000.0,9329000000.0,0.0,0.49,0.0
1976,明星工業株式会社,83667606000.0,6297000000.0,0.0,0.08,0.0
2903,シノブフーズ株式会社,20501000000.0,0.0,0.0,0.0,0.0
8141,新光商事株式会社,36109500000.0,6103000000.0,0.0,0.17,0.0
5903,シンポ株式会社,7412005950.0,442811000.0,0.0,0.06,0.0
7997,株式会社くろがね工作所,1537596000.0,1313701000.0,0.0,0.85,0.0
3449,株式会社テクノフレックス,30053520000.0,431274000.0,0.0,0.01,0.0
4997,日本農薬株式会社,70655624684.0,11883000000.0,0.0,0.17,0.0
9534,北海道瓦斯株式会社,52592577000.0,9435000000.0,0.0,0.18,0.0
4169,ＥＮＥＣＨＡＮＧＥ株式会社,12692153760.0,1419994000.0,0.0,0.11,0.0
3771,株式会社システムリサーチ,32737760000.0,12879000.0,0.0,0.0,0.0
6226,守谷輸送機工業株式会社,70885866000.0,488131000.0,0.0,0.01,0.0
3059,ヒラキ株式会社,4320392800.0,126497000.0,0.0,0.03,0.0
5331,ノリタケ株式会社,113524496180.0,42879000000.0,0.0,0.38,0.0
9362,兵機海運株式会社,4694040000.0,2078000000.0,0.0,0.44,0.0
6412,株式会社平和,204009596000.0,8520000000.0,0.0,0.04,0.0
6737,ＥＩＺＯ株式会社,94386414000.0,50716000000.0,0.0,0.54,0.0
6013,株式会社タクマ,169528280000.0,22102000000.0,0.0,0.13,0.0
3649,株式会社ファインデックス,19663903200.0,2315050000.0,0.0,0.12,0.0
8836,株式会社ＲＩＳＥ,4397076112.0,6000000.0,0.0,0.0,0.0
2590,ダイドーグループホールディングス株式会社,44269696000.0,18070000000.0,0.0,0.41,0.0
6958,日本シイエムケイ株式会社,24084688888.0,4041000000.0,0.0,0.17,0.0
2801,キッコーマン株式会社,1257332552000.0,60098000000.0,0.0,0.05,0.0
7509,アイエーグループ株式会社,5857481600.0,109948000.0,0.0,0.02,0.0
7229,株式会社ユタカ技研,39035880000.0,0.0,0.0,0.0,0.0
1384,株式会社　ホクリヨウ,13365220000.0,530000000.0,0.0,0.04,0.0
4202,株式会社ダイセル,346039029000.0,56652000000.0,0.0,0.16,0.0
1430,ファーストコーポレーション株式会社,11880187060.0,32033000.0,0.0,0.0,0.0
3796,株式会社いい生活,3552981600.0,0.0,0.0,0.0,0.0
7849,スターツ出版株式会社,16320000000.0,180375000.0,0.0,0.01,0.0
4019,株式会社スタメン,9339660000.0,33151000.0,0.0,0.0,0.0
9733,株式会社ナガセ,58333054932.0,19360000000.0,0.0,0.33,0.0
6055,ジャパンマテリアル株式会社,147524776560.0,413000000.0,0.0,0.0,0.0
2170,株式会社リンクアンドモチベーション,53519000000.0,498000000.0,0.0,0.01,0.0
7164,全国保証株式会社,218805676830.0,285124000000.0,0.0,1.3,0.0
3140,ＢＲＵＮＯ株式会社,14702632650.0,0.0,0.0,0.0,0.0
4346,株式会社ＮＥＸＹＺ．Ｇｒｏｕｐ,12407012040.0,2746000000.0,0.0,0.22,0.0
2479,株式会社ジェイテック,2143100000.0,5031000.0,0.0,0.0,0.0
5586,株式会社Ｌａｂｏｒｏ．ＡＩ,17460470202.0,0.0,0.0,0.0,0.0
2984,ヤマイチエステート株式会社,5741836800.0,320695000.0,0.0,0.06,0.0
2229,カルビー株式会社,357927390500.0,3263000000.0,0.0,0.01,0.0
9193,東京汽船株式会社,9219210000.0,2593958000.0,0.0,0.28,0.0
8218,株式会社コメリ,163499045000.0,1699000000.0,0.0,0.01,0.0
2914,日本たばこ産業株式会社,8666000000000.0,21707000000.0,0.0,0.0,0.0
6391,株式会社加地テック,5643630000.0,0.0,0.0,0.0,0.0
6457,グローリー株式会社,215772786810.0,11011000000.0,0.0,0.05,0.0
9307,株式会社杉村倉庫,12790401000.0,865679000.0,0.0,0.07,0.0
8008,株式会社ヨンドシーホールディングス,42189954000.0,21475000000.0,0.0,0.51,0.0
2747,北雄ラッキー株式会社,3876121600.0,280686000.0,0.0,0.07,0.0
2206,江崎グリコ株式会社,308516808000.0,46694000000.0,0.0,0.15,0.0
2877,日東ベスト株式会社,9270637560.0,3524705000.0,0.0,0.38,0.0
7525,リックス株式会社,27388800000.0,3836028000.0,0.0,0.14,0.0
2351,株式会社ＡＳＪ,2711325100.0,34212000.0,0.0,0.01,0.0
7649,スギホールディングス株式会社,709622039790.0,13936000000.0,0.0,0.02,0.0
9560,株式会社プログリット,13204347840.0,11267000.0,0.0,0.0,0.0
3611,株式会社マツオカコーポレーション,19221995000.0,528000000.0,0.0,0.03,0.0
6484,株式会社ＫＶＫ,16145025320.0,1686605000.0,0.0,0.1,0.0
6516,山洋電気株式会社,127776041950.0,7673000000.0,0.0,0.06,0.0
9219,株式会社ギックス,5040161322.0,2500000.0,0.0,0.0,0.0
7161,株式会社じもとホールディングス,9286640000.0,0.0,0.0,0.0,0.0
9330,株式会社揚羽,1109423400.0,0.0,0.0,0.0,0.0
6798,ＳＭＫ株式会社,16142400000.0,4205000000.0,0.0,0.26,0.0
4465,株式会社ニイタカ,12070233000.0,441364000.0,0.0,0.04,0.0
7634,株式会社星医療酸器,15595200000.0,2966992000.0,0.0,0.19,0.0
6844,新電元工業株式会社,24275699632.0,14913000000.0,0.0,0.61,0.0
7762,シチズン時計株式会社,213036000000.0,36993000000.0,0.0,0.17,0.0
3591,株式会社ワコールホールディングス,279553500000.0,233000000.0,0.0,0.0,0.0
8725,ＭＳ＆ＡＤインシュアランスグループホールディングス株式会社,5013376566000.0,162311000000.0,0.0,0.03,0.0
3374,内外テック株式会社,7195023450.0,649945000.0,0.0,0.09,0.0
9972,アルテック株式会社,3606414000.0,232103000.0,0.0,0.06,0.0
5122,オカモト株式会社,86541665000.0,30979000000.0,0.0,0.36,0.0
2667,株式会社イメージワン,2657685600.0,213491000.0,0.0,0.08,0.0
6267,ゼネラルパッカー株式会社,5612256000.0,89091000.0,0.0,0.02,0.0
8023,ＤＡＩＫＯ　ＸＴＥＣＨ株式会社,14561828400.0,2359370000.0,0.0,0.16,0.0
3160,株式会社大光,8275114800.0,1080054000.0,0.0,0.13,0.0
2531,宝ホールディングス株式会社,237294156000.0,34467000000.0,0.0,0.15,0.0
3825,株式会社リミックスポイント,71073903600.0,350000000.0,0.0,0.0,0.0
3166,ＯＣＨＩホールディングス株式会社,19109801880.0,1954000000.0,0.0,0.1,0.0
3193,株式会社エターナルホスピタリティグループ,36319687500.0,161375000.0,0.0,0.0,0.0
6339,新東工業株式会社,47320860000.0,32985000000.0,0.0,0.7,0.0
7887,南海プライウッド株式会社,6154900000.0,876922000.0,0.0,0.14,0.0
5187,クリエートメディック株式会社,9219767958.0,619533000.0,0.0,0.07,0.0
8999,グランディハウス株式会社,16798644000.0,377850000.0,0.0,0.02,0.0
4845,株式会社スカラ,7438699321.0,641175000.0,0.0,0.09,0.0
6836,ぷらっとホーム株式会社,2676410000.0,1400000.0,0.0,0.0,0.0
4528,小野薬品工業株式会社,810374500000.0,77923000000.0,0.0,0.1,0.0
6971,京セラ株式会社,2433374129520.0,1661193000000.0,0.0,0.68,0.0
4892,株式会社サイフューズ,5573848800.0,0.0,0.0,0.0,0.0
8006,ユアサ・フナショク株式会社,23015900000.0,11927000000.0,0.0,0.52,0.0
4694,株式会社ビー・エム・エル,143801048400.0,3127000000.0,0.0,0.02,0.0
3028,株式会社アルペン,89481288000.0,4309000000.0,0.0,0.05,0.0
3851,株式会社日本一ソフトウェア,4306319600.0,1174718000.0,0.0,0.27,0.0
9081,神奈川中央交通株式会社,44100000000.0,17864000000.0,0.0,0.41,0.0
2764,株式会社ひらまつ,9940473200.0,56371000.0,0.0,0.01,0.0
8158,ソーダニッカ株式会社,24966216000.0,13794000000.0,0.0,0.55,0.0
7500,西川計測株式会社,31853368000.0,6316841000.0,0.0,0.2,0.0
4624,イサム塗料株式会社,6950000000.0,7218571000.0,0.0,1.04,0.0
5363,東京窯業株式会社,26058321000.0,12379783000.0,0.0,0.48,0.0
6571,キュービーネットホールディングス株式会社,15827061600.0,0.0,0.0,0.0,0.0
8558,株式会社東和銀行,27773460000.0,0.0,0.0,0.0,0.0
9087,タカセ株式会社,2488620000.0,497270000.0,0.0,0.2,0.0
5218,株式会社オハラ,27867750000.0,7839288000.0,0.0,0.28,0.0
3947,ダイナパック株式会社,20758730501.0,21481996000.0,0.0,1.03,0.0
7775,大研医器株式会社,14009600000.0,0.0,0.0,0.0,0.0
6982,株式会社リード,1558712320.0,936557000.0,0.0,0.6,0.0
4539,日本ケミファ株式会社,6319063000.0,1923000000.0,0.0,0.3,0.0
9160,株式会社ノバレーゼ,7800000000.0,0.0,0.0,0.0,0.0
4920,株式会社日本色材工業研究所,2202245424.0,259060000.0,0.0,0.12,0.0
8850,スターツコーポレーション株式会社,246231814800.0,13920000000.0,0.0,0.06,0.0
2217,モロゾフ株式会社,11206842612.0,1274819000.0,0.0,0.11,0.0
2321,株式会社ソフトフロントホールディングス,5160050286.0,41568000.0,0.0,0.01,0.0
6488,株式会社ヨシタケ,10479079392.0,3827805000.0,0.0,0.37,0.0
4020,ビートレンド株式会社,1436861200.0,0.0,0.0,0.0,0.0
3031,株式会社ラクーンホールディングス,14719664666.0,461733000.0,0.0,0.03,0.0
6794,フォスター電機株式会社,42950000000.0,2328000000.0,0.0,0.05,0.0
9101,日本郵船株式会社,2383370000000.0,1987760000000.0,0.0,0.83,0.0
5698,株式会社エンビプロ・ホールディングス,15679530798.0,3500444000.0,0.0,0.22,0.0
2983,株式会社アールプランナー,9605876840.0,0.0,0.0,0.0,0.0
9633,東京テアトル株式会社,9014625000.0,3378265000.0,0.0,0.37,0.0
7814,株式会社日本創発グループ,28356000000.0,5745000000.0,0.0,0.2,0.0
4496,株式会社コマースＯｎｅホールディングス,5682786000.0,443689000.0,0.0,0.08,0.0
3628,株式会社データホライゾン,7550928000.0,59996000.0,0.0,0.01,0.0
3439,株式会社三ツ知,3219552280.0,264572000.0,0.0,0.08,0.0
7080,株式会社スポーツフィールド,5141703360.0,0.0,0.0,0.0,0.0
2708,株式会社久世,7670450166.0,1731000000.0,0.0,0.23,0.0
3661,株式会社エムアップホールディングス,75912487040.0,1977000000.0,0.0,0.03,0.0
1997,暁飯島工業株式会社,6085200000.0,529218000.0,0.0,0.09,0.0
2344,平安レイサービス株式会社,11223797040.0,5308282000.0,0.0,0.47,0.0
9369,株式会社キユーソー流通システム,81138560000.0,4107000000.0,0.0,0.05,0.0
9159,株式会社Ｗ　ＴＯＫＹＯ,4480515300.0,14000000.0,0.0,0.0,0.0
6464,株式会社ツバキ・ナカシマ,14393461600.0,183000000.0,0.0,0.01,0.0
2872,株式会社セイヒョー,3582394530.0,115667000.0,0.0,0.03,0.0
3392,デリカフーズホールディングス株式会社,9757712000.0,699354000.0,0.0,0.07,0.0
9327,株式会社イー・ロジット,2849338000.0,149520000.0,0.0,0.05,0.0
6328,荏原実業株式会社,47194500000.0,6437000000.0,0.0,0.14,0.0
6235,株式会社オプトラン,70174356000.0,430562000.0,0.0,0.01,0.0
2391,株式会社プラネット,8569577600.0,1099584000.0,0.0,0.13,0.0
4936,株式会社アクシージア,12004659000.0,0.0,0.0,0.0,0.0
3141,ウエルシアホールディングス株式会社,567902804000.0,956000000.0,0.0,0.0,0.0
8237,株式会社松屋,59950845000.0,9233000000.0,0.0,0.15,0.0
7550,株式会社ゼンショーホールディングス,1273810808125.0,1528000000.0,0.0,0.0,0.0
6407,ＣＫＤ株式会社,182812236708.0,8599000000.0,0.0,0.05,0.0
2926,株式会社　篠崎屋,1616899200.0,0.0,0.0,0.0,0.0
1803,清水建設株式会社,1188987736167.0,299507000000.0,0.0,0.25,0.0
4432,ウイングアーク１ｓｔ株式会社,127330311150.0,4321085000.0,0.0,0.03,0.0
7172,株式会社ジャパンインベストメントアドバイザー,111853973049.0,10443000000.0,0.0,0.09,0.0
7447,ナガイレーベン株式会社,78297576000.0,193559000.0,0.0,0.0,0.0
1945,株式会社東京エネシス,50607019144.0,15427000000.0,0.0,0.3,0.0
4769,株式会社ＩＣ,7801860430.0,1759874000.0,0.0,0.23,0.0
4418,株式会社ＪＤＳＣ,15216812200.0,396904000.0,0.0,0.03,0.0
6218,エンシュウ株式会社,2719084000.0,13000000.0,0.0,0.0,0.0
8624,いちよし証券株式会社,30041352000.0,731000000.0,0.0,0.02,0.0
6485,前澤給装工業株式会社,26681500000.0,5612000000.0,0.0,0.21,0.0
3861,王子ホールディングス株式会社,758250408207.5,197835000000.0,0.0,0.26,0.0
9830,トラスコ中山株式会社,141324720904.0,2616000000.0,0.0,0.02,0.0
3648,ＡＧＳ株式会社,18038377212.0,2100214000.0,0.0,0.12,0.0
5857,ＡＲＥホールディングス株式会社,157185532736.0,0.0,0.0,0.0,0.0
8242,エイチ・ツー・オー　リテイリング株式会社,243453344500.0,97048000000.0,0.0,0.4,0.0
6521,株式会社オキサイド,21649170744.0,68171000.0,0.0,0.0,0.0
8013,株式会社ナイガイ,2407663333.0,2921000000.0,0.0,1.21,0.0
4493,株式会社サイバーセキュリティクラウド,15584111956.0,0.0,0.0,0.0,0.0
4395,株式会社アクリート,5337907500.0,97553000.0,0.0,0.02,0.0
7220,武蔵精密工業株式会社,214368120000.0,13135000000.0,0.0,0.06,0.0
7923,トーイン株式会社,4241037500.0,3159502000.0,0.0,0.74,0.0
2780,株式会社コメ兵ホールディングス,31215661000.0,152446000.0,0.0,0.0,0.0
4526,理研ビタミン株式会社,84346635000.0,15078000000.0,0.0,0.18,0.0
6050,イー・ガーディアン株式会社,26134400040.0,2000000.0,0.0,0.0,0.0
7638,株式会社ＮＥＷ　ＡＲＴ　ＨＯＬＤＩＮＧＳ,22828012875.0,17131000.0,0.0,0.0,0.0
9341,株式会社ＧＥＮＯＶＡ,12571459600.0,50192000.0,0.0,0.0,0.0
5612,日本鋳鉄管株式会社,4936317926.0,135000000.0,0.0,0.03,0.0
9857,英和株式会社,15443890000.0,1426989000.0,0.0,0.09,0.0
5830,株式会社いよぎんホールディングス,533733824000.0,0.0,0.0,0.0,0.0
7732,株式会社　トプコン,353219030278.0,6912000000.0,0.0,0.02,0.0
7972,株式会社イトーキ,118881714000.0,6548000000.0,0.0,0.06,0.0
6158,株式会社和井田製作所,6240864000.0,410023000.0,0.0,0.07,0.0
2884,株式会社ヨシムラ・フード・ホールディングス,21087600935.0,0.0,0.0,0.0,0.0
8630,ＳＯＭＰＯホールディングス株式会社,4256101154000.0,294424000000.0,0.0,0.07,0.0
7564,株式会社ワークマン,535278176640.0,1000000.0,0.0,0.0,0.0
5035,ＨＯＵＳＥＩ株式会社,3490346400.0,0.0,0.0,0.0,0.0
7427,エコートレーディング株式会社,5291800566.0,727563000.0,0.0,0.14,0.0
9906,藤井産業株式会社,30180150000.0,4061644000.0,0.0,0.13,0.0
4042,東ソー株式会社,714690481766.0,70132000000.0,0.0,0.1,0.0
6301,株式会社小松製作所,4623533486000.0,3481000000.0,0.0,0.0,0.0
8254,株式会社さいか屋,2196878788.0,221110000.0,0.0,0.1,0.0
2323,株式会社ｆｏｎｆｕｎ,3179921920.0,0.0,0.0,0.0,0.0
4059,株式会社まぐまぐ,1477770000.0,11182000.0,0.0,0.01,0.0
9245,株式会社リベロ,9246962450.0,1650000.0,0.0,0.0,0.0
7984,コクヨ株式会社,106702552625.73242,22362000000.0,0.0,0.21,0.0
3069,株式会社　ＪＦＬＡホールディングス,8106023484.0,1249611000.0,0.0,0.15,0.0
4431,株式会社スマレジ,68164866000.0,42281000.0,0.0,0.0,0.0
8387,株式会社四国銀行,51388800000.0,0.0,0.0,0.0,0.0
4998,フマキラー株式会社,18073040000.0,5177000000.0,0.0,0.29,0.0
5868,株式会社ロココ,3477562200.0,48379000.0,0.0,0.01,0.0
3674,株式会社オークファン,3968627900.0,0.0,0.0,0.0,0.0
9679,ホウライ株式会社,2430324000.0,741300000.0,0.0,0.31,0.0
7047,ポート株式会社,25326722970.0,2034000000.0,0.0,0.08,0.0
6278,ユニオンツール株式会社,111954800000.0,10788000000.0,0.0,0.1,0.0
4829,日本エンタープライズ株式会社,4547118200.0,65180000.0,0.0,0.01,0.0
3791,株式会社ＩＧポート,8118972400.0,261845000.0,0.0,0.03,0.0
9889,ＪＢＣＣホールディングス株式会社,22572653610.0,2226000000.0,0.0,0.1,0.0
8704,トレイダーズホールディングス株式会社,34678371578.0,316000000.0,0.0,0.01,0.0
7035,ａｎｄ　ｆａｃｔｏｒｙ株式会社,3389852970.0,23419000.0,0.0,0.01,0.0
2986,株式会社ＬＡホールディングス,40250622500.0,655808000.0,0.0,0.02,0.0
9537,北陸瓦斯株式会社,17376000000.0,3852248000.0,0.0,0.22,0.0
9340,株式会社アソインターナショナル,2925695700.0,144039000.0,0.0,0.05,0.0
8739,スパークス・グループ株式会社,60055891200.0,19468000000.0,0.0,0.32,0.0
7901,株式会社マツモト,931134600.0,123510000.0,0.0,0.13,0.0
8151,株式会社東陽テクニカ,39466605000.0,2414795000.0,0.0,0.06,0.0
2669,カネ美食品株式会社,32800000000.0,594647000.0,0.0,0.02,0.0
5020,ＥＮＥＯＳホールディングス株式会社,2233694761500.0,34755000000.0,0.0,0.02,0.0
4274,細谷火工株式会社,4064256000.0,486734000.0,0.0,0.12,0.0
5974,中国工業株式会社,1870740000.0,2235000000.0,0.0,1.19,0.0
7733,オリンパス株式会社,1958709962000.0,1294000000.0,0.0,0.0,0.0
2689,オルバヘルスケアホールディングス株式会社,12981250000.0,358472000.0,0.0,0.03,0.0
9535,広島ガス株式会社,24422800432.0,14473000000.0,0.0,0.59,0.0
3686,株式会社ディー・エル・イー,7439985000.0,1329253000.0,0.0,0.18,0.0
2698,株式会社キャンドゥ,60121167000.0,0.0,0.0,0.0,0.0
7077,株式会社ＡＬｉＮＫインターネット,2271524700.0,0.0,0.0,0.0,0.0
9240,株式会社デリバリーコンサルティング,2454198800.0,0.0,0.0,0.0,0.0
6736,サン電子株式会社,131082194880.0,10774890000.0,0.0,0.08,0.0
1382,株式会社ホーブ,1432560000.0,0.0,0.0,0.0,0.0
2904,一正蒲鉾株式会社,13775190000.0,2103756000.0,0.0,0.15,0.0
2485,株式会社ティア,13325979200.0,1000000.0,0.0,0.0,0.0
4611,大日本塗料株式会社,35859970000.0,9447000000.0,0.0,0.26,0.0
7551,株式会社ウェッズ,9848199426.0,635005000.0,0.0,0.06,0.0
6858,株式会社小野測器,7295600000.0,2102000000.0,0.0,0.29,0.0
2384,ＳＢＳホールディングス株式会社,120941919000.0,15689000000.0,0.0,0.13,0.0
3291,飯田グループホールディングス株式会社,579263014000.0,0.0,0.0,0.0,0.0
6888,アクモス株式会社,5700193200.0,50364000.0,0.0,0.01,0.0
3895,ハビックス株式会社,3662525440.0,149601000.0,0.0,0.04,0.0
8045,横浜丸魚株式会社,7748240302.0,13675446000.0,0.0,1.76,0.0
6358,酒井重工業株式会社,18132250000.0,5661936000.0,0.0,0.31,0.0
3636,株式会社三菱総合研究所,75961000000.0,18130000000.0,0.0,0.24,0.0
6533,株式会社Ｏｒｃｈｅｓｔｒａ　Ｈｏｌｄｉｎｇｓ,7084145200.0,970629000.0,0.0,0.14,0.0
7863,株式会社平賀,4132036965.0,687355000.0,0.0,0.17,0.0
7196,株式会社Ｃａｓａ,9817170000.0,167152000.0,0.0,0.02,0.0
6161,株式会社エスティック,11426728000.0,188960000.0,0.0,0.02,0.0
7186,株式会社コンコルディア・フィナンシャルグループ,1087614137172.3633,25000000.0,0.0,0.0,0.0
6505,東洋電機製造株式会社,18389415000.0,15009000000.0,0.0,0.82,0.0
3762,テクマトリックス株式会社,95180339200.0,1723512000.0,0.0,0.02,0.0
9740,セントラル警備保障株式会社,33782057760.0,3743492000.0,0.0,0.11,0.0
3177,株式会社ありがとうサービス,3189792000.0,175574000.0,0.0,0.06,0.0
7218,田中精密工業株式会社,9783127200.0,3113889000.0,0.0,0.32,0.0
9556,ＩＮＴＬＯＯＰ株式会社,31143354900.0,620303000.0,0.0,0.02,0.0
6804,ホシデン株式会社,134887688000.0,7228000000.0,0.0,0.05,0.0
2760,東京エレクトロンデバイス株式会社,80472132000.0,0.0,0.0,0.0,0.0
3580,小松マテーレ株式会社,31923600000.0,16185000000.0,0.0,0.51,0.0
7545,株式会社西松屋チェーン,149337684976.0,11203000000.0,0.0,0.08,0.0
6474,株式会社不二越,78245660000.0,27102000000.0,0.0,0.35,0.0
4242,株式会社タカギセイコー,3725663040.0,1479000000.0,0.0,0.4,0.0
6563,株式会社みらいワークス,3287175000.0,0.0,0.0,0.0,0.0
4068,ベイシス株式会社,3721097178.0,0.0,0.0,0.0,0.0
3238,セントラル総合開発株式会社,4027296000.0,232198000.0,0.0,0.06,0.0
7860,エイベックス株式会社,56462152500.0,9839000000.0,0.0,0.17,0.0
4704,トレンドマイクロ株式会社,1339833352436.0,4520000000.0,0.0,0.0,0.0
7119,株式会社ハルメクホールディングス,11879535600.0,0.0,0.0,0.0,0.0
9927,株式会社ワットマン,7102414000.0,2374000.0,0.0,0.0,0.0
1822,大豊建設株式会社,14918475000.0,11491000000.0,0.0,0.77,0.0
1820,西松建設株式会社,207408733000.0,86058000000.0,0.0,0.41,0.0
1783,株式会社ｆａｎｔａｓｉｓｔａ,9692442507.0,0.0,0.0,0.0,0.0
9790,福井コンピュータホールディングス株式会社,64480500000.0,4698000000.0,0.0,0.07,0.0
8359,株式会社八十二銀行,637453197000.0,0.0,0.0,0.0,0.0
3541,株式会社農業総合研究所,11123079500.0,196201000.0,0.0,0.02,0.0
6222,株式会社島精機製作所,35513600000.0,6115000000.0,0.0,0.17,0.0
4681,リゾートトラスト株式会社,200546436552.0,33818000000.0,0.0,0.17,0.0
7062,株式会社フレアス,1821296400.0,0.0,0.0,0.0,0.0
7771,日本精密株式会社,1979208611.0,27840000.0,0.0,0.01,0.0
6402,兼松エンジニアリング株式会社,6760260000.0,20935000.0,0.0,0.0,0.0
5821,平河ヒューテック株式会社,26458127000.0,2183000000.0,0.0,0.08,0.0
7980,株式会社　重松製作所,5911200000.0,1931600000.0,0.0,0.33,0.0
3777,株式会社環境フレンドリーホールディングス,16805904840.0,0.0,0.0,0.0,0.0
2353,日本駐車場開発株式会社,91280433200.0,3415695000.0,0.0,0.04,0.0
3856,Ａｂａｌａｎｃｅ株式会社,14505930637.0,1434000000.0,0.0,0.1,0.0
4766,株式会社ピーエイ,3178033400.0,0.0,0.0,0.0,0.0
3496,株式会社アズーム,50082708000.0,0.0,0.0,0.0,0.0
3787,株式会社テクノマセマティカル,1387308500.0,784220000.0,0.0,0.57,0.0
2892,日本食品化工株式会社,21024000000.0,4934000000.0,0.0,0.23,0.0
9235,売れるネット広告社グループ株式会社,5485500000.0,100000000.0,0.0,0.02,0.0
2413,エムスリー株式会社,1295339377500.0,9506000000.0,0.0,0.01,0.0
4199,ワンダープラネット株式会社,3178154700.0,0.0,0.0,0.0,0.0
3111,オーミケンシ株式会社,1927784000.0,73000000.0,0.0,0.04,0.0
1840,株式会社土屋ホールディングス,6031377612.0,790826000.0,0.0,0.13,0.0
3075,株式会社銚子丸,22285130000.0,20000000.0,0.0,0.0,0.0
3276,株式会社ＪＰＭＣ,22298003200.0,1099000.0,0.0,0.0,0.0
3892,株式会社岡山製紙,7804500000.0,3564893000.0,0.0,0.46,0.0
6545,株式会社インターネットインフィニティー,3538906692.0,0.0,0.0,0.0,0.0
6592,マブチモーター株式会社,277722413044.0,12415000000.0,0.0,0.04,0.0
6413,理想科学工業株式会社,81072000000.0,4288000000.0,0.0,0.05,0.0
4481,ベース株式会社,64836540000.0,1084471000.0,0.0,0.02,0.0
2337,いちご株式会社,171135405312.0,24300000000.0,0.0,0.14,0.0
9812,株式会社テーオーホールディングス,2856606720.0,99324000.0,0.0,0.03,0.0
1841,サンユー建設株式会社,4336000000.0,485386000.0,0.0,0.11,0.0
9064,ヤマトホールディングス株式会社,696478272000.0,48689000000.0,0.0,0.07,0.0
6648,株式会社かわでん,18654400000.0,697038000.0,0.0,0.04,0.0
3905,データセクション株式会社,58459699035.0,49326000.0,0.0,0.0,0.0
5838,楽天銀行株式会社,1136575748000.0,0.0,0.0,0.0,0.0
6613,株式会社ＱＤレーザ,10064495472.0,0.0,0.0,0.0,0.0
8085,ナラサキ産業株式会社,17095176000.0,3952000000.0,0.0,0.23,0.0
1959,株式会社九電工,440348896000.0,80153000000.0,0.0,0.18,0.0
4176,株式会社ココナラ,9688126500.0,1063721000.0,0.0,0.11,0.0
1431,株式会社Ｌｉｂ　Ｗｏｒｋ,16616259520.0,10030000.0,0.0,0.0,0.0
7826,株式会社フルヤ金属,20980302548.0,44000000.0,0.0,0.0,0.0
6579,ログリー株式会社,1559230000.0,102403000.0,0.0,0.07,0.0
2291,福留ハム株式会社,3624400000.0,2059000000.0,0.0,0.57,0.0
3222,ユナイテッド・スーパーマーケット・ホールディングス株式会社,185960045394.0,6034000000.0,0.0,0.03,0.0
4848,株式会社フルキャストホールディングス,60727968000.0,2740000000.0,0.0,0.05,0.0
3765,ガンホー・オンライン・エンターテイメント株式会社,234307289580.0,0.0,0.0,0.0,0.0
2676,高千穂交易株式会社,20068961400.0,3193046000.0,0.0,0.16,0.0
7743,株式会社シード,14134185574.0,1031648000.0,0.0,0.07,0.0
8572,アコム株式会社,671294099000.0,1454000000.0,0.0,0.0,0.0
3242,株式会社アーバネットコーポレーション,15862664400.0,0.0,0.0,0.0,0.0
7222,日産車体株式会社,147100872000.0,324000000.0,0.0,0.0,0.0
7347,株式会社マーキュリアホールディングス,17369219400.0,272461000.0,0.0,0.02,0.0
7189,株式会社西日本フィナンシャルホールディングス,338748774000.0,17000000.0,0.0,0.0,0.0
9344,アクシスコンサルティング株式会社,3779398200.0,0.0,0.0,0.0,0.0
6574,株式会社コンヴァノ,36673761600.0,0.0,0.0,0.0,0.0
8591,オリックス株式会社,3821493933784.0,185290000000.0,0.0,0.05,0.0
3769,ＧＭＯペイメントゲートウェイ株式会社,665285066050.0,2704088000.0,0.0,0.0,0.0
6702,富士通株式会社,6780809065300.0,68881000000.0,0.0,0.01,0.0
3939,株式会社カナミックネットワーク,20744892000.0,0.0,0.0,0.0,0.0
3623,ビリングシステム株式会社,7010779200.0,4000000.0,0.0,0.0,0.0
9436,沖縄セルラー電話株式会社,248822157300.0,981000000.0,0.0,0.0,0.0
7608,株式会社エスケイジャパン,9483445051.0,161466000.0,0.0,0.02,0.0
4119,株式会社日本ピグメントホールディングス,5161069225.0,9069841000.0,0.0,1.76,0.0
7475,アルビス株式会社,27740010222.0,1035000000.0,0.0,0.04,0.0
7955,クリナップ株式会社,26172219426.0,4811000000.0,0.0,0.18,0.0
4424,株式会社Ａｍａｚｉａ,2040855600.0,103125000.0,0.0,0.05,0.0
5962,浅香工業株式会社,1661402160.0,1437093000.0,0.0,0.86,0.0
2915,ケンコーマヨネーズ株式会社,30661836000.0,5631000000.0,0.0,0.18,0.0
6291,日本エアーテック株式会社,11223417300.0,516895000.0,0.0,0.05,0.0
9204,スカイマーク株式会社,28596135600.0,0.0,0.0,0.0,0.0
6184,株式会社鎌倉新書,21328725600.0,324521000.0,0.0,0.02,0.0
3625,テックファームホールディングス株式会社,6402780000.0,128161000.0,0.0,0.02,0.0
7897,ホクシン株式会社,3433133000.0,407337000.0,0.0,0.12,0.0
6044,株式会社三機サービス,9177378090.0,270184000.0,0.0,0.03,0.0
5380,新東株式会社,1347324840.0,116916000.0,0.0,0.09,0.0
7270,株式会社ＳＵＢＡＲＵ,1861598251500.0,8692000000.0,0.0,0.0,0.0
3187,株式会社ミラタップ,6576249600.0,328347000.0,0.0,0.05,0.0
4958,長谷川香料株式会社,131327573550.0,11997000000.0,0.0,0.09,0.0
3907,シリコンスタジオ株式会社,3012560700.0,138000000.0,0.0,0.05,0.0
4438,株式会社Ｗｅｌｂｙ,3012311848.0,30000000.0,0.0,0.01,0.0
4894,クオリプス株式会社,49465607600.0,0.0,0.0,0.0,0.0
7458,株式会社第一興商,174711566400.0,7044000000.0,0.0,0.04,0.0
7685,株式会社ＢｕｙＳｅｌｌ　Ｔｅｃｈｎｏｌｏｇｉｅｓ,42499145720.0,15180000.0,0.0,0.0,0.0
6750,エレコム株式会社,177064320000.0,2639000000.0,0.0,0.01,0.0
2981,株式会社ランディックス,5102627400.0,0.0,0.0,0.0,0.0
5998,株式会社　アドバネクス,3339309480.0,119478000.0,0.0,0.04,0.0
4972,綜研化学株式会社,12831800000.0,76578000.0,0.0,0.01,0.0
6696,株式会社トラース・オン・プロダクト,2576545194.0,0.0,0.0,0.0,0.0
9003,相鉄ホールディングス株式会社,226078156946.5,23387000000.0,0.0,0.1,0.0
7371,Ｚｅｎｋｅｎ株式会社,8285347200.0,1013334000.0,0.0,0.12,0.0
2224,株式会社コモ,11380050000.0,216457000.0,0.0,0.02,0.0
6517,デンヨー株式会社,65719625000.0,10758000000.0,0.0,0.16,0.0
5994,株式会社ファインシンター,3726060000.0,3900952000.0,0.0,1.05,0.0
5334,日本特殊陶業株式会社,1007994215480.0,88787000000.0,0.0,0.09,0.0
3848,株式会社データ・アプリケーション,5931200000.0,1313660000.0,0.0,0.22,0.0
3683,株式会社サイバーリンクス,14760287856.0,14000000.0,0.0,0.0,0.0
7213,レシップホールディングス株式会社,6976368500.0,750496000.0,0.0,0.11,0.0
6082,株式会社ライドオンエクスプレスホールディングス,10885773413.0,2497131000.0,0.0,0.23,0.0
9600,株式会社アイネット,29171362740.0,3674565000.0,0.0,0.13,0.0
6629,テクノホライゾン株式会社,8067220920.0,457291000.0,0.0,0.06,0.0
5162,株式会社朝日ラバー,2840389800.0,198256000.0,0.0,0.07,0.0
4631,ＤＩＣ株式会社,277287498000.0,60085000000.0,0.0,0.22,0.0
8699,ＨＳホールディングス株式会社,44311687000.0,4567000000.0,0.0,0.1,0.0
4071,株式会社プラスアルファ・コンサルティング,94964703000.0,0.0,0.0,0.0,0.0
1941,株式会社中電工,203192718915.0,102681000000.0,0.0,0.51,0.0
5915,株式会社駒井ハルテック,7756320000.0,9872000000.0,0.0,1.27,0.0
7282,豊田合成株式会社,386415192000.0,10452000000.0,0.0,0.03,0.0
5576,株式会社オービーシステム,7266690000.0,2011747000.0,0.0,0.28,0.0
4551,鳥居薬品株式会社,182304000000.0,33197000000.0,0.0,0.18,0.0
5986,モリテックスチール株式会社,4398822285.0,2637164000.0,0.0,0.6,0.0
9719,ＳＣＳＫ株式会社,1401055006782.0,6723000000.0,0.0,0.0,0.0
6030,株式会社アドベンチャー,25771847000.0,0.0,0.0,0.0,0.0
5571,エキサイトホールディングス株式会社,6356762970.0,634992000.0,0.0,0.1,0.0
9326,株式会社関通,3803707350.0,2676000.0,0.0,0.0,0.0
3454,ファーストブラザーズ株式会社,15253920000.0,98771000.0,0.0,0.01,0.0
8377,株式会社ほくほくフィナンシャルグループ,384818586000.0,0.0,0.0,0.0,0.0
8927,株式会社明豊エンタープライズ,12520990000.0,17850000.0,0.0,0.0,0.0
4379,株式会社Ｐｈｏｔｏｓｙｎｔｈ,5786504000.0,47918000.0,0.0,0.01,0.0
9686,東洋テック株式会社,16485040000.0,4166451000.0,0.0,0.25,0.0
6927,ヘリオス　テクノ　ホールディング株式会社,19112182200.0,1079200000.0,0.0,0.06,0.0
3201,日本毛織株式会社,105873864000.0,26701000000.0,0.0,0.25,0.0
9746,株式会社　ＴＫＣ,238451304000.0,21700000000.0,0.0,0.09,0.0
3293,アズマハウス株式会社,5974979400.0,13846000.0,0.0,0.0,0.0
7570,橋本総業ホールディングス株式会社,27531916236.0,9575000000.0,0.0,0.35,0.0
8152,ソマール株式会社,10005380000.0,2388151000.0,0.0,0.24,0.0
6035,株式会社アイ・アールジャパンホールディングス,12095323380.0,133715000.0,0.0,0.01,0.0
2820,株式会社やまみ,32886600000.0,12801000.0,0.0,0.0,0.0
9991,ジェコス株式会社,40926648406.0,5447000000.0,0.0,0.13,0.0
6096,株式会社レアジョブ,3534570400.0,2524000.0,0.0,0.0,0.0
5302,日本カーボン株式会社,47446320000.0,10431000000.0,0.0,0.22,0.0
7467,萩原電気ホールディングス株式会社,32832910000.0,1284000000.0,0.0,0.04,0.0
7372,株式会社デコルテ・ホールディングス,1842750000.0,0.0,0.0,0.0,0.0
2179,株式会社成学社,4442256000.0,10620000.0,0.0,0.0,0.0
2656,株式会社ベクターホールディングス,2666251000.0,0.0,0.0,0.0,0.0
6494,株式会社ＮＦＫホールディングス,4316998000.0,1490738000.0,0.0,0.35,0.0
1885,東亜建設工業株式会社,154049478000.0,13822000000.0,0.0,0.09,0.0
3671,ソフトマックス株式会社,1907797752.0,45848000.0,0.0,0.02,0.0
9780,株式会社ハリマビステム,8277061400.0,1065121000.0,0.0,0.13,0.0
4880,セルソース株式会社,13507760200.0,176571000.0,0.0,0.01,0.0
6914,オプテックスグループ株式会社,61056498512.0,1264000000.0,0.0,0.02,0.0
4687,ＴＤＣソフト株式会社,63386726400.0,3077253000.0,0.0,0.05,0.0
4792,山田コンサルティンググループ株式会社,32927880000.0,562609000.0,0.0,0.02,0.0
1964,中外炉工業株式会社,26481000000.0,6533000000.0,0.0,0.25,0.0
7531,清和中央ホールディングス株式会社,6745950000.0,1752950000.0,0.0,0.26,0.0
5210,日本山村硝子株式会社,28174560000.0,2865000000.0,0.0,0.1,0.0
9551,メタウォーター株式会社,104140250500.0,2319000000.0,0.0,0.02,0.0
3922,株式会社ＰＲ　ＴＩＭＥＳ,39696579720.0,70799000.0,0.0,0.0,0.0
5946,株式会社長府製作所,67553547000.0,85623000000.0,0.0,1.27,0.0
2695,くら寿司株式会社,150487546000.0,0.0,0.0,0.0,0.0
9621,株式会社建設技術研究所,41712667356.0,5029000000.0,0.0,0.12,0.0
6634,株式会社ネクスグループ,5374106007.0,795509000.0,0.0,0.15,0.0
4188,三菱ケミカルグループ株式会社,1169331356012.6953,1549000000.0,0.0,0.0,0.0
8362,株式会社福井銀行,44304240000.0,0.0,0.0,0.0,0.0
1949,住友電設株式会社,239467200000.0,23712000000.0,0.0,0.1,0.0
1444,株式会社ニッソウ,3026586000.0,33090000.0,0.0,0.01,0.0
5905,日本製罐株式会社,1898688000.0,1663686000.0,0.0,0.88,0.0
7238,曙ブレーキ工業株式会社,28196765000.0,85000000.0,0.0,0.0,0.0
8562,株式会社　福島銀行,8027000000.0,0.0,0.0,0.0,0.0
5337,ダントーホールディングス株式会社,29423520000.0,4296000000.0,0.0,0.15,0.0
3750,株式会社サイトリ細胞研究所,8116841871.0,0.0,0.0,0.0,0.0
4957,ヤスハラケミカル株式会社,8725395000.0,1460000000.0,0.0,0.17,0.0
5401,日本製鉄株式会社,3010307526000.0,223331000000.0,0.0,0.07,0.0
6897,株式会社ツインバード,4471460000.0,238610000.0,0.0,0.05,0.0
4491,コンピューターマネージメント株式会社,5334844000.0,293471000.0,0.0,0.06,0.0
7522,ワタミ株式会社,43623947360.0,686000000.0,0.0,0.02,0.0
7995,株式会社バルカー,58776065285.0,3949000000.0,0.0,0.07,0.0
4272,日本化薬株式会社,222506545500.0,35393000000.0,0.0,0.16,0.0
9644,株式会社タナベコンサルティンググループ,13260000000.0,17746000.0,0.0,0.0,0.0
3741,株式会社セック,26009600000.0,1179059000.0,0.0,0.05,0.0
2162,ｎｍｓホールディングス株式会社,10675834000.0,17411000.0,0.0,0.0,0.0
5852,株式会社アーレスティ,19210592000.0,1460000000.0,0.0,0.08,0.0
3799,キーウェアソリューションズ株式会社,8463190000.0,361600000.0,0.0,0.04,0.0
5125,株式会社ファインズ,2771692800.0,0.0,0.0,0.0,0.0
6246,株式会社テクノスマート,20636428800.0,1908069000.0,0.0,0.09,0.0
2264,森永乳業株式会社,292691197682.0,19703000000.0,0.0,0.07,0.0
4490,株式会社ビザスク,6519487500.0,0.0,0.0,0.0,0.0
8887,株式会社シーラホールディングス,3862748400.0,634578000.0,0.0,0.16,0.0
4593,株式会社ヘリオス,63333878400.0,102000000.0,0.0,0.0,0.0
6460,セガサミーホールディングス株式会社,765179897872.0,51185000000.0,0.0,0.07,0.0
9367,大東港運株式会社,7389143000.0,1455081000.0,0.0,0.2,0.0
4014,株式会社カラダノート,3164926400.0,0.0,0.0,0.0,0.0
7271,株式会社安永,6766574000.0,750000000.0,0.0,0.11,0.0
9355,株式会社リンコーコーポレーション,4808700000.0,5667692000.0,0.0,1.18,0.0
9425,ＲｅＹｕｕ　Ｊａｐａｎ株式会社,3806614500.0,0.0,0.0,0.0,0.0
4168,株式会社ヤプリ,10403223200.0,0.0,0.0,0.0,0.0
6332,月島ホールディングス株式会社,96192500000.0,24363000000.0,0.0,0.25,0.0
2160,株式会社ジーエヌアイグループ,154769029655.0,24412000.0,0.0,0.0,0.0
9115,明海グループ株式会社,23832000000.0,26692735000.0,0.0,1.12,0.0
2776,新都ホールディングス株式会社,5977113300.0,3979000.0,0.0,0.0,0.0
5029,サークレイス株式会社,5643356115.0,59470000.0,0.0,0.01,0.0
6266,タツモ株式会社,33098449420.0,26271000.0,0.0,0.0,0.0
4664,株式会社アール・エス・シー,1705200000.0,155140000.0,0.0,0.09,0.0
9824,泉州電業株式会社,81315000000.0,3139000000.0,0.0,0.04,0.0
1914,日本基礎技術株式会社,19867242000.0,5452850000.0,0.0,0.27,0.0
9201,日本航空株式会社,1298970424500.0,62533000000.0,0.0,0.05,0.0
4735,株式会社京進,2594364000.0,171083000.0,0.0,0.07,0.0
9468,株式会社ＫＡＤＯＫＡＷＡ,538637416000.0,29224000000.0,0.0,0.05,0.0
5250,プライム・ストラテジー株式会社,3774532000.0,0.0,0.0,0.0,0.0
7357,株式会社ジオコード,3119855100.0,277268000.0,0.0,0.09,0.0
9850,株式会社グルメ杵屋,21649950000.0,914834000.0,0.0,0.04,0.0
4461,第一工業製薬株式会社,47117855610.0,5694000000.0,0.0,0.12,0.0
4011,株式会社ヘッドウォータース,7403643000.0,95042000.0,0.0,0.01,0.0
5885,株式会社ジーデップ・アドバンス,4122272000.0,0.0,0.0,0.0,0.0
2375,ギグワークス株式会社,5194788975.0,45530000.0,0.0,0.01,0.0
8115,ムーンバット株式会社,6278755485.0,253880000.0,0.0,0.04,0.0
9225,ブリッジコンサルティンググループ株式会社,2703085000.0,18716000.0,0.0,0.01,0.0
5444,大和工業株式会社,588835000000.0,74427000000.0,0.0,0.13,0.0
1776,三井住建道路株式会社,14268795000.0,7000000.0,0.0,0.0,0.0
9303,株式会社住友倉庫,244126569100.0,155645000000.0,0.0,0.64,0.0
5240,ｍｏｎｏＡＩ　ｔｅｃｈｎｏｌｏｇｙ株式会社,4021358720.0,0.0,0.0,0.0,0.0
9068,丸全昭和運輸株式会社,143501280000.0,27186000000.0,0.0,0.19,0.0
4051,ＧＭＯフィナンシャルゲート株式会社,41697400000.0,99994000.0,0.0,0.0,0.0
2497,ユナイテッド株式会社,23156471370.0,1364021000.0,0.0,0.06,0.0
1897,金下建設株式会社,10660606000.0,7542000000.0,0.0,0.71,0.0
5992,中央発條株式会社,51161419188.0,31720071000.0,0.0,0.62,0.0
8334,株式会社　群馬銀行,531713280000.0,0.0,0.0,0.0,0.0
5834,ＳＢＩリーシングサービス株式会社,33524294000.0,0.0,0.0,0.0,0.0
2813,和弘食品株式会社,10793757030.0,807248000.0,0.0,0.07,0.0
2503,キリンホールディングス株式会社,1819774000000.0,2223000000.0,0.0,0.0,0.0
2752,株式会社フジオフードグループ本社,57493435362.0,343000000.0,0.0,0.01,0.0
7513,株式会社コジマ,102299396108.0,0.0,0.0,0.0,0.0
9854,愛眼株式会社,3920136000.0,604000000.0,0.0,0.15,0.0
4512,わかもと製薬株式会社,10242372000.0,1847919000.0,0.0,0.18,0.0
5889,Ｊａｐａｎ　Ｅｙｅｗｅａｒ　Ｈｏｌｄｉｎｇｓ株式会社,51765801720.0,0.0,0.0,0.0,0.0
4193,株式会社ファブリカホールディングス,10994603200.0,371538000.0,0.0,0.03,0.0
4420,イーソル株式会社,10400000000.0,690630000.0,0.0,0.07,0.0
9788,株式会社ナック,25730652000.0,1096000000.0,0.0,0.04,0.0
3415,株式会社ＴＯＫＹＯ　ＢＡＳＥ,20295578094.0,0.0,0.0,0.0,0.0
7919,野崎印刷紙業株式会社,3991560000.0,263666000.0,0.0,0.07,0.0
2594,キーコーヒー株式会社,45105732000.0,3782000000.0,0.0,0.08,0.0
9768,いであ株式会社,24521811750.0,1802699000.0,0.0,0.07,0.0
9701,株式会社東京會舘,13370819980.0,4419745000.0,0.0,0.33,0.0
9166,株式会社ＧＥＮＤＡ,70787584400.0,769000000.0,0.0,0.01,0.0
4582,シンバイオ製薬株式会社,7899763232.0,0.0,0.0,0.0,0.0
3021,株式会社パシフィックネット,6904461900.0,0.0,0.0,0.0,0.0
3853,アステリア株式会社,11036988215.0,548117000.0,0.0,0.05,0.0
5577,株式会社アイデミー,2931786000.0,0.0,0.0,0.0,0.0
2935,株式会社ピックルスホールディングス,12536550000.0,726000000.0,0.0,0.06,0.0
5352,黒崎播磨株式会社,124869033600.0,3966000000.0,0.0,0.03,0.0
4847,株式会社インテリジェント　ウェイブ,28368180000.0,1314398000.0,0.0,0.05,0.0
4186,東京応化工業株式会社,518229000000.0,22146000000.0,0.0,0.04,0.0
7677,株式会社ヤシマキザイ,7315200000.0,2128210000.0,0.0,0.29,0.0
1960,株式会社サンテック,14368000000.0,2866000000.0,0.0,0.2,0.0
9254,株式会社ラバブルマーケティンググループ,2074675350.0,44510000.0,0.0,0.02,0.0
4092,日本化学工業株式会社,18075972000.0,4548000000.0,0.0,0.25,0.0
2810,ハウス食品グループ本社株式会社,285200959000.0,48344000000.0,0.0,0.17,0.0
7444,ハリマ共和物産株式会社,10268238816.0,3010399000.0,0.0,0.29,0.0
3694,株式会社オプティム,28261646336.0,647188000.0,0.0,0.02,0.0
9553,株式会社マイクロアド,14088240000.0,604685000.0,0.0,0.04,0.0
7908,株式会社きもと,12488144592.0,1185000000.0,0.0,0.09,0.0
1905,株式会社テノックス,9051504000.0,572862000.0,0.0,0.06,0.0
8938,グローム・ホールディングス株式会社,5946507000.0,0.0,0.0,0.0,0.0
6806,ヒロセ電機株式会社,629820083005.0,16566000000.0,0.0,0.03,0.0
3647,株式会社ジー・スリーホールディングス,2999051600.0,0.0,0.0,0.0,0.0
5410,合同製鐵株式会社,64979550000.0,26730000000.0,0.0,0.41,0.0
2345,株式会社クシム,3691320464.0,895027000.0,0.0,0.24,0.0
9979,株式会社大庄,24887581388.0,381000000.0,0.0,0.02,0.0
9343,株式会社アイビス,12297747840.0,0.0,0.0,0.0,0.0
1847,株式会社イチケン,22434720000.0,2504000000.0,0.0,0.11,0.0
5079,株式会社ノバック,13256734400.0,71266000.0,0.0,0.01,0.0
7128,フルサト・マルカホールディングス株式会社,59203908000.0,4074000000.0,0.0,0.07,0.0
3482,ロードスターキャピタル株式会社,60858072000.0,266000000.0,0.0,0.0,0.0
4732,株式会社ユー・エス・エス,864291000000.0,511000000.0,0.0,0.0,0.0
9028,株式会社ゼロ,55753000000.0,1035000000.0,0.0,0.02,0.0
3698,株式会社ＣＲＩ・ミドルウェア,8250083850.0,139075000.0,0.0,0.02,0.0
9158,株式会社シーユーシー,33799180800.0,1738000000.0,0.0,0.05,0.0
9744,株式会社メイテックグループホールディングス,247884000000.0,27000000.0,0.0,0.0,0.0
3788,ＧＭＯグローバルサイン・ホールディングス株式会社,23982343000.0,302255000.0,0.0,0.01,0.0
1873,株式会社日本ハウスホールディングス,11680000000.0,248000000.0,0.0,0.02,0.0
8346,株式会社東邦銀行,88375000000.0,0.0,0.0,0.0,0.0
3774,株式会社インターネットイニシアティブ,500369510646.0,15226000000.0,0.0,0.03,0.0
6961,株式会社エンプラス,39369568365.0,746000000.0,0.0,0.02,0.0
3237,株式会社イントランス,3538011584.0,0.0,0.0,0.0,0.0
6440,ＪＵＫＩ株式会社,11830174884.0,5853000000.0,0.0,0.49,0.0
9552,株式会社Ｍ＆Ａ総研ホールディングス,80428147308.0,0.0,0.0,0.0,0.0
3479,株式会社ティーケーピー,72991026185.0,6618000000.0,0.0,0.09,0.0
6287,株式会社サトー,70433662548.0,163000000.0,0.0,0.0,0.0
4977,新田ゼラチン株式会社,16352836860.0,3073000000.0,0.0,0.19,0.0
7276,株式会社小糸製作所,561641308500.0,100620000000.0,0.0,0.18,0.0
6617,株式会社東光高岳,39013572000.0,1359000000.0,0.0,0.03,0.0
7593,ＶＴホールディングス株式会社,56387275640.0,18741000000.0,0.0,0.33,0.0
8793,ＮＥＣキャピタルソリューション株式会社,84775640000.0,85090000000.0,0.0,1.0,0.0
1433,ベステラ株式会社,10024073000.0,3403448000.0,0.0,0.34,0.0
7373,株式会社アイドマ・ホールディングス,38609724500.0,1068500000.0,0.0,0.03,0.0
3236,株式会社プロパスト,6713251765.0,251000000.0,0.0,0.04,0.0
3670,協立情報通信株式会社,2364181600.0,11650000.0,0.0,0.0,0.0
7360,株式会社オンデック,2588604000.0,102725000.0,0.0,0.04,0.0
7235,東京ラヂエーター製造株式会社,9682400000.0,1806728000.0,0.0,0.19,0.0
8135,ゼット株式会社,8563452000.0,3622000000.0,0.0,0.42,0.0
9313,丸八倉庫株式会社,6256100000.0,1904744000.0,0.0,0.3,0.0
6664,株式会社オプトエレクトロニクス,1887886000.0,8000000.0,0.0,0.0,0.0
1429,株式会社日本アクア,27842760000.0,3380000.0,0.0,0.0,0.0
6309,巴工業株式会社,15568069600.0,1522972000.0,0.0,0.1,0.0
5393,ニチアス株式会社,372960500000.0,13834000000.0,0.0,0.04,0.0
4023,株式会社クレハ,183483230000.0,18608000000.0,0.0,0.1,0.0
3494,株式会社マリオン,3412686000.0,66005000.0,0.0,0.02,0.0
6549,ディーエムソリューションズ株式会社,4413101000.0,65500000.0,0.0,0.01,0.0
8361,株式会社　大垣共立銀行,115913701000.0,0.0,0.0,0.0,0.0
3626,ＴＩＳ株式会社,1106751605000.0,57041000000.0,0.0,0.05,0.0
7552,株式会社ハピネット,131794000000.0,9136000000.0,0.0,0.07,0.0
6947,株式会社図研,130161353400.0,3410311000.0,0.0,0.03,0.0
7637,白銅株式会社,26497948800.0,1244509000.0,0.0,0.05,0.0
9698,株式会社クレオ,9340480000.0,133000000.0,0.0,0.01,0.0
4743,株式会社アイティフォー,42146969000.0,2997342000.0,0.0,0.07,0.0
4264,株式会社セキュア,7510418640.0,209923000.0,0.0,0.03,0.0
6703,沖電気工業株式会社,134838412692.0,38380000000.0,0.0,0.28,0.0
6095,メドピア株式会社,16731658010.0,128122000.0,0.0,0.01,0.0
9259,株式会社タカヨシホールディングス,3961013000.0,28201000.0,0.0,0.01,0.0
7719,株式会社東京衡機,1640771930.0,73740000.0,0.0,0.04,0.0
8117,中央自動車工業株式会社,38838800000.0,17769678000.0,0.0,0.46,0.0
7991,マミヤ・オーピー株式会社,15374184210.0,5991783000.0,0.0,0.39,0.0
5902,ホッカンホールディングス株式会社,26453876068.0,11920000000.0,0.0,0.45,0.0
1514,住石ホールディングス株式会社,40737048918.0,2806000000.0,0.0,0.07,0.0
2112,塩水港精糖株式会社,13160000000.0,8375000000.0,0.0,0.64,0.0
8046,丸藤シートパイル株式会社,12100000000.0,1290000000.0,0.0,0.11,0.0
6966,株式会社三井ハイテック,143462054275.0,1548000000.0,0.0,0.01,0.0
3457,株式会社Ａｎｄ　Ｄｏホールディングス,21439623600.0,4838000000.0,0.0,0.23,0.0
4763,株式会社クリーク・アンド・リバー社,34766599000.0,1257173000.0,0.0,0.04,0.0
6392,株式会社　ヤマダコーポレーション,12048000000.0,349903000.0,0.0,0.03,0.0
7455,株式会社パリミキホールディングス,16108449000.0,2763000000.0,0.0,0.17,0.0
9066,株式会社日新,125188045830.0,10505000000.0,0.0,0.08,0.0
3096,株式会社オーシャンシステム,14234562000.0,579274000.0,0.0,0.04,0.0
6466,株式会社ＴＶＥ,5661680000.0,1859965000.0,0.0,0.33,0.0
4422,ＶＡＬＵＥＮＥＸ株式会社,1614461400.0,0.0,0.0,0.0,0.0
2588,株式会社プレミアムウォーターホールディングス,93000253185.0,8862000000.0,0.0,0.1,0.0
3183,ウイン・パートナーズ株式会社,39928832790.0,1078023000.0,0.0,0.03,0.0
3593,株式会社ホギメディカル,86761532550.0,5982000000.0,0.0,0.07,0.0
6523,ＰＨＣホールディングス株式会社,111999323792.0,8405000000.0,0.0,0.08,0.0
3347,株式会社トラスト,10995600000.0,243277000.0,0.0,0.02,0.0
9244,株式会社デジタリフト,1355295200.0,56449000.0,0.0,0.04,0.0
3930,株式会社はてな,4292139600.0,193940000.0,0.0,0.05,0.0
6086,シンメンテホールディングス株式会社,12143793000.0,343512000.0,0.0,0.03,0.0
9247,ＴＲＥホールディングス株式会社,70339570000.0,7301000000.0,0.0,0.1,0.0
8165,株式会社千趣会,12649608000.0,1096000000.0,0.0,0.09,0.0
8103,明和産業株式会社,27909744000.0,14453000000.0,0.0,0.52,0.0
7718,スター精密株式会社,70375530834.0,903529000.0,0.0,0.01,0.0
2152,幼児活動研究会株式会社,16120512000.0,2505930000.0,0.0,0.16,0.0
3663,株式会社セルシス,57671176200.0,663486000.0,0.0,0.01,0.0
5532,株式会社リアルゲイト,5730284000.0,0.0,0.0,0.0,0.0
6723,ルネサスエレクトロニクス株式会社,3559780345000.0,3507000000.0,0.0,0.0,0.0
9610,ウィルソン・ラーニング　ワールドワイド株式会社,984440340.0,50000000.0,0.0,0.05,0.0
3106,倉敷紡績株式会社,129960000000.0,55994000000.0,0.0,0.43,0.0
9928,株式会社ミロク情報サービス,58958971950.0,2023000000.0,0.0,0.03,0.0
1434,ＪＥＳＣＯホールディングス株式会社,6434844800.0,239694000.0,0.0,0.04,0.0
2127,株式会社日本Ｍ＆Ａセンターホールディングス,237067317054.05273,13945317000.0,0.0,0.06,0.0
6768,株式会社タムラ製作所,39978621459.0,6922000000.0,0.0,0.17,0.0
3858,株式会社ユビキタスＡＩ,3963961000.0,321876000.0,0.0,0.08,0.0
2916,仙波糖化工業株式会社,8527200000.0,2789526000.0,0.0,0.33,0.0
5981,東京製綱株式会社,21148714600.0,7177000000.0,0.0,0.34,0.0
6901,澤藤電機株式会社,4079968000.0,4116000000.0,0.0,1.01,0.0
6552,株式会社ＧａｍｅＷｉｔｈ,3798077400.0,224195000.0,0.0,0.06,0.0
8281,ゼビオホールディングス株式会社,52893769392.0,2733000000.0,0.0,0.05,0.0
3302,帝国繊維株式会社,78857406000.0,29767694000.0,0.0,0.38,0.0
5351,品川リフラクトリーズ株式会社,77790900000.0,9222000000.0,0.0,0.12,0.0
4502,武田薬品工業株式会社,7012907600000.0,99274000000.0,0.0,0.01,0.0
2477,手間いらず株式会社,20283639480.0,0.0,0.0,0.0,0.0
4428,株式会社シノプス,5470366000.0,99180000.0,0.0,0.02,0.0
7646,株式会社ＰＬＡＮＴ,11554855000.0,32000000.0,0.0,0.0,0.0
6540,株式会社船場,19237991952.0,265486000.0,0.0,0.01,0.0
8595,ジャフコ　グループ株式会社,138692440000.0,3377000000.0,0.0,0.02,0.0
7014,株式会社名村造船所,207672298000.0,32552000000.0,0.0,0.16,0.0
2326,デジタルアーツ株式会社,110944050000.0,0.0,0.0,0.0,0.0
6748,星和電機株式会社,7929981300.0,3232511000.0,0.0,0.41,0.0
4801,セントラルスポーツ株式会社,28068768000.0,168000000.0,0.0,0.01,0.0
6776,天昇電気工業株式会社,4525724000.0,3983000000.0,0.0,0.88,0.0
2730,株式会社エディオン,227146140000.0,5401000000.0,0.0,0.02,0.0
4662,株式会社フォーカスシステムズ,22759924000.0,2883564000.0,0.0,0.13,0.0
4674,株式会社クレスコ,67956000000.0,8103753000.0,0.0,0.12,0.0
5105,ＴＯＹＯ　ＴＩＲＥ株式会社,477898211000.0,6710000000.0,0.0,0.01,0.0
9082,大和自動車交通株式会社,4504500000.0,1114000000.0,0.0,0.25,0.0
9377,株式会社　エージーピー,21282300000.0,251333000.0,0.0,0.01,0.0
5367,株式会社ニッカトー,6285930000.0,1942568000.0,0.0,0.31,0.0
6633,株式会社ＣＧＳホールディングス,3018877092.0,320212000.0,0.0,0.11,0.0
3321,ミタチ産業株式会社,9797443230.0,106408000.0,0.0,0.01,0.0
8053,住友商事株式会社,4488334254102.0,237437000000.0,0.0,0.05,0.0
5078,株式会社セレコーポレーション,20881562000.0,29550000.0,0.0,0.0,0.0
9955,株式会社ヨンキュウ,28705964000.0,11902726000.0,0.0,0.41,0.0
7215,株式会社ファルテック,3348160200.0,256000000.0,0.0,0.08,0.0
3333,株式会社あさひ,34375448000.0,0.0,0.0,0.0,0.0
6074,株式会社ジェイエスエス,2182122352.0,27055000.0,0.0,0.01,0.0
4403,日油株式会社,696681442000.0,41864000000.0,0.0,0.06,0.0
6072,地盤ネットホールディングス株式会社,3981456000.0,0.0,0.0,0.0,0.0
3628,株式会社データホライゾン,7550928000.0,0.0,0.0,0.0,0.0
4436,株式会社ミンカブ・ジ・インフォノイド,7762644400.0,438832000.0,0.0,0.06,0.0
8308,株式会社　りそなホールディングス,2985433984000.0,27448000000.0,0.0,0.01,0.0
6145,ＮＩＴＴＯＫＵ株式会社,35365295542.0,2999000000.0,0.0,0.08,0.0
7595,株式会社アルゴグラフィックス,116687880000.0,21185887000.0,0.0,0.18,0.0
9412,株式会社スカパーＪＳＡＴホールディングス,420028263504.0,37769000000.0,0.0,0.09,0.0
4166,かっこ株式会社,2058327180.0,66981000.0,0.0,0.03,0.0
7886,ヤマト　モビリティ　＆　Ｍｆｇ．株式会社,1366156000.0,45304000.0,0.0,0.03,0.0
3561,株式会社力の源ホールディングス,41476863000.0,154447000.0,0.0,0.0,0.0
7044,株式会社ピアラ,4190431440.0,267704000.0,0.0,0.06,0.0
7095,株式会社Ｍａｃｂｅｅ　Ｐｌａｎｅｔ,9752418016.0,954000000.0,0.0,0.1,0.0
8030,中央魚類株式会社,15017244000.0,12514000000.0,0.0,0.83,0.0
4886,あすか製薬ホールディングス株式会社,69491888784.0,12327000000.0,0.0,0.18,0.0
8276,株式会社　平和堂,150308136000.0,3871000000.0,0.0,0.03,0.0
4310,株式会社ドリームインキュベータ,22586794604.0,65000000.0,0.0,0.0,0.0
7369,株式会社メイホーホールディングス,1197301500.0,6630000.0,0.0,0.01,0.0
2586,株式会社フルッタフルッタ,27157093029.0,0.0,0.0,0.0,0.0
8366,株式会社滋賀銀行,319601800000.0,0.0,0.0,0.0,0.0
3989,シェアリングテクノロジー株式会社,26172518800.0,0.0,0.0,0.0,0.0
9248,人・夢・技術グループ株式会社,15752968000.0,1833000000.0,0.0,0.12,0.0
7988,株式会社ニフコ,362429055000.0,684000000.0,0.0,0.0,0.0
6307,サンセイ株式会社,3586092300.0,0.0,0.0,0.0,0.0
5310,東洋炭素株式会社,99085015360.0,533000000.0,0.0,0.01,0.0
7224,新明和工業株式会社,118440000000.0,14483000000.0,0.0,0.12,0.0
9265,ヤマシタヘルスケアホールディングス株式会社,6829275000.0,1267000000.0,0.0,0.19,0.0
7877,永大化工株式会社,2283440000.0,234512000.0,0.0,0.1,0.0
2882,株式会社イートアンドホールディングス,23279878440.0,21000000.0,0.0,0.0,0.0
2435,株式会社シダー,2444388000.0,0.0,0.0,0.0,0.0
3823,ＴＨＥ　ＷＨＹ　ＨＯＷ　ＤＯ　ＣＯＭＰＡＮＹ株式会社,6814143063.0,0.0,0.0,0.0,0.0
8697,株式会社日本取引所グループ,1533441041288.0,1122000000.0,0.0,0.0,0.0
6151,日東工器株式会社,34880335395.0,4123000000.0,0.0,0.12,0.0
8844,株式会社コスモスイニシア,46424159000.0,1543000000.0,0.0,0.03,0.0
4216,旭有機材株式会社,80685000000.0,2404000000.0,0.0,0.03,0.0
5268,旭コンクリート工業株式会社,8429421000.0,1201738000.0,0.0,0.14,0.0
7350,株式会社おきなわフィナンシャルグループ,75377400000.0,0.0,0.0,0.0,0.0
7240,ＮＯＫ株式会社,378479668000.0,162144000000.0,0.0,0.43,0.0
9601,松竹株式会社,180495248150.0,41992000000.0,0.0,0.23,0.0
9009,京成電鉄株式会社,656110060500.0,236626000000.0,0.0,0.36,0.0
6137,小池酸素工業株式会社,5959996000.0,11019000000.0,0.0,1.85,0.0
7893,株式会社プロネクサス,30820957056.0,4721912000.0,0.0,0.15,0.0
4994,大成ラミックグループ株式会社,17800722000.0,943751000.0,0.0,0.05,0.0
8016,株式会社オンワードホールディングス,93805074000.0,13789000000.0,0.0,0.15,0.0
4208,ＵＢＥ株式会社,241233300000.0,225502000000.0,0.0,0.93,0.0
6807,日本航空電子工業株式会社,171468060912.0,3748000000.0,0.0,0.02,0.0
6279,株式会社瑞光,27504000000.0,651675000.0,0.0,0.02,0.0
7687,株式会社ミクリード,2960706000.0,0.0,0.0,0.0,0.0
6255,株式会社エヌ・ピー・シー,14267919622.0,0.0,0.0,0.0,0.0
6969,松尾電機株式会社,2561580000.0,15000000.0,0.0,0.01,0.0
3245,株式会社ディア・ライフ,56839348800.0,1062000000.0,0.0,0.02,0.0
6908,イリソ電子工業株式会社,68832913506.0,276000000.0,0.0,0.0,0.0
9163,株式会社ナレルグループ,19684797905.0,0.0,0.0,0.0,0.0
9479,株式会社インプレスホールディングス,7773272000.0,829322000.0,0.0,0.11,0.0
9950,株式会社ハチバン,10477599065.0,452154000.0,0.0,0.04,0.0
9501,東京電力ホールディングス株式会社,827292331983.0933,1886374000000.0,141307000000.0,2.28,0.07
7921,株式会社ＴＡＫＡＲＡ　＆　ＣＯＭＰＡＮＹ,43734699225.0,3332550000.0,0.0,0.08,0.0
6420,ガリレイ株式会社,135926560000.0,11752000000.0,0.0,0.09,0.0
6579,ログリー株式会社,1559230000.0,94966000.0,0.0,0.06,0.0
8508,Ｊトラスト株式会社,63047364000.0,2245000000.0,0.0,0.04,0.0
7483,株式会社ドウシシャ,90970750000.0,2404000000.0,0.0,0.03,0.0
5989,株式会社エイチワン,36910679000.0,740000000.0,0.0,0.02,0.0
4623,株式会社アサヒペン,7933068000.0,2902197000.0,0.0,0.37,0.0
2726,株式会社パルグループホールディングス,403954560000.0,267000000.0,0.0,0.0,0.0
7425,初穂商事株式会社,6672425220.0,180599000.0,0.0,0.03,0.0
6101,株式会社ツガミ,91824000000.0,4352000000.0,0.0,0.05,0.0
3445,株式会社ＲＳ　Ｔｅｃｈｎｏｌｏｇｉｅｓ,80586398500.0,8416908000.0,0.0,0.1,0.0
5741,株式会社ＵＡＣＪ,246928240000.0,5934000000.0,0.0,0.02,0.0
9793,株式会社ダイセキ,174420000000.0,7169000000.0,0.0,0.04,0.0
6238,フリュー株式会社,28494072000.0,14477000.0,0.0,0.0,0.0
3697,株式会社ＳＨＩＦＴ,28997072628.0,1145000000.0,0.0,0.04,0.0
8522,株式会社　名古屋銀行,143816700000.0,0.0,0.0,0.0,0.0
2378,株式会社ルネサンス,22362434000.0,42198000.0,0.0,0.0,0.0
9441,株式会社ベルパーク,43041511800.0,4076371000.0,0.0,0.09,0.0
6762,ＴＤＫ株式会社,3225835670000.0,3549000000.0,0.0,0.0,0.0
5121,藤倉コンポジット株式会社,35427221799.0,1810453000.0,0.0,0.05,0.0
7037,株式会社テノ．ホールディングス,2289533100.0,10000000.0,0.0,0.0,0.0
2156,セーラー広告株式会社,2206314000.0,263868000.0,0.0,0.12,0.0
6644,大崎電気工業株式会社,49715195400.0,8344000000.0,0.0,0.17,0.0
7022,サノヤスホールディングス株式会社,9498720000.0,4805000000.0,0.0,0.51,0.0
6915,千代田インテグレ株式会社,34375114124.0,2996000000.0,0.0,0.09,0.0
4373,シンプレクス・ホールディングス株式会社,227786943000.0,355000000.0,0.0,0.0,0.0
4667,アイサンテクノロジー株式会社,7513317566.0,818876000.0,0.0,0.11,0.0
6951,日本電子株式会社,220814620000.0,14769000000.0,0.0,0.07,0.0
1821,三井住友建設株式会社,96953108000.0,3749000000.0,0.0,0.04,0.0
5942,日本フイルコン株式会社,11083605500.0,2866104000.0,0.0,0.26,0.0
7030,株式会社スプリックス,19271514600.0,276000000.0,0.0,0.01,0.0
9763,丸紅建材リース株式会社,10511233600.0,5179000000.0,0.0,0.49,0.0
1929,日特建設株式会社,47848938000.0,4288000000.0,0.0,0.09,0.0
4784,ＧＭＯインターネット株式会社,35307420400.0,673485000.0,0.0,0.02,0.0
4720,株式会社城南進学研究社,2091454560.0,136139000.0,0.0,0.07,0.0
2269,明治ホールディングス株式会社,872844600000.0,78354000000.0,0.0,0.09,0.0
6572,オープングループ株式会社,23831169000.0,1746585000.0,0.0,0.07,0.0
7837,株式会社アールシーコア,1800950800.0,0.0,0.0,0.0,0.0
2653,イオン九州株式会社,98892471162.0,399000000.0,0.0,0.0,0.0
6018,阪神内燃機工業株式会社,9825200000.0,1943997000.0,0.0,0.2,0.0
7162,アストマックス株式会社,3513800100.0,447223000.0,0.0,0.13,0.0
4335,株式会社アイ・ピー・エス,2870424000.0,4945000.0,0.0,0.0,0.0
9072,ニッコンホールディングス株式会社,424592634888.0,28031000000.0,0.0,0.07,0.0
6365,株式会社電業社機械製作所,21782664000.0,3765000000.0,0.0,0.17,0.0
7974,任天堂株式会社,16850502750000.0,369373000000.0,0.0,0.02,0.0
9987,株式会社スズケン,396846333000.0,84399000000.0,0.0,0.21,0.0
9835,株式会社ジュンテンドー,4098932688.0,396884000.0,0.0,0.1,0.0
6176,株式会社ブランジスタ,11266706900.0,1597540000.0,0.0,0.14,0.0
2266,六甲バター株式会社,26986773250.0,2870928000.0,0.0,0.11,0.0
3088,株式会社マツキヨココカラ＆カンパニー,1327665950000.0,27786000000.0,0.0,0.02,0.0
3192,株式会社白鳩,1780809900.0,0.0,0.0,0.0,0.0
3431,宮地エンジニアリンググループ株式会社,52641654000.0,6887000000.0,0.0,0.13,0.0
7746,岡本硝子株式会社,4008460000.0,34914000.0,0.0,0.01,0.0
5975,東プレ株式会社,106422993280.0,19610000000.0,0.0,0.18,0.0
6378,木村化工機株式会社,19487600000.0,2024000000.0,0.0,0.1,0.0
5388,クニミネ工業株式会社,15374800000.0,1631810000.0,0.0,0.11,0.0
3161,アゼアス株式会社,3882485838.0,170215000.0,0.0,0.04,0.0
3646,株式会社駅探,2281125200.0,29506000.0,0.0,0.01,0.0
4396,株式会社システムサポート,26624700000.0,0.0,0.0,0.0,0.0
4816,東映アニメーション株式会社,707700000000.0,20703000000.0,0.0,0.03,0.0
7456,松田産業株式会社,98348740000.0,7894000000.0,0.0,0.08,0.0
2923,サトウ食品株式会社,36543600000.0,2305079000.0,0.0,0.06,0.0
7438,コンドーテック株式会社,39489656000.0,280000000.0,0.0,0.01,0.0
8174,日本瓦斯株式会社,311741001000.0,2130000000.0,0.0,0.01,0.0
4100,戸田工業株式会社,8258046000.0,3374000000.0,0.0,0.41,0.0
6724,セイコーエプソン株式会社,704558964672.0,6972000000.0,0.0,0.01,0.0
7538,株式会社大水,4600516000.0,3735000000.0,0.0,0.81,0.0
9869,加藤産業株式会社,200200000000.0,58082000000.0,0.0,0.29,0.0
7351,株式会社グッドパッチ,8231834740.0,202017000.0,0.0,0.02,0.0
7487,小津産業株式会社,13926556475.0,6548029000.0,0.0,0.47,0.0
4046,株式会社大阪ソーダ,242726560000.0,28510000000.0,0.0,0.12,0.0
3080,株式会社ジェーソン,8712160000.0,0.0,0.0,0.0,0.0
3640,株式会社電算,18066134000.0,581190000.0,0.0,0.03,0.0
9142,九州旅客鉄道株式会社,576036262000.0,53217000000.0,0.0,0.09,0.0
5596,アウトルックコンサルティング株式会社,4707452780.0,0.0,0.0,0.0,0.0
4689,ＬＩＮＥヤフー株式会社,3842510977537.3535,14056000000.0,0.0,0.0,0.0
2181,パーソルホールディングス株式会社,660518872393.5242,925000000.0,0.0,0.0,0.0
2286,林兼産業株式会社,4811400000.0,4286000000.0,0.0,0.89,0.0
3326,株式会社ランシステム,2689872600.0,0.0,0.0,0.0,0.0
6803,ティアック株式会社,2603880000.0,0.0,0.0,0.0,0.0
1798,株式会社守谷商会,9017400000.0,1154986000.0,0.0,0.13,0.0
5384,株式会社フジミインコーポレーテッド,172211775000.0,3511000000.0,0.0,0.02,0.0
6674,株式会社　ジーエス・ユアサ　コーポレーション,263017851000.0,78432000000.0,0.0,0.3,0.0
7384,株式会社プロクレアホールディングス,41783364000.0,0.0,0.0,0.0,0.0
7182,株式会社ゆうちょ銀行,5909307232500.0,0.0,0.0,0.0,0.0
9914,株式会社　植松商会,2208960000.0,1555681000.0,0.0,0.7,0.0
3814,株式会社アルファクス・フード・システム,1329019400.0,0.0,0.0,0.0,0.0
7713,シグマ光機株式会社,9953536000.0,1140928000.0,0.0,0.11,0.0
2305,株式会社スタジオアリス,36140055000.0,1779666000.0,0.0,0.05,0.0
5727,東邦チタニウム株式会社,90585326610.0,0.0,0.0,0.0,0.0
1446,株式会社キャンディル,6011152000.0,106500000.0,0.0,0.02,0.0
2685,株式会社アダストリア,140348800000.0,691000000.0,0.0,0.0,0.0
4917,株式会社マンダム,68445442000.0,6872000000.0,0.0,0.1,0.0
3204,株式会社トーア紡コーポレーション,3576000000.0,2367000000.0,0.0,0.66,0.0
2751,株式会社テンポスホールディングス,47596710000.0,236000000.0,0.0,0.0,0.0
7590,株式会社タカショー,7423028108.0,180245000.0,0.0,0.02,0.0
5991,日本発條株式会社,379410608448.0,64962000000.0,0.0,0.17,0.0
1799,第一建設工業株式会社,62992642820.0,7455064000.0,0.0,0.12,0.0
6772,東京コスモス電機株式会社,14500062500.0,703799000.0,0.0,0.05,0.0
4932,株式会社アルマード,11121580000.0,0.0,0.0,0.0,0.0
5891,株式会社魁力屋,11337418800.0,0.0,0.0,0.0,0.0
3116,トヨタ紡織株式会社,396162372918.0,8471000000.0,0.0,0.02,0.0
6340,澁谷工業株式会社,97254795000.0,3087000000.0,0.0,0.03,0.0
2424,株式会社ブラス,4053603000.0,0.0,0.0,0.0,0.0
5541,大平洋金属株式会社,34220720108.0,24873000000.0,0.0,0.73,0.0
5922,那須電機鉄工株式会社,15864000000.0,5294896000.0,0.0,0.33,0.0
7367,株式会社セルム,9094976000.0,109636000.0,0.0,0.01,0.0
4487,株式会社スペースマーケット,4909559600.0,5100000.0,0.0,0.0,0.0
7979,株式会社松風,71719152000.0,8709000000.0,0.0,0.12,0.0
1938,日本リーテック株式会社,48262428000.0,16185080000.0,0.0,0.34,0.0
7698,株式会社アイスコ,6917348900.0,19562000.0,0.0,0.0,0.0
3539,株式会社ＪＭホールディングス,72248086000.0,1201000000.0,0.0,0.02,0.0
3512,日本フエルト株式会社,8529030000.0,8232581000.0,0.0,0.97,0.0
6370,栗田工業株式会社,642121200000.0,7165000000.0,0.0,0.01,0.0
4521,科研製薬株式会社,176681394000.0,18875000000.0,0.0,0.11,0.0
4596,窪田製薬ホールディングス株式会社,2838279400.0,0.0,0.0,0.0,0.0
8550,株式会社　栃木銀行,47021832000.0,0.0,0.0,0.0,0.0
3864,三菱製紙株式会社,27873912759.0,24813000000.0,0.0,0.89,0.0
3386,コスモ・バイオ株式会社,7070112000.0,3288000000.0,0.0,0.47,0.0
5703,日本軽金属ホールディングス株式会社,102165700000.0,38369000000.0,0.0,0.38,0.0
9381,株式会社エーアイテイー,43427097600.0,2492000000.0,0.0,0.06,0.0
9753,アイエックス・ナレッジ株式会社,12063600000.0,2905513000.0,0.0,0.24,0.0
4429,リックソフト株式会社,3672092100.0,0.0,0.0,0.0,0.0
7604,株式会社　梅の花,6747962400.0,1068601000.0,0.0,0.16,0.0
2198,アイ・ケイ・ケイホールディングス株式会社,23605958400.0,17991000.0,0.0,0.0,0.0
2502,アサヒグループホールディングス株式会社,2848091225000.0,2709000000.0,0.0,0.0,0.0
3418,株式会社バルニバービ,10864751520.0,171008000.0,0.0,0.02,0.0
4367,広栄化学株式会社,11167100000.0,0.0,0.0,0.0,0.0
6360,株式会社　東京自働機械製作所,4428600000.0,2891296000.0,0.0,0.65,0.0
4625,アトミクス株式会社,4757994000.0,565252000.0,0.0,0.12,0.0
5805,ＳＷＣＣ株式会社,254314500000.0,6207000000.0,0.0,0.02,0.0
6093,株式会社エスクロー・エージェント・ジャパン,5927580702.0,57905000.0,0.0,0.01,0.0
1716,第一カッター興業株式会社,15396000000.0,976289000.0,0.0,0.06,0.0
9233,アジア航測株式会社,21796994000.0,4851933000.0,0.0,0.22,0.0
4224,ロンシール工業株式会社,8019750000.0,1329000000.0,0.0,0.17,0.0
9246,株式会社プロジェクトホールディングス,7211368600.0,18050000.0,0.0,0.0,0.0
8225,株式会社タカチホ,2639010000.0,54477000.0,0.0,0.02,0.0
4246,ダイキョーニシカワ株式会社,51062412400.0,1480000000.0,0.0,0.03,0.0
7087,株式会社ウイルテック,5588765000.0,41000000.0,0.0,0.01,0.0
3038,株式会社神戸物産,1199736000000.0,424000000.0,0.0,0.0,0.0
7779,ＣＹＢＥＲＤＹＮＥ株式会社,25015137238.0,3910000000.0,0.0,0.16,0.0
2270,雪印メグミルク株式会社,194284593830.0,56370000000.0,0.0,0.29,0.0
3433,トーカロ株式会社,120747600000.0,2344000000.0,0.0,0.02,0.0
7689,株式会社コパ・コーポレーション,1511130000.0,0.0,0.0,0.0,0.0
8086,ニプロ株式会社,230869543500.0,15287000000.0,0.0,0.07,0.0
8537,株式会社大光銀行,15638007000.0,0.0,0.0,0.0,0.0
6874,協立電機株式会社,9742870000.0,1994043000.0,0.0,0.2,0.0
5406,株式会社　神戸製鋼所,635342638000.0,214144000000.0,0.0,0.34,0.0
6988,日東電工株式会社,2007551780000.0,2844000000.0,0.0,0.0,0.0
7752,株式会社リコー,748344426850.0,14319000000.0,0.0,0.02,0.0
7212,株式会社エフテック,12743038164.0,9242000000.0,0.0,0.73,0.0
6861,株式会社キーエンス,13583110950000.0,1527669000000.0,0.0,0.11,0.0
6902,株式会社デンソー,5695332370000.0,457549000000.0,0.0,0.08,0.0
4324,株式会社電通グループ,768427800000.0,92134000000.0,0.0,0.12,0.0
7265,エイケン工業株式会社,4625200000.0,401077000.0,0.0,0.09,0.0
6670,株式会社ＭＣＪ,135360351000.0,920000000.0,0.0,0.01,0.0
6994,株式会社指月電機製作所,13720315000.0,1745251000.0,0.0,0.13,0.0
7850,総合商研株式会社,2729618120.0,932358000.0,0.0,0.34,0.0
5013,株式会社ユシロ,29787839295.0,5584000000.0,0.0,0.19,0.0
4912,ライオン株式会社,415982891025.0,18894000000.0,0.0,0.05,0.0
9861,株式会社吉野家ホールディングス,215188059632.0,2878000000.0,0.0,0.01,0.0
3912,株式会社モバイルファクトリー,8291784855.0,104552000.0,0.0,0.01,0.0
1438,株式会社岐阜造園,6125271400.0,163466000.0,0.0,0.03,0.0
7297,株式会社カーメイト,6691978940.0,2073787000.0,0.0,0.31,0.0
7943,ニチハ株式会社,114398060000.0,10210000000.0,0.0,0.09,0.0
9622,株式会社スペース,31574578653.0,927262000.0,0.0,0.03,0.0
3405,株式会社クラレ,601971139000.0,29890000000.0,0.0,0.05,0.0
8931,和田興産株式会社,16772100000.0,266881000.0,0.0,0.02,0.0
1723,日本電技株式会社,75826875000.0,15262000000.0,0.0,0.2,0.0
3976,株式会社シャノン,1180039700.0,0.0,0.0,0.0,0.0
4259,株式会社エクサウィザーズ,37623747200.0,181000000.0,0.0,0.0,0.0
8364,株式会社清水銀行,16588425000.0,0.0,0.0,0.0,0.0
6134,株式会社ＦＵＪＩ,263488265238.0,20962000000.0,0.0,0.08,0.0
7150,株式会社島根銀行,3938688000.0,0.0,0.0,0.0,0.0
6677,株式会社エスケーエレクトロニクス,31160784400.0,855611000.0,0.0,0.03,0.0
3444,株式会社菊池製作所,3750660800.0,3005985000.0,0.0,0.8,0.0
3491,株式会社ＧＡ　ｔｅｃｈｎｏｌｏｇｉｅｓ,69883000755.0,348000000.0,0.0,0.0,0.0
9629,ピー・シー・エー株式会社,39996000000.0,3115000000.0,0.0,0.08,0.0
9636,株式会社きんえい,11523785000.0,23831000.0,0.0,0.0,0.0
4477,ＢＡＳＥ株式会社,46554636000.0,32000000.0,0.0,0.0,0.0
7130,ヤマエグループホールディングス株式会社,70756752000.0,20238000000.0,0.0,0.29,0.0
5923,高田機工株式会社,7416760000.0,4816013000.0,0.0,0.65,0.0
8616,東海東京フィナンシャル・ホールディングス株式会社,134720953455.0,56226000000.0,0.0,0.42,0.0
2962,株式会社テクニスコ,2765080290.0,3921000.0,0.0,0.0,0.0
2484,株式会社出前館,25424876160.0,3000000.0,0.0,0.0,0.0
9339,株式会社コーチ・エィ,2264883225.0,34800000.0,0.0,0.02,0.0
6239,株式会社ナガオカ,9853132800.0,120600000.0,0.0,0.01,0.0
4319,ＴＡＣ株式会社,4107888000.0,502678000.0,0.0,0.12,0.0
6678,株式会社テクノメディカ,16100880000.0,0.0,0.0,0.0,0.0
6433,ヒーハイスト株式会社,2640088000.0,1620000.0,0.0,0.0,0.0
5411,ＪＦＥホールディングス株式会社,1109424930000.0,0.0,0.0,0.0,0.0
2666,株式会社　オートウェーブ,2138748000.0,0.0,0.0,0.0,0.0
7813,株式会社プラッツ,2481516000.0,1057946000.0,0.0,0.43,0.0
1979,株式会社大気社,89160210000.0,26324000000.0,0.0,0.3,0.0
7266,株式会社今仙電機製作所,16033665416.0,2246000000.0,0.0,0.14,0.0
9896,ＪＫホールディングス株式会社,37030720000.0,4454000000.0,0.0,0.12,0.0
4401,株式会社ＡＤＥＫＡ,302536018001.0,42803000000.0,0.0,0.14,0.0
6599,エブレン株式会社,3311616000.0,14281000.0,0.0,0.0,0.0
3498,霞ヶ関キャピタル株式会社,165548510130.0,2196142000.0,0.0,0.01,0.0
9929,平和紙業株式会社,4471272000.0,3073949000.0,0.0,0.69,0.0
7091,株式会社リビングプラットフォーム,4142894634.0,70373000.0,0.0,0.02,0.0
6436,アマノ株式会社,346876676225.0,17097000000.0,0.0,0.05,0.0
6622,株式会社ダイヘン,171130345890.0,15980000000.0,0.0,0.09,0.0
9715,トランス・コスモス株式会社,154617483900.0,3363000000.0,0.0,0.02,0.0
5906,エムケー精工株式会社,7563599250.0,2419849000.0,0.0,0.32,0.0
8233,株式会社髙島屋,355327316000.0,119967000000.0,0.0,0.34,0.0
6342,株式会社太平製作所,3879000000.0,582538000.0,0.0,0.15,0.0
6857,株式会社アドバンテスト,8979172520000.0,684000000.0,0.0,0.0,0.0
4095,日本パーカライジング株式会社,174640158108.0,34482000000.0,0.0,0.2,0.0
3934,株式会社ベネフィットジャパン,10309637216.0,5524000.0,0.0,0.0,0.0
3691,株式会社デジタルプラス,4344693400.0,19692000.0,0.0,0.0,0.0
9562,ビジネスコーチ株式会社,2199855900.0,0.0,0.0,0.0,0.0
6871,株式会社日本マイクロニクス,219338731680.0,1886000000.0,0.0,0.01,0.0
9913,日邦産業株式会社,24014026278.0,2166000000.0,0.0,0.09,0.0
7970,信越ポリマー株式会社,143268282000.0,929000000.0,0.0,0.01,0.0
5355,日本坩堝株式会社,4234165200.0,1137567000.0,0.0,0.27,0.0
5282,ジオスター株式会社,9395940000.0,1541700000.0,0.0,0.16,0.0
4475,ＨＥＮＮＧＥ株式会社,52813475000.0,460110000.0,0.0,0.01,0.0
9564,株式会社ＦＣＥ,8609215200.0,626674000.0,0.0,0.07,0.0
7605,株式会社　フジ・コーポレーション,52013660400.0,0.0,0.0,0.0,0.0
2195,アミタホールディングス株式会社,7075213080.0,449552000.0,0.0,0.06,0.0
6180,ＧＭＯメディア株式会社,8970427200.0,206459000.0,0.0,0.02,0.0
4174,株式会社アピリッツ,3098277690.0,0.0,0.0,0.0,0.0
3372,株式会社関門海,3346215100.0,18552000.0,0.0,0.01,0.0
6558,クックビズ株式会社,1690999805.0,0.0,0.0,0.0,0.0
3299,株式会社ムゲンエステート,47114174000.0,0.0,0.0,0.0,0.0
6324,株式会社ハーモニック・ドライブ・システムズ,256487910200.0,409931000.0,0.0,0.0,0.0
7036,株式会社イーエムネットジャパン,4022361000.0,275570000.0,0.0,0.07,0.0
9969,株式会社ショクブン,4387533912.0,7504000.0,0.0,0.0,0.0
2936,ベースフード株式会社,25110300600.0,0.0,0.0,0.0,0.0
6787,株式会社メイコー,182798642400.0,2145000000.0,0.0,0.01,0.0
4613,関西ペイント株式会社,365830243540.0,57907000000.0,0.0,0.16,0.0
6444,サンデン株式会社,13068117621.0,22642000000.0,0.0,1.73,0.0
6734,株式会社ニューテック,3658398000.0,80996000.0,0.0,0.02,0.0
4388,株式会社エーアイ,3179951292.0,0.0,0.0,0.0,0.0
6382,トリニティ工業株式会社,18292880000.0,3169053000.0,0.0,0.17,0.0
5921,川岸工業株式会社,11625000000.0,1586678000.0,0.0,0.14,0.0
7944,ローランド株式会社,85474820330.0,724000000.0,0.0,0.01,0.0
7807,株式会社幸和製作所,3854918990.0,122933000.0,0.0,0.03,0.0
7314,株式会社小田原機器,3409362500.0,211251000.0,0.0,0.06,0.0
9531,東京瓦斯株式会社,1913747374000.0,383571000000.0,0.0,0.2,0.0
4826,株式会社ＣＩＪ,31662388512.0,2000841000.0,0.0,0.06,0.0
2002,株式会社日清製粉グループ本社,498622083500.0,158338000000.0,0.0,0.32,0.0
4464,株式会社ソフト９９コーポレーション,35549304000.0,8039073000.0,0.0,0.23,0.0
2929,株式会社ファーマフーズ,24629913000.0,3037000000.0,0.0,0.12,0.0
7236,株式会社ティラド,30586880000.0,2841000000.0,0.0,0.09,0.0
2488,ＪＴＰ株式会社,8415824400.0,0.0,0.0,0.0,0.0
8881,株式会社日神グループホールディングス,24039045120.0,4426309000.0,0.0,0.18,0.0
7294,株式会社ヨロズ,23076240756.0,7372000000.0,0.0,0.32,0.0
2349,株式会社エヌアイデイ,30924131000.0,5114030000.0,0.0,0.17,0.0
6027,弁護士ドットコム株式会社,66520268800.0,483612000.0,0.0,0.01,0.0
9046,神戸電鉄株式会社,18669276000.0,1824000000.0,0.0,0.1,0.0
1882,東亜道路工業株式会社,78867752450.0,4087000000.0,0.0,0.05,0.0
4183,三井化学株式会社,675839437475.0,49117000000.0,0.0,0.07,0.0
7957,フジコピアン株式会社,2620885000.0,1265449000.0,0.0,0.48,0.0
9704,株式会社アゴーラホスピタリティーグループ,17465953908.0,119750000.0,0.0,0.01,0.0
6758,ソニーグループ株式会社,22373012418000.0,76877000000.0,0.0,0.0,0.0
9474,株式会社ゼンリン,59478438000.0,12404000000.0,0.0,0.21,0.0
3551,ダイニック株式会社,7263270000.0,6665936000.0,0.0,0.92,0.0
7291,日本プラスト株式会社,6851730000.0,3510000000.0,0.0,0.51,0.0
7781,株式会社平山ホールディングス,8313773600.0,145710000.0,0.0,0.02,0.0
6658,シライ電子工業株式会社,8525424000.0,634000000.0,0.0,0.07,0.0
6506,株式会社安川電機,768867270000.0,24100000000.0,0.0,0.03,0.0
6159,ミクロン精密株式会社,12830490000.0,1754787000.0,0.0,0.14,0.0
7615,株式会社京都きもの友禅ホールディングス,1438030800.0,0.0,0.0,0.0,0.0
7191,株式会社イントラスト,20135899800.0,381588000.0,0.0,0.02,0.0
4441,トビラシステムズ株式会社,10986574800.0,19955000.0,0.0,0.0,0.0
9565,ＧＬＯＥ株式会社,2681468160.0,0.0,0.0,0.0,0.0
1887,日本国土開発株式会社,43363575000.0,11241000000.0,0.0,0.26,0.0
5803,株式会社フジクラ,2370454356000.0,34348000000.0,0.0,0.01,0.0
4125,三和油化工業株式会社,6002020000.0,660720000.0,0.0,0.11,0.0
4031,片倉コープアグリ株式会社,9744399000.0,1100000000.0,0.0,0.11,0.0
4082,第一稀元素化学工業株式会社,16079600000.0,873000000.0,0.0,0.05,0.0
3923,株式会社ラクス,420874160000.0,3877000000.0,0.0,0.01,0.0
2735,株式会社ワッツ,9232736800.0,350264000.0,0.0,0.04,0.0
3401,帝人株式会社,238534216935.0,11605000000.0,0.0,0.05,0.0
7616,株式会社　コロワイド,201410099572.0,154000000.0,0.0,0.0,0.0
4527,ロート製薬株式会社,492077508885.0,46427000000.0,0.0,0.09,0.0
9267,Ｇｅｎｋｙ　ＤｒｕｇＳｔｏｒｅｓ株式会社,64215931680.0,66000000.0,0.0,0.0,0.0
5930,文化シヤッター株式会社,173632551235.0,19269000000.0,0.0,0.11,0.0
6146,株式会社ディスコ,5101161000000.0,3510000000.0,0.0,0.0,0.0
2481,株式会社タウンニュース社,3969627840.0,1115085000.0,0.0,0.28,0.0
1447,ＳＡＡＦホールディングス株式会社,6160633416.0,289202000.0,0.0,0.05,0.0
3951,朝日印刷株式会社,20509440000.0,4615632000.0,0.0,0.23,0.0
7241,フタバ産業株式会社,71126520000.0,20399000000.0,0.0,0.29,0.0
4927,株式会社ポーラ・オルビスホールディングス,286649331156.0,15407000000.0,0.0,0.05,0.0
6428,株式会社オーイズミ,7177500000.0,400744000.0,0.0,0.06,0.0
7640,株式会社トップカルチャー,2529446400.0,32254000.0,0.0,0.01,0.0
5527,株式会社ｐｒｏｐｅｒｔｙ　ｔｅｃｈｎｏｌｏｇｉｅｓ,6729886620.0,52604000.0,0.0,0.01,0.0
6293,日精樹脂工業株式会社,19532544000.0,2181000000.0,0.0,0.11,0.0
3099,株式会社三越伊勢丹ホールディングス,829921815000.0,148975000000.0,0.0,0.18,0.0
3395,株式会社サンマルクホールディングス,54462197514.0,258042000.0,0.0,0.0,0.0
3284,株式会社フージャースホールディングス,48767059775.0,2175000000.0,0.0,0.04,0.0
9445,株式会社フォーバルテレコム,8613457800.0,6000000.0,0.0,0.0,0.0
6393,油研工業株式会社,12647935504.0,3613639000.0,0.0,0.29,0.0
6191,株式会社エアトリ,21495134400.0,1333000000.0,0.0,0.06,0.0
6654,不二電機工業株式会社,7096493000.0,1247691000.0,0.0,0.18,0.0
8700,丸八証券株式会社,6426780000.0,1718597000.0,0.0,0.27,0.0
3933,チエル株式会社,5872512000.0,312751000.0,0.0,0.05,0.0
7280,株式会社ミツバ,37877811000.0,16201000000.0,0.0,0.43,0.0
6039,株式会社日本動物高度医療センター,7540884000.0,0.0,0.0,0.0,0.0
1944,株式会社きんでん,913989734000.0,128500000000.0,0.0,0.14,0.0
8273,株式会社イズミ,217145556000.0,4667000000.0,0.0,0.02,0.0
9742,株式会社アイネス,35634500000.0,11836000000.0,0.0,0.33,0.0
6855,日本電子材料株式会社,29417889616.0,74000000.0,0.0,0.0,0.0
7821,前田工繊株式会社,64642541094.0,857000000.0,0.0,0.01,0.0
3434,株式会社アルファ,12056400000.0,3993000000.0,0.0,0.33,0.0
9147,ＮＩＰＰＯＮ　ＥＸＰＲＥＳＳホールディングス株式会社,281358000000.0,36943000000.0,0.0,0.13,0.0
5344,株式会社ＭＡＲＵＷＡ,569359440000.0,482000000.0,0.0,0.0,0.0
7847,株式会社グラファイトデザイン,4334054400.0,40520000.0,0.0,0.01,0.0
9627,株式会社アインホールディングス,206015052780.0,3345000000.0,0.0,0.02,0.0
3036,アルコニックス株式会社,62761400000.0,8577000000.0,0.0,0.14,0.0
4828,ビジネスエンジニアリング株式会社,60240000000.0,1044062000.0,0.0,0.02,0.0
9017,新潟交通株式会社,8010072000.0,179873000.0,0.0,0.02,0.0
8393,株式会社宮崎銀行,66904365000.0,0.0,0.0,0.0,0.0
4820,株式会社イーエムシステムズ（商号　株式会社ＥＭシステムズ）,50418082000.0,906000000.0,0.0,0.02,0.0
8771,イー・ギャランティ株式会社,70503411900.0,11288851000.0,0.0,0.16,0.0
6149,株式会社小田原エンジニアリング,12107841984.0,501741000.0,0.0,0.04,0.0
2498,株式会社オリエンタルコンサルタンツホールディングス,32006000000.0,2392349000.0,0.0,0.07,0.0
7803,株式会社ブシロード,48642842550.0,5316306000.0,0.0,0.11,0.0
6929,日本セラミック株式会社,79351134000.0,1779000000.0,0.0,0.02,0.0
9446,株式会社サカイホールディングス,5039990000.0,334556000.0,0.0,0.07,0.0
2791,大黒天物産株式会社,103022478000.0,448000000.0,0.0,0.0,0.0
4203,住友ベークライト株式会社,395189784540.0,36372000000.0,0.0,0.09,0.0
8185,株式会社チヨダ,45135085324.0,2621000000.0,0.0,0.06,0.0
9168,株式会社ライズ・コンサルティング・グループ,30400552080.0,0.0,0.0,0.0,0.0
4361,川口化学工業株式会社,1656760000.0,55097000.0,0.0,0.03,0.0
8392,株式会社大分銀行,68107620000.0,0.0,0.0,0.0,0.0
4783,ＮＣＤ株式会社,24745600000.0,235728000.0,0.0,0.01,0.0
4301,株式会社アミューズ,30170102400.0,4071000000.0,0.0,0.13,0.0
3695,ＧＭＯリサーチ＆ＡＩ株式会社,4066725000.0,141696000.0,0.0,0.03,0.0
9302,三井倉庫ホールディングス株式会社,94940727600.0,17148000000.0,0.0,0.18,0.0
9236,ジャパンＭ＆Ａソリューション株式会社,1933243800.0,0.0,0.0,0.0,0.0
9946,ミニストップ株式会社,59243324000.0,101000000.0,0.0,0.0,0.0
4482,株式会社ウィルズ,14106448000.0,30000000.0,0.0,0.0,0.0
9996,株式会社サトー商会,18332737920.0,9506389000.0,0.0,0.52,0.0
2216,カンロ株式会社,23432874120.0,161295000.0,0.0,0.01,0.0
7874,レック株式会社,43661148960.0,9026000000.0,0.0,0.21,0.0
7067,ブランディングテクノロジー株式会社,1539214430.0,11346000.0,0.0,0.01,0.0
9887,株式会社松屋フーズホールディングス,112662330000.0,102940000.0,0.0,0.0,0.0
3382,株式会社セブン＆アイ・ホールディングス,5246876047500.0,321086000000.0,0.0,0.06,0.0
5021,コスモエネルギーホールディングス株式会社,558925892086.0,98538000000.0,0.0,0.18,0.0
8600,トモニホールディングス株式会社,117668064000.0,0.0,0.0,0.0,0.0
7050,株式会社フロンティアインターナショナル,10254180000.0,400525000.0,0.0,0.04,0.0
6615,ユー・エム・シー・エレクトロニクス株式会社,8030844080.0,36000000.0,0.0,0.0,0.0
7679,株式会社薬王堂ホールディングス,44336531874.0,105000000.0,0.0,0.0,0.0
7940,ウェーブロックホールディングス株式会社,6705684414.0,1068366000.0,0.0,0.16,0.0
7063,株式会社Ｂｉｒｄｍａｎ,1845810900.0,16396000.0,0.0,0.01,0.0
9041,近鉄グループホールディングス株式会社,529373043000.0,70080000000.0,0.0,0.13,0.0
5915,株式会社駒井ハルテック,7756320000.0,7519000000.0,0.0,0.97,0.0
6699,ダイヤモンドエレクトリックホールディングス株式会社,5397007589.0,2802000000.0,0.0,0.52,0.0
2009,鳥越製粉株式会社,23562580000.0,11210321000.0,0.0,0.48,0.0
4449,株式会社ギフティ,43447258532.0,3844000000.0,0.0,0.09,0.0
8289,株式会社Ｏｌｙｍｐｉｃグループ,9645202000.0,655000000.0,0.0,0.07,0.0
1518,三井松島ホールディングス株式会社,66759084000.0,10945000000.0,0.0,0.16,0.0
3058,株式会社三洋堂ホールディングス,5039400000.0,340043000.0,0.0,0.07,0.0
7832,株式会社バンダイナムコホールディングス,3036000000000.0,173350000000.0,0.0,0.06,0.0
6416,桂川電機株式会社,1025872000.0,296807000.0,0.0,0.29,0.0
4635,東京インキ株式会社,11475441180.0,4486000000.0,0.0,0.39,0.0
7951,ヤマハ株式会社,543213000000.0,45927000000.0,0.0,0.08,0.0
9361,伏木海陸運送株式会社,4275525000.0,2596662000.0,0.0,0.61,0.0
6542,株式会社ＦＣホールディングス,7998157178.0,119423000.0,0.0,0.01,0.0
2489,株式会社アドウェイズ,14618088000.0,2779210000.0,0.0,0.19,0.0
4347,ブロードメディア株式会社,14055000000.0,169455000.0,0.0,0.01,0.0
3224,株式会社ゼネラル・オイスター,3212094400.0,0.0,0.0,0.0,0.0
2931,株式会社ユーグレナ,56065326246.0,748000000.0,0.0,0.01,0.0
4503,アステラス製薬株式会社,2625821013000.0,18561000000.0,0.0,0.01,0.0
7975,株式会社リヒトラブ,4395686400.0,1110475000.0,0.0,0.25,0.0
4433,株式会社ヒト・コミュニケーションズ・ホールディングス,17917232333.0,672000000.0,0.0,0.04,0.0
7585,株式会社かんなん丸,1814495436.0,34124000.0,0.0,0.02,0.0
1852,株式会社淺沼組,61801290000.0,6277000000.0,0.0,0.1,0.0
3901,マークラインズ株式会社,24830457600.0,567243000.0,0.0,0.02,0.0
9052,山陽電気鉄道株式会社,43722140000.0,11281000000.0,0.0,0.26,0.0
9065,山九株式会社,466336290000.0,32541000000.0,0.0,0.07,0.0
3929,ソーシャルワイヤー株式会社,3008579200.0,58606000.0,0.0,0.02,0.0
3422,株式会社　Ｊ－ＭＡＸ,3806097000.0,290000000.0,0.0,0.08,0.0
6584,三櫻工業株式会社,23788792000.0,6707000000.0,0.0,0.28,0.0
8137,サンワテクノス株式会社,39051096000.0,6399000000.0,0.0,0.16,0.0
7205,日野自動車株式会社,218225476986.08398,102776000000.0,0.0,0.47,0.0
6167,冨士ダイス株式会社,15040000000.0,183000000.0,0.0,0.01,0.0
6059,株式会社ウチヤマホールディングス,6658590400.0,1334670000.0,0.0,0.2,0.0
6029,アトラグループ株式会社,1892808000.0,696650000.0,0.0,0.37,0.0
3089,テクノアルファ株式会社,2084400000.0,100000000.0,0.0,0.05,0.0
6479,ミネベアミツミ株式会社,944275219866.0,10324000000.0,0.0,0.01,0.0
4080,株式会社田中化学研究所,13338530000.0,94000000.0,0.0,0.01,0.0
1720,東急建設株式会社,110390874000.0,27902000000.0,0.0,0.25,0.0
4767,株式会社テー・オー・ダブリュー,15082481568.0,1161604000.0,0.0,0.08,0.0
7472,株式会社鳥羽洋行,17061000000.0,2382540000.0,0.0,0.14,0.0
2933,株式会社紀文食品,25021439976.0,2367432000.0,0.0,0.09,0.0
3030,株式会社ハブ,10007556000.0,0.0,0.0,0.0,0.0
2831,はごろもフーズ株式会社,34072500000.0,14759622000.0,0.0,0.43,0.0
3223,株式会社エスエルディー,1545255360.0,1500000.0,0.0,0.0,0.0
6380,オリエンタルチエン工業株式会社,2646888332.0,223958000.0,0.0,0.08,0.0
4978,株式会社リプロセル,19813804219.0,4403537000.0,0.0,0.22,0.0
7727,株式会社オーバル,11493020000.0,402260000.0,0.0,0.04,0.0
2607,不二製油株式会社,255920402500.0,16631000000.0,0.0,0.06,0.0
2428,ウェルネット株式会社,14045600000.0,152819000.0,0.0,0.01,0.0
6755,株式会社富士通ゼネラル,306008582000.0,3181000000.0,0.0,0.01,0.0
8167,株式会社リテールパートナーズ,66657218311.0,12081000000.0,0.0,0.18,0.0
8208,株式会社エンチョー,8016413993.0,610000000.0,0.0,0.08,0.0
8473,ＳＢＩホールディングス株式会社,1734697735668.0,52175000000.0,0.0,0.03,0.0
8864,空港施設株式会社,46250972550.0,10554428000.0,0.0,0.23,0.0
3807,株式会社フィスコ,6473059302.0,1337683000.0,0.0,0.21,0.0
8585,株式会社オリエントコーポレーション,170678826000.0,21921000000.0,0.0,0.13,0.0
8227,株式会社しまむら,791783850000.0,33226000000.0,0.0,0.04,0.0
2471,株式会社エスプール,27178580000.0,11000000.0,0.0,0.0,0.0
2124,株式会社ジェイエイシーリクルートメント,174497288800.0,0.0,0.0,0.0,0.0
7377,ＤＮホールディングス株式会社,17707260000.0,747506000.0,0.0,0.04,0.0
4016,ＭＩＴホールディングス株式会社,1756778000.0,19057000.0,0.0,0.01,0.0
8133,伊藤忠エネクス株式会社,217866184000.0,5531000000.0,0.0,0.03,0.0
7987,ナカバヤシ株式会社,14800116000.0,3081000000.0,0.0,0.21,0.0
5726,株式会社大阪チタニウムテクノロジーズ,54464000000.0,0.0,0.0,0.0,0.0
9385,株式会社ショーエイコーポレーション,4317500000.0,582080000.0,0.0,0.13,0.0
5619,マーソ株式会社,3478142250.0,60034000.0,0.0,0.02,0.0
4678,株式会社　秀英予備校,2013000000.0,0.0,0.0,0.0,0.0
2301,株式会社学情,27852400000.0,4789717000.0,0.0,0.17,0.0
3992,株式会社ニーズウェル,20186803200.0,418893000.0,0.0,0.02,0.0
6544,ジャパンエレベーターサービスホールディングス株式会社,369628880000.0,63000000.0,0.0,0.0,0.0
4483,株式会社ＪＭＤＣ,249989441792.0,1278000000.0,0.0,0.01,0.0
6620,宮越ホールディングス株式会社,48256884000.0,0.0,0.0,0.0,0.0
1401,株式会社エムビーエス,9201080000.0,121304000.0,0.0,0.01,0.0
8113,ユニ・チャーム株式会社,625490576392.5,107787000000.0,0.0,0.17,0.0
6957,株式会社芝浦電子,93669574600.0,482000000.0,0.0,0.01,0.0
8713,フィデアホールディングス株式会社,27358136000.0,0.0,0.0,0.0,0.0
6147,株式会社ヤマザキ,1474438000.0,142795000.0,0.0,0.1,0.0
8584,株式会社ジャックス,144174690000.0,33542000000.0,0.0,0.23,0.0
6777,ｓａｎｔｅｃ　Ｈｏｌｄｉｎｇｓ株式会社,68297881000.0,2591694000.0,0.0,0.04,0.0
6165,パンチ工業株式会社,10800202000.0,1248000000.0,0.0,0.12,0.0
7971,東リ株式会社,29523339000.0,8276000000.0,0.0,0.28,0.0
5571,エキサイトホールディングス株式会社,6282725790.0,889820000.0,0.0,0.14,0.0
4333,株式会社東邦システムサイエンス,25811544108.0,580984000.0,0.0,0.02,0.0
1417,株式会社ミライト・ワン,241098868560.0,19397000000.0,0.0,0.08,0.0
6662,株式会社ユビテック,3786649600.0,0.0,0.0,0.0,0.0
3035,ケイティケイ株式会社,3893000000.0,619015000.0,0.0,0.16,0.0
8058,三菱商事株式会社,11596553253000.0,800698000000.0,0.0,0.07,0.0
7805,プリントネット株式会社,3986092000.0,71778000.0,0.0,0.02,0.0
2183,株式会社リニカル,8089980000.0,272500000.0,0.0,0.03,0.0
6727,株式会社ワコム,99572000000.0,3167139000.0,0.0,0.03,0.0
2585,株式会社ライフドリンク　カンパニー,112055439616.0,123000000.0,0.0,0.0,0.0
3202,ダイトウボウ株式会社,3309240000.0,443136000.0,0.0,0.13,0.0
9083,神姫バス株式会社,22373500000.0,4526000000.0,0.0,0.2,0.0
6237,株式会社イワキ,58541470000.0,2161607000.0,0.0,0.04,0.0
3176,三洋貿易株式会社,41974153476.0,4877344000.0,0.0,0.12,0.0
4645,株式会社市進ホールディングス,4422238296.0,907019000.0,0.0,0.21,0.0
8031,三井物産株式会社,8680881024000.0,1329567000000.0,0.0,0.15,0.0
6501,株式会社日立製作所,19361101407000.0,64117000000.0,0.0,0.0,0.0
6181,タメニー株式会社,3475388400.0,0.0,0.0,0.0,0.0
5729,日本精鉱株式会社,14514863000.0,173118000.0,0.0,0.01,0.0
6856,株式会社堀場製作所,464985330000.0,16014000000.0,0.0,0.03,0.0
9249,日本エコシステム株式会社,4389123200.0,181986000.0,0.0,0.04,0.0
4249,森六株式会社,34282020000.0,7553000000.0,0.0,0.22,0.0
3913,ＧｒｅｅｎＢｅｅ株式会社,3254328000.0,13500000.0,0.0,0.0,0.0
6588,東芝テック株式会社,169775446440.0,37148000000.0,0.0,0.22,0.0
8524,株式会社北洋銀行,246220020000.0,0.0,0.0,0.0,0.0
4543,テルモ株式会社,3619966755000.0,11531000000.0,0.0,0.0,0.0
9702,株式会社アイ・エス・ビー,16103296000.0,545593000.0,0.0,0.03,0.0
8125,株式会社ワキタ,90048351000.0,4899000000.0,0.0,0.05,0.0
7931,未来工業株式会社,87704269550.0,1774000000.0,0.0,0.02,0.0
2918,わらべや日洋ホールディングス株式会社,46531742400.0,1136000000.0,0.0,0.02,0.0
8304,株式会社あおぞら銀行,302573290500.0,0.0,0.0,0.0,0.0
9127,玉井商船株式会社,4768176000.0,1126569000.0,0.0,0.24,0.0
9605,東映株式会社,383991634000.0,150364000000.0,0.0,0.39,0.0
1376,カネコ種苗株式会社,16280676000.0,2077934000.0,0.0,0.13,0.0
8945,サンネクスタグループ株式会社,10831803200.0,37865000.0,0.0,0.0,0.0
4061,デンカ株式会社,181716583680.0,48702000000.0,0.0,0.27,0.0
9757,株式会社船井総研ホールディングス,116250000000.0,2264909000.0,0.0,0.02,0.0
7623,株式会社サンオータス,2684130000.0,91314000.0,0.0,0.03,0.0
4097,高圧ガス工業株式会社,57244310000.0,13655000000.0,0.0,0.24,0.0
9202,ＡＮＡホールディングス株式会社,1434477527682.0,150654000000.0,0.0,0.11,0.0
4444,株式会社インフォネット,2122320720.0,49750000.0,0.0,0.02,0.0
3902,メディカル・データ・ビジョン株式会社,17452001336.0,438348000.0,0.0,0.03,0.0
7501,株式会社ティムコ,3112875340.0,593734000.0,0.0,0.19,0.0
7246,プレス工業株式会社,56700000000.0,8001000000.0,0.0,0.14,0.0
8029,株式会社ルックホールディングス,18427679923.0,6186000000.0,0.0,0.34,0.0
2296,伊藤ハム米久ホールディングス株式会社,283332084230.0,33322000000.0,0.0,0.12,0.0
7735,株式会社ＳＣＲＥＥＮホールディングス,1230242790000.0,45365000000.0,0.0,0.04,0.0
1718,美樹工業株式会社,7600003170.0,770584000.0,0.0,0.1,0.0
4668,株式会社明光ネットワークジャパン,21047325200.0,2891000000.0,0.0,0.14,0.0
4040,南海化学株式会社,7363842800.0,427000000.0,0.0,0.06,0.0
6659,株式会社メディアリンクス,3221975700.0,0.0,0.0,0.0,0.0
8198,マックスバリュ東海株式会社,100714950000.0,679000000.0,0.0,0.01,0.0
4414,株式会社フレクト,12401874240.0,0.0,0.0,0.0,0.0
3936,株式会社グローバルウェイ,7832804750.0,119968000.0,0.0,0.02,0.0
4222,児玉化学工業株式会社,9011222325.0,737390000.0,0.0,0.08,0.0
7038,フロンティア・マネジメント株式会社,7912866819.0,0.0,0.0,0.0,0.0
2385,株式会社総医研ホールディングス,4185312000.0,11465000.0,0.0,0.0,0.0
3994,株式会社マネーフォワード,276683894500.0,18759720000.0,0.0,0.07,0.0
9974,株式会社ベルク,150248160000.0,157000000.0,0.0,0.0,0.0
6334,明治機械株式会社,3306764440.0,149409000.0,0.0,0.05,0.0
