stock_code,company_name,market_cap,bs_securities_assets,pl_dividend_income,asset_ratio,dividend_ratio
5070,株式会社ドラフト,5363282400.0,0.0,0.0,0.0,0.0
7483,株式会社ドウシシャ,91045500000.0,2683000000.0,449000000.0,0.03,0.17
4179,株式会社ジーネクスト,1491974064.0,0.0,0.0,0.0,0.0
2654,株式会社アスモ,5649085000.0,0.0,0.0,0.0,0.0
4320,株式会社ＣＥホールディングス,10785288000.0,438348000.0,2558000.0,0.04,0.01
8544,株式会社　京葉銀行,145883970000.0,0.0,0.0,0.0,0.0
6363,株式会社酉島製作所,60008372814.0,10463000000.0,307000000.0,0.17,0.03
4419,株式会社Ｆｉｎａｔｅｘｔホールディングス,57815338924.0,46153000.0,0.0,0.0,0.0
3020,アプライド株式会社,9393620000.0,33000000.0,0.0,0.0,0.0
6208,株式会社石川製作所,9251865000.0,1312554000.0,30952000.0,0.14,0.02
7859,株式会社アルメディオ,4639808468.0,0.0,1057423000.0,0.0,0.0
4538,扶桑薬品工業株式会社,20083734125.0,4375000000.0,107000000.0,0.22,0.02
3350,株式会社メタプラネット,48925982566.0,73654000.0,0.0,0.0,0.0
4679,株式会社　田　谷,1306872000.0,0.0,0.0,0.0,0.0
4074,株式会社ラキール,7664827500.0,712643000.0,0.0,0.09,0.0
3435,サンコーテクノ株式会社,11788809984.0,1175073000.0,18067000.0,0.1,0.02
7817,パラマウントベッドホールディングス株式会社,146070282912.0,21682000000.0,437000000.0,0.15,0.02
9336,大栄環境株式会社,299079342600.0,7763000000.0,78000000.0,0.03,0.01
3854,株式会社アイル,66713294592.0,146256000.0,18020000.0,0.0,0.12
2331,綜合警備保障株式会社,535965320605.0,62312000000.0,859000000.0,0.12,0.01
2937,株式会社サンクゼール,14970947200.0,55394000.0,52791000.0,0.0,0.95
9351,東洋埠頭株式会社,10874700000.0,8741000000.0,256000000.0,0.8,0.03
4182,三菱瓦斯化学株式会社,549180192000.0,236354000000.0,3205000000.0,0.43,0.01
8367,株式会社南都銀行,148942750000.0,0.0,0.0,0.0,0.0
4389,プロパティデータバンク株式会社,5695200000.0,29751000.0,1261000.0,0.01,0.04
3691,株式会社デジタルプラス,3927117600.0,24813000.0,0.0,0.01,0.0
4240,クラスターテクノロジー株式会社,1611062400.0,0.0,0.0,0.0,0.0
8473,ＳＢＩホールディングス株式会社,1728319145075.0,6191000000.0,267000000.0,0.0,0.04
1934,株式会社ユアテック,161630176000.0,11102000000.0,549000000.0,0.07,0.05
9082,大和自動車交通株式会社,4504500000.0,1259000000.0,28000000.0,0.28,0.02
3341,日本調剤株式会社,100906000000.0,13000000.0,372000000.0,0.0,28.62
6507,シンフォニアテクノロジー株式会社,271974683860.0,14086000000.0,710000000.0,0.05,0.05
6555,株式会社ＭＳ＆Ｃｏｎｓｕｌｔｉｎｇ,1874487900.0,21004000.0,0.0,0.01,0.0
1435,株式会社ｒｏｂｏｔ　ｈｏｍｅ,13760177000.0,1038034000.0,8298000.0,0.08,0.01
4997,日本農薬株式会社,70983493012.0,11598000000.0,207000000.0,0.16,0.02
9980,ＭＲＫホールディングス株式会社,8913966248.0,0.0,0.0,0.0,0.0
9405,朝日放送グループホールディングス株式会社,28571939000.0,17354000000.0,248000000.0,0.61,0.01
9672,東京都競馬株式会社,143248972920.0,2258269000.0,37649000.0,0.02,0.02
8147,株式会社トミタ,7389600000.0,2307805000.0,156826000.0,0.31,0.07
5199,不二ラテックス株式会社,2482364070.0,402452000.0,9012000.0,0.16,0.02
4008,住友精化株式会社,61053255000.0,1198000000.0,33000000.0,0.02,0.03
4998,フマキラー株式会社,18073040000.0,5241000000.0,130000000.0,0.29,0.02
7463,株式会社アドヴァン,37700159744.0,2591220000.0,41581000.0,0.07,0.02
7619,田中商事株式会社,6306048000.0,83499000.0,22266000.0,0.01,0.27
5288,アジアパイルホールディングス株式会社,36870152000.0,4174000000.0,118000000.0,0.11,0.03
8848,株式会社レオパレス２１,225631465000.0,4827000000.0,95000000.0,0.02,0.02
3626,ＴＩＳ株式会社,1102499411000.0,56396000000.0,689000000.0,0.05,0.01
6743,大同信号株式会社,9099090000.0,6787734000.0,123883000.0,0.75,0.02
3181,株式会社買取王国,3308637150.0,150000000.0,0.0,0.05,0.0
4716,日本オラクル株式会社,2138650494570.0,36000000.0,0.0,0.0,0.0
6338,株式会社タカトリ,8467877580.0,207024000.0,12848000.0,0.02,0.06
9513,電源開発株式会社,460464790500.0,727385000000.0,2605000000.0,1.58,0.0
2705,株式会社大戸屋ホールディングス,38318544000.0,20000000.0,0.0,0.0,0.0
3672,株式会社オルトプラス,1822256772.0,4863000.0,0.0,0.0,0.0
4687,ＴＤＣソフト株式会社,31643136000.0,2934970000.0,76933000.0,0.09,0.03
7220,武蔵精密工業株式会社,214895760000.0,16574000000.0,400000000.0,0.08,0.02
3686,株式会社ディー・エル・イー,7482499200.0,2000028000.0,0.0,0.27,0.0
6954,ファナック株式会社,3772637574150.0,192214000000.0,2350000000.0,0.05,0.01
3086,Ｊ．フロント　リテイリング株式会社,544919448696.0,2067000000.0,939000000.0,0.0,0.45
3415,株式会社ＴＯＫＹＯ　ＢＡＳＥ,21558233158.0,0.0,0.0,0.0,0.0
1968,太平電業株式会社,119198260000.0,16676000000.0,366000000.0,0.14,0.02
3934,株式会社ベネフィットジャパン,10276863168.0,11000000.0,175046000.0,0.0,15.91
3835,ｅＢＡＳＥ株式会社,23582400000.0,1456636000.0,0.0,0.06,0.0
9010,富士急行株式会社,109989014952.0,8720974000.0,151188000.0,0.08,0.02
9872,北恵株式会社,8810420080.0,553338000.0,8652000.0,0.06,0.02
6247,株式会社日阪製作所,41174102400.0,12387000000.0,422000000.0,0.3,0.03
4171,株式会社グローバルインフォメーション,4093760400.0,0.0,0.0,0.0,0.0
6037,楽待株式会社,23996754400.0,4165473000.0,0.0,0.17,0.0
6543,株式会社日宣,4179972160.0,344244000.0,5040000.0,0.08,0.01
5905,日本製罐株式会社,1898688000.0,2717886000.0,55407000.0,1.43,0.02
3657,ポールトゥウィンホールディングス株式会社,14003252000.0,627107000.0,0.0,0.04,0.0
2373,株式会社ケア２１,6382920000.0,1509769000.0,22020000.0,0.24,0.01
1736,株式会社　オーテック,7894500000.0,6297294000.0,104947000.0,0.8,0.02
6999,ＫＯＡ株式会社,33679130368.0,4773000000.0,72000000.0,0.14,0.02
8091,ニチモウ株式会社,20044580000.0,13746000000.0,211000000.0,0.69,0.02
8368,株式会社　百五銀行,188048060000.0,0.0,0.0,0.0,0.0
9729,株式会社トーカイ,76732025634.0,8257000000.0,240000000.0,0.11,0.03
8081,株式会社カナデン,45900000000.0,4358000000.0,84000000.0,0.09,0.02
3123,サイボー株式会社,7344000000.0,6601304000.0,102123000.0,0.9,0.02
5186,ニッタ株式会社,119877120000.0,52820000000.0,312000000.0,0.44,0.01
2901,株式会社ウェルディッシュ,12868682000.0,0.0,0.0,0.0,0.0
7180,株式会社九州フィナンシャルグループ,352489368156.4331,56000000.0,2000000.0,0.0,0.04
7058,共栄セキュリティーサービス株式会社,3889783000.0,53259000.0,26306000.0,0.01,0.49
4316,株式会社ビーマップ,1973350000.0,49768000.0,2261000.0,0.03,0.05
3248,株式会社アールエイジ,2668859000.0,8497000.0,30358000.0,0.0,3.57
2700,木徳神糧株式会社,3603072000.0,4179155000.0,163468000.0,1.16,0.04
6367,ダイキン工業株式会社,5290689650000.0,171857000000.0,5015000000.0,0.03,0.03
5440,共英製鋼株式会社,99271092030.0,18060000000.0,363000000.0,0.18,0.02
1418,インターライフホールディングス株式会社,6906060000.0,536023000.0,14396000.0,0.08,0.03
8904,株式会社ＡＶＡＮＴＩＡ,12071167300.0,437672000.0,15342000.0,0.04,0.04
1879,新日本建設株式会社,104804109760.0,1345000000.0,30000000.0,0.01,0.02
3040,株式会社ソリトンシステムズ,26430371032.0,56000000.0,18000000.0,0.0,0.32
7313,テイ・エス　テック株式会社,240380000000.0,6238000000.0,11040000000.0,0.03,1.77
4956,コニシ株式会社,84074316000.0,9838000000.0,295000000.0,0.12,0.03
4539,日本ケミファ株式会社,6391500000.0,2066000000.0,36000000.0,0.32,0.02
4531,有機合成薬品工業株式会社,5779162000.0,2047000000.0,45000000.0,0.35,0.02
3175,株式会社エー・ピーホールディングス,11878264300.0,195339000.0,3962000.0,0.02,0.02
9271,株式会社和心,2834325000.0,0.0,0.0,0.0,0.0
7888,三光合成株式会社,24243520000.0,24000000.0,1000000.0,0.0,0.04
2993,株式会社長栄,9054161600.0,0.0,9854000.0,0.0,0.0
7114,株式会社フーディソン,4209148240.0,0.0,0.0,0.0,0.0
3011,株式会社バナーズ,2873524212.0,1502000.0,9463000.0,0.0,6.3
6136,オーエスジー株式会社,183586838967.0,6351000000.0,175000000.0,0.03,0.03
2060,フィード・ワン株式会社,41170526960.0,10450000000.0,164000000.0,0.25,0.02
6022,株式会社　赤阪鐵工所,3802260000.0,2302766000.0,62203000.0,0.61,0.03
6535,株式会社アイモバイル,37272347508.0,477000000.0,0.0,0.01,0.0
9305,株式会社ヤマタネ,26636136988.0,26316000000.0,614000000.0,0.99,0.02
9253,スローガン株式会社,2190094500.0,146544000.0,0.0,0.07,0.0
5909,株式会社　コロナ,26907030318.0,22664000000.0,72000000.0,0.84,0.0
6550,Ｕｎｉｐｏｓ株式会社,2213026000.0,0.0,0.0,0.0,0.0
8075,神鋼商事株式会社,17985800000.0,32574000000.0,1329000000.0,1.81,0.04
4587,ペプチドリーム株式会社,215687253600.0,1345662000.0,247825000.0,0.01,0.18
7599,株式会社ＩＤＯＭ,105391568000.0,0.0,167000000.0,0.0,0.0
4833,株式会社Ｄｅｆ　ｃｏｎｓｕｌｔｉｎｇ,2725087395.0,0.0,0.0,0.0,0.0
3070,株式会社ジェリービーンズグループ,6060060000.0,0.0,0.0,0.0,0.0
6367,ダイキン工業株式会社,5290689650000.0,160032000000.0,3846000000.0,0.03,0.02
4745,株式会社東京個別指導学院,18839127945.0,0.0,0.0,0.0,0.0
2335,株式会社キューブシステム,17970750000.0,2170000000.0,17000000.0,0.12,0.01
6551,株式会社ツナググループ・ホールディングス,5629894872.0,0.0,11100000.0,0.0,0.0
9640,株式会社セゾンテクノロジー,31379400000.0,747525000.0,6561000.0,0.02,0.01
7228,株式会社デイトナ,13138767000.0,0.0,43930000.0,0.0,0.0
7202,いすゞ自動車株式会社,1397798548671.0,151437000000.0,114201000000.0,0.11,0.75
4728,株式会社トーセ,5162395000.0,609911000.0,10204000.0,0.12,0.02
3896,阿波製紙株式会社,3885704000.0,199818000.0,6222000.0,0.05,0.03
4393,株式会社バンク・オブ・イノベーション,46234650000.0,0.0,10000000.0,0.0,0.0
6996,ニチコン株式会社,85820000000.0,26688000000.0,701000000.0,0.31,0.03
1450,ＴＡＮＡＫＥＮ株式会社,12283835200.0,241968000.0,10124000.0,0.02,0.04
5381,Ｍｉｐｏｘ株式会社,7399383040.0,162560000.0,313820000.0,0.02,1.93
9557,株式会社エアークローゼット,3870116800.0,0.0,0.0,0.0,0.0
3903,株式会社ｇｕｍｉ,25965617504.0,2754074000.0,15755000.0,0.11,0.01
7793,株式会社イメージ・マジック,3195648080.0,0.0,0.0,0.0,0.0
6230,ＳＡＮＥＩ株式会社,9256716000.0,484999000.0,8829000.0,0.05,0.02
9878,株式会社　セキド,2756040000.0,124088000.0,3152000.0,0.05,0.03
7986,日本アイ・エス・ケイ株式会社,2992560000.0,215922000.0,5592000.0,0.07,0.03
4666,パーク二四株式会社（定款上の商号　パーク２４株式会社）,324136659255.0,0.0,344000000.0,0.0,0.0
7823,株式会社アートネイチャー,28030295000.0,2092000000.0,0.0,0.07,0.0
9034,南総通運株式会社,13880000000.0,505748000.0,11991000.0,0.04,0.02
6048,株式会社デザインワン・ジャパン,1520210000.0,396440000.0,0.0,0.26,0.0
1419,タマホーム株式会社,100886115000.0,324000000.0,428000000.0,0.0,1.32
7261,マツダ株式会社,535895312312.43896,271063000000.0,4724000000.0,0.51,0.02
6638,株式会社ミマキエンジニアリング,68117040000.0,143815000.0,2483000.0,0.0,0.02
8043,スターゼン株式会社,21571810000.0,21597000000.0,179000000.0,1.0,0.01
7269,スズキ株式会社,3246479026000.0,276650000000.0,61379000000.0,0.09,0.22
3660,株式会社アイスタイル,44967903336.0,3557000000.0,7000000.0,0.08,0.0
3659,株式会社ネクソン,2345782533500.0,814000000.0,103980000000.0,0.0,127.74
8892,株式会社エスコン,99566695870.0,19546000000.0,119000000.0,0.2,0.01
9997,株式会社ベルーナ,93645972000.0,14576000000.0,479000000.0,0.16,0.03
4370,モビルス株式会社,2473101036.0,0.0,0.0,0.0,0.0
7084,株式会社Ｓｍｉｌｅ　Ｈｏｌｄｉｎｇｓ,5952366000.0,16095000.0,1653000.0,0.0,0.1
4659,株式会社エイジス,32636736000.0,3284278000.0,6099000.0,0.1,0.0
3195,株式会社ジェネレーションパス,3236400840.0,0.0,92615000.0,0.0,0.0
4021,日産化学株式会社,639950400000.0,24353000000.0,1724000000.0,0.04,0.07
3667,株式会社ｅｎｉｓｈ,3221227200.0,40659000.0,0.0,0.01,0.0
9213,株式会社セイファート,1034186400.0,18327000.0,1952000.0,0.02,0.11
3983,株式会社オロ,49761875240.0,0.0,106630000.0,0.0,0.0
9324,安田倉庫株式会社,55285560000.0,63949000000.0,2129000000.0,1.16,0.03
2816,株式会社ダイショー,13816320000.0,259000000.0,5000000.0,0.02,0.02
2221,岩塚製菓株式会社,35418460000.0,63601080000.0,2868548000.0,1.8,0.05
6643,株式会社戸上電機製作所,17968320000.0,1879209000.0,58800000.0,0.1,0.03
9993,株式会社ヤマザワ,12561105450.0,437000000.0,12000000.0,0.03,0.03
3196,株式会社ホットランドホールディングス,43289544400.0,376061000.0,25021000.0,0.01,0.07
6504,富士電機株式会社,998043760000.0,108713000000.0,2790000000.0,0.11,0.03
5947,リンナイ株式会社,529939504000.0,35919000000.0,560000000.0,0.07,0.02
4575,株式会社キャンバス,18420175410.0,0.0,0.0,0.0,0.0
4381,ビープラッツ株式会社,1236187941.0,0.0,0.0,0.0,0.0
1909,日本ドライケミカル株式会社,37341200000.0,2045477000.0,58100000.0,0.05,0.03
7060,ギークス株式会社,5123912624.0,25895000.0,1783000.0,0.01,0.07
3985,テモナ株式会社,3267719312.0,2250000.0,0.0,0.0,0.0
3571,株式会社ソトー,9697368000.0,6572750000.0,137780000.0,0.68,0.02
5658,日亜鋼業株式会社,16302975570.0,17628222000.0,362371000.0,1.08,0.02
6663,太洋テクノレックス株式会社,1605963200.0,338775000.0,9538000.0,0.21,0.03
5952,アマテイ株式会社,2007671000.0,0.0,29920000.0,0.0,0.0
9173,東海汽船株式会社,6492200000.0,547171000.0,8998000.0,0.08,0.02
4005,住友化学株式会社,604884205000.0,76403000000.0,57095000000.0,0.13,0.75
4970,東洋合成工業株式会社,38762536400.0,472000000.0,13000000.0,0.01,0.03
6838,株式会社多摩川ホールディングス,4824406400.0,229627000.0,0.0,0.05,0.0
1835,東鉄工業株式会社,148551500000.0,15046446000.0,333820000.0,0.1,0.02
4256,株式会社サインド,6344100000.0,0.0,0.0,0.0,0.0
1815,鉄建建設株式会社,45443055000.0,23020000000.0,718000000.0,0.51,0.03
7277,株式会社ＴＢＫ,9268760025.0,3364000000.0,155000000.0,0.36,0.05
6555,株式会社ＭＳ＆Ｃｏｎｓｕｌｔｉｎｇ,1880336600.0,9278000.0,0.0,0.0,0.0
6522,株式会社アスタリスク,2880927000.0,101250000.0,1525000.0,0.04,0.02
7426,株式会社　山大,1311635000.0,21972000.0,1966000.0,0.02,0.09
7317,株式会社松屋アールアンドディ,14918617200.0,0.0,749000000.0,0.0,0.0
9345,ビズメイツ株式会社,3809500000.0,0.0,0.0,0.0,0.0
2186,ソーバル株式会社,7612108136.0,23842000.0,0.0,0.0,0.0
6345,株式会社アイチコーポレーション,100072940000.0,5395663000.0,183896000.0,0.05,0.03
4985,アース製薬株式会社,105492750000.0,5440000000.0,90000000.0,0.05,0.02
5199,不二ラテックス株式会社,2482364070.0,193788000.0,9111000.0,0.08,0.05
4344,ソースネクスト株式会社,24344302500.0,2152084000.0,0.0,0.09,0.0
8920,株式会社　東　祥,24904750000.0,0.0,191879000.0,0.0,0.0
3073,株式会社ＤＤグループ,31299712224.0,1424000000.0,12000000.0,0.05,0.01
5711,三菱マテリアル株式会社,296245922355.0,310772000000.0,20197000000.0,1.05,0.06
5232,住友大阪セメント株式会社,126500086702.0,39372000000.0,1300000000.0,0.31,0.03
8742,株式会社小林洋行,3678433047.0,2198450000.0,55038000.0,0.6,0.03
3131,シンデン・ハイテックス株式会社,6030951600.0,25000000.0,320800000.0,0.0,12.83
7199,プレミアグループ株式会社,87972168900.0,7000000.0,0.0,0.0,0.0
6837,株式会社京写,5688736000.0,592000000.0,11000000.0,0.1,0.02
7673,ダイコー通産株式会社,7732531000.0,546905000.0,6194000.0,0.07,0.01
9903,株式会社カンセキ,7156450000.0,2566309000.0,62562000.0,0.36,0.02
8830,住友不動産株式会社,2618472879000.0,842125000000.0,19295000000.0,0.32,0.02
7730,マニー株式会社,130008981555.0,303000000.0,394000000.0,0.0,1.3
6305,日立建機株式会社,929727194236.0,11715000000.0,80590000000.0,0.01,6.88
4412,株式会社サイエンスアーツ,7717143600.0,10000000.0,0.0,0.0,0.0
6472,ＮＴＮ株式会社,130346944024.94812,23235000000.0,101000000.0,0.18,0.0
4194,ビジョナル株式会社,431900679500.0,687000000.0,0.0,0.0,0.0
5969,株式会社ロブテックス,2514000000.0,657409000.0,22020000.0,0.26,0.03
3583,オーベクス株式会社,3995668916.0,124970000.0,3378000.0,0.03,0.03
7999,ＭＵＴＯＨホールディングス株式会社,14001845860.0,3857000000.0,1000000.0,0.28,0.0
9251,株式会社ＡＢ＆Ｃｏｍｐａｎｙ,14644283724.0,0.0,0.0,0.0,0.0
1951,エクシオグループ株式会社,404626248000.0,32531000000.0,670000000.0,0.08,0.02
2410,株式会社キャリアデザインセンター,10501029110.0,0.0,0.0,0.0,0.0
9214,Ｒｅｃｏｖｅｒｙ　Ｉｎｔｅｒｎａｔｉｏｎａｌ株式会社,1958390000.0,0.0,0.0,0.0,0.0
7717,株式会社ブイ・テクノロジー,29297788800.0,1046000000.0,76000000.0,0.04,0.07
1860,戸田建設株式会社,307329840000.0,185721000000.0,4477000000.0,0.6,0.02
5279,日本興業株式会社,4062864000.0,656933000.0,19817000.0,0.16,0.03
7443,横浜魚類株式会社,3761420000.0,748313000.0,21472000.0,0.2,0.03
3772,ウェルス・マネジメント株式会社,19237339400.0,3748981000.0,500209000.0,0.19,0.13
7942,株式会社ジェイエスピー,58177751996.0,1728000000.0,39000000.0,0.03,0.02
9962,株式会社　ミスミグループ本社,584081793000.0,1224000000.0,0.0,0.0,0.0
3489,株式会社フェイスネットワーク,22230720000.0,0.0,0.0,0.0,0.0
3355,クリヤマホールディングス株式会社,33115500000.0,7893602000.0,70752000.0,0.24,0.01
3600,株式会社フジックス,2309164000.0,1983404000.0,49176000.0,0.86,0.02
6276,シリウスビジョン株式会社,1630912500.0,446107000.0,10332000.0,0.27,0.02
7450,株式会社サンデー,11509836000.0,135649000.0,4183000.0,0.01,0.03
5888,ＤＡＩＷＡ　ＣＹＣＬＥ株式会社,10182095000.0,0.0,3410000.0,0.0,0.0
3050,ＤＣＭホールディングス株式会社,207151000000.0,35869000000.0,715000000.0,0.17,0.02
6486,イーグル工業株式会社,96379309000.0,18196000000.0,52000000.0,0.19,0.0
8566,リコーリース株式会社,170586780000.0,43452000000.0,359000000.0,0.25,0.01
3003,ヒューリック株式会社,1111546446412.5,420487000000.0,4025000000.0,0.38,0.01
3856,Ａｂａｌａｎｃｅ株式会社,14521431330.0,2582000000.0,18000000.0,0.18,0.01
7383,株式会社ネットプロテクションズホールディングス,70011172035.0,0.0,0.0,0.0,0.0
2281,プリマハム株式会社,116812410488.0,9275000000.0,91000000.0,0.08,0.01
2134,北浜キャピタルパートナーズ株式会社,18216246573.0,59938000.0,2501000.0,0.0,0.04
7135,ジャパンクラフトホールディングス株式会社,6832376320.0,170297000.0,4420000.0,0.02,0.03
6229,株式会社オーケーエム,5559295000.0,142224000.0,2116000.0,0.03,0.01
3598,山喜株式会社,2571412728.0,104025000.0,3638000.0,0.04,0.03
2193,クックパッド株式会社,24279044400.0,11365000.0,0.0,0.0,0.0
5273,三谷セキサン株式会社,167892792000.0,31563000000.0,1015000000.0,0.19,0.03
6327,北川精機株式会社,5466891200.0,122862000.0,1587000.0,0.02,0.01
6573,アジャイルメディア・ネットワーク株式会社,3972025080.0,20191000.0,0.0,0.01,0.0
5618,ナイル株式会社,3858633600.0,0.0,0.0,0.0,0.0
3010,ポラリス・ホールディングス株式会社,50023501520.0,2415000.0,0.0,0.0,0.0
8040,株式会社東京ソワール,3412240000.0,1563397000.0,45137000.0,0.46,0.03
9310,日本トランスシティ株式会社,73453804198.0,25366000000.0,484000000.0,0.35,0.02
2664,株式会社カワチ薬品,70161080680.0,154000000.0,3000000.0,0.0,0.02
7812,株式会社クレステック,5321698200.0,109505000.0,342730000.0,0.02,3.13
6754,アンリツ株式会社,249117645000.0,337000000.0,2136000000.0,0.0,6.34
3916,デジタル・インフォメーション・テクノロジー株式会社,38444513600.0,156473000.0,5408000.0,0.0,0.03
7532,株式会社パン・パシフィック・インターナショナルホールディングス,3222137146000.0,35688000000.0,1063000000.0,0.01,0.03
3048,株式会社ビックカメラ,304985158784.0,25468000000.0,321000000.0,0.08,0.01
6228,株式会社ジェイ・イー・ティ,10008210000.0,0.0,434000000.0,0.0,0.0
7075,株式会社ＱＬＳホールディングス,5234866000.0,0.0,0.0,0.0,0.0
7776,株式会社セルシード,16535881863.0,20536000.0,0.0,0.0,0.0
6268,ナブテスコ株式会社,320577472000.0,5194000000.0,8575000000.0,0.02,1.65
7506,株式会社　ハウス　オブ　ローゼ,6419680995.0,141111000.0,6059000.0,0.02,0.04
4290,株式会社プレステージ・インターナショナル,79521953400.0,9592066000.0,6814000.0,0.12,0.0
1758,太洋基礎工業株式会社,4563532800.0,1566492000.0,44422000.0,0.34,0.03
1810,松井建設株式会社,36818320000.0,14657000000.0,408000000.0,0.4,0.03
4180,Ａｐｐｉｅｒ　Ｇｒｏｕｐ株式会社,154457896980.0,0.0,0.0,0.0,0.0
5016,ＪＸ金属株式会社,772481300864.0,8090000000.0,35151000000.0,0.01,4.34
4387,株式会社ＺＵＵ,3429398920.0,3974970000.0,0.0,1.16,0.0
6465,ホシザキ株式会社,760672500000.0,11272000000.0,956000000.0,0.01,0.08
8077,トルク株式会社,7029757000.0,8225069000.0,239918000.0,1.17,0.03
2220,亀田製菓株式会社,91057440000.0,18096000000.0,71000000.0,0.2,0.0
1515,日鉄鉱業株式会社,122946135680.0,39161000000.0,1433000000.0,0.32,0.04
3914,ＪＩＧ－ＳＡＷ株式会社,18328965000.0,211773000.0,7088000.0,0.01,0.03
3407,旭化成株式会社,1382823900000.0,168371000000.0,3396000000.0,0.12,0.02
3950,ザ・パック株式会社,22208400000.0,8058000000.0,160000000.0,0.36,0.02
2114,フジ日本株式会社,28161976500.0,11338784000.0,213164000.0,0.4,0.02
3719,ＡＩストーム株式会社,5951295000.0,23701000.0,0.0,0.0,0.0
3664,株式会社モブキャストホールディングス,3193996520.0,17159000.0,0.0,0.01,0.0
4889,株式会社レナサイエンス,35287679200.0,0.0,0.0,0.0,0.0
6995,株式会社東海理化電機製作所,219847922000.0,32579000000.0,623000000.0,0.15,0.02
7354,株式会社ダイレクトマーケティングミックス,12022847408.0,410417000.0,0.0,0.03,0.0
9424,日本通信株式会社,25220408328.0,166341000.0,0.0,0.01,0.0
4564,オンコセラピー・サイエンス株式会社,7877667300.0,0.0,0.0,0.0,0.0
3961,シルバーエッグ・テクノロジー株式会社,1884404286.0,0.0,0.0,0.0,0.0
9743,株式会社丹青社,62806020087.0,2457047000.0,56657000.0,0.04,0.02
2334,株式会社イオレ,9496636320.0,49764000.0,0.0,0.01,0.0
1926,ライト工業株式会社,131946830100.0,8313000000.0,299000000.0,0.06,0.04
3925,株式会社ダブルスタンダード,21279860000.0,0.0,500000000.0,0.0,0.0
6890,株式会社フェローテック,175278770280.0,11654000000.0,64000000.0,0.07,0.01
2469,ヒビノ株式会社,23836444560.0,223000000.0,14000000.0,0.01,0.06
5997,協立エアテック株式会社,3798000000.0,781016000.0,20696000.0,0.21,0.03
3918,ＰＣＩホールディングス株式会社,11104272800.0,206103000.0,3278000.0,0.02,0.02
4072,株式会社電算システムホールディングス,27874110100.0,2355000000.0,124000000.0,0.08,0.05
2533,オエノンホールディングス株式会社,39614062384.0,3654000000.0,52000000.0,0.09,0.01
2449,株式会社プラップジャパン,4847454360.0,82596000.0,2288000.0,0.02,0.03
9059,カンダホールディングス株式会社,18856172000.0,1581000000.0,50000000.0,0.08,0.03
3370,株式会社フジタコーポレーション,1208308200.0,61897000.0,1113000.0,0.05,0.02
5134,株式会社ＰＯＰＥＲ,4641235508.0,0.0,0.0,0.0,0.0
4884,クリングルファーマ株式会社,4617654600.0,0.0,0.0,0.0,0.0
6099,株式会社エラン,50782800000.0,2558748000.0,300001000.0,0.05,0.12
7896,セブン工業株式会社,2415941000.0,11000000.0,8000000.0,0.0,0.73
6376,日機装株式会社,89304925000.0,16700000000.0,3035000000.0,0.19,0.18
6786,株式会社ＲＶＨ,2608141280.0,57359000.0,14248000.0,0.02,0.25
9503,関西電力株式会社,1897605754000.0,682469000000.0,24706000000.0,0.36,0.04
7255,株式会社　桜井製作所,2332000000.0,422592000.0,10166000.0,0.18,0.02
4712,株式会社ＫｅｙＨｏｌｄｅｒ,13751372250.0,11326000.0,1757000.0,0.0,0.16
7963,興研株式会社,8743157139.0,186454000.0,4571000.0,0.02,0.02
9625,株式会社セレスポ,6319478000.0,23842000.0,0.0,0.0,0.0
3093,株式会社トレジャー・ファクトリー,44191257000.0,0.0,0.0,0.0,0.0
8091,ニチモウ株式会社,20044580000.0,14434000000.0,216000000.0,0.72,0.01
8060,キヤノンマーケティングジャパン株式会社,576838294596.0,17771000000.0,402000000.0,0.03,0.02
4519,中外製薬株式会社,11619079055640.0,13392000000.0,4416000000.0,0.0,0.33
8160,株式会社　木曽路,67506297485.0,2994000000.0,66000000.0,0.04,0.02
4584,キッズウェル・バイオ株式会社,12418326679.0,283137000.0,0.0,0.02,0.0
4548,生化学工業株式会社,35508750000.0,19038000000.0,463000000.0,0.54,0.02
3358,ワイエスフード株式会社,3165645000.0,47430000.0,0.0,0.01,0.0
4752,株式会社　昭和システムエンジニアリング,7089940000.0,447466000.0,10150000.0,0.06,0.02
6232,株式会社ＡＣＳＬ,19887659100.0,197577000.0,0.0,0.01,0.0
4013,勤次郎株式会社,18422560000.0,50987000.0,0.0,0.0,0.0
4362,日本精化株式会社,65637364000.0,10871513000.0,314383000.0,0.17,0.03
2122,株式会社インタースペース,6486463200.0,482902000.0,10253000.0,0.07,0.02
9036,東部ネットワーク株式会社,5041873000.0,2235934000.0,69469000.0,0.44,0.03
6445,株式会社ジャノメ,20191094575.0,1808000000.0,78000000.0,0.09,0.04
4568,第一三共株式会社,6847059336000.0,49122000000.0,27327000000.0,0.01,0.56
6090,ヒューマン・メタボローム・テクノロジーズ株式会社,4537367211.0,7000000.0,0.0,0.0,0.0
6189,株式会社グローバルキッズＣＯＭＰＡＮＹ,6569925888.0,27000000.0,2000000.0,0.0,0.07
4814,ネクストウェア株式会社,2160526852.0,140211000.0,108240000.0,0.06,0.77
4478,フリー株式会社,227661077700.0,361758000.0,0.0,0.0,0.0
6331,三菱化工機株式会社,16213737000.0,4434000000.0,168000000.0,0.27,0.04
7833,株式会社アイフィスジャパン,6083748000.0,2754000.0,0.0,0.0,0.0
6894,パルステック工業株式会社,2460848594.0,61913000.0,2915000.0,0.03,0.05
6038,株式会社イード,4510776600.0,539145000.0,7005000.0,0.12,0.01
5704,株式会社ＪＭＣ,2367827100.0,0.0,0.0,0.0,0.0
2814,佐藤食品工業株式会社,21214531000.0,3466946000.0,115112000.0,0.16,0.03
9867,ソレキア株式会社,5581191450.0,596453000.0,11052000.0,0.11,0.02
7554,株式会社幸楽苑,21165760056.0,78300000.0,3098000.0,0.0,0.04
3622,ネットイヤーグループ株式会社,4661334000.0,0.0,0.0,0.0,0.0
4041,日本曹達株式会社,189103154220.0,63328000000.0,1488000000.0,0.33,0.02
1911,住友林業株式会社,292821207000.0,268895000000.0,3182000000.0,0.92,0.01
6150,タケダ機械株式会社,2980440000.0,171042000.0,4098000.0,0.06,0.02
5943,株式会社ノーリツ,93223680000.0,35952000000.0,879000000.0,0.39,0.02
5621,株式会社ヒューマンテクノロジーズ,20740498400.0,0.0,0.0,0.0,0.0
5832,株式会社ちゅうぎんフィナンシャルグループ,343396903500.0,3000000000.0,0.0,0.01,0.0
2742,株式会社ハローズ,106861338000.0,2000000.0,0.0,0.0,0.0
4746,株式会社東計電算,73397500000.0,35175676000.0,732499000.0,0.48,0.02
6532,株式会社ベイカレント,1315091351420.0,0.0,0.0,0.0,0.0
9612,株式会社ラックランド,10646630400.0,377000000.0,19000000.0,0.04,0.05
1925,大和ハウス工業株式会社,3270351402000.0,220868000000.0,4465000000.0,0.07,0.02
5031,モイ株式会社,3198214000.0,0.0,0.0,0.0,0.0
3559,株式会社ピーバンドットコム,2628468362.0,110469000.0,0.0,0.04,0.0
3549,株式会社クスリのアオキホールディングス,380850259680.0,3356000000.0,80000000.0,0.01,0.02
6832,アオイ電子株式会社,25956000000.0,2951046000.0,53319000.0,0.11,0.02
8226,株式会社　理経,5554270118.0,31630000.0,75605000.0,0.01,2.39
5301,東海カーボン株式会社,228092307456.0,33307000000.0,1045000000.0,0.15,0.03
3423,株式会社エスイー,8282999000.0,297915000.0,8153000.0,0.04,0.03
7374,株式会社コンフィデンス・インターワークス,10365060465.0,15000000.0,2034000.0,0.0,0.14
2722,株式会社ＩＫホールディングス,3148732000.0,24428000.0,0.0,0.01,0.0
7638,株式会社ＮＥＷ　ＡＲＴ　ＨＯＬＤＩＮＧＳ,23940802908.0,1128000.0,3126000.0,0.0,2.77
5028,セカンドサイトアナリティカ株式会社,3516020685.0,67440000.0,0.0,0.02,0.0
4204,積水化学工業株式会社,1117935105000.0,105102000000.0,3245000000.0,0.09,0.03
2806,ユタカフーズ株式会社,18115069861.0,2136000000.0,66000000.0,0.12,0.03
8358,スルガ銀行株式会社,277374573000.0,0.0,0.0,0.0,0.0
4406,新日本理化株式会社,7606344000.0,9950000000.0,164000000.0,1.31,0.02
9509,北海道電力株式会社,167669338437.5249,649985000000.0,712000000.0,3.88,0.0
4375,セーフィー株式会社,60218537100.0,567842000.0,0.0,0.01,0.0
6835,アライドテレシスホールディングス株式会社,18654362650.0,1892000.0,1765332000.0,0.0,933.05
3197,株式会社すかいらーくホールディングス,668856468000.0,162000000.0,845000000.0,0.0,5.22
6653,株式会社正興電機製作所,21279240000.0,4131000000.0,105000000.0,0.19,0.03
8705,日産証券グループ株式会社,9299225000.0,3970472000.0,115399000.0,0.43,0.03
3046,株式会社ジンズホールディングス,191360400000.0,952000000.0,0.0,0.0,0.0
4270,株式会社ＢｅｅＸ,5383532000.0,15574000.0,0.0,0.0,0.0
2874,横浜冷凍株式会社,61637351360.0,43239000000.0,334000000.0,0.7,0.01
2332,株式会社クエスト,8006653512.0,808502000.0,25318000.0,0.1,0.03
9507,四国電力株式会社,250693824000.0,143015000000.0,1158000000.0,0.57,0.01
4235,ウルトラファブリックス・ホールディングス株式会社,11807640000.0,0.0,0.0,0.0,0.0
4990,昭和化学工業株式会社,5582214000.0,3706238000.0,61645000.0,0.66,0.02
4026,神島化学工業株式会社,11309760000.0,431000000.0,11000000.0,0.04,0.03
1982,日比谷総合設備株式会社,92410840000.0,20379000000.0,412000000.0,0.22,0.02
8244,株式会社近鉄百貨店,73716651000.0,4082000000.0,105000000.0,0.06,0.03
6566,株式会社要興業,18744123400.0,1009311000.0,18151000.0,0.05,0.02
5900,株式会社ダイケン,4836088800.0,984834000.0,32130000.0,0.2,0.03
4902,コニカミノルタ株式会社,229365577063.96484,8559000000.0,20633000000.0,0.04,2.41
7839,株式会社ＳＨＯＥＩ,95288132184.0,0.0,0.0,0.0,0.0
7928,旭化学工業株式会社,2396040000.0,219734000.0,1052000.0,0.09,0.0
9272,ブティックス株式会社,14061993600.0,0.0,1760000.0,0.0,0.0
2613,株式会社Ｊ－オイルミルズ,67920716000.0,19753000000.0,1220000000.0,0.29,0.06
3546,アレンザホールディングス株式会社,31401121440.0,352000000.0,9000000.0,0.01,0.03
4004,株式会社レゾナック・ホールディングス,668047313000.0,0.0,11610000000.0,0.0,0.0
3205,株式会社ダイドーリミテッド,29867208000.0,4282000000.0,147000000.0,0.14,0.03
4556,株式会社カイノス,5666662980.0,261536000.0,7841000.0,0.05,0.03
4882,株式会社ペルセウスプロテオミクス,6121042500.0,0.0,0.0,0.0,0.0
2154,株式会社オープンアップグループ,156299253825.0,607000000.0,0.0,0.0,0.0
7231,トピー工業株式会社,59710960000.0,30748000000.0,956000000.0,0.51,0.03
2501,サッポロホールディングス株式会社,551006442000.0,4391000000.0,1283000000.0,0.01,0.29
7305,新家工業株式会社,29378700000.0,9306000000.0,303000000.0,0.32,0.03
3612,株式会社ワールド,91032977000.0,1003000000.0,240000000.0,0.01,0.24
5391,株式会社エーアンドエーマテリアル,9209152000.0,692000000.0,22000000.0,0.08,0.03
4812,株式会社電通総研,423034295200.0,3388000000.0,188000000.0,0.01,0.06
7033,株式会社マネジメントソリューションズ,27942504700.0,0.0,0.0,0.0,0.0
7840,フランスベッドホールディングス株式会社,43989702000.0,326000000.0,7000000.0,0.01,0.02
3986,株式会社ビーブレイクシステムズ,2153280960.0,0.0,0.0,0.0,0.0
3391,株式会社ツルハホールディングス,592733667960.0,34181000000.0,279000000.0,0.06,0.01
9466,株式会社アイドママーケティングコミュニケーション,3352960000.0,501121000.0,6268000.0,0.15,0.01
3773,株式会社アドバンスト・メディア,21096454428.0,3774005000.0,70360000.0,0.18,0.02
9842,アークランズ株式会社,110564599376.0,2785000000.0,247000000.0,0.03,0.09
7078,ＩＮＣＬＵＳＩＶＥ株式会社,5885344332.0,209615000.0,0.0,0.04,0.0
3475,株式会社グッドコムアセット,33949804800.0,681884000.0,0.0,0.02,0.0
9706,日本空港ビルデング株式会社,423996040000.0,22766000000.0,464000000.0,0.05,0.02
9252,株式会社ラストワンマイル,10383198300.0,135017000.0,200000000.0,0.01,1.48
6942,株式会社ソフィアホールディングス,5219532000.0,0.0,0.0,0.0,0.0
3352,株式会社バッファロー,3150508782.0,0.0,10014000.0,0.0,0.0
7167,株式会社めぶきフィナンシャルグループ,777601916950.9888,0.0,0.0,0.0,0.0
3109,シキボウ株式会社,12644288223.0,1112000000.0,30000000.0,0.09,0.03
6508,株式会社明電舎,244479990000.0,23498000000.0,6263000000.0,0.1,0.27
4366,ダイトーケミックス株式会社,7952000000.0,2100000000.0,58000000.0,0.26,0.03
9279,株式会社ギフトホールディングス,67783497180.0,0.0,5169000.0,0.0,0.0
2459,アウンコンサルティング株式会社,1793169200.0,124775000.0,0.0,0.07,0.0
1975,株式会社朝日工業社,68081600000.0,9836000000.0,342000000.0,0.14,0.03
9020,東日本旅客鉄道株式会社,3592682804000.0,506182000000.0,6108000000.0,0.14,0.01
9438,株式会社エムティーアイ,56822380000.0,4466864000.0,3729000.0,0.08,0.0
8897,ＭＩＲＡＲＴＨホールディングス株式会社,52752800000.0,3125000000.0,153000000.0,0.06,0.05
7208,株式会社カネミツ,4385788335.0,1123255000.0,35900000.0,0.26,0.03
9021,西日本旅客鉄道株式会社,1519477614800.0,138844000000.0,1289000000.0,0.09,0.01
9075,福山通運株式会社,143103974130.0,58005000000.0,1751000000.0,0.41,0.03
1443,技研ホールディングス株式会社,3150167538.0,5911023000.0,196768000.0,1.88,0.03
6289,株式会社技研製作所,39161466000.0,1854000000.0,32000000.0,0.05,0.02
6912,菊水ホールディングス株式会社,16087500000.0,2099518000.0,123109000.0,0.13,0.06
5185,株式会社フコク,29618556660.0,1259000000.0,10000000.0,0.04,0.01
6297,鉱研工業株式会社,6844110000.0,8846000.0,0.0,0.0,0.0
2982,株式会社ＡＤワークスグループ,16441022884.0,480502000.0,30234000.0,0.03,0.06
9904,株式会社ベリテ,10075405250.0,0.0,2000000.0,0.0,0.0
2389,株式会社デジタルホールディングス,21702664401.0,8543000000.0,0.0,0.39,0.0
4968,荒川化学工業株式会社,21685020000.0,10105000000.0,239000000.0,0.47,0.02
6177,ＡｐｐＢａｎｋ株式会社,1440652500.0,0.0,0.0,0.0,0.0
3544,サツドラホールディングス株式会社,12072606272.0,716000000.0,23000000.0,0.06,0.03
6785,株式会社鈴木,25624716000.0,2136790000.0,6232000.0,0.08,0.0
8139,株式会社ナガホリ,26820628224.0,1345782000.0,23908000.0,0.05,0.02
7523,アールビバン株式会社,9626644412.0,2336716000.0,5172000.0,0.24,0.0
4452,花王株式会社,3107553000000.0,7454000000.0,39196000000.0,0.0,5.26
2148,アイティメディア株式会社,33929271000.0,498740000.0,0.0,0.01,0.0
5970,株式会社ジーテクト,79295924300.0,10986000000.0,277000000.0,0.14,0.03
4547,キッセイ薬品工業株式会社,203862092175.0,84869000000.0,1392000000.0,0.42,0.02
7464,セフテック株式会社,3240000000.0,503752000.0,11840000.0,0.16,0.02
2721,株式会社ジェイホールディングス,1767868000.0,0.0,0.0,0.0,0.0
3826,株式会社システムインテグレータ,4652928000.0,10000000.0,0.0,0.0,0.0
8345,株式会社岩手銀行,60947615000.0,0.0,0.0,0.0,0.0
7947,株式会社エフピコ,224274336000.0,10274000000.0,89000000.0,0.05,0.01
3232,三重交通グループホールディングス株式会社,52685077253.0,14114242000.0,343293000.0,0.27,0.02
2997,株式会社ストレージ王,1627647500.0,52694000.0,0.0,0.03,0.0
7692,株式会社アースインフィニティ,12554956800.0,76247000.0,0.0,0.01,0.0
9554,株式会社ＡＶｉＣ,12757680000.0,3000000.0,0.0,0.0,0.0
7362,株式会社Ｔ．Ｓ．Ｉ,1260208200.0,0.0,0.0,0.0,0.0
8095,アステナホールディングス株式会社,19589793696.0,4137112000.0,61806000.0,0.21,0.01
3396,株式会社フェリシモ,8195496000.0,2136000000.0,0.0,0.26,0.0
7004,カナデビア株式会社,166469292000.0,27571000000.0,179000000.0,0.17,0.01
6941,山一電機株式会社,59376988000.0,65042000.0,6110000.0,0.0,0.09
8200,株式会社リンガーハット,57349538400.0,933001000.0,19401000.0,0.02,0.02
5971,株式会社共和工業所,7507200000.0,2550796000.0,67315000.0,0.34,0.03
2168,株式会社パソナグループ,90593021900.0,3288000000.0,0.0,0.04,0.0
7769,リズム株式会社,25155279000.0,3512000000.0,135000000.0,0.14,0.04
5587,株式会社インバウンドプラットフォーム,3049446400.0,29980000.0,0.0,0.01,0.0
4299,株式会社ハイマックス,14870764416.0,24000000.0,0.0,0.0,0.0
4832,ＪＦＥシステムズ株式会社,32008828000.0,1864859000.0,46958000.0,0.06,0.03
3416,ピクスタ株式会社,2317309760.0,8087000.0,0.0,0.0,0.0
6173,株式会社アクアライン,1059157836.0,0.0,0.0,0.0,0.0
8714,株式会社池田泉州ホールディングス,178159072000.0,0.0,0.0,0.0,0.0
6277,ホソカワミクロン株式会社,81953300000.0,2655000000.0,94000000.0,0.03,0.04
9421,株式会社エヌジェイホールディングス,3231641600.0,200994000.0,0.0,0.06,0.0
7878,株式会社光・彩,2051280000.0,71842000.0,0.0,0.04,0.0
7567,株式会社栄電子,2331220000.0,785651000.0,23018000.0,0.34,0.03
9478,ＳＥホールディングス・アンド・インキュベーションズ株式会社,6401816004.0,115000000.0,19000000.0,0.02,0.17
5290,株式会社ベルテクスコーポレーション,71873694850.0,1540362000.0,39280000.0,0.02,0.03
3041,株式会社ビューティカダンホールディングス,2268972000.0,10001000.0,18984000.0,0.0,1.9
5216,株式会社倉元製作所,10969160000.0,1371000.0,0.0,0.0,0.0
1972,三晃金属工業株式会社,26334000000.0,10000000.0,25000000.0,0.0,2.5
1871,ピーエス・コンストラクション株式会社,83527874000.0,3749000000.0,94000000.0,0.04,0.03
1793,株式会社大本組,32554710000.0,9825000000.0,213000000.0,0.3,0.02
4928,株式会社ノエビアホールディングス,153018880000.0,3112000000.0,26000000.0,0.02,0.01
1967,株式会社ヤマト,46988752740.0,12255933000.0,307519000.0,0.26,0.03
6859,エスペック株式会社,73960135340.0,4006000000.0,206000000.0,0.05,0.05
2687,株式会社シー・ヴイ・エス・ベイエリア,2845968000.0,228220000.0,49903000.0,0.08,0.22
2294,株式会社柿安本店,32857440000.0,212000000.0,4000000.0,0.01,0.02
8715,アニコム　ホールディングス株式会社,55080282600.0,0.0,0.0,0.0,0.0
6668,株式会社アドテックプラズマテクノロジー,11299176000.0,1000000.0,0.0,0.0,0.0
4265,Ｉｎｓｔｉｔｕｔｉｏｎ　ｆｏｒ　ａ　Ｇｌｏｂａｌ　Ｓｏｃｉｅｔｙ株式会社,1465522500.0,82315000.0,0.0,0.06,0.0
7865,ピープル株式会社,2520500000.0,0.0,2855000.0,0.0,0.0
9628,燦ホールディングス株式会社,36501000000.0,162000000.0,22000000.0,0.0,0.14
6157,日進工具株式会社,19101730942.0,31515000.0,102704000.0,0.0,3.26
6272,レオン自動機株式会社,36256584000.0,1953777000.0,37154000.0,0.05,0.02
4925,株式会社ハーバー研究所,6492750000.0,0.0,100591000.0,0.0,0.0
5195,バンドー化学株式会社,76488490000.0,8645000000.0,6992000000.0,0.11,0.81
8614,東洋証券株式会社,36200008810.0,7050000000.0,0.0,0.19,0.0
3627,テクミラホールディングス株式会社,3866143100.0,799594000.0,1791000.0,0.21,0.0
8411,株式会社みずほフィナンシャルグループ,10323999999000.0,9000000.0,0.0,0.0,0.0
3678,株式会社メディアドゥ,26249241560.0,5669000000.0,37000000.0,0.22,0.01
3154,メディアスホールディングス株式会社,19401204744.0,4713827000.0,55207000.0,0.24,0.01
4076,株式会社シイエヌエス,4228230000.0,5000000.0,9000000.0,0.0,1.8
7746,岡本硝子株式会社,4008460000.0,161135000.0,1154000.0,0.04,0.01
3920,アイビーシー株式会社,5145516400.0,246523000.0,0.0,0.05,0.0
9435,株式会社光通信,1865522713880.0,34268000000.0,14009000000.0,0.02,0.41
7066,株式会社ピアズ,6607656000.0,375487000.0,2791000.0,0.06,0.01
7375,株式会社リファインバースグループ,2538103118.0,20000000.0,0.0,0.01,0.0
5644,株式会社メタルアート,11177132280.0,243000000.0,6000000.0,0.02,0.02
9563,Ａｔｌａｓ　Ｔｅｃｈｎｏｌｏｇｉｅｓ株式会社,2454210000.0,0.0,0.0,0.0,0.0
5936,東洋シヤッター株式会社,5192631000.0,169844000.0,0.0,0.03,0.0
8275,株式会社フォーバル,37355841834.0,2596057000.0,14147000.0,0.07,0.01
4579,ラクオリア創薬株式会社,11574420370.0,547053000.0,0.0,0.05,0.0
3391,株式会社ツルハホールディングス,593198103960.0,31942000000.0,245000000.0,0.05,0.01
4471,三洋化成工業株式会社,89664540000.0,30713000000.0,1192000000.0,0.34,0.04
3436,株式会社ＳＵＭＣＯ,434217172360.0,2453000000.0,70000000.0,0.01,0.03
7345,株式会社アイ・パートナーズフィナンシャル,2052324400.0,0.0,0.0,0.0,0.0
4409,東邦化学工業株式会社,17485650000.0,3730000000.0,127000000.0,0.21,0.03
9795,株式会社ステップ,38724410000.0,1766356000.0,0.0,0.05,0.0
4615,神東塗料株式会社,4461860000.0,2732000000.0,18000000.0,0.61,0.01
9616,株式会社共立メンテナンス,295479713000.0,16506000000.0,201000000.0,0.06,0.01
6063,日本エマージェンシーアシスタンス株式会社,2489364800.0,0.0,0.0,0.0,0.0
8783,ＧＦＡ株式会社,6648376064.0,1763639000.0,3684000.0,0.27,0.0
9687,株式会社ＫＳＫ,30009480000.0,6002000000.0,22000000.0,0.2,0.0
2136,株式会社ヒップ,4818063600.0,0.0,0.0,0.0,0.0
8118,株式会社　キング,20312680020.0,3100000000.0,65000000.0,0.15,0.02
6547,株式会社グリーンズ,28228386942.0,117000000.0,0.0,0.0,0.0
9377,株式会社　エージーピー,20656790000.0,254373000.0,2495000.0,0.01,0.01
3841,株式会社ジーダット,5106198800.0,132121000.0,0.0,0.03,0.0
6809,ＴＯＡ株式会社,34136635000.0,9004000000.0,140000000.0,0.26,0.02
3185,夢展望株式会社,2695597800.0,0.0,0.0,0.0,0.0
7751,キヤノン株式会社,5373732996456.0,10885000000.0,262626000000.0,0.0,24.13
5816,オーナンバ株式会社,12231736474.0,1884895000.0,60790000.0,0.15,0.03
7061,日本ホスピスホールディングス株式会社,8348761000.0,0.0,700000000.0,0.0,0.0
2593,株式会社伊藤園,288691261680.0,4581000000.0,89000000.0,0.02,0.02
9708,株式会社帝国ホテル,115830000000.0,5822000000.0,68000000.0,0.05,0.01
9215,株式会社ＣａＳｙ,1876864000.0,46100000.0,0.0,0.02,0.0
7701,株式会社　島津製作所,996275550000.0,15182000000.0,333000000.0,0.02,0.02
2587,サントリー食品インターナショナル株式会社,1390500000000.0,0.0,36748000000.0,0.0,0.0
2207,名糖産業株式会社,35822808000.0,43064000000.0,1167000000.0,1.2,0.03
5982,株式会社マルゼン,69823400000.0,3261025000.0,90188000.0,0.05,0.03
4592,サンバイオ株式会社,151287721866.0,0.0,0.0,0.0,0.0
4484,ランサーズ株式会社,3590195388.0,0.0,0.0,0.0,0.0
4591,株式会社リボミック,5219830980.0,0.0,0.0,0.0,0.0
7804,株式会社ビーアンドピー,5275702000.0,0.0,0.0,0.0,0.0
2573,北海道コカ・コーラボトリング株式会社,46127730000.0,693000000.0,11000000.0,0.02,0.02
8336,株式会社武蔵野銀行,119422875000.0,0.0,0.0,0.0,0.0
3880,大王製紙株式会社,141970920000.0,21382000000.0,503000000.0,0.15,0.02
4448,株式会社ｋｕｂｅｌｌ,20797526298.0,184457000.0,0.0,0.01,0.0
6637,寺崎電気産業株式会社,46321650000.0,1143456000.0,24245000.0,0.02,0.02
6016,株式会社ジャパンエンジンコーポレーション,60900000000.0,810450000.0,5407000.0,0.01,0.01
4091,日本酸素ホールディングス株式会社,2344760088000.0,20678000000.0,7470000000.0,0.01,0.36
4840,株式会社トライアイズ,2913300000.0,36547000.0,0.0,0.01,0.0
4102,丸尾カルシウム株式会社,3183960000.0,4551328000.0,90926000.0,1.43,0.02
6125,株式会社岡本工作機械製作所,30669862125.0,404000000.0,99000000.0,0.01,0.25
4069,株式会社ＢｌｕｅＭｅｍｅ,5067855428.0,45423000.0,0.0,0.01,0.0
7242,カヤバ株式会社,159478880000.0,19874000000.0,9107000000.0,0.12,0.46
7072,株式会社インティメート・マージャー,2984625000.0,0.0,0.0,0.0,0.0
9273,コーア商事ホールディングス株式会社,29947305780.0,101074000.0,2089000.0,0.0,0.02
8153,株式会社モスフードサービス,120037162500.0,14067000000.0,134000000.0,0.12,0.01
6193,バーチャレクス・ホールディングス株式会社,2397781906.0,427646000.0,10050000.0,0.18,0.02
2480,システム・ロケーション株式会社,5140800000.0,821634000.0,33022000.0,0.16,0.04
2222,寿スピリッツ株式会社,320499822000.0,211000000.0,6000000.0,0.0,0.03
1994,高橋カーテンウォール工業株式会社,4623657324.0,222031000.0,2864000.0,0.05,0.01
6652,ＩＤＥＣ株式会社,75153785070.0,605000000.0,122000000.0,0.01,0.2
5038,株式会社ｅＷｅＬＬ,34673477971.0,0.0,0.0,0.0,0.0
4620,藤倉化成株式会社,17214300000.0,5430250000.0,135374000.0,0.32,0.02
7148,株式会社ＦＰＧ,201979514000.0,37000000.0,516000000.0,0.0,13.95
9274,ＫＰＰグループホールディングス株式会社,51239928000.0,19603000000.0,497000000.0,0.38,0.03
5017,富士石油株式会社,24471279000.0,34778000000.0,113000000.0,1.42,0.0
5932,三協立山株式会社,18806558884.0,14257000000.0,209000000.0,0.76,0.01
8795,株式会社Ｔ＆Ｄホールディングス,1834912000000.0,0.0,0.0,0.0,0.0
7211,三菱自動車工業株式会社,581853629485.9619,102736000000.0,665000000.0,0.18,0.01
3421,株式会社稲葉製作所,30997843209.0,2197566000.0,10892000.0,0.07,0.0
6403,水道機工株式会社,8761800000.0,1493000000.0,26000000.0,0.17,0.02
9506,東北電力株式会社,524506969000.0,1895254000000.0,866000000.0,3.61,0.0
6005,三浦工業株式会社,367666439500.0,10773000000.0,9459000000.0,0.03,0.88
2782,株式会社セリア,224410560000.0,406000000.0,4000000.0,0.0,0.01
7112,株式会社キューブ,3025539188.0,0.0,0.0,0.0,0.0
2173,株式会社博展,8702429760.0,1792000.0,0.0,0.0,0.0
3681,株式会社ブイキューブ,4320399600.0,465197000.0,111860000.0,0.11,0.24
6040,日本スキー場開発株式会社,8545548600.0,9459000.0,0.0,0.0,0.0
8337,株式会社千葉興業銀行,93830776000.0,0.0,0.0,0.0,0.0
8772,株式会社アサックス,23647018500.0,0.0,0.0,0.0,0.0
7985,ネポン株式会社,1355830784.0,80156000.0,2624000.0,0.06,0.03
3045,株式会社カワサキ,4160034000.0,0.0,0.0,0.0,0.0
2673,夢みつけ隊株式会社,1495494000.0,2200000.0,0.0,0.0,0.0
5126,ポーターズ株式会社,3098612400.0,0.0,0.0,0.0,0.0
8341,株式会社七十七銀行,395616455000.0,0.0,0.0,0.0,0.0
8101,株式会社ＧＳＩクレオス,25990482000.0,5978000000.0,117000000.0,0.23,0.02
3984,株式会社ユーザーローカル,29915906800.0,0.0,0.0,0.0,0.0
9368,キムラユニティー株式会社,19094021800.0,6634000000.0,126000000.0,0.35,0.02
8132,シナネンホールディングス株式会社,78365760000.0,8243000000.0,267000000.0,0.11,0.03
3452,株式会社ビーロット,28846656000.0,0.0,10000000.0,0.0,0.0
5186,ニッタ株式会社,115917120000.0,60444000000.0,384000000.0,0.52,0.01
6863,株式会社ニレコ,14942306552.0,1560952000.0,82983000.0,0.1,0.05
2208,株式会社ブルボン,70967400000.0,4331000000.0,83000000.0,0.06,0.02
9165,株式会社クオルテック,3463900000.0,49999000.0,0.0,0.01,0.0
3843,フリービット株式会社,32287906000.0,989025000.0,109650000.0,0.03,0.11
3550,株式会社スタジオアタオ,3060066000.0,0.0,0.0,0.0,0.0
6656,インスペック株式会社,2804760000.0,0.0,0.0,0.0,0.0
4022,ラサ工業株式会社,32967600000.0,3234000000.0,37000000.0,0.1,0.01
6882,株式会社三社電機製作所,12857000000.0,88000000.0,2000000.0,0.01,0.02
4350,株式会社　メディカルシステムネットワーク,14616520200.0,702000000.0,4000000.0,0.05,0.01
5616,株式会社雨風太陽,3014606400.0,15000000.0,0.0,0.0,0.0
6819,伊豆シャボテンリゾート株式会社,9128017392.0,194601000.0,0.0,0.02,0.0
8283,株式会社ＰＡＬＴＡＣ,263403000000.0,25600000000.0,516000000.0,0.1,0.02
5036,日本ビジネスシステムズ株式会社,68486822400.0,1405000000.0,46000000.0,0.02,0.03
7516,コーナン商事株式会社,130751566010.0,4515000000.0,99000000.0,0.03,0.02
7021,株式会社ニッチツ,4170540000.0,2547843000.0,64487000.0,0.61,0.03
7380,株式会社十六フィナンシャルグループ,199101000000.0,0.0,0.0,0.0,0.0
9853,株式会社銀座ルノアール,5626803600.0,89630000.0,5261000.0,0.02,0.06
4974,タカラバイオ株式会社,99583701200.0,0.0,428000000.0,0.0,0.0
6467,株式会社ニチダイ,3250134700.0,74283000.0,18025000.0,0.02,0.24
9761,東海リース株式会社,7316436000.0,314427000.0,9193000.0,0.04,0.03
8935,株式会社ＦＪネクストホールディングス,41575800000.0,299000000.0,10000000.0,0.01,0.03
5603,虹技株式会社,3741906000.0,3477000000.0,125000000.0,0.93,0.04
2686,株式会社ジーフット,12305880100.0,1000000.0,0.0,0.0,0.0
3361,株式会社トーエル,16303129980.0,1319575000.0,15248000.0,0.08,0.01
7264,株式会社ムロコーポレーション,7750700800.0,1852793000.0,55098000.0,0.24,0.03
6042,株式会社ニッキ,5266000000.0,1883543000.0,59697000.0,0.36,0.03
8214,株式会社ＡＯＫＩホールディングス,144704671680.0,760000000.0,20000000.0,0.01,0.03
1379,ホクト株式会社,60379790000.0,8374000000.0,199000000.0,0.14,0.02
2975,スター・マイカ・ホールディングス株式会社,33422000000.0,1365173000.0,8064000.0,0.04,0.01
9342,株式会社スマサポ,2376337600.0,0.0,2900000.0,0.0,0.0
5138,株式会社Ｒｅｂａｓｅ,6745137100.0,0.0,0.0,0.0,0.0
6557,ＡＩＡＩグループ株式会社,8798815746.0,749802000.0,0.0,0.09,0.0
4447,株式会社ピー・ビーシステムズ,3917182500.0,2511000.0,0.0,0.0,0.0
7628,株式会社オーハシテクニカ,28373754960.0,2566782000.0,81511000.0,0.09,0.03
9470,株式会社学研ホールディングス,42133771008.0,17574000000.0,237000000.0,0.42,0.01
7994,株式会社オカムラ,233440768720.0,43971000000.0,971000000.0,0.19,0.02
2492,株式会社インフォマート,106107360800.0,437854000.0,0.0,0.0,0.0
6269,三井海洋開発株式会社,453810800000.0,0.0,11849000000.0,0.0,0.0
6284,日精エー・エス・ビー機械株式会社,98538782400.0,449000000.0,12000000.0,0.0,0.03
3962,株式会社チェンジホールディングス,84708659214.0,4574000000.0,0.0,0.05,0.0
6869,シスメックス株式会社,1567387770000.0,7989000000.0,4071000000.0,0.01,0.51
4762,株式会社エックスネット,11186206400.0,2697866000.0,0.0,0.24,0.0
3320,クロスプラス株式会社,9378342000.0,5095000000.0,104000000.0,0.54,0.02
6955,ＦＤＫ株式会社,12156778304.0,211000000.0,24000000.0,0.02,0.11
3297,株式会社東武住販,2902268000.0,34485000.0,0.0,0.01,0.0
1383,ベルグアース株式会社,4826668500.0,24741000.0,0.0,0.01,0.0
3477,フォーライフ株式会社,2840000000.0,0.0,0.0,0.0,0.0
4427,株式会社ＥｄｕＬａｂ,3917504010.0,127679000.0,28273000.0,0.03,0.22
6565,ＡＢホテル株式会社,20002336000.0,0.0,0.0,0.0,0.0
7609,ダイトロン株式会社,41277122300.0,2190980000.0,49739000.0,0.05,0.02
6482,ＹＵＳＨＩＮ株式会社,21275925402.0,559944000.0,14517000.0,0.03,0.03
4237,フジプレアム株式会社,10067668000.0,998838000.0,21121000.0,0.1,0.02
4919,株式会社ミルボン,80408644152.0,875480000.0,17227000.0,0.01,0.02
7192,日本モーゲージサービス株式会社,6219792000.0,1531000.0,0.0,0.0,0.0
9044,南海電気鉄道株式会社,248690586000.0,60055000000.0,3796000000.0,0.24,0.06
4534,持田製薬株式会社,109533900000.0,15022000000.0,391000000.0,0.14,0.03
4260,株式会社ハイブリッドテクノロジーズ,5220992984.0,396041000.0,0.0,0.08,0.0
4576,株式会社デ・ウエスタン・セラピテクス研究所,5369691048.0,142806000.0,0.0,0.03,0.0
7292,株式会社村上開明堂,79013000000.0,4831000000.0,131000000.0,0.06,0.03
6078,株式会社バリューＨＲ,46779728800.0,1077279000.0,36443000.0,0.02,0.03
7611,株式会社ハイデイ日高,127983574180.0,156361000.0,4553000.0,0.0,0.03
4241,株式会社アテクト,1810214400.0,0.0,0.0,0.0,0.0
8070,東京産業株式会社,22283183622.0,7197000000.0,401000000.0,0.32,0.06
6797,名古屋電機工業株式会社,7346768000.0,1133113000.0,29610000.0,0.15,0.03
4263,サスメド株式会社,10541599700.0,0.0,0.0,0.0,0.0
3607,株式会社クラウディアホールディングス,3555936400.0,29128000.0,33031000.0,0.01,1.13
4506,住友ファーマ株式会社,425753000000.0,22823000000.0,9654000000.0,0.05,0.42
7683,株式会社ダブルエー,25848847200.0,204514000.0,4961000.0,0.01,0.02
4594,ブライトパス・バイオ株式会社,5972425800.0,0.0,0.0,0.0,0.0
3998,株式会社すららネット,2309693580.0,0.0,0.0,0.0,0.0
1921,株式会社　巴コーポレーション,62530442000.0,35767825000.0,888067000.0,0.57,0.02
3974,ＳＣＡＴ株式会社,2478520000.0,63240000.0,3348000.0,0.03,0.05
3178,チムニー株式会社,24330726400.0,541849000.0,5520000.0,0.02,0.01
5011,ニチレキグループ株式会社,82922144235.0,9252000000.0,270000000.0,0.11,0.03
5137,株式会社スマートドライブ,2439403200.0,29565000.0,0.0,0.01,0.0
3747,株式会社インタートレード,4489214400.0,44988000.0,0.0,0.01,0.0
6094,株式会社フリークアウト・ホールディングス,8885301532.0,3607180000.0,0.0,0.41,0.0
3935,株式会社エディア,5931486000.0,5000000.0,0.0,0.0,0.0
2215,第一屋製パン株式会社,3582758300.0,16000000.0,8000000.0,0.0,0.5
4078,堺化学工業株式会社,45815000000.0,5120000000.0,175000000.0,0.11,0.03
9090,ＡＺ－ＣＯＭ丸和ホールディングス株式会社,153024832680.0,10935000000.0,237000000.0,0.07,0.02
7110,株式会社クラシコム,11276712000.0,0.0,1819000.0,0.0,0.0
2499,日本和装ホールディングス株式会社,2977684000.0,0.0,0.0,0.0,0.0
4462,石原ケミカル株式会社,30230235000.0,4086282000.0,53879000.0,0.14,0.01
3608,株式会社ＴＳＩホールディングス,88405660557.0,23490000000.0,668000000.0,0.27,0.03
3484,株式会社イノベーションホールディングス,17232540000.0,0.0,0.0,0.0,0.0
9439,株式会社エム・エイチ・グループ,2409914700.0,76580000.0,30888000.0,0.03,0.4
6676,株式会社バッファロー,34180200000.0,2298000000.0,103000000.0,0.07,0.04
7459,株式会社メディパルホールディングス,536226796000.0,199078000000.0,3092000000.0,0.37,0.02
6577,株式会社ベストワンドットコム,3936865600.0,209246000.0,0.0,0.05,0.0
7162,アストマックス株式会社,3513800100.0,790345000.0,0.0,0.22,0.0
9051,センコン物流株式会社,6973334000.0,389946000.0,16775000.0,0.06,0.04
2678,アスクル株式会社,144297156000.0,159000000.0,725000000.0,0.0,4.56
4398,株式会社ブロードバンドセキュリティ,5545319262.0,120000000.0,0.0,0.02,0.0
2768,双日株式会社,811125000000.0,83711000000.0,81592000000.0,0.1,0.97
6840,株式会社ＡＫＩＢＡホールディングス,2527954000.0,0.0,4437000.0,0.0,0.0
3645,株式会社メディカルネット,3242673000.0,59202000.0,1143000.0,0.02,0.02
3261,株式会社グランディーズ,4203395850.0,0.0,3430000.0,0.0,0.0
5713,住友金属鉱山株式会社,988767600000.0,211313000000.0,37859000000.0,0.21,0.18
9022,東海旅客鉄道株式会社,3424750000000.0,458717000000.0,4988000000.0,0.13,0.01
8051,株式会社山善,119989542665.0,24063000000.0,363000000.0,0.2,0.02
6753,シャープ株式会社,429267960000.0,185710000000.0,1387000000.0,0.43,0.01
5161,西川ゴム工業株式会社,54266430000.0,22877000000.0,833000000.0,0.42,0.04
8946,株式会社ＡＳＩＡＮ　ＳＴＡＲ,2690326600.0,0.0,0.0,0.0,0.0
9697,株式会社カプコン,2316465806000.0,0.0,197000000.0,0.0,0.0
8050,セイコーグループ株式会社,175968109250.0,53123000000.0,911000000.0,0.3,0.02
3926,株式会社オープンドア,15411180000.0,1625579000.0,0.0,0.11,0.0
1762,株式会社髙松コンストラクショングループ,107239440000.0,7518000000.0,56000000.0,0.07,0.01
2169,ＣＤＳ株式会社,12138473200.0,133255000.0,4665000.0,0.01,0.04
7914,共同印刷株式会社,11098620000.0,17501000000.0,321000000.0,1.58,0.02
6480,日本トムソン株式会社,41528305125.0,11110000000.0,317000000.0,0.27,0.03
6496,株式会社中北製作所,17761320000.0,5448491000.0,93329000.0,0.31,0.02
8869,明和地所株式会社,22016733000.0,96000000.0,328000000.0,0.0,3.42
4323,日本システム技術株式会社,44458086800.0,1667447000.0,10664000.0,0.04,0.01
5255,株式会社モンスターラボ,7443620500.0,2668186000.0,0.0,0.36,0.0
7287,日本精機株式会社,87940384000.0,18210000000.0,8314000000.0,0.21,0.46
4192,スパイダープラス株式会社,17335491500.0,0.0,0.0,0.0,0.0
2762,株式会社ＳＡＮＫＯ　ＭＡＲＫＥＴＩＮＧ　ＦＯＯＤＳ,2570899975.0,0.0,3000000.0,0.0,0.0
3816,株式会社大和コンピューター,4576891000.0,601860000.0,11796000.0,0.13,0.02
3908,株式会社コラボス,1612548000.0,0.0,0.0,0.0,0.0
3189,株式会社ＡＮＡＰホールディングス,7938460000.0,21024000.0,0.0,0.0,0.0
6330,東洋エンジニアリング株式会社,43146402000.0,6889000000.0,76000000.0,0.16,0.01
8596,株式会社九州リースサービス,31246658296.0,10494000000.0,52000000.0,0.34,0.0
5802,住友電気工業株式会社,2640647766000.0,604733000000.0,8223000000.0,0.23,0.01
5451,株式会社淀川製鋼所,36485202000.0,40961000000.0,1251000000.0,1.12,0.03
2733,株式会社あらた,113761172720.0,12659000000.0,240000000.0,0.11,0.02
9691,株式会社両毛システムズ,11916450000.0,415078000.0,11193000.0,0.03,0.03
7361,株式会社ヒューマンクリエイションホールディングス,2182781150.0,94537000.0,1665000.0,0.04,0.02
5589,株式会社オートサーバー,16807156800.0,0.0,0.0,0.0,0.0
4937,株式会社Ｗａｑｏｏ,3622546928.0,0.0,0.0,0.0,0.0
9782,株式会社ディーエムエス,21626236000.0,1144810000.0,30505000.0,0.05,0.03
6645,オムロン株式会社,774243730000.0,7081000000.0,102095000000.0,0.01,14.42
6586,株式会社マキタ,1247475735000.0,32541000000.0,18710000000.0,0.03,0.57
4284,株式会社　ソルクシーズ,10406390472.0,1068385000.0,41350000.0,0.1,0.04
9973,ＫＯＺＯホールディングス株式会社,6714997520.0,16010000.0,0.0,0.0,0.0
7040,株式会社サン・ライフホールディング,6172100000.0,3800131000.0,7856000.0,0.62,0.0
1814,大末建設株式会社,23456940000.0,898000000.0,100000000.0,0.04,0.11
6047,株式会社Ｇｕｎｏｓｙ,18129854952.0,4175000000.0,0.0,0.23,0.0
6824,新コスモス電機株式会社,32156160000.0,7568157000.0,145907000.0,0.24,0.02
7883,サンメッセ株式会社,6203117400.0,4201538000.0,126721000.0,0.68,0.03
3997,株式会社トレードワークス,4331370600.0,233910000.0,0.0,0.05,0.0
9536,西部ガスホールディングス株式会社,66899413000.0,59430000000.0,930000000.0,0.89,0.02
3793,株式会社ドリコム,15902394904.0,20006000.0,748235000.0,0.0,37.4
4391,ロジザード株式会社,3942618000.0,0.0,0.0,0.0,0.0
6312,フロイント産業株式会社,20442400000.0,824109000.0,9039000.0,0.04,0.01
8032,日本紙パルプ商事株式会社,95837495380.0,37017000000.0,1158000000.0,0.39,0.03
4056,ニューラルグループ株式会社,12272024800.0,157215000.0,0.0,0.01,0.0
6432,株式会社竹内製作所,233235240000.0,168000000.0,4000000.0,0.0,0.02
4719,株式会社アルファシステムズ,49394186000.0,3769777000.0,1350000.0,0.08,0.0
2130,株式会社メンバーズ,16495269300.0,1065060000.0,1633000.0,0.06,0.0
4025,多木化学株式会社,27494406000.0,13649000000.0,423000000.0,0.5,0.03
4598,ＤｅｌｔａーＦｌｙ　Ｐｈａｒｍａ株式会社,6937418700.0,0.0,0.0,0.0,0.0
8593,三菱ＨＣキャピタル株式会社,1604801994936.0,550198000000.0,1418000000.0,0.34,0.0
4287,株式会社ジャストプランニング,5342181702.0,10228000.0,0.0,0.0,0.0
6245,株式会社ヒラノテクシード,23060779742.0,4481501000.0,122386000.0,0.19,0.03
7409,ＡｅｒｏＥｄｇｅ株式会社,10704482610.0,0.0,0.0,0.0,0.0
7379,株式会社サーキュレーション,7582263000.0,0.0,0.0,0.0,0.0
2908,フジッコ株式会社,47599200000.0,3944000000.0,276000000.0,0.08,0.07
5976,高周波熱錬株式会社,39566223800.0,9857000000.0,188000000.0,0.25,0.02
9211,株式会社エフ・コード,28787888800.0,0.0,0.0,0.0,0.0
4709,株式会社ＩＤホールディングス,39886783280.0,4664007000.0,40956000.0,0.12,0.01
8056,ＢＩＰＲＯＧＹ株式会社,599750154000.0,17934000000.0,11015000000.0,0.03,0.61
8088,岩谷産業株式会社,356639535000.0,211938000000.0,1736000000.0,0.59,0.01
2325,株式会社ＮＪＳ,57776000000.0,2111273000.0,57123000.0,0.04,0.03
3597,株式会社自重堂,27358227520.0,3990891000.0,124502000.0,0.15,0.03
6489,前澤工業株式会社,32843440000.0,4171000000.0,110000000.0,0.13,0.03
4390,株式会社アイ・ピー・エス,29024828700.0,0.0,221000000.0,0.0,0.0
5724,株式会社アサカ理研,6173520000.0,195189000.0,4596000.0,0.03,0.02
9308,乾汽船株式会社,31600427520.0,5192000000.0,125000000.0,0.16,0.02
5578,ＡＲアドバンストテクノロジ株式会社,8784810320.0,111145000.0,0.0,0.01,0.0
3087,株式会社ドトール・日レスホールディングス,114571719632.0,1087000000.0,27000000.0,0.01,0.02
4317,株式会社レイ,7293448784.0,242926000.0,2895000.0,0.03,0.01
3267,株式会社フィル・カンパニー,4668624000.0,15560000.0,42060000.0,0.0,2.7
6185,ＳＭＮ株式会社,6502124200.0,3075000.0,0.0,0.0,0.0
9543,静岡ガス株式会社,85258848000.0,21513000000.0,590000000.0,0.25,0.03
4616,川上塗料株式会社,1780000000.0,1029993000.0,39075000.0,0.58,0.04
6178,日本郵政株式会社,4330027120000.0,143153000000.0,1590000000.0,0.03,0.01
3921,株式会社ネオジャパン,24149611200.0,1540928000.0,0.0,0.06,0.0
9514,株式会社エフオン,7355964260.0,0.0,396000000.0,0.0,0.0
7309,株式会社シマノ,1822504000000.0,25892000000.0,712000000.0,0.01,0.03
4488,ＡＩ　ｉｎｓｉｄｅ株式会社,14619817250.0,1192000.0,0.0,0.0,0.0
6879,株式会社ＩＭＡＧＩＣＡ　ＧＲＯＵＰ,35524354000.0,3485203000.0,35969000.0,0.1,0.01
8282,株式会社ケーズホールディングス,268187500000.0,1044000000.0,4287000000.0,0.0,4.11
6098,株式会社リクルートホールディングス,12589492799450.0,49163000000.0,2832000000.0,0.0,0.06
9619,株式会社イチネンホールディングス,39814314507.0,6055000000.0,171000000.0,0.15,0.03
6625,ＪＡＬＣＯホールディングス株式会社,36220552962.0,604819000.0,17044000.0,0.02,0.03
3560,株式会社ほぼ日,7135845000.0,362244000.0,0.0,0.05,0.0
3682,エンカレッジ・テクノロジ株式会社,4196065200.0,41778000.0,1444000.0,0.01,0.03
6926,岡谷電機産業株式会社,4859371144.0,2121797000.0,108615000.0,0.44,0.05
4064,日本カーバイド工業株式会社,17388690514.0,387000000.0,14000000.0,0.02,0.04
7811,中本パックス株式会社,16048503009.0,1111226000.0,27777000.0,0.07,0.02
4772,株式会社ＳＭ　ＥＮＴＥＲＴＡＩＮＭＥＮＴ　ＪＡＰＡＮ,13792674889.0,1385827000.0,0.0,0.1,0.0
3328,ＢＥＥＮＯＳ株式会社,54279940050.0,2649000000.0,0.0,0.05,0.0
6087,株式会社アビスト,13114100000.0,738504000.0,0.0,0.06,0.0
8542,株式会社トマト銀行,14692182000.0,0.0,0.0,0.0,0.0
1867,株式会社植木組,13863905976.0,2512488000.0,73992000.0,0.18,0.03
9229,株式会社サンウェルズ,24020040000.0,0.0,3000000.0,0.0,0.0
9419,株式会社ワイヤレスゲート,2844029240.0,62462000.0,0.0,0.02,0.0
8381,株式会社山陰合同銀行,200459629000.0,0.0,0.0,0.0,0.0
8804,東京建物株式会社,526997954643.0,139265000000.0,4433000000.0,0.26,0.03
4098,チタン工業株式会社,2282358000.0,534000000.0,22000000.0,0.23,0.04
4343,株式会社イオンファンタジー,63495485250.0,5323000.0,0.0,0.0,0.0
2388,株式会社ウェッジホールディングス,4079469888.0,0.0,0.0,0.0,0.0
8278,株式会社フジ,174148192770.0,24481000000.0,388000000.0,0.14,0.02
6899,ＡＳＴＩ株式会社,6236035950.0,702729000.0,18248000.0,0.11,0.03
3842,株式会社ネクストジェン,2733151200.0,0.0,0.0,0.0,0.0
4891,㈱ティムス,6654461055.0,0.0,342613000.0,0.0,0.0
8349,株式会社　東北銀行,10678607000.0,0.0,0.0,0.0,0.0
7046,ＴＤＳＥ株式会社,3806000000.0,0.0,0.0,0.0,0.0
8107,株式会社キムラタン,13556552000.0,0.0,0.0,0.0,0.0
4094,日本化学産業株式会社,41249520000.0,8854753000.0,212249000.0,0.21,0.02
9428,株式会社クロップス,11180971000.0,1074000000.0,57000000.0,0.1,0.05
9767,日建工学株式会社,2603076000.0,980182000.0,28868000.0,0.38,0.03
6104,芝浦機械株式会社,85878604760.0,11754000000.0,509000000.0,0.14,0.04
5597,ブルーイノベーション株式会社,7141499463.0,0.0,0.0,0.0,0.0
3744,サイオス株式会社,4099972800.0,427662000.0,0.0,0.1,0.0
1780,株式会社　ヤマウラ,27349488000.0,2209153000.0,48076000.0,0.08,0.02
6337,株式会社テセック,9737101075.0,3399000000.0,42000000.0,0.35,0.01
8919,株式会社カチタス,192222164160.0,0.0,93000000.0,0.0,0.0
3004,神栄株式会社,7890970500.0,5889000000.0,156000000.0,0.75,0.03
2590,ダイドーグループホールディングス株式会社,88542064000.0,9815000000.0,59000000.0,0.11,0.01
9699,ニシオホールディングス株式会社,116828965000.0,2753000000.0,59000000.0,0.02,0.02
6028,テクノプロ・ホールディングス株式会社,471777600000.0,0.0,0.0,0.0,0.0
4484,ランサーズ株式会社,3590195388.0,0.0,0.0,0.0,0.0
8698,マネックスグループ株式会社,194293678600.0,9312000000.0,0.0,0.05,0.0
3121,マーチャント・バンカーズ株式会社,10055749000.0,69161000.0,0.0,0.01,0.0
5131,リンカーズ株式会社,2570689000.0,0.0,0.0,0.0,0.0
7521,株式会社ムサシ,14079450000.0,3559000000.0,73000000.0,0.25,0.02
7327,株式会社第四北越フィナンシャルグループ,326191750000.0,0.0,0.0,0.0,0.0
6381,アネスト岩田株式会社,62326038965.0,3173000000.0,74000000.0,0.05,0.02
5632,三菱製鋼株式会社,25197236000.0,6009000000.0,45000000.0,0.24,0.01
7378,株式会社アシロ,13713095344.0,0.0,0.0,0.0,0.0
4935,株式会社リベルタ,17433920000.0,0.0,900032000.0,0.0,0.0
3981,株式会社ビーグリー,8445677184.0,0.0,0.0,0.0,0.0
7610,株式会社テイツー,9338349968.0,661348000.0,1873000.0,0.07,0.0
9658,株式会社ビジネスブレイン太田昭和,33148625000.0,1173507000.0,0.0,0.04,0.0
3835,ｅＢＡＳＥ株式会社,23582400000.0,1342828000.0,0.0,0.06,0.0
3965,株式会社キャピタル・アセット・プランニング,4382255868.0,653219000.0,18133000.0,0.15,0.03
3726,株式会社フォーシーズＨＤ,6923359290.0,0.0,0.0,0.0,0.0
6997,日本ケミコン株式会社,26284039734.0,15007000000.0,1000000.0,0.57,0.0
9433,ＫＤＤＩ株式会社,5382078874488.0,236433000000.0,81358000000.0,0.04,0.34
7299,フジオーゼックス株式会社,15080393250.0,140510000.0,1328090000.0,0.01,9.45
6351,株式会社鶴見製作所,106287500000.0,12662000000.0,350000000.0,0.12,0.03
6322,株式会社タクミナ,12180179040.0,1888491000.0,22153000.0,0.16,0.01
5464,モリ工業株式会社,6756420000.0,7068000000.0,114000000.0,1.05,0.02
6227,ＡＩメカテック株式会社,20689290000.0,0.0,0.0,0.0,0.0
8285,三谷産業株式会社,22423236000.0,27440000000.0,514000000.0,1.22,0.02
5871,ＳＯＬＩＺＥ株式会社,10710000000.0,419000000.0,0.0,0.04,0.0
3205,株式会社ダイドーリミテッド,29867208000.0,4567000000.0,112000000.0,0.15,0.02
7565,萬世電機株式会社,8016400000.0,1259383000.0,27414000.0,0.16,0.02
2164,株式会社地域新聞社,1233667512.0,0.0,0.0,0.0,0.0
4671,株式会社ファルコホールディングス,25024407100.0,3675000000.0,92000000.0,0.15,0.03
8143,株式会社ラピーヌ,672554000.0,517418000.0,13369000.0,0.77,0.03
8439,東京センチュリー株式会社,888756078000.0,451367000000.0,2331000000.0,0.51,0.01
8194,株式会社ライフコーポレーション,119275329600.0,2356000000.0,71000000.0,0.02,0.03
5819,カナレ電気株式会社,11097306740.0,735499000.0,9078000.0,0.07,0.01
8354,株式会社ふくおかフィナンシャルグループ,771050692000.0,0.0,0.0,0.0,0.0
6083,ＥＲＩホールディングス株式会社,23732172000.0,98304000.0,0.0,0.0,0.0
5592,株式会社くすりの窓口,38102085000.0,67812000.0,0.0,0.0,0.0
6495,株式会社宮入バルブ製作所,5471192720.0,296864000.0,7591000.0,0.05,0.03
9301,三菱倉庫株式会社,467778222475.0,163716000000.0,4094000000.0,0.35,0.03
7800,株式会社アミファ,2044520000.0,0.0,0.0,0.0,0.0
2163,株式会社アルトナー,20596908960.0,1498000.0,0.0,0.0,0.0
8255,アクシアル　リテイリング株式会社,105620208000.0,3778000000.0,74000000.0,0.04,0.02
7741,ＨＯＹＡ株式会社,6339599502600.0,39418000000.0,286149000000.0,0.01,7.26
7078,ＩＮＣＬＵＳＩＶＥ株式会社,5910569532.0,189121000.0,0.0,0.03,0.0
7198,ＳＢＩアルヒ株式会社,37155813270.0,0.0,0.0,0.0,0.0
5631,株式会社日本製鋼所,610823357865.0,24629000000.0,716000000.0,0.04,0.03
3349,株式会社コスモス薬品,385127702400.0,4000000.0,0.0,0.0,0.0
7792,株式会社コラントッテ,12783236700.0,100341000.0,0.0,0.01,0.0
5262,日本ヒューム株式会社,67792725000.0,19857935000.0,223749000.0,0.29,0.01
2911,旭松食品株式会社,4190984000.0,847388000.0,20928000.0,0.2,0.02
7702,株式会社ジェイ・エム・エス（称号　株式会社　ＪＭＳ）,10709590778.0,5437000000.0,60000000.0,0.51,0.01
1844,株式会社大盛工業,8122689315.0,0.0,15503000.0,0.0,0.0
9976,株式会社　セキチュー,5569391550.0,699649000.0,17153000.0,0.13,0.02
3053,株式会社ペッパーフードサービス,12111751400.0,20000000.0,2000000.0,0.0,0.1
5563,新日本電工株式会社,34735635000.0,12255000000.0,134000000.0,0.35,0.01
5965,株式会社フジマック,13986560000.0,3552057000.0,45081000.0,0.25,0.01
6233,ＫＬＡＳＳ株式会社,2366649000.0,76472000.0,0.0,0.03,0.0
5247,株式会社ＢＴＭ,1047403500.0,0.0,0.0,0.0,0.0
7105,三菱ロジスネクスト株式会社,207687100000.0,7491000000.0,143000000.0,0.04,0.02
7419,株式会社ノジマ,327740646240.0,31412000000.0,509000000.0,0.1,0.02
4404,ミヨシ油脂株式会社,19923228035.0,10356000000.0,260000000.0,0.52,0.03
3804,株式会社システム　ディ,13574322000.0,32544000.0,0.0,0.0,0.0
5491,日本金属株式会社,4884300000.0,2881000000.0,92000000.0,0.59,0.03
6525,株式会社ＫＯＫＵＳＡＩ　ＥＬＥＣＴＲＩＣ,810162160940.0,0.0,14855000000.0,0.0,0.0
9049,京福電気鉄道株式会社,13260000000.0,470000000.0,12000000.0,0.04,0.03
6651,日東工業株式会社,130881630000.0,5970000000.0,196000000.0,0.05,0.03
8166,株式会社タカキュー,2593907132.0,655383000.0,6760000.0,0.25,0.01
9414,日本ＢＳ放送株式会社,16213408120.0,1414517000.0,3728000.0,0.09,0.0
2109,ＤＭ三井製糖株式会社,99222560000.0,16728000000.0,157000000.0,0.17,0.01
2150,株式会社ケアネット,34075944000.0,1133701000.0,12806000.0,0.03,0.01
3927,株式会社フーバーブレイン,4914883400.0,135802000.0,0.0,0.03,0.0
6069,トレンダーズ株式会社,7846962000.0,0.0,0.0,0.0,0.0
4251,恵和株式会社,21753651456.0,147869000.0,3275000.0,0.01,0.02
4062,イビデン株式会社,901084983129.0,58797000000.0,2164000000.0,0.07,0.04
6411,中野冷機株式会社,39986520000.0,3321450000.0,56609000.0,0.08,0.02
8163,ＳＲＳホールディングス株式会社,51879200184.0,1188514000.0,29005000.0,0.02,0.02
7859,株式会社アルメディオ,4639808468.0,0.0,4965000.0,0.0,0.0
3932,株式会社アカツキ,42868996300.0,11375000000.0,0.0,0.27,0.0
4417,グローバルセキュリティエキスパート株式会社,21557772000.0,764371000.0,10108000.0,0.04,0.01
4536,参天製薬株式会社,579271836000.0,8515000000.0,459000000.0,0.01,0.05
1890,東洋建設株式会社,145708824000.0,2415000000.0,50000000.0,0.02,0.02
8131,株式会社ミツウロコグループホールディングス,123252241680.0,25008000000.0,913000000.0,0.2,0.04
9723,株式会社京都ホテル,7685659800.0,5314000.0,0.0,0.0,0.0
5967,ＴＯＮＥ株式会社,5727657000.0,2250360000.0,61867000.0,0.39,0.03
3150,株式会社グリムス,59537000000.0,2082529000.0,120707000.0,0.03,0.06
7272,ヤマハ発動機株式会社,1089987948000.0,52813000000.0,90381000000.0,0.05,1.71
7320,Ｓｏｌｖｖｙ株式会社,8777884500.0,3509787000.0,4215000.0,0.4,0.0
6240,ヤマシンフィルタ株式会社,46714468345.0,0.0,1474814000.0,0.0,0.0
7140,ペットゴー株式会社,1478536900.0,0.0,35000000.0,0.0,0.0
2354,株式会社ＹＥ　ＤＩＧＩＴＡＬ,11834074000.0,32185000.0,396430000.0,0.0,12.32
4911,株式会社資生堂,958000000000.0,3222000000.0,16342000000.0,0.0,5.07
5753,日本伸銅株式会社,4834800000.0,533000000.0,14000000.0,0.11,0.03
5994,株式会社ファインシンター,3726060000.0,1508472000.0,99688000.0,0.4,0.07
7613,シークス株式会社,59623200000.0,2427000000.0,87000000.0,0.04,0.04
3091,株式会社ブロンコビリー,51947155000.0,168634000.0,4054000.0,0.0,0.02
6740,株式会社ジャパンディスプレイ,69846984396.0,3110000000.0,1143000000.0,0.04,0.37
8338,株式会社筑波銀行,20308038000.0,0.0,0.0,0.0,0.0
2938,株式会社オカムラ食品工業,9369255040.0,99000000.0,1000000.0,0.01,0.01
4839,株式会社ＷＯＷＯＷ,36776610000.0,3076000000.0,65000000.0,0.08,0.02
9467,株式会社アルファポリス,43912984200.0,0.0,0.0,0.0,0.0
4960,ケミプロ化成株式会社,4488375510.0,254891000.0,8187000.0,0.06,0.03
6981,株式会社村田製作所,4222415151000.0,21443000000.0,208512000000.0,0.01,9.72
6224,株式会社ＪＲＣ,19955482160.0,216862000.0,4957000.0,0.01,0.02
5707,東邦亜鉛株式会社,9401180532.0,156000000.0,28000000.0,0.02,0.18
8802,三菱地所株式会社,3386018466000.0,358442000000.0,9458000000.0,0.11,0.03
4058,トヨクモ株式会社,36161280000.0,0.0,0.0,0.0,0.0
9533,東邦瓦斯株式会社,417238560000.0,170019000000.0,3184000000.0,0.41,0.02
4918,株式会社アイビー化粧品,2014080000.0,0.0,0.0,0.0,0.0
9353,櫻島埠頭株式会社,2430120000.0,4718877000.0,109492000.0,1.94,0.02
9216,ビーウィズ株式会社,20251641600.0,253330000.0,0.0,0.01,0.0
9039,株式会社サカイ引越センター,112539516000.0,6215000000.0,68000000.0,0.06,0.01
6744,能美防災株式会社,230252038235.0,9755000000.0,111000000.0,0.04,0.01
4377,株式会社ワンキャリア,12416159510.0,186164000.0,0.0,0.01,0.0
3687,株式会社フィックスターズ,64242850000.0,83592000.0,70432000.0,0.0,0.84
9001,東武鉄道株式会社,502735677500.0,99253000000.0,2651000000.0,0.2,0.03
6848,東亜ディーケーケー株式会社,16182320000.0,2508000000.0,75000000.0,0.15,0.03
1766,東建コーポレーション株式会社,189012160000.0,756000000.0,2512000000.0,0.0,3.32
7201,日産自動車株式会社,1148368226936.8896,1428641000000.0,689000000.0,1.24,0.0
7916,光村印刷株式会社,4267202500.0,5158886000.0,162829000.0,1.21,0.03
5856,株式会社エルアイイーエイチ,5338932200.0,4419000.0,0.0,0.0,0.0
2790,株式会社ナフコ,54326745600.0,405000000.0,16000000.0,0.01,0.04
7069,株式会社サイバー・バズ,2999565300.0,29048000.0,0.0,0.01,0.0
9023,東京地下鉄株式会社,947030000000.0,5240000000.0,2149000000.0,0.01,0.41
3474,Ｇ－ＦＡＣＴＯＲＹ株式会社,3926304000.0,5438000.0,0.0,0.0,0.0
7089,フォースタートアップス株式会社,5394800400.0,89283000.0,0.0,0.02,0.0
8613,丸三証券株式会社,59916822000.0,13574000000.0,0.0,0.23,0.0
4052,フィーチャ株式会社,2201896232.0,0.0,0.0,0.0,0.0
4212,積水樹脂株式会社,66234666000.0,16062000000.0,310000000.0,0.24,0.02
7744,ノーリツ鋼機株式会社,53960590152.0,21640000000.0,5104000000.0,0.4,0.24
2681,株式会社ゲオホールディングス,62555931900.0,194000000.0,139000000.0,0.0,0.72
6841,横河電機株式会社,1024800560000.0,64290000000.0,1239000000.0,0.06,0.02
3918,ＰＣＩホールディングス株式会社,11104272800.0,230237000.0,24161000.0,0.02,0.1
6864,株式会社エヌエフホールディングス,8823360000.0,245134000.0,26658000.0,0.03,0.11
2796,ファーマライズホールディングス株式会社,5945767833.0,67000000.0,1136000000.0,0.01,16.96
4267,株式会社ライトワークス,10727612000.0,24867000.0,68589000.0,0.0,2.76
9682,株式会社ＤＴＳ,230053788120.0,5707000000.0,103000000.0,0.02,0.02
1826,佐田建設株式会社,17445604000.0,415000000.0,81000000.0,0.02,0.2
4386,株式会社ＳＩＧグループ,4443981780.0,233094000.0,236000000.0,0.05,1.01
8617,光世証券株式会社,4097952000.0,4607000000.0,0.0,1.12,0.0
9755,応用地質株式会社,77066000000.0,5451000000.0,134000000.0,0.07,0.02
8104,クワザワホールディングス株式会社,8781044000.0,1530000000.0,39000000.0,0.17,0.03
3083,スターシーズ株式会社,3713048800.0,127048000.0,0.0,0.03,0.0
6473,株式会社ジェイテクト,397622784000.0,43208000000.0,65685000000.0,0.11,1.52
3199,綿半ホールディングス株式会社,31734714600.0,2057000000.0,56000000.0,0.06,0.03
6156,株式会社エーワン精密,9078900000.0,873002000.0,9226000.0,0.1,0.01
3810,サイバーステップ株式会社,3996445938.0,0.0,233000000.0,0.0,0.0
9856,株式会社ケーユーホールディングス,50303667360.0,1100000000.0,39000000.0,0.02,0.04
8789,フィンテック　グローバル株式会社,22548030400.0,533513000.0,6226000.0,0.02,0.01
6364,株式会社ＡＩＲＭＡＮ,62351919006.0,3888325000.0,147568000.0,0.06,0.04
7129,ミアヘルサホールディングス株式会社,3153098400.0,0.0,0.0,0.0,0.0
6383,株式会社ダイフク,1420944030000.0,13484000000.0,407000000.0,0.01,0.03
3173,株式会社Ｃｏｍｉｎｉｘ,5824776320.0,1270000000.0,48000000.0,0.22,0.04
7184,株式会社　富山第一銀行,66109652000.0,0.0,0.0,0.0,0.0
5258,株式会社トランザクション・メディア・ネットワークス,15536430000.0,280040000.0,0.0,0.02,0.0
2702,日本マクドナルドホールディングス株式会社,779145600000.0,12056000000.0,0.0,0.02,0.0
9025,鴻池運輸株式会社,178545905670.0,13005000000.0,418000000.0,0.07,0.03
8818,京阪神ビルディング株式会社,75901105000.0,22399261000.0,368143000.0,0.3,0.02
9505,北陸電力株式会社,153270388367.5537,503860000000.0,799000000.0,3.29,0.0
3065,株式会社ライフフーズ,6127509600.0,200000000.0,0.0,0.03,0.0
4118,株式会社カネカ,268884000000.0,61184000000.0,1951000000.0,0.23,0.03
4838,スペースシャワーＳＫＩＹＡＫＩホールディングス株式会社,8974391035.0,43758000.0,0.0,0.0,0.0
4966,上村工業株式会社,173569410000.0,16971092000.0,88035000.0,0.1,0.01
8217,株式会社オークワ,38623977000.0,2766000000.0,81000000.0,0.07,0.03
3565,アセンテック株式会社,23906641200.0,411390000.0,5930000.0,0.02,0.01
9130,共栄タンカー株式会社,7619400000.0,1779467000.0,64494000.0,0.23,0.04
2327,日鉄ソリューションズ株式会社,715720822000.0,21656000000.0,3396000000.0,0.03,0.16
5019,出光興産株式会社,1238567136000.0,305764000000.0,4922000000.0,0.25,0.02
6469,株式会社　放電精密加工研究所,16376080500.0,279663000.0,4721000.0,0.02,0.02
5026,株式会社トリプルアイズ,8455444200.0,10201000.0,2101000.0,0.0,0.21
8518,日本アジア投資株式会社,5214547728.0,117000000.0,1000000.0,0.02,0.01
8912,株式会社エリアクエスト,2811911200.0,1028119000.0,240378000.0,0.37,0.23
3023,ラサ商事株式会社,16653329000.0,4218000000.0,39000000.0,0.25,0.01
4197,株式会社アスマーク,2721029000.0,28659000.0,0.0,0.01,0.0
4229,群栄化学工業株式会社,25222257324.0,13211000000.0,245000000.0,0.52,0.02
2652,株式会社まんだらけ,11541420000.0,1253000.0,0.0,0.0,0.0
6045,株式会社レントラックス,9132291000.0,599891000.0,9320000.0,0.07,0.02
6546,フルテック株式会社,6135395400.0,518716000.0,13024000.0,0.08,0.03
7949,小松ウオール工業株式会社,46149433200.0,475000000.0,9000000.0,0.01,0.02
7433,伯東株式会社,78206900000.0,8333000000.0,330000000.0,0.11,0.04
5957,日東精工株式会社,24350875353.0,759917000.0,11200000.0,0.03,0.01
9880,イノテック株式会社,19919800000.0,2648107000.0,642679000.0,0.13,0.24
9831,株式会社ヤマダホールディングス,443016638402.52686,15423000000.0,0.0,0.03,0.0
4248,竹本容器株式会社,10186239600.0,7384000.0,0.0,0.0,0.0
7486,サンリン株式会社,8560800000.0,6205000000.0,99000000.0,0.72,0.02
6770,アルプスアルパイン株式会社,328373297500.0,60033000000.0,1329000000.0,0.18,0.02
8230,株式会社はせがわ,5724322000.0,664000000.0,20000000.0,0.12,0.03
9902,株式会社日伝,83912237600.0,15945000000.0,274000000.0,0.19,0.02
3371,株式会社ソフトクリエイトホールディングス,60280008264.0,7349334000.0,106833000.0,0.12,0.01
4650,ＳＤエンターテイメント株式会社,2510163000.0,18090000.0,0.0,0.01,0.0
6203,豊和工業株式会社,12447748928.0,6530000000.0,178000000.0,0.52,0.03
4768,株式会社　大塚商会,1097831556000.0,22815000000.0,397000000.0,0.02,0.02
4523,エーザイ株式会社,1149097060000.0,33294000000.0,3022000000.0,0.03,0.09
7093,アディッシュ株式会社,1051012080.0,0.0,0.0,0.0,0.0
3157,ジオリーブグループ株式会社,15969780320.0,1833000000.0,69000000.0,0.11,0.04
4661,株式会社オリエンタルランド,5572395226000.0,55553000000.0,822000000.0,0.01,0.01
4722,フューチャー株式会社,217157184000.0,13048000000.0,319000000.0,0.06,0.02
3393,スターティアホールディングス株式会社,27085858000.0,151092000.0,5432000.0,0.01,0.04
1942,株式会社関電工,703728422664.0,67429000000.0,1458000000.0,0.1,0.02
5244,株式会社ｊｉｇ．ｊｐ,11195489200.0,0.0,0.0,0.0,0.0
2540,養命酒製造株式会社,53295000000.0,24834328000.0,440015000.0,0.47,0.02
2376,株式会社　サイネックス,5195939980.0,698472000.0,11475000.0,0.13,0.02
8365,株式会社　富山銀行,8361984000.0,0.0,0.0,0.0,0.0
7138,株式会社ＴＯＲＩＣＯ,2501855000.0,0.0,0.0,0.0,0.0
3180,株式会社ビューティガレージ,19829360000.0,196868000.0,8787000.0,0.01,0.04
5248,株式会社テクノロジーズ,13470230400.0,30470000.0,142800000.0,0.0,4.69
4172,東和ハイシステム株式会社,5057560000.0,1388630000.0,8800000.0,0.27,0.01
4691,ワシントンホテル株式会社,15443730000.0,358316000.0,5267000.0,0.02,0.01
4896,株式会社ケイファーマ,8459753400.0,0.0,0.0,0.0,0.0
7992,セーラー万年筆株式会社,3618465588.0,12159000.0,0.0,0.0,0.0
8018,三共生興株式会社,28198000000.0,31166000000.0,804000000.0,1.11,0.03
1332,株式会社ニッスイ,273157787367.25385,30453000000.0,801000000.0,0.11,0.03
3675,株式会社クロス・マーケティンググループ,14318490000.0,371784000.0,5129000.0,0.03,0.01
6166,株式会社中村超硬,3625876100.0,1572000.0,150020000.0,0.0,95.43
9042,阪急阪神ホールディングス株式会社,953081136000.0,456686000000.0,1009000000.0,0.48,0.0
7912,大日本印刷株式会社,1169852640000.0,393125000000.0,5065000000.0,0.34,0.01
3639,株式会社ボルテージ,1745664900.0,245040000.0,3883000.0,0.14,0.02
6186,株式会社一蔵,2178952325.0,100000000.0,2136000.0,0.05,0.02
7244,市光工業株式会社,36810666000.0,3474000000.0,6000000.0,0.09,0.0
3135,株式会社マーケットエンタープライズ,8287739800.0,2642000.0,52000000.0,0.0,19.68
3558,ジェイドグループ株式会社,16806007680.0,0.0,2212000.0,0.0,0.0
9365,トレーディア株式会社,1843380000.0,2177823000.0,105015000.0,1.18,0.05
5482,愛知製鋼株式会社,39364925220.0,26614000000.0,3422000000.0,0.68,0.13
6384,株式会社昭和真空,8708660000.0,173248000.0,4257000.0,0.02,0.02
3002,グンゼ株式会社,63121333400.0,3924000000.0,238000000.0,0.06,0.06
7537,丸文株式会社,30210927000.0,3723000000.0,85000000.0,0.12,0.02
7363,株式会社ベビーカレンダー,1412550000.0,0.0,0.0,0.0,0.0
4657,株式会社環境管理センター,1969201185.0,75682000.0,5751000.0,0.04,0.08
2934,ジェイフロンティア株式会社,8260369968.0,87802000.0,5225000.0,0.01,0.06
5256,株式会社Ｆｕｓｉｃ,2889477500.0,21000000.0,0.0,0.01,0.0
6554,株式会社エスユーエス,9995585600.0,152000000.0,0.0,0.02,0.0
7480,スズデン株式会社,24762894000.0,424477000.0,29437000.0,0.02,0.07
3536,アクサスホールディングス株式会社,4063550000.0,180874000.0,3711000.0,0.04,0.02
7219,株式会社エッチ・ケー・エス,3539200000.0,670230000.0,8810000.0,0.19,0.01
3151,株式会社バイタルケーエスケー・ホールディングス,64202774000.0,45131000000.0,702000000.0,0.7,0.02
9076,セイノーホールディングス株式会社,419651994788.0,71142000000.0,1184000000.0,0.17,0.02
7049,株式会社識学,7626051660.0,91272000.0,0.0,0.01,0.0
5253,カバー株式会社,131906023600.0,0.0,0.0,0.0,0.0
7981,タカラスタンダード株式会社,167930726018.0,14745000000.0,396000000.0,0.09,0.03
9008,京王電鉄株式会社,443371812670.0,85963000000.0,1776000000.0,0.19,0.02
2003,日東富士製粉株式会社,66725416080.0,8394000000.0,183000000.0,0.13,0.02
2418,株式会社ツカダ・グローバルホールディング,28445760000.0,4673000000.0,0.0,0.16,0.0
6963,ローム株式会社,765528960000.0,351511000000.0,2155000000.0,0.46,0.01
6302,住友重機械工業株式会社,375843490000.0,21417000000.0,1212000000.0,0.06,0.06
4929,株式会社アジュバンホールディングス,6330313200.0,201882000.0,5412000.0,0.03,0.03
3388,明治電機工業株式会社,23795488480.0,3980360000.0,113844000.0,0.17,0.03
8769,株式会社アドバンテッジリスクマネジメント,9409955600.0,557579000.0,13206000.0,0.06,0.02
5191,住友理工株式会社,189148356000.0,363000000.0,21788000000.0,0.0,60.02
4571,ＮＡＮＯ　ＭＲＮＡ株式会社,9816938662.0,222120000.0,0.0,0.02,0.0
2924,イフジ産業株式会社,17541967740.0,175000000.0,3000000.0,0.01,0.02
9827,リリカラ株式会社,7913812500.0,318303000.0,17480000.0,0.04,0.05
8894,株式会社ＲＥＶＯＬＵＴＩＯＮ,8747587446.0,786238000.0,6317000.0,0.09,0.01
4114,株式会社日本触媒,259584000000.0,35167000000.0,3399000000.0,0.14,0.1
1724,シンクレイヤ株式会社,3277726140.0,529000000.0,10000000.0,0.16,0.02
2597,株式会社ユニカフェ,12815140800.0,86637000.0,2217000.0,0.01,0.03
5129,株式会社ＦＩＸＥＲ,8097357600.0,0.0,0.0,0.0,0.0
9678,株式会社カナモト,135209580000.0,11450000000.0,236000000.0,0.08,0.02
2692,伊藤忠食品株式会社,125800800000.0,36706000000.0,1053000000.0,0.29,0.03
7111,ＩＮＥＳＴ株式会社,6466192615.0,0.0,0.0,0.0,0.0
5590,株式会社ネットスターズ,15544720800.0,325995000.0,0.0,0.02,0.0
4992,北興化学工業株式会社,42818580000.0,12259000000.0,424000000.0,0.29,0.03
3101,東洋紡株式会社,83081784000.0,12274000000.0,321000000.0,0.15,0.03
2784,アルフレッサホールディングス株式会社,401921300000.0,115315000000.0,1781000000.0,0.29,0.02
6046,株式会社リンクバル,2418000000.0,0.0,0.0,0.0,0.0
3839,株式会社ＯＤＫソリューションズ,4838000000.0,1183723000.0,34132000.0,0.24,0.03
8551,株式会社　北日本銀行,28093635000.0,0.0,0.0,0.0,0.0
2300,株式会社きょくとう,2781166230.0,624703000.0,11651000.0,0.22,0.02
6103,オークマ株式会社,250799650000.0,34033000000.0,975000000.0,0.14,0.03
7239,株式会社タチエス,62061162000.0,6459000000.0,512000000.0,0.1,0.08
4421,株式会社ディ・アイ・システム,2846998000.0,0.0,0.0,0.0,0.0
8424,芙蓉総合リース株式会社,121363254670.0,155675000000.0,2934000000.0,1.28,0.02
4676,株式会社フジ・メディア・ホールディングス,881976487000.0,414896000000.0,4460000000.0,0.47,0.01
5283,株式会社高見澤,5442248000.0,1043000000.0,24000000.0,0.19,0.02
5463,丸一鋼管株式会社,301476000000.0,66631000000.0,1824000000.0,0.22,0.03
3802,株式会社エコミック,2238656400.0,0.0,69766000.0,0.0,0.0
3963,株式会社シンクロ・フード,17124324000.0,14952000.0,0.0,0.0,0.0
4498,サイバートラスト株式会社,20019254400.0,157975000.0,6664000.0,0.01,0.04
3064,株式会社ＭｏｎｏｔａＲＯ,1387990243500.0,1500000000.0,0.0,0.0,0.0
2293,滝沢ハム株式会社,5318060000.0,1728450000.0,33164000.0,0.33,0.02
7678,株式会社あさくま,23424837000.0,0.0,1826000.0,0.0,0.0
2795,日本プリメックス株式会社,4921520472.0,1283670000.0,38159000.0,0.26,0.03
5461,中部鋼鈑株式会社,58688000000.0,12325000000.0,167000000.0,0.21,0.01
9760,株式会社　進学会ホールディングス,3204960000.0,534862000.0,13980000.0,0.17,0.03
3863,日本製紙株式会社,127415361632.0,172984000000.0,1790000000.0,1.36,0.01
6845,アズビル株式会社,788586203184.0,22791000000.0,851000000.0,0.03,0.04
9275,株式会社ナルミヤ・インターナショナル,15062771040.0,9947000.0,0.0,0.0,0.0
3758,株式会社アエリア,6811035264.0,923000000.0,29000000.0,0.14,0.03
7606,株式会社ユナイテッドアローズ,64868762372.0,0.0,0.0,0.0,0.0
3526,芦森工業株式会社,17135080431.0,1447000000.0,36000000.0,0.08,0.02
7451,三菱食品株式会社,274719732000.0,34237000000.0,774000000.0,0.12,0.02
3469,株式会社デュアルタップ,2644528500.0,24473000.0,0.0,0.01,0.0
4934,プレミアアンチエイジング株式会社,7892083270.0,10000000.0,0.0,0.0,0.0
5574,株式会社ＡＢＥＪＡ,37645558500.0,0.0,0.0,0.0,0.0
6619,ダブル・スコープ株式会社,11928729600.0,38334000000.0,0.0,3.21,0.0
8104,クワザワホールディングス株式会社,8781044000.0,1497000000.0,36000000.0,0.17,0.02
6769,ザインエレクトロニクス株式会社,11130770200.0,415890000.0,16000000.0,0.04,0.04
5009,富士興産株式会社,10517829000.0,110000000.0,2000000.0,0.01,0.02
6800,株式会社ヨコオ,34129175418.0,2813000000.0,79000000.0,0.08,0.03
4093,東邦アセチレン株式会社,12292020000.0,2210125000.0,29450000.0,0.18,0.01
3891,ニッポン高度紙工業株式会社,18765137428.0,302683000.0,9586000.0,0.02,0.03
2117,ウェルネオシュガー株式会社,74554400000.0,3887000000.0,3053000000.0,0.05,0.79
4686,株式会社ジャストシステム,240521876000.0,14000000.0,166000000.0,0.0,11.86
2395,株式会社新日本科学,56911490800.0,19762231000.0,1630000.0,0.35,0.0
3132,マクニカホールディングス株式会社,349190400000.0,7958000000.0,295000000.0,0.02,0.04
5695,パウダーテック株式会社,6147900000.0,0.0,0.0,0.0,0.0
9258,株式会社ＣＳ－Ｃ,2646118800.0,0.0,0.0,0.0,0.0
5142,アキレス株式会社,15902483688.0,6162000000.0,51000000.0,0.39,0.01
9069,センコーグループホールディングス株式会社,355776300000.0,27045000000.0,322000000.0,0.08,0.01
7203,トヨタ自動車株式会社,39811264733500.0,7626969000000.0,1769423000000.0,0.19,0.23
9832,株式会社オートバックスセブン,119136752460.0,9145000000.0,134000000.0,0.08,0.01
2138,クルーズ株式会社,7826390400.0,3656678000.0,0.0,0.47,0.0
5010,日本精蝋株式会社,4233600000.0,313000000.0,27000000.0,0.07,0.09
9145,株式会社ビーイングホールディングス,20786250000.0,67000000.0,4000000.0,0.0,0.06
7389,株式会社あいちフィナンシャルグループ,131554072000.0,0.0,0.0,0.0,0.0
3501,ＳＵＭＩＮＯＥ株式会社,8311924000.0,6396000000.0,117000000.0,0.77,0.02
7918,株式会社ヴィア・ホールディングス,5520988000.0,371000000.0,8000000.0,0.07,0.02
9331,株式会社キャスター,1682074680.0,0.0,0.0,0.0,0.0
3465,ケイアイスター不動産株式会社,75828964000.0,2704000000.0,118000000.0,0.04,0.04
6298,ワイエイシイホールディングス株式会社,15691668000.0,2313000000.0,5000000.0,0.15,0.0
6870,日本フェンオール株式会社,9900240000.0,2883727000.0,65455000.0,0.29,0.02
6834,株式会社　精工技研,53388500880.0,503746000.0,1936000.0,0.01,0.0
4479,株式会社マクアケ,11670383900.0,51346000.0,0.0,0.0,0.0
2763,株式会社エフティグループ,37078251496.0,8619000000.0,137000000.0,0.23,0.02
7043,アルー株式会社,1969442400.0,11884000.0,0.0,0.01,0.0
9982,タキヒヨー株式会社,16179800000.0,3941000000.0,111000000.0,0.24,0.03
9776,札幌臨床検査センター株式会社,4363560000.0,234985000.0,6322000.0,0.05,0.03
6336,株式会社石井表記,5412811224.0,124000000.0,7000000.0,0.02,0.06
5458,高砂鐵工株式会社,2797440000.0,22000000.0,23000000.0,0.01,1.05
6875,株式会社メガチップス,110077292000.0,101636005000.0,54510000.0,0.92,0.0
4883,株式会社モダリス,6246359820.0,0.0,0.0,0.0,0.0
6986,双葉電子工業株式会社,25074202749.0,13343000000.0,335000000.0,0.53,0.03
2907,株式会社あじかん,9648100000.0,961655000.0,28003000.0,0.1,0.03
7183,あんしん保証株式会社,2984115600.0,0.0,0.0,0.0,0.0
4480,株式会社メドレー,105418292000.0,392000000.0,0.0,0.0,0.0
5368,日本インシュレーション株式会社,8698492800.0,662158000.0,22467000.0,0.08,0.03
7177,ＧＭＯフィナンシャルホールディングス株式会社,98894441430.0,12390000000.0,20000000.0,0.13,0.0
9799,旭情報サービス株式会社,17239747000.0,2285406000.0,8768000.0,0.13,0.0
9162,株式会社ブリーチ,8764844800.0,66267000.0,0.0,0.01,0.0
7867,株式会社タカラトミー,301164763050.0,3890000000.0,322000000.0,0.01,0.08
6952,カシオ計算機株式会社,277182585724.0,4866000000.0,213000000.0,0.02,0.04
9908,日本電計株式会社,24581440000.0,1649038000.0,45229000.0,0.07,0.03
2157,株式会社コシダカホールディングス,105508600000.0,793586000.0,30627000.0,0.01,0.04
7925,前澤化成工業株式会社,28459188000.0,9629000000.0,177000000.0,0.34,0.02
9885,株式会社　シャルレ,5951820000.0,2325000000.0,15000000.0,0.39,0.01
9661,株式会社歌舞伎座,55860300000.0,5843345000.0,19400000.0,0.1,0.0
8929,株式会社青山財産ネットワークス,45537674626.0,2845000000.0,15000000.0,0.06,0.01
6539,株式会社ＭＳ－Ｊａｐａｎ,23646783600.0,1457114000.0,8414000.0,0.06,0.01
5471,大同特殊鋼株式会社,216744186808.4024,39714000000.0,7405000000.0,0.18,0.19
9423,株式会社フォーバル・リアルストレート,3350336400.0,0.0,0.0,0.0,0.0
8747,豊トラスティ証券株式会社,13969031040.0,2012878000.0,54419000.0,0.14,0.03
4750,株式会社ダイサン,4281316000.0,2173000.0,0.0,0.0,0.0
2818,株式会社ピエトロ,12274155740.0,15522000.0,1119000.0,0.0,0.07
5246,株式会社ＥＬＥＭＥＮＴＳ,26069930096.0,176699000.0,0.0,0.01,0.0
8563,株式会社大東銀行,9132019000.0,0.0,0.0,0.0,0.0
7939,株式会社研創,2151770000.0,28079000.0,1139000.0,0.01,0.04
4053,株式会社Ｓｕｎ　Ａｓｔｅｒｉｓｋ,18784279740.0,675000000.0,0.0,0.04,0.0
7515,株式会社マルヨシセンター,3782070955.0,289613000.0,8578000.0,0.08,0.03
7682,株式会社浜木綿,8945531750.0,18070000.0,0.0,0.0,0.0
4205,日本ゼオン株式会社,335899185500.0,71191000000.0,2759000000.0,0.21,0.04
9376,株式会社ユーラシア旅行社,1848690000.0,206339000.0,3706000.0,0.11,0.02
2694,株式会社焼肉坂井ホールディングス,17030486000.0,80554000.0,17069000.0,0.0,0.21
7181,株式会社かんぽ生命保険,1321629208000.0,0.0,0.0,0.0,0.0
6171,株式会社土木管理総合試験所,5453152085.0,353829000.0,12148000.0,0.06,0.03
7782,株式会社シンシア,4288875000.0,0.0,55000000.0,0.0,0.0
6031,ＺＥＴＡ株式会社,10462051600.0,14317000.0,0.0,0.0,0.0
8219,青山商事株式会社,111370740000.0,4729000000.0,168000000.0,0.04,0.04
4761,株式会社さくらケーシーエス,17012800000.0,6344000000.0,66000000.0,0.37,0.01
9363,株式会社大運,2609548341.0,1668889000.0,59639000.0,0.64,0.04
7059,株式会社コプロ・ホールディングス,44340000000.0,0.0,0.0,0.0,0.0
2462,ライク株式会社,28630255200.0,460061000.0,15286000.0,0.02,0.03
8020,兼松株式会社,237783000000.0,27214000000.0,12988000000.0,0.11,0.48
7217,株式会社テイン,3855000000.0,0.0,18493000.0,0.0,0.0
8383,株式会社　鳥取銀行,12437367000.0,0.0,0.0,0.0,0.0
3778,さくらインターネット株式会社,154576683000.0,682270000.0,4320000.0,0.0,0.01
5449,大阪製鐵株式会社,121425288000.0,553000000.0,70000000.0,0.0,0.13
3858,株式会社ユビキタスＡＩ,3953502000.0,265341000.0,2965000.0,0.07,0.01
2432,株式会社ディー・エヌ・エー,295653291672.5,93552000000.0,1460000000.0,0.32,0.02
8097,三愛オブリ株式会社,128040000000.0,15516000000.0,534000000.0,0.12,0.03
5851,リョービ株式会社,73257624000.0,19206000000.0,571000000.0,0.26,0.03
1888,若築建設株式会社,59439940000.0,6705000000.0,95000000.0,0.11,0.01
4627,ナトコ株式会社,11508037200.0,523074000.0,19736000.0,0.05,0.04
6763,帝国通信工業株式会社,22244992000.0,2707875000.0,123341000.0,0.12,0.05
8928,穴吹興産株式会社,23208420000.0,3501261000.0,77484000.0,0.15,0.02
7013,株式会社ＩＨＩ,2424593325000.0,18604000000.0,41800000000.0,0.01,2.25
2437,Ｓｈｉｎｗａ　Ｗｉｓｅ　Ｈｏｌｄｉｎｇｓ株式会社,3059793630.0,52847000.0,0.0,0.02,0.0
6140,旭ダイヤモンド工業株式会社,37619235000.0,10778000000.0,142000000.0,0.29,0.01
4206,アイカ工業株式会社,246635910000.0,20750000000.0,537000000.0,0.08,0.03
3877,中越パルプ工業株式会社,22367950000.0,11651000000.0,214000000.0,0.52,0.02
8923,トーセイ株式会社,133831766200.0,8610046000.0,5752489000.0,0.06,0.67
4633,サカタインクス株式会社,111269288000.0,32833000000.0,158000000.0,0.3,0.0
4597,ソレイジア・ファーマ株式会社,8738356400.0,0.0,0.0,0.0,0.0
7670,オーウエル株式会社,10374000000.0,10419000000.0,262000000.0,1.0,0.03
6757,株式会社ＯＳＧコーポレーション,4438500000.0,1144000.0,50334000.0,0.0,44.0
4369,株式会社　トリケミカル研究所,110820362400.0,3923209000.0,391636000.0,0.04,0.1
4372,ユミルリンク株式会社,5870040800.0,0.0,0.0,0.0,0.0
8157,都築電気株式会社,59018470000.0,4538000000.0,103000000.0,0.08,0.02
9037,株式会社ハマキョウレックス,107683968000.0,3331000000.0,147000000.0,0.03,0.04
5233,太平洋セメント株式会社,429746112000.0,135374000000.0,2216000000.0,0.32,0.02
7937,株式会社ツツミ,34979940000.0,52000000.0,9000000.0,0.0,0.17
4819,株式会社デジタルガレージ,200133780000.0,3257000000.0,8375000000.0,0.02,2.57
3561,株式会社力の源ホールディングス,41734116000.0,149527000.0,2138000.0,0.0,0.01
5958,三洋工業株式会社,14484800000.0,1027000000.0,34000000.0,0.07,0.03
9900,株式会社サガミホールディングス,51875312000.0,757896000.0,31375000.0,0.01,0.04
6306,日工株式会社,29200000000.0,5565000000.0,182000000.0,0.19,0.03
6395,株式会社タダノ,134680000000.0,11435000000.0,195000000.0,0.08,0.02
3569,セーレン株式会社,154345146648.0,10364000000.0,270000000.0,0.07,0.03
8079,正栄食品工業株式会社,71221500000.0,4489232000.0,100279000.0,0.06,0.02
9602,東宝株式会社,1715340842334.0,153764000000.0,2498000000.0,0.09,0.02
6616,トレックス・セミコンダクター株式会社,17007782400.0,1232434000.0,682216000.0,0.07,0.55
5599,Ｓ＆Ｊ株式会社,6550060800.0,0.0,0.0,0.0,0.0
9561,株式会社グラッドキューブ,6437265720.0,84085000.0,0.0,0.01,0.0
1808,株式会社　長谷工コーポレーション,675283421265.0,102774000000.0,2805000000.0,0.15,0.03
2815,アリアケジャパン株式会社,224406720000.0,32989117000.0,572842000.0,0.15,0.02
9532,大阪瓦斯株式会社,1504887020000.0,569252000000.0,6716000000.0,0.38,0.01
7512,イオン北海道株式会社,124780900000.0,40000000.0,1000000.0,0.0,0.03
5252,日本ナレッジ株式会社,1788800000.0,36357000.0,0.0,0.02,0.0
3277,株式会社サンセイランディック,10233200800.0,100030000.0,0.0,0.01,0.0
3652,株式会社ディジタルメディアプロフェッショナル,6465572400.0,536318000.0,0.0,0.08,0.0
2196,株式会社エスクリ,3432838500.0,0.0,2074000.0,0.0,0.0
5269,日本コンクリート工業株式会社,16697553000.0,15248883000.0,254322000.0,0.91,0.02
3441,株式会社山王,4980000000.0,358207000.0,6739000.0,0.07,0.02
3537,昭栄薬品株式会社,5898365040.0,5575689000.0,141702000.0,0.95,0.03
7082,株式会社ジモティー,5628065000.0,2369000.0,0.0,0.0,0.0
4179,株式会社ジーネクスト,1922544264.0,0.0,0.0,0.0,0.0
1662,石油資源開発株式会社,266766000000.0,180280000000.0,4610000000.0,0.68,0.03
7482,株式会社シモジマ,29228712936.0,515000000.0,10000000.0,0.02,0.02
4063,信越化学工業株式会社,9254046690000.0,134632000000.0,686565000000.0,0.01,5.1
7279,株式会社ハイレックスコーポレーション,91032319938.0,45612000000.0,1040000000.0,0.5,0.02
5757,株式会社ＣＫサンエツ,33472925000.0,1759000000.0,54000000.0,0.05,0.03
7818,株式会社トランザクション,79783586400.0,4150574000.0,0.0,0.05,0.0
6925,ウシオ電機株式会社,164326250000.0,37473000000.0,950000000.0,0.23,0.03
2737,株式会社トーメンデバイス,41220120000.0,231000000.0,10000000.0,0.01,0.04
8209,株式会社フレンドリー,1256507560.0,9000000.0,0.0,0.01,0.0
7011,三菱重工業株式会社,10920495339000.0,232145000000.0,58115000000.0,0.02,0.25
9306,東陽倉庫株式会社,12653176000.0,8708425000.0,167967000.0,0.69,0.02
7073,株式会社ジェイック,2321178000.0,44801000.0,4357000.0,0.02,0.1
9959,アシードホールディングス株式会社,9149610000.0,1650000000.0,65000000.0,0.18,0.04
5110,住友ゴム工業株式会社,443490498000.0,16252000000.0,28338000000.0,0.04,1.74
8898,株式会社センチュリー２１・ジャパン,12570750000.0,715500000.0,29750000.0,0.06,0.04
4113,田岡化学工業株式会社,18555400000.0,88000000.0,15000000.0,0.0,0.17
7922,三光産業株式会社,3198792800.0,1262473000.0,23551000.0,0.39,0.02
4628,エスケー化研株式会社,136198370000.0,11369000000.0,1518000000.0,0.08,0.13
4443,Ｓａｎｓａｎ株式会社,251670832000.0,3799000000.0,0.0,0.02,0.0
8798,株式会社アドバンスクリエイト,5688475200.0,30390000.0,2017000.0,0.01,0.07
7815,東京ボード工業株式会社,2269428780.0,112001000.0,5063000.0,0.05,0.05
8917,ファースト住建株式会社,17121624700.0,200491000.0,6243000.0,0.01,0.03
4238,ミライアル株式会社,11233200000.0,330668000.0,9865000.0,0.03,0.03
9739,ＮＳＷ株式会社,38114200000.0,1001000000.0,0.0,0.03,0.0
5332,ＴＯＴＯ株式会社,663147807000.0,67536000000.0,2272000000.0,0.1,0.03
9956,株式会社バローホールディングス,142526997360.0,11930000000.0,307000000.0,0.08,0.03
5254,株式会社Ａｒｅｎｔ,29847877800.0,0.0,0.0,0.0,0.0
6849,日本光電工業株式会社,286788687900.0,4117000000.0,144000000.0,0.01,0.03
5572,株式会社Ｒｉｄｇｅ－ｉ,9525481720.0,0.0,0.0,0.0,0.0
6265,コンバム株式会社,3943660000.0,579744000.0,14499000.0,0.15,0.03
8267,イオン株式会社,4009978476000.0,326209000000.0,5936000000.0,0.08,0.02
3553,共和レザー株式会社,19306000000.0,5595000000.0,78000000.0,0.29,0.01
6817,スミダコーポレーション株式会社,31937656405.0,0.0,0.0,0.0,0.0
9029,株式会社ヒガシホールディングス,23344640000.0,1307229000.0,27494000.0,0.06,0.02
9319,株式会社中央倉庫,26327384000.0,12008628000.0,282244000.0,0.46,0.02
2778,パレモ・ホールディングス株式会社,1795656216.0,4800000.0,0.0,0.0,0.0
3970,株式会社イノベーション,2741338500.0,104358000.0,303250000.0,0.04,2.91
2736,フェスタリアホールディングス株式会社,841464000.0,90535000.0,0.0,0.11,0.0
6326,株式会社　クボタ,1846037184000.0,78584000000.0,112878000000.0,0.04,1.44
2802,味の素株式会社,1974066640208.0,23960000000.0,146706000000.0,0.01,6.12
4951,エステー株式会社,36409000000.0,5948000000.0,129000000.0,0.16,0.02
7250,太平洋工業株式会社,84673109376.0,38290000000.0,736000000.0,0.45,0.02
9206,株式会社スターフライヤー,7865440000.0,37000000.0,25000000.0,0.0,0.68
7510,株式会社たけびし,29755525800.0,5666000000.0,147000000.0,0.19,0.03
1950,日本電設工業株式会社,170519027000.0,41318000000.0,987000000.0,0.24,0.02
2120,株式会社ＬＩＦＵＬＬ,25371171.0,227000000.0,337000000.0,8.95,1.48
5208,株式会社有沢製作所,50198400000.0,1969043000.0,25702000.0,0.04,0.01
5715,古河機械金属株式会社,85062630000.0,19903000000.0,930000000.0,0.23,0.05
7477,ムラキ株式会社,2005080000.0,222936000.0,5523000.0,0.11,0.02
4318,株式会社クイック,42545975732.0,1762665000.0,8062000.0,0.04,0.0
2156,セーラー広告株式会社,2206314000.0,235208000.0,4682000.0,0.11,0.02
4397,株式会社チームスピリット,8850960800.0,0.0,0.0,0.0,0.0
3104,富士紡ホールディングス株式会社,65058420000.0,2923000000.0,83000000.0,0.04,0.03
8154,加賀電子株式会社,163200242948.0,12556000000.0,249000000.0,0.08,0.02
5287,株式会社イトーヨーギョー,2722384000.0,139045000.0,4356000.0,0.05,0.03
1928,積水ハウス株式会社,2074517193714.0,205632000000.0,2163000000.0,0.1,0.01
6258,平田機工株式会社,21802594430.0,2738741000.0,57755000.0,0.13,0.02
3082,株式会社きちりホールディングス,10146841600.0,117412000.0,0.0,0.01,0.0
5929,三和ホールディングス株式会社,1054642000000.0,33426000000.0,523000000.0,0.03,0.02
8803,平和不動産株式会社,86269191120.0,37027000000.0,529000000.0,0.43,0.01
3967,株式会社エルテス,4346750080.0,417970000.0,1048000.0,0.1,0.0
3092,株式会社ＺＯＺＯ,459124548568.0,931000000.0,0.0,0.0,0.0
9401,株式会社ＴＢＳホールディングス,818185131000.0,756458000000.0,13059000000.0,0.92,0.02
6814,古野電気株式会社,132362399100.0,4548000000.0,193000000.0,0.03,0.04
6497,株式会社ハマイ,8322460940.0,3639251000.0,66630000.0,0.44,0.02
7872,エステールホールディングス株式会社,6566007000.0,226000000.0,2000000.0,0.03,0.01
5202,日本板硝子株式会社,44213337000.0,1643000000.0,13150000000.0,0.04,8.0
7932,株式会社ニッピ,30450060000.0,4789000000.0,134000000.0,0.16,0.03
8252,株式会社　丸井グループ,637248913518.0,46523000000.0,434000000.0,0.07,0.01
4777,株式会社ガーラ,6754000900.0,0.0,0.0,0.0,0.0
6264,株式会社マルマエ,20232150000.0,7000000.0,0.0,0.0,0.0
4259,株式会社エクサウィザーズ,37925456400.0,40000000.0,2000000.0,0.0,0.05
6562,株式会社ジーニー,27824912400.0,62328000.0,0.0,0.0,0.0
6292,株式会社カワタ,5277720000.0,479421000.0,17645000.0,0.09,0.04
1827,株式会社ナカノフドー建設,24838629840.0,4402000000.0,92000000.0,0.18,0.02
3153,八洲電機株式会社,38053154000.0,3353000000.0,38000000.0,0.09,0.01
4665,株式会社ダスキン,188880000000.0,69509000000.0,529000000.0,0.37,0.01
3148,株式会社クリエイトＳＤホールディングス,237542760810.0,182000000.0,1000000.0,0.0,0.01
6155,高松機械工業株式会社,5366740000.0,1116000000.0,9000000.0,0.21,0.01
3946,株式会社トーモク,58313115000.0,11012000000.0,263000000.0,0.19,0.02
4967,小林製薬株式会社,406172200000.0,24617000000.0,608000000.0,0.06,0.02
6092,株式会社エンバイオ・ホールディングス,5150376000.0,836741000.0,60260000.0,0.16,0.07
3632,グリーホールディングス株式会社,87358354200.0,9230000000.0,15000000.0,0.11,0.0
4107,伊勢化学工業株式会社,129508104700.0,0.0,0.0,0.0,0.0
3169,株式会社ミサワ,4480812000.0,0.0,0.0,0.0,0.0
5801,古河電気工業株式会社,539541911295.0,98794000000.0,2171000000.0,0.18,0.02
3513,イチカワ株式会社,8891200290.0,5682000000.0,143000000.0,0.64,0.03
3417,大木ヘルスケアホールディングス株式会社,15577814700.0,11670000000.0,195000000.0,0.75,0.02
8061,西華産業株式会社,60306400000.0,16922000000.0,287000000.0,0.28,0.02
4563,アンジェス株式会社,17469030550.0,441804000.0,160770000.0,0.03,0.36
4725,株式会社ＣＡＣ　Ｈｏｌｄｉｎｇｓ,41021175800.0,21820000000.0,98000000.0,0.53,0.0
3446,株式会社ジェイテックコーポレーション,6415080000.0,30833000.0,69001000.0,0.0,2.24
2292,エスフーズ株式会社,81893646000.0,14433000000.0,603000000.0,0.18,0.04
2464,株式会社ＡｏｂａーＢＢＴ,4963906800.0,13487000.0,80357000.0,0.0,5.96
6993,大黒屋ホールディングス株式会社,10451314828.0,66199000.0,1685000.0,0.01,0.03
8766,東京海上ホールディングス株式会社,11522772000000.0,0.0,0.0,0.0,0.0
6493,株式会社ＮＩＴＴＡＮ,10982987940.0,7664081000.0,286241000.0,0.7,0.04
6333,株式会社帝国電機製作所,55535325020.0,1147726000.0,28383000.0,0.02,0.02
4750,株式会社ダイサン,4281316000.0,3203000.0,0.0,0.0,0.0
2433,株式会社博報堂ＤＹホールディングス,452862844350.0,126834000000.0,2213000000.0,0.28,0.02
8066,三谷商事株式会社,207025000000.0,13627000000.0,267000000.0,0.07,0.02
5108,株式会社ブリヂストン,4310735920000.0,50646000000.0,109211000000.0,0.01,2.16
6357,三精テクノロジーズ株式会社,30892627086.0,8058452000.0,237469000.0,0.26,0.03
7090,株式会社リグア,1596460800.0,0.0,0.0,0.0,0.0
4486,ユナイトアンドグロウ株式会社,2483750000.0,10000000.0,16254000.0,0.0,1.63
3198,ＳＦＰホールディングス株式会社,50555134824.0,0.0,0.0,0.0,0.0
7445,株式会社ライトオン,9245028000.0,0.0,5000000.0,0.0,0.0
4057,株式会社インターファクトリー,2004458400.0,0.0,0.0,0.0,0.0
1801,大成建設株式会社,1573583160952.0,428326000000.0,6095000000.0,0.27,0.01
7745,株式会社Ａ＆Ｄホロンホールディングス,55133100000.0,315000000.0,29000000.0,0.01,0.09
3241,株式会社ウィル,5312080000.0,0.0,0.0,0.0,0.0
9241,株式会社フューチャーリンクネットワーク,1322247150.0,53018000.0,0.0,0.04,0.0
7875,竹田ｉＰホールディングス株式会社,8763438000.0,2872000000.0,82000000.0,0.33,0.03
7065,ユーピーアール株式会社,6028420000.0,120062000.0,8241000.0,0.02,0.07
2379,ディップ株式会社,143854880000.0,5110230000.0,0.0,0.04,0.0
8746,ＵＮＢＡＮＫＥＤ株式会社,3488004000.0,397344000.0,26022000.0,0.11,0.07
2750,石光商事株式会社,9080000000.0,1241387000.0,15397000.0,0.14,0.01
4680,株式会社ラウンドワン,441658351302.0,0.0,118000000.0,0.0,0.0
4463,日華化学株式会社,22721930000.0,1966000000.0,43000000.0,0.09,0.02
6526,株式会社ソシオネクスト,490465351042.5,0.0,1455000000.0,0.0,0.0
3191,株式会社ジョイフル本田,133704112724.0,2740000000.0,71000000.0,0.02,0.03
3086,Ｊ．フロント　リテイリング株式会社,544919448696.0,2060000000.0,20000000.0,0.0,0.01
6262,株式会社ＰＥＧＡＳＵＳ,13928844600.0,513463000.0,2369000.0,0.04,0.0
7902,株式会社ソノコム,4420000000.0,2162939000.0,3475000.0,0.49,0.0
7976,三菱鉛筆株式会社,124526887680.0,26130000000.0,535000000.0,0.21,0.02
8025,株式会社ツカモトコーポレーション,5400554269.0,8066425000.0,243634000.0,1.49,0.03
3543,株式会社コメダホールディングス,139033837500.0,158000000.0,0.0,0.0,0.0
3763,株式会社プロシップ,46745698100.0,584581000.0,62127000.0,0.01,0.11
2359,株式会社コア,28630739400.0,1921175000.0,54861000.0,0.07,0.03
5139,オープンワーク株式会社,21727784800.0,0.0,0.0,0.0,0.0
1712,株式会社ダイセキ環境ソリューション,19502632080.0,728000000.0,16000000.0,0.04,0.02
1768,株式会社ソネック,6697500000.0,762206000.0,21737000.0,0.11,0.03
4588,オンコリスバイオファーマ株式会社,15551076800.0,0.0,0.0,0.0,0.0
7031,株式会社インバウンドテック,2083541900.0,0.0,0.0,0.0,0.0
3624,アクセルマーク株式会社,1213678200.0,37540000.0,0.0,0.03,0.0
1853,株式会社　森組,9905600000.0,623000000.0,8000000.0,0.06,0.01
8388,株式会社阿波銀行,123600000000.0,0.0,0.0,0.0,0.0
9720,株式会社ホテル、ニューグランド,7605640000.0,79675000.0,2375000.0,0.01,0.03
3653,株式会社モルフォ,6648759500.0,316231000.0,0.0,0.05,0.0
7368,表示灯株式会社,7675118370.0,84066000.0,1537000.0,0.01,0.02
6200,株式会社インソース,82429981000.0,169326000.0,0.0,0.0,0.0
4413,株式会社ボードルア,44671710244.0,2643000.0,0.0,0.0,0.0
7343,ブロードマインド株式会社,6410742624.0,0.0,0.0,0.0,0.0
3954,昭和パックス株式会社,9233750000.0,5806011000.0,192835000.0,0.63,0.03
5257,ノバシステム株式会社,4235550000.0,362099000.0,7024000.0,0.09,0.02
8410,株式会社セブン銀行,314049706004.1504,0.0,0.0,0.0,0.0
7353,ＫＩＹＯラーニング株式会社,4798942200.0,27758000.0,0.0,0.01,0.0
6387,サムコ　株式会社,23847142165.0,369068000.0,5461000.0,0.02,0.01
6973,協栄産業株式会社,12486760950.0,4534062000.0,101454000.0,0.36,0.02
3186,株式会社ネクステージ,153215380800.0,67000000.0,47000000.0,0.0,0.7
2212,山崎製パン株式会社,697635817620.0,76726000000.0,1791000000.0,0.11,0.02
1850,南海辰村建設株式会社,9169530000.0,866000000.0,9000000.0,0.09,0.01
2053,中部飼料株式会社,50446231000.0,6943000000.0,229000000.0,0.14,0.03
9632,スバル興業株式会社,39078160000.0,262455000.0,5468000.0,0.01,0.02
6199,株式会社セラク,20888283000.0,3496000.0,1806000.0,0.0,0.52
9843,株式会社ニトリホールディングス,1514087452080.0,22986000000.0,526000000.0,0.02,0.02
8914,エリアリンク株式会社,61935147400.0,36591000.0,1514000.0,0.0,0.04
7442,中山福株式会社,8206884000.0,3582469000.0,78808000.0,0.44,0.02
3271,株式会社　ＴＨＥグローバル社,33004796000.0,660714000.0,2013282000.0,0.02,3.05
1961,三機工業株式会社,231216689880.0,31383000000.0,857000000.0,0.14,0.03
2894,石井食品株式会社,5738304000.0,777918000.0,20493000.0,0.14,0.03
4382,ＨＥＲＯＺ株式会社,15376145344.0,359591000.0,0.0,0.02,0.0
7042,株式会社アクセスグループ・ホールディングス,923795000.0,20869000.0,0.0,0.02,0.0
7780,株式会社メニコン,88372708864.0,822000000.0,18000000.0,0.01,0.02
5985,サンコール株式会社,10489556000.0,5898000000.0,126000000.0,0.56,0.02
9759,株式会社ＮＳＤ,308654000000.0,1785000000.0,41000000.0,0.01,0.02
9218,株式会社メンタルヘルステクノロジーズ,6745032900.0,10026000.0,0.0,0.0,0.0
9823,株式会社マミーマート,61217816310.0,346000000.0,12000000.0,0.01,0.03
6932,株式会社遠藤照明,34487184000.0,93000000.0,415000000.0,0.0,4.46
4771,株式会社エフアンドエム,41643160000.0,910444000.0,1164000.0,0.02,0.0
4975,株式会社ＪＣＵ,89800665000.0,1402110000.0,40695000.0,0.02,0.03
6373,大同工業株式会社,12606296000.0,16715000000.0,546000000.0,1.33,0.03
9684,株式会社スクウェア・エニックス・ホールディングス,1242464340000.0,5553000000.0,1335000000.0,0.0,0.24
7245,大同メタル工業株式会社,31648488498.0,8034000000.0,201000000.0,0.25,0.03
6730,株式会社アクセル,10707449495.0,2179000000.0,54000000.0,0.2,0.02
7278,株式会社エクセディ,207492110000.0,3427000000.0,7796000000.0,0.02,2.27
3426,アトムリビンテック株式会社,6145185000.0,2542839000.0,6540000.0,0.41,0.0
7131,のむら産業株式会社,2976578925.0,140350000.0,19776000.0,0.05,0.14
7722,国際計測器株式会社,7710600000.0,712386000.0,194156000.0,0.09,0.27
9713,株式会社ロイヤルホテル,13497246000.0,197000000.0,25000000.0,0.01,0.13
4599,株式会社ステムリム,18887622400.0,0.0,0.0,0.0,0.0
6325,株式会社タカキタ,5446000000.0,829267000.0,30048000.0,0.15,0.04
4559,ゼリア新薬工業株式会社,110700391960.0,8865571000.0,340650000.0,0.08,0.04
7413,株式会社創健社,1775038000.0,125828000.0,2675000.0,0.07,0.02
3679,株式会社じげん,51717100000.0,181000000.0,1005000000.0,0.0,5.55
4492,株式会社ゼネテック,5282524000.0,0.0,180000000.0,0.0,0.0
4890,株式会社坪田ラボ,9819851900.0,0.0,0.0,0.0,0.0
3964,株式会社オークネット,40636411200.0,2491497000.0,60316000.0,0.06,0.02
9364,株式会社上組,444528496000.0,96863000000.0,1683000000.0,0.22,0.02
4507,塩野義製薬株式会社,2237869786522.5,60461000000.0,2913000000.0,0.03,0.05
7524,マルシェ株式会社,1727180800.0,32523000.0,0.0,0.02,0.0
4893,ノイルイミューン・バイオテック株式会社,7534507110.0,0.0,0.0,0.0,0.0
9948,株式会社アークス,179000145000.0,10461000000.0,245000000.0,0.06,0.02
3937,株式会社Ｕｂｉｃｏｍホールディングス,12115170880.0,352449000.0,340000000.0,0.03,0.96
3167,株式会社ＴＯＫＡＩホールディングス,146942308000.0,16274000000.0,358000000.0,0.11,0.02
7806,株式会社ＭＴＧ,182872087680.0,3212000000.0,22000000.0,0.02,0.01
7175,今村証券株式会社,5889240000.0,2102043000.0,0.0,0.36,0.0
4914,高砂香料工業株式会社,147314022070.0,23204000000.0,559000000.0,0.16,0.02
9104,株式会社　商船三井,1730026016736.0,1779474000000.0,5677000000.0,1.03,0.0
4494,バリオセキュア株式会社,3446496282.0,0.0,0.0,0.0,0.0
3190,株式会社ホットマン,4321647000.0,345563000.0,8502000.0,0.08,0.02
6675,サクサ株式会社,25698018630.0,2933000000.0,123000000.0,0.11,0.04
1377,株式会社　サカタのタネ,158826012500.0,19720000000.0,421000000.0,0.12,0.02
3993,株式会社ＰＫＳＨＡ　Ｔｅｃｈｎｏｌｏｇｙ,109421900000.0,2435733000.0,34669000.0,0.02,0.01
7952,株式会社河合楽器製作所,23347501000.0,7232000000.0,97000000.0,0.31,0.01
4811,株式会社ドリーム・アーツ,15468299000.0,0.0,0.0,0.0,0.0
9250,株式会社ＧＲＣＳ,1798309390.0,0.0,49977000.0,0.0,0.0
6904,原田工業株式会社,9464730000.0,244473000.0,1101993000.0,0.03,4.51
8076,株式会社カノークス,19552383000.0,12038450000.0,316800000.0,0.62,0.03
7337,株式会社ひろぎんホールディングス,384116100000.0,0.0,0.0,0.0,0.0
8273,株式会社イズミ,217217221200.0,10540000000.0,214000000.0,0.05,0.02
1870,矢作建設工業株式会社,85467012000.0,5662000000.0,135000000.0,0.07,0.02
2139,株式会社中広,3240240000.0,171201000.0,1645000.0,0.05,0.01
6866,日置電機株式会社,75871814650.0,741604000.0,33345000.0,0.01,0.04
2910,株式会社ロック・フィールド,40583820000.0,486000000.0,12000000.0,0.01,0.02
4684,株式会社オービック,2791290000000.0,221988000000.0,3961000000.0,0.08,0.02
7127,株式会社一家ホールディングス,4758911600.0,188799000.0,0.0,0.04,0.0
9048,名古屋鉄道株式会社,321605631420.0,147074000000.0,1938000000.0,0.46,0.01
3079,ディーブイエックス株式会社,9885260000.0,95230000.0,0.0,0.01,0.0
7809,株式会社壽屋,13215955500.0,0.0,0.0,0.0,0.0
6135,株式会社　牧野フライス製作所,285034479450.0,25226000000.0,563000000.0,0.09,0.02
4979,ＯＡＴアグリオ株式会社,26085632000.0,484000000.0,7000000.0,0.02,0.01
2393,株式会社日本ケアサプライ,34099155300.0,459756000.0,0.0,0.01,0.0
1866,北野建設株式会社,25312320000.0,10954000000.0,223000000.0,0.43,0.02
2743,ピクセルカンパニーズ株式会社,10187606000.0,0.0,24205000.0,0.0,0.0
2158,株式会社ＦＲＯＮＴＥＯ,21881936000.0,966614000.0,35839000.0,0.04,0.04
9476,株式会社中央経済社ホールディングス,2586296832.0,319348000.0,11281000.0,0.12,0.04
2311,株式会社エプコ,6772732000.0,291390000.0,0.0,0.04,0.0
6701,日本電気株式会社,1105315350000.0,103414000000.0,17442000000.0,0.09,0.17
9386,日本コンセプト株式会社,42298925000.0,4519000.0,230846000.0,0.0,51.08
4045,東亞合成株式会社,162663500000.0,34023000000.0,1299000000.0,0.21,0.04
5702,株式会社大紀アルミニウム工業所,43891010410.0,5519000000.0,214000000.0,0.13,0.04
7318,セレンディップ・ホールディングス株式会社,15679504500.0,2421890000.0,78794000.0,0.15,0.03
5261,リソルホールディングス株式会社,28933840000.0,0.0,0.0,0.0,0.0
2749,株式会社ＪＰホールディングス,47087278400.0,546995000.0,0.0,0.01,0.0
3850,株式会社エヌ・ティ・ティ・データ・イントラマート,18011425000.0,335094000.0,2143000.0,0.02,0.01
1807,株式会社佐藤渡辺,10609724000.0,3895195000.0,72501000.0,0.37,0.02
2288,丸大食品株式会社,47869079286.0,16222000000.0,420000000.0,0.34,0.03
3776,株式会社ブロードバンドタワー,9249825000.0,2431614000.0,51771000.0,0.26,0.02
2175,株式会社エス・エム・エス,124775280000.0,2875000000.0,1724000000.0,0.02,0.6
6548,株式会社旅工房,3187767800.0,0.0,0.0,0.0,0.0
7254,株式会社ユニバンス,11674996713.0,4524190000.0,134186000.0,0.39,0.03
9007,小田急電鉄株式会社,593464418500.0,85605000000.0,1518000000.0,0.14,0.02
3665,株式会社エニグモ,12195612000.0,3551874000.0,0.0,0.29,0.0
3447,信和株式会社,10690074000.0,52094000.0,10681000.0,0.0,0.21
8041,ＯＵＧホールディングス株式会社,20079874120.0,7108000000.0,204000000.0,0.35,0.03
8037,カメイ株式会社,82774419000.0,21859000000.0,417000000.0,0.26,0.02
6503,三菱電機株式会社,6569941909000.0,156296000000.0,214695000000.0,0.02,1.37
4516,日本新薬株式会社,219746641952.0,36526000000.0,1139000000.0,0.17,0.03
3815,株式会社メディア工房,6678300000.0,0.0,0.0,0.0,0.0
2340,株式会社　極楽湯ホールディングス,15204666400.0,248499000.0,0.0,0.02,0.0
3865,北越コーポレーション株式会社,186172470000.0,30608000000.0,983000000.0,0.16,0.03
9045,京阪ホールディングス株式会社,343167824000.0,56000000000.0,567000000.0,0.16,0.01
2211,株式会社不二家,63763832000.0,6858000000.0,67000000.0,0.11,0.01
8074,ユアサ商事株式会社,101770500000.0,13082000000.0,352000000.0,0.13,0.03
4881,株式会社ファンペップ,3532559200.0,29970000.0,0.0,0.01,0.0
3766,システムズ・デザイン株式会社,4042500000.0,171164000.0,4146000.0,0.04,0.02
2461,株式会社ファンコミュニケーションズ,35618604816.0,1140546000.0,4150000.0,0.03,0.0
7575,日本ライフライン株式会社,109849100000.0,7374000000.0,57000000.0,0.07,0.01
3497,株式会社ＬｅＴｅｃｈ,7272609034.0,0.0,0.0,0.0,0.0
6091,株式会社ウエスコホールディングス,10632296000.0,2197692000.0,94388000.0,0.21,0.04
2268,Ｂ－Ｒ　サーティワン　アイスクリーム株式会社,40844686190.0,105045000.0,0.0,0.0,0.0
3692,株式会社ＦＦＲＩセキュリティ,46928700000.0,372284000.0,0.0,0.01,0.0
3944,古林紙工株式会社,3580292300.0,4658476000.0,120493000.0,1.3,0.03
9416,株式会社ビジョン,54657448000.0,115026000.0,4024000.0,0.0,0.03
9882,株式会社イエローハット,74773944668.0,11341000000.0,303000000.0,0.15,0.03
3138,株式会社富士山マガジンサービス,3013898580.0,38294000.0,0.0,0.01,0.0
5304,ＳＥＣカーボン株式会社,43685751740.0,17724000000.0,891000000.0,0.41,0.05
1968,太平電業株式会社,126230260000.0,17635000000.0,458000000.0,0.14,0.03
2454,株式会社オールアバウト,5260642800.0,558510000.0,3000000.0,0.11,0.01
3420,株式会社ケー・エフ・シー,12136892250.0,4208372000.0,64170000.0,0.35,0.02
8002,丸紅株式会社,4871003214000.0,159662000000.0,447742000000.0,0.03,2.8
4450,株式会社パワーソリューションズ,4902813320.0,387745000.0,0.0,0.08,0.0
7494,株式会社コナカ,8548042580.0,4144000000.0,46000000.0,0.48,0.01
1965,株式会社テクノ菱和,77906760000.0,10231000000.0,269000000.0,0.13,0.03
4926,株式会社シーボン,4889130400.0,317142000.0,7587000.0,0.06,0.02
2425,株式会社ケアサービス,3435600000.0,0.0,0.0,0.0,0.0
6513,株式会社オリジン,6981385412.0,7711534000.0,195754000.0,1.1,0.03
5408,株式会社中山製鋼所,39550533000.0,3193000000.0,94000000.0,0.08,0.03
6930,日本アンテナ株式会社,11268400000.0,545000000.0,12000000.0,0.05,0.02
4028,石原産業株式会社,86904216000.0,11488000000.0,458000000.0,0.13,0.04
5820,株式会社三ッ星,2773974450.0,466748000.0,18272000.0,0.17,0.04
3397,株式会社トリドールホールディングス,378590029512.0,161000000.0,429000000.0,0.0,2.66
6962,株式会社大真空,18190606646.0,2759028000.0,61480000.0,0.15,0.02
3001,片倉工業株式会社,90502550000.0,32887000000.0,1354000000.0,0.36,0.04
8344,株式会社山形銀行,49097184000.0,0.0,0.0,0.0,0.0
6920,レーザーテック株式会社,1627383264000.0,1320000000.0,39000000.0,0.0,0.03
6033,株式会社エクストリーム,6895610352.0,1499078000.0,67261000.0,0.22,0.04
2226,株式会社湖池屋,51482750000.0,296000000.0,10000000.0,0.01,0.03
4736,日本ラッド株式会社,3973410000.0,483427000.0,64144000.0,0.12,0.13
8995,株式会社誠建設工業,1277620000.0,474568000.0,12228000.0,0.37,0.03
9766,コナミグループ株式会社,2930270000000.0,723000000.0,0.0,0.0,0.0
7760,ＩＭＶ株式会社,27555151000.0,169681000.0,2153000.0,0.01,0.01
4931,新日本製薬株式会社,50179539200.0,324000000.0,1000000.0,0.01,0.0
9413,株式会社テレビ東京ホールディングス,101077035000.0,20661000000.0,249000000.0,0.2,0.01
5939,株式会社大谷工業,4243200000.0,137865000.0,4223000.0,0.03,0.03
8940,株式会社インテリックス,7726266500.0,921438000.0,10023000.0,0.12,0.01
1407,株式会社ウエストホールディングス,68028627264.0,1742000000.0,34000000.0,0.03,0.02
8707,岩井コスモホールディングス株式会社,57827744000.0,13871000000.0,0.0,0.24,0.0
2493,イーサポートリンク株式会社,3991169600.0,454043000.0,13158000.0,0.11,0.03
7731,株式会社ニコン,470523053000.0,67291000000.0,9240000000.0,0.14,0.14
5074,テスホールディングス株式会社,28752160910.0,381000000.0,11000000.0,0.01,0.03
3538,株式会社ウイルプラスホールディングス,10167142860.0,0.0,0.0,0.0,0.0
5928,アルメタックス株式会社,3430656000.0,1631631000.0,134696000.0,0.48,0.08
4017,株式会社クリーマ,1705245300.0,0.0,0.0,0.0,0.0
4351,株式会社山田再生系債権回収総合事務所,3614996000.0,370028000.0,8433000.0,0.1,0.02
2788,アップルインターナショナル株式会社,4754460200.0,1267002000.0,127672000.0,0.27,0.1
7709,クボテック株式会社,2724510000.0,0.0,0.0,0.0,0.0
5243,ｎｏｔｅ株式会社,20469365000.0,0.0,0.0,0.0,0.0
2201,森永製菓株式会社,208939628612.0,10251000000.0,409000000.0,0.05,0.04
4626,太陽ホールディングス株式会社,379401782500.0,4870000000.0,0.0,0.01,0.0
8515,アイフル株式会社,211294379296.0,8247000000.0,23000000.0,0.04,0.0
6073,株式会社アサンテ,19942827500.0,20534000.0,3739000.0,0.0,0.18
9227,マイクロ波化学株式会社,8259256700.0,0.0,0.0,0.0,0.0
5817,ＪＭＡＣＳ株式会社,2675442000.0,213933000.0,6424000.0,0.08,0.03
6249,株式会社ゲームカード・ジョイコホールディングス,36512641800.0,7434000000.0,50000000.0,0.2,0.01
1833,株式会社奥村組,169159375000.0,60397000000.0,1361000000.0,0.36,0.02
4583,株式会社カイオム・バイオサイエンス,9978381000.0,0.0,0.0,0.0,0.0
8129,東邦ホールディングス株式会社,356366596960.0,64095000000.0,1068000000.0,0.18,0.02
3252,地主株式会社,49135776600.0,3199000000.0,8000000.0,0.07,0.0
7421,カッパ・クリエイト株式会社,74121867000.0,861000000.0,75000000.0,0.01,0.09
4685,株式会社菱友システムズ,43552301760.0,2077000000.0,3000000.0,0.05,0.0
9846,株式会社天満屋ストア,10972500000.0,1263736000.0,77518000.0,0.12,0.06
2204,株式会社中村屋,18496354475.0,6529882000.0,196286000.0,0.35,0.03
3139,株式会社ラクト・ジャパン,39936076000.0,1327000000.0,27000000.0,0.03,0.02
9031,西日本鉄道株式会社,161100800000.0,64666000000.0,1470000000.0,0.4,0.02
4015,ペイクラウドホールディングス株式会社,12181378700.0,32682000.0,0.0,0.0,0.0
5941,株式会社　中西製作所,15323580000.0,3448020000.0,33630000.0,0.23,0.01
7520,株式会社エコス,28982505496.0,527000000.0,8000000.0,0.02,0.02
8370,株式会社紀陽銀行,178412300000.0,0.0,0.0,0.0,0.0
3779,ジェイ・エスコムホールディングス株式会社,2313400000.0,0.0,0.0,0.0,0.0
6254,野村マイクロ・サイエンス株式会社,95713056000.0,846167000.0,27767000.0,0.01,0.03
4234,株式会社サンエー化研,6361840000.0,5601274000.0,158265000.0,0.88,0.03
3708,特種東海製紙株式会社,50245000000.0,14006000000.0,269000000.0,0.28,0.02
4887,サワイグループホールディングス株式会社,258599523000.0,518000000.0,474000000.0,0.0,0.92
1757,株式会社創建エース,4074776340.0,0.0,0.0,0.0,0.0
7810,株式会社クロスフォー,2902215000.0,0.0,0.0,0.0,0.0
7614,株式会社オーエムツーネットワーク,10996115366.0,2335369000.0,1700000.0,0.21,0.0
7734,理研計器株式会社,147171420000.0,7119804000.0,224076000.0,0.05,0.03
1966,株式会社　高田工業所,11265024000.0,410662000.0,15363000.0,0.04,0.04
7831,株式会社ウイルコホールディングス,3032048400.0,947000000.0,30000000.0,0.31,0.03
2153,Ｅ・Ｊホールディングス株式会社,26401586640.0,3161000000.0,107000000.0,0.12,0.03
7871,フクビ化学工業株式会社,16633152000.0,5845000000.0,208000000.0,0.35,0.04
2999,ホームポジション株式会社,3375006880.0,0.0,0.0,0.0,0.0
4923,コタ株式会社,47294176068.0,191837000.0,2753000.0,0.0,0.01
7958,天馬株式会社,79545937690.0,4294204000.0,90769000.0,0.05,0.02
6210,ＴＯＹＯイノベックス株式会社,12732345000.0,976000000.0,31000000.0,0.08,0.03
2330,株式会社フォーサイド,7383221976.0,176469000.0,0.0,0.02,0.0
9994,株式会社やまや,26770396000.0,910000000.0,26000000.0,0.03,0.03
2579,コカ・コーラボトラーズジャパンホールディングス株式会社,424267735000.0,0.0,33000000.0,0.0,0.0
9408,株式会社ＢＳＮメディアホールディングス,13710000000.0,6304074000.0,134487000.0,0.46,0.02
8604,野村ホールディングス株式会社,2951604279000.0,103586000000.0,0.0,0.04,0.0
3387,株式会社クリエイト・レストランツ・ホールディングス,322200825976.0,0.0,1423000000.0,0.0,0.0
4577,ダイト株式会社,18052700000.0,3188000000.0,65000000.0,0.18,0.02
2830,アヲハタ株式会社,28856160000.0,198468000.0,3151000.0,0.01,0.02
9143,ＳＧホールディングス株式会社,1047684584000.0,28009000000.0,348000000.0,0.03,0.01
7795,株式会社ＫＹＯＲＩＴＳＵ,9059240000.0,3342501000.0,51864000.0,0.37,0.02
1491,中外鉱業株式会社,17674567000.0,110071000.0,17421000.0,0.01,0.16
2438,株式会社アスカネット,7125312000.0,571582000.0,1575000.0,0.08,0.0
8368,株式会社　百五銀行,188048060000.0,0.0,0.0,0.0,0.0
3495,香陵住販株式会社,7636660000.0,200572000.0,7834000.0,0.03,0.04
8039,築地魚市場株式会社,7727790000.0,2291000000.0,57000000.0,0.3,0.02
6568,神戸天然物化学株式会社,8557890000.0,232610000.0,5620000.0,0.03,0.02
6231,木村工機株式会社,38490000000.0,67400000.0,0.0,0.0,0.0
9450,株式会社ファイバーゲート,14086022400.0,11000000.0,0.0,0.0,0.0
4116,大日精化工業株式会社,59863828550.0,18514000000.0,428000000.0,0.31,0.02
6454,マックス株式会社,228266074530.0,20448000000.0,208000000.0,0.09,0.01
7079,ＷＤＢココ株式会社,6986525000.0,0.0,0.0,0.0,0.0
5858,株式会社ＳＴＧ,1490055600.0,66306000.0,121495000.0,0.04,1.83
3991,ウォンテッドリー株式会社,12394368000.0,0.0,0.0,0.0,0.0
9107,川崎汽船株式会社,1311900530000.0,1230101000000.0,3035000000.0,0.94,0.0
6335,株式会社東京機械製作所,3360634200.0,255778000.0,5903000.0,0.08,0.02
8395,株式会社佐賀銀行,43302795000.0,0.0,0.0,0.0,0.0
6371,株式会社椿本チエイン,198512097000.0,39876000000.0,1657000000.0,0.2,0.04
5484,東北特殊鋼株式会社,15024500000.0,6389909000.0,42545000.0,0.43,0.01
6217,津田駒工業株式会社,2396259360.0,349000000.0,26000000.0,0.15,0.07
4288,株式会社アズジェント,2068127828.0,29518000.0,0.0,0.01,0.0
5870,株式会社ナルネットコミュニケーションズ,3716473700.0,13949000.0,0.0,0.0,0.0
6743,大同信号株式会社,9099090000.0,5950234000.0,146740000.0,0.65,0.02
8105,堀田丸正株式会社,3220578792.0,51318000.0,1547000.0,0.02,0.03
4751,株式会社サイバーエージェント,799264635400.0,43467000000.0,381000000.0,0.05,0.01
2491,バリューコマース株式会社,27438916000.0,727000000.0,0.0,0.03,0.0
7157,ライフネット生命保険株式会社,168025967280.0,0.0,0.0,0.0,0.0
7399,株式会社ナンシン,4116072000.0,344932000.0,108036000.0,0.08,0.31
3266,株式会社ファンドクリエーショングループ,3127968793.0,222000000.0,4000000.0,0.07,0.02
5025,株式会社マーキュリー,1824760000.0,11200000.0,0.0,0.01,0.0
3294,株式会社イーグランド,9619682800.0,0.0,0.0,0.0,0.0
9311,アサガミ株式会社,8309480000.0,2894090000.0,128338000.0,0.35,0.04
1848,株式会社富士ピー・エス,9263917512.0,159000000.0,51000000.0,0.02,0.32
9635,武蔵野興業株式会社,2230200000.0,447628000.0,2750000.0,0.2,0.01
9434,ソフトバンク株式会社,10428925277428.031,38243000000.0,91094000000.0,0.0,2.38
3103,ユニチカ株式会社,9933344000.0,2974000000.0,68000000.0,0.3,0.02
9418,株式会社Ｕ－ＮＥＸＴ　ＨＯＬＤＩＮＧＳ,123496977994.0,1128000000.0,0.0,0.01,0.0
4261,アジアクエスト株式会社,3779784000.0,0.0,0.0,0.0,0.0
7012,川崎重工業株式会社,1693483285000.0,13995000000.0,25989000000.0,0.01,1.86
9475,株式会社昭文社ホールディングス,7507585449.0,2885006000.0,65477000.0,0.38,0.02
4043,株式会社トクヤマ,224914560000.0,36050000000.0,610000000.0,0.16,0.02
7296,株式会社エフ・シー・シー,154555837570.0,4633000000.0,13998000000.0,0.03,3.02
4996,クミアイ化学工業株式会社,106814058824.0,38691000000.0,248000000.0,0.36,0.01
6771,池上通信機株式会社,4473448044.0,403000000.0,7000000.0,0.09,0.02
7601,株式会社ポプラ,2157171426.0,61412000.0,2316000.0,0.03,0.04
7600,株式会社　日本エム・ディ・エム,14429354600.0,0.0,0.0,0.0,0.0
7376,ＢＣＣ株式会社,1989777980.0,32333000.0,0.0,0.02,0.0
8247,株式会社大和,2329164000.0,3444715000.0,71180000.0,1.48,0.02
8159,株式会社立花エレテック,69569500000.0,25794000000.0,512000000.0,0.37,0.02
1786,オリエンタル白石株式会社,52192334400.0,3955000000.0,98000000.0,0.08,0.02
7434,株式会社オータケ,7609272000.0,3130097000.0,80120000.0,0.41,0.03
2055,日和産業株式会社,6603371525.0,950000000.0,30000000.0,0.14,0.03
2374,セントケア・ホールディング株式会社,18752424750.0,149288000.0,2858000.0,0.01,0.02
4885,室町ケミカル株式会社,3010192500.0,277433000.0,3497000.0,0.09,0.01
4378,株式会社ＣＩＮＣ,2010964480.0,0.0,0.0,0.0,0.0
4075,ブレインズテクノロジー株式会社,4417485800.0,0.0,0.0,0.0,0.0
5189,櫻護謨株式会社,3908344000.0,559125000.0,12611000.0,0.14,0.02
4245,株式会社ダイキアクシス,9324372200.0,1347000000.0,7000000.0,0.14,0.01
5201,ＡＧＣ株式会社,929312916000.0,25974000000.0,61193000000.0,0.03,2.36
6430,ダイコク電機株式会社,31592090320.0,296151000.0,7342000.0,0.01,0.02
8360,株式会社　山梨中央銀行,89104194000.0,0.0,0.0,0.0,0.0
2693,ＹＫＴ株式会社,2810023680.0,353010000.0,75013000.0,0.13,0.21
2883,株式会社大冷,11812317800.0,26685000.0,0.0,0.0,0.0
9876,株式会社コックス,5736182796.0,2890321000.0,78384000.0,0.5,0.03
4499,株式会社Ｓｐｅｅｅ,30426885000.0,202574000.0,40000000.0,0.01,0.2
8001,伊藤忠商事株式会社,12018213287000.0,279879000000.0,403737000000.0,0.02,1.44
4733,株式会社オービックビジネスコンサルタント,640179960000.0,31369252000.0,1182640000.0,0.05,0.04
3542,株式会社ベガコーポレーション,23416794000.0,93663000.0,0.0,0.0,0.0
2930,株式会社北の達人コーポレーション,19891152000.0,0.0,0.0,0.0,0.0
7938,株式会社リーガルコーポレーション,7819500000.0,3815000000.0,132000000.0,0.49,0.03
3723,日本ファルコム株式会社,11873400000.0,0.0,0.0,0.0,0.0
2180,株式会社サニーサイドアップグループ,8282692000.0,304822000.0,0.0,0.04,0.0
3360,シップヘルスケアホールディングス株式会社,208981451700.0,29381000000.0,271000000.0,0.14,0.01
7578,株式会社ニチリョク,1987720620.0,0.0,0.0,0.0,0.0
7326,ＳＢＩインシュアランスグループ株式会社,35319614190.0,7000000.0,0.0,0.0,0.0
4196,株式会社ネオマーケティング,3410979200.0,0.0,56835000.0,0.0,0.0
7226,極東開発工業株式会社,102422650000.0,15379000000.0,514000000.0,0.15,0.03
4167,株式会社ココペリ,3807706630.0,0.0,20000000.0,0.0,0.0
6034,ＭＲＴ株式会社,4014457200.0,1873033000.0,0.0,0.47,0.0
3467,アグレ都市デザイン株式会社,11030418000.0,0.0,0.0,0.0,0.0
2871,株式会社ニチレイ,233484899407.5,45036000000.0,1116000000.0,0.19,0.02
9508,九州電力株式会社,601739496000.0,2120615000000.0,1100000000.0,3.52,0.0
3800,株式会社ユニリタ,15144000000.0,2852585000.0,145505000.0,0.19,0.05
9074,日本石油輸送株式会社,10314810000.0,7309000000.0,202000000.0,0.71,0.03
6490,株式会社ＰＩＬＬＡＲ,94783970000.0,6262000000.0,177000000.0,0.07,0.03
8367,株式会社南都銀行,148942750000.0,0.0,0.0,0.0,0.0
4425,Ｋｕｄａｎ株式会社,12321327564.0,500000000.0,0.0,0.04,0.0
5480,日本冶金工業株式会社,62452910000.0,6052000000.0,376000000.0,0.1,0.06
7966,リンテック株式会社,215579312000.0,2109000000.0,288000000.0,0.01,0.14
8084,株式会社ＲＹＯＤＥＮ,61529364000.0,6850000000.0,207000000.0,0.11,0.03
4572,カルナバイオサイエンス株式会社,5655820000.0,0.0,0.0,0.0,0.0
9539,京葉瓦斯株式会社,11962890000.0,31078000000.0,377000000.0,2.6,0.01
5027,ＡｎｙＭｉｎｄ　Ｇｒｏｕｐ株式会社,32800731800.0,0.0,0.0,0.0,0.0
6877,ＯＢＡＲＡ　ＧＲＯＵＰ株式会社,77842787400.0,1442000000.0,14000000.0,0.02,0.01
5955,株式会社ワイズホールディングス,12063324000.0,261983000.0,5938000.0,0.02,0.02
3246,株式会社コーセーアールイー,6604416000.0,0.0,0.0,0.0,0.0
6294,オカダアイヨン株式会社,15725506000.0,523395000.0,22279000.0,0.03,0.04
9651,日本プロセス株式会社,15456569040.0,2644430000.0,23044000.0,0.17,0.01
4177,株式会社ｉ－ｐｌｕｇ,5353450984.0,15393000.0,0.0,0.0,0.0
6081,アライドアーキテクツ株式会社,3163118604.0,546347000.0,11658000.0,0.17,0.02
6418,日本金銭機械株式会社,27832946638.0,950992000.0,40596000.0,0.03,0.04
8119,株式会社三栄コーポレーション,8373662880.0,4370475000.0,54766000.0,0.52,0.01
6209,リケンＮＰＲ株式会社,69518106510.0,37109000000.0,1214000000.0,0.53,0.03
8708,アイザワ証券グループ株式会社,52449675000.0,25208000000.0,468000000.0,0.48,0.02
6201,株式会社豊田自動織機,5288393587200.0,730709000000.0,162805000000.0,0.14,0.22
1811,株式会社錢高組,31801725000.0,68058000000.0,1586000000.0,2.14,0.02
3375,株式会社ＺＯＡ,2275510000.0,144519000.0,2877000.0,0.06,0.02
2282,日本ハム株式会社,484871835000.0,18950000000.0,21903000000.0,0.04,1.16
7643,株式会社ダイイチ,21127168080.0,66442000.0,2710000.0,0.0,0.04
7726,黒田精工株式会社,5376737960.0,2367790000.0,69979000.0,0.44,0.03
6518,三相電機株式会社,3963550000.0,974133000.0,23893000.0,0.25,0.02
1802,株式会社大林組,1595977908000.0,311557000000.0,8946000000.0,0.2,0.03
6524,湖北工業株式会社,71550000000.0,856000000.0,6000000.0,0.01,0.01
4255,ＴＨＥＣＯＯ株式会社,1696385825.0,0.0,0.0,0.0,0.0
4258,株式会社網屋,12761995200.0,277623000.0,1781000.0,0.02,0.01
8511,日本証券金融株式会社,158664000000.0,544475000000.0,287000000.0,3.43,0.0
5133,株式会社テリロジーホールディングス,6502461960.0,427625000.0,0.0,0.07,0.0
2970,株式会社グッドライフカンパニー,13151268000.0,0.0,0.0,0.0,0.0
6061,株式会社ユニバーサル園芸社,27285750000.0,1201586000.0,0.0,0.04,0.0
2875,東洋水産株式会社,1059801018552.0,35123000000.0,754000000.0,0.03,0.02
3633,ＧＭＯペパボ株式会社,8520234600.0,664520000.0,4659000.0,0.08,0.01
9890,株式会社マキヤ,11646700000.0,1420989000.0,27306000.0,0.12,0.02
7827,株式会社オービス,2604711296.0,188658000.0,4525000.0,0.07,0.02
3440,日創グループ株式会社,7051600000.0,196210000.0,1984000.0,0.03,0.01
4182,三菱瓦斯化学株式会社,535142208000.0,233519000000.0,3218000000.0,0.44,0.01
5242,株式会社アイズ,1617569700.0,0.0,0.0,0.0,0.0
7725,株式会社インターアクション,15147423200.0,130489000.0,25119000.0,0.01,0.19
1420,サンヨーホームズ株式会社,8594220000.0,30140000.0,0.0,0.0,0.0
9268,株式会社オプティマスグループ,28587240240.0,286000000.0,0.0,0.01,0.0
9006,京浜急行電鉄株式会社,427015207029.5,114136000000.0,409000000.0,0.27,0.0
3107,ダイワボウホールディングス株式会社,258523148000.0,10409000000.0,270000000.0,0.04,0.03
6036,ＫｅｅＰｅｒ技研株式会社,90922900600.0,22237000.0,0.0,0.0,0.0
4262,ニフティライフスタイル株式会社,7738547625.0,18550000.0,0.0,0.0,0.0
6323,ローツェ株式会社,334542600000.0,1446000000.0,10000000.0,0.0,0.01
2819,エバラ食品工業株式会社,25135390422.0,2224000000.0,49000000.0,0.09,0.02
7777,株式会社スリー・ディー・マトリックス,16899626763.0,8405000.0,0.0,0.0,0.0
7102,日本車輌製造株式会社,30568025000.0,17511000000.0,408000000.0,0.57,0.02
1795,株式会社マサル,3667684570.0,121047000.0,1504000.0,0.03,0.01
6923,スタンレー電気株式会社,437000000000.0,77828000000.0,3555000000.0,0.18,0.05
3655,株式会社ブレインパッド,28299456324.0,443171000.0,7520000.0,0.02,0.02
3968,セグエグループ株式会社,16312603086.0,235409000.0,3857000.0,0.01,0.02
2602,日清オイリオグループ株式会社,168580000000.0,33725000000.0,447000000.0,0.2,0.01
6823,リオン株式会社,32655244900.0,1188399000.0,31246000.0,0.04,0.03
9983,株式会社ファーストリテイリング,14167197495360.0,143000000.0,0.0,0.0,0.0
3656,ＫＬａｂ株式会社,5820276000.0,2031273000.0,68973000.0,0.35,0.03
1930,北陸電気工事株式会社,35865711000.0,1366000000.0,56000000.0,0.04,0.04
3110,日東紡績株式会社,250480720000.0,21020000000.0,628000000.0,0.08,0.03
6194,株式会社アトラエ,17987261468.0,1072294000.0,0.0,0.06,0.0
8628,松井証券株式会社,182781614910.0,7698000000.0,8000000.0,0.04,0.0
7561,株式会社ハークスレイ,11715750000.0,3244000000.0,67000000.0,0.28,0.02
6647,森尾電機株式会社,2671875000.0,1279784000.0,22345000.0,0.48,0.02
7356,Ｒｅｔｔｙ株式会社,3026805922.0,0.0,0.0,0.0,0.0
7953,菊水化学工業株式会社,4868228628.0,1750100000.0,55099000.0,0.36,0.03
9895,株式会社コンセック,2354232000.0,1460645000.0,37129000.0,0.62,0.03
5951,ダイニチ工業株式会社,13665006879.0,2896987000.0,62344000.0,0.21,0.02
7864,株式会社フジシールインターナショナル,166287646384.0,3530000000.0,100000000.0,0.02,0.03
5911,株式会社横河ブリッジホールディングス,113176008000.0,10468000000.0,306000000.0,0.09,0.03
2683,株式会社魚喜,2683648800.0,175258000.0,3253000.0,0.07,0.02
4776,サイボウズ株式会社,207338154000.0,2261000000.0,17000000.0,0.01,0.01
4629,大伸化学株式会社,7062496000.0,543913000.0,21485000.0,0.08,0.04
9212,Ｇｒｅｅｎ　Ｅａｒｔｈ　Ｉｎｓｔｉｔｕｔｅ株式会社,4471196400.0,0.0,0.0,0.0,0.0
3182,オイシックス・ラ・大地株式会社,63849166468.0,3841000000.0,19000000.0,0.06,0.0
7822,永大産業株式会社,11087571000.0,5957000000.0,154000000.0,0.54,0.03
7322,株式会社三十三フィナンシャルグループ,86481935000.0,85000000.0,0.0,0.0,0.0
7187,ジェイリース株式会社,25208736000.0,128680000.0,0.0,0.01,0.0
5842,インテグラル株式会社,117690875000.0,0.0,725000000.0,0.0,0.0
7057,株式会社エヌ・シー・エヌ,3081061500.0,573312000.0,0.0,0.19,0.0
3834,株式会社朝日ネット,21952000000.0,401000000.0,7000000.0,0.02,0.02
1899,株式会社福田組,45389400000.0,6609000000.0,187000000.0,0.15,0.03
4376,株式会社くふうカンパニーホールディングス,10959429885.0,10000000.0,0.0,0.0,0.0
9656,グリーンランドリゾート株式会社,6383482000.0,341241000.0,12583000.0,0.05,0.04
1780,株式会社　ヤマウラ,27349488000.0,2035130000.0,36475000.0,0.07,0.02
3945,スーパーバッグ株式会社,4240677310.0,1483000000.0,45000000.0,0.35,0.03
3840,パス株式会社,8071473960.0,0.0,0.0,0.0,0.0
5542,新報国マテリアル株式会社,2857140000.0,75398000.0,7365000.0,0.03,0.1
7636,株式会社ハンズマン,11549800800.0,71000000.0,2000000.0,0.01,0.03
2767,円谷フィールズホールディングス株式会社,138120935650.0,7831000000.0,129000000.0,0.06,0.02
2670,株式会社エービーシー・マート,721933013739.0,18252000000.0,414000000.0,0.03,0.02
7417,株式会社南陽,17820998580.0,3052000000.0,44000000.0,0.17,0.01
1813,株式会社不動テトラ,36871640000.0,3133000000.0,187000000.0,0.08,0.06
9005,東急株式会社,1042906361000.0,272657000000.0,1623000000.0,0.26,0.01
6368,オルガノ株式会社,433920240000.0,2373000000.0,31000000.0,0.01,0.01
4286,株式会社ＣＬホールディングス,8860944677.0,29988000.0,0.0,0.0,0.0
7476,アズワン株式会社,193838548470.0,14573000000.0,87000000.0,0.08,0.01
6694,株式会社ズーム,3083126904.0,1390000.0,50384000.0,0.0,36.25
6721,ウインテスト株式会社,7029219600.0,0.0,0.0,0.0,0.0
3547,株式会社串カツ田中ホールディングス,16716340440.0,0.0,16866000.0,0.0,0.0
4345,株式会社シーティーエス,34608000000.0,6206000000.0,141000000.0,0.18,0.02
5570,株式会社ジェノバ,9593610000.0,100443000.0,0.0,0.01,0.0
3113,株式会社ＵＮＩＶＡ・Ｏａｋホールディングス,6615432000.0,181092000.0,9000000.0,0.03,0.05
4705,株式会社クリップコーポレーション,3674160000.0,1072558000.0,11935000.0,0.29,0.01
6560,株式会社エル・ティー・エス,10404575750.0,560000000.0,1000000.0,0.05,0.0
9603,株式会社エイチ・アイ・エス,108850455768.0,3302000000.0,825000000.0,0.03,0.25
3075,株式会社銚子丸,22256094000.0,20000000.0,0.0,0.0,0.0
2991,株式会社ランドネット,7081086000.0,0.0,27123000.0,0.0,0.0
2370,株式会社メディネット,10316096934.0,101522000.0,0.0,0.01,0.0
4308,株式会社Ｊストリーム,10465410200.0,8698000.0,68969000.0,0.0,7.93
4228,積水化成品工業株式会社,16116884000.0,12579000000.0,340000000.0,0.78,0.03
2342,株式会社トランスジェニックグループ,3025847098.0,107693000.0,0.0,0.04,0.0
5192,三ツ星ベルト株式会社,106997760000.0,16189000000.0,485000000.0,0.15,0.03
8173,上新電機株式会社,67816000000.0,6032000000.0,139000000.0,0.09,0.02
9063,岡山県貨物運送株式会社,7876000000.0,3786679000.0,72536000.0,0.48,0.02
3940,株式会社ノムラシステムコーポレーション,6256728000.0,0.0,0.0,0.0,0.0
7283,愛三工業株式会社,109614932791.0,6443000000.0,193000000.0,0.06,0.03
9849,株式会社共同紙販ホールディングス,3414075000.0,582456000.0,24429000.0,0.17,0.04
8835,太平洋興発株式会社,5409496360.0,1110000000.0,75000000.0,0.21,0.07
7983,株式会社ミロク,3413680000.0,4308756000.0,52387000.0,1.26,0.01
2317,株式会社システナ,170777880000.0,3293000000.0,10000000.0,0.02,0.0
7460,株式会社ヤギ,27118380000.0,10858000000.0,217000000.0,0.4,0.02
8127,ヤマトインターナショナル株式会社,8414290000.0,5861536000.0,73444000.0,0.7,0.01
7133,ＨＹＵＧＡ　ＰＲＩＭＡＲＹ　ＣＡＲＥ株式会社,9795111200.0,0.0,0.0,0.0,0.0
7068,フィードフォースグループ株式会社,14301605190.0,105000000.0,0.0,0.01,0.0
4187,大阪有機化学工業株式会社,64496089364.0,6197896000.0,150135000.0,0.1,0.02
2411,ゲンダイエージェンシー株式会社,5190600000.0,163000000.0,1000000.0,0.03,0.01
3931,株式会社バリューゴルフ,3594123000.0,67979000.0,0.0,0.02,0.0
3306,日本製麻株式会社,3102339000.0,151205000.0,4404000.0,0.05,0.03
3409,株式会社北紡,4596488000.0,145436000.0,5554000.0,0.03,0.04
6890,株式会社フェローテック,175255029240.0,8420000000.0,29000000.0,0.05,0.0
6448,ブラザー工業株式会社,651220357145.0,19243000000.0,47342000000.0,0.03,2.46
6627,株式会社テラプローブ,29843237500.0,0.0,1813306000.0,0.0,0.0
6907,ジオマテック株式会社,7486336000.0,2354521000.0,15918000.0,0.31,0.01
5938,株式会社ＬＩＸＩＬ,485604600000.0,37201000000.0,12756000000.0,0.08,0.34
3443,川田テクノロジーズ株式会社,67188337450.0,4074000000.0,150000000.0,0.06,0.04
2415,ヒューマンホールディングス株式会社,17061430356.0,409201000.0,0.0,0.02,0.0
6369,トーヨーカネツ株式会社,31971949890.0,6497000000.0,197000000.0,0.2,0.03
6347,株式会社プラコー,2109564240.0,22653000.0,1090000.0,0.01,0.05
4673,川崎地質株式会社,4152571500.0,615316000.0,19579000.0,0.15,0.03
5742,エヌアイシ・オートテック株式会社,4119500000.0,245453000.0,8159000.0,0.06,0.03
1788,株式会社三東工業社,2647960000.0,251498000.0,5142000.0,0.09,0.02
7481,尾家産業株式会社,19861230000.0,811000000.0,14000000.0,0.04,0.02
9511,沖縄電力株式会社,52486694000.0,11256000000.0,246000000.0,0.21,0.02
4825,株式会社ウェザーニューズ,48382740000.0,199960000.0,0.0,0.0,0.0
5032,ＡＮＹＣＯＬＯＲ株式会社,306979416700.0,0.0,0.0,0.0,0.0
9845,株式会社パーカーコーポレーション,25273769236.0,5400000000.0,136000000.0,0.21,0.03
9778,株式会社昴,5083912080.0,143700000.0,3394000.0,0.03,0.02
1861,株式会社　熊谷組,195648200000.0,50372000000.0,953000000.0,0.26,0.02
1770,藤田エンジニアリング株式会社,15473400000.0,5750729000.0,35075000.0,0.37,0.01
3353,株式会社メディカル一光グループ,14448500000.0,2405444000.0,65017000.0,0.17,0.03
6537,ＷＡＳＨハウス株式会社,2867115600.0,1000000.0,5000000.0,0.0,5.0
6316,株式会社丸山製作所,10133435000.0,3887000000.0,106000000.0,0.38,0.03
1904,大成温調株式会社,27289060955.0,3878822000.0,349326000.0,0.14,0.09
4415,株式会社ブロードエンタープライズ,4611087000.0,0.0,4016000.0,0.0,0.0
5341,ＡＳＡＨＩ　ＥＩＴＯホールディングス株式会社,1946722000.0,5092000.0,9086000.0,0.0,1.78
3969,株式会社エイトレッド,10721956800.0,0.0,2668000.0,0.0,0.0
6597,ＨＰＣシステムズ株式会社,7896865500.0,51200000.0,0.0,0.01,0.0
7989,立川ブラインド工業株式会社,36107900400.0,3626611000.0,100573000.0,0.1,0.03
7879,株式会社ノダ,11513228800.0,9302231000.0,200621000.0,0.81,0.02
9468,株式会社ＫＡＤＯＫＡＷＡ,564672100000.0,38397000000.0,485000000.0,0.07,0.01
8421,信金中央金庫,792400000000.0,0.0,0.0,0.0,0.0
7514,株式会社　ヒマラヤ,10632839181.0,1201000000.0,32000000.0,0.11,0.03
8260,株式会社井筒屋,5028456810.0,1399000000.0,0.0,0.28,0.0
5984,兼房株式会社,9516150000.0,658013000.0,17231000.0,0.07,0.03
8138,三京化成株式会社,3848880000.0,3424920000.0,105470000.0,0.89,0.03
9444,株式会社トーシンホールディングス,4072426400.0,90283000.0,2526000.0,0.02,0.03
5714,ＤＯＷＡホールディングス株式会社,295254588178.0,76709000000.0,1074000000.0,0.26,0.01
6346,キクカワエンタープライズ株式会社,7656000000.0,1520989000.0,35178000.0,0.2,0.02
8331,株式会社千葉銀行,1093897518000.0,0.0,0.0,0.0,0.0
6400,不二精機株式会社,2489850000.0,212882000.0,59819000.0,0.09,0.28
5214,日本電気硝子株式会社,360274150520.0,43132000000.0,1344000000.0,0.12,0.03
7453,株式会社　良品計画,1861290620000.0,2425000000.0,78000000.0,0.0,0.03
7711,助川電気工業株式会社,12878780000.0,803005000.0,8827000.0,0.06,0.01
7527,株式会社システムソフト,6108058080.0,347762000.0,8788000.0,0.06,0.03
4060,ｒａｋｕｍｏ株式会社,6030364800.0,21525000.0,0.0,0.0,0.0
3172,ティーライフ株式会社,4999326000.0,172000000.0,175000000.0,0.03,1.02
9769,株式会社学究社,25293028936.0,493094000.0,54132000.0,0.02,0.11
4922,株式会社コーセー,339678752000.0,16750000000.0,171000000.0,0.05,0.01
5940,不二サッシ株式会社,9015522348.0,3799000000.0,153000000.0,0.42,0.04
4558,株式会社中京医薬品,2343660000.0,76430000.0,1721000.0,0.03,0.02
7721,東京計器株式会社,70269546485.0,4577000000.0,113000000.0,0.07,0.02
6718,アイホン株式会社,50323640000.0,9059000000.0,215000000.0,0.18,0.02
6898,トミタ電機株式会社,2450937000.0,51974000.0,2581000.0,0.02,0.05
6138,ダイジェット工業株式会社,2623984000.0,1632637000.0,45086000.0,0.62,0.03
7352,株式会社ＴＷＯＳＴＯＮＥ＆Ｓｏｎｓ,38489219440.0,24846000.0,0.0,0.0,0.0
8848,株式会社レオパレス２１,225631465000.0,4616000000.0,95000000.0,0.02,0.02
1787,株式会社ナカボーテック,13897350000.0,394880000.0,15717000.0,0.03,0.04
7074,株式会社トゥエンティーフォーセブンホールディングス,1990855800.0,0.0,0.0,0.0,0.0
8202,ラオックスホールディングス株式会社,14840281377.0,295000000.0,0.0,0.02,0.0
5959,岡部株式会社,41896500000.0,8344000000.0,222000000.0,0.2,0.03
6085,アーキテクツ・スタジオ・ジャパン株式会社,988985070.0,10000000.0,0.0,0.01,0.0
7625,株式会社グローバルダイニング,3536272000.0,43389000.0,0.0,0.01,0.0
6666,リバーエレテック株式会社,4302540000.0,165443000.0,3361000.0,0.04,0.02
8306,株式会社三菱ＵＦＪフィナンシャル・グループ,23791492078780.0,0.0,0.0,0.0,0.0
6315,ＴＯＷＡ株式会社,145472116416.0,4446381000.0,131849000.0,0.03,0.03
4971,メック株式会社,53810600333.0,1627553000.0,15259000.0,0.03,0.01
7359,株式会社東京通信グループ,4452827340.0,259170000.0,0.0,0.06,0.0
7723,愛知時計電機株式会社,36684180000.0,9145000000.0,284000000.0,0.25,0.03
8609,株式会社岡三証券グループ,160464598000.0,75520000000.0,2027000000.0,0.47,0.03
6752,パナソニックホールディングス株式会社,3549128916000.0,38394000000.0,11241000000.0,0.01,0.29
3917,株式会社アイリッジ,4178899344.0,97988000.0,0.0,0.02,0.0
4612,日本ペイントホールディングス株式会社,2846984912000.0,7940000000.0,337000000.0,0.0,0.04
3928,株式会社マイネット,2151452498.0,245759000.0,0.0,0.11,0.0
2440,株式会社ぐるなび,14282853800.0,367422000.0,5000000.0,0.03,0.01
3280,株式会社エストラスト,7258559000.0,62000000.0,4000000.0,0.01,0.06
5580,株式会社プロディライト,2755986000.0,0.0,0.0,0.0,0.0
4247,ポバール興業株式会社,3267152000.0,681271000.0,24222000.0,0.21,0.04
7635,杉田エース株式会社,6405808000.0,883000000.0,17000000.0,0.14,0.02
1721,コムシスホールディングス株式会社,460313000000.0,31261000000.0,858000000.0,0.07,0.03
6626,ＳＥＭＩＴＥＣ株式会社,24301109200.0,198782000.0,3831050000.0,0.01,19.27
7946,株式会社光陽社,1105980100.0,113349000.0,0.0,0.1,0.0
4385,株式会社メルカリ,397104525030.0,1543000000.0,0.0,0.0,0.0
6614,株式会社シキノハイテック,3585060000.0,96584000.0,2616000.0,0.03,0.03
7915,ＮＩＳＳＨＡ株式会社,66670905000.0,6417000000.0,1824000000.0,0.1,0.28
8203,株式会社ミスターマックス・ホールディングス,33471295000.0,572000000.0,18000000.0,0.02,0.03
5933,アルインコ株式会社,22196488930.0,1654079000.0,56214000.0,0.07,0.03
2659,株式会社サンエー,193488075000.0,439000000.0,26000000.0,0.0,0.06
6113,株式会社アマダ,528850789500.0,16603000000.0,20801000000.0,0.03,1.25
1939,株式会社四電工,63250033770.0,12133000000.0,245000000.0,0.19,0.02
9519,株式会社レノバ,64122106300.0,0.0,551000000.0,0.0,0.0
6853,株式会社共和電業,14499019800.0,1711584000.0,52790000.0,0.12,0.03
7126,グローバルスタイル株式会社,5653428816.0,8430000.0,0.0,0.0,0.0
4800,オリコン株式会社,11644864000.0,684608000.0,3115000.0,0.06,0.0
5660,神鋼鋼線工業株式会社,8071243635.0,1883000000.0,59000000.0,0.23,0.03
4650,ＳＤエンターテイメント株式会社,2510163000.0,14904000.0,0.0,0.01,0.0
8944,株式会社ランドビジネス,5356160000.0,15767000.0,2596000.0,0.0,0.16
9346,株式会社ココルポート,5546623950.0,0.0,0.0,0.0,0.0
3034,クオールホールディングス株式会社,75665916825.0,143000000.0,4000000.0,0.0,0.03
3329,東和フードサービス株式会社,17150508000.0,67639000.0,0.0,0.0,0.0
9941,太洋物産株式会社,2021030000.0,0.0,0.0,0.0,0.0
7412,株式会社アトム,128910491802.0,199000000.0,2000000.0,0.0,0.01
7284,盟和産業株式会社,4231453672.0,683850000.0,23668000.0,0.16,0.03
3221,株式会社ヨシックスホールディングス,26669214000.0,100454000.0,2516000.0,0.0,0.03
6183,株式会社ベルシステム２４ホールディングス,94625496730.0,1587000000.0,93000000.0,0.02,0.06
6406,フジテック株式会社,465667800000.0,7844000000.0,290000000.0,0.02,0.04
9325,ファイズホールディングス株式会社,12240586800.0,70787000.0,0.0,0.01,0.0
3988,株式会社ＳＹＳホールディングス,2944527040.0,235053000.0,15995000.0,0.08,0.07
9816,株式会社　ストライダーズ,2317143140.0,10000000.0,62450000.0,0.0,6.25
9837,モリト株式会社,44190000000.0,6386750000.0,113565000.0,0.14,0.02
5595,株式会社ＱＰＳ研究所,77508527400.0,0.0,0.0,0.0,0.0
8570,イオンフィナンシャルサービス株式会社,278977080312.0,14926000000.0,175000000.0,0.05,0.01
8150,三信電気株式会社,38814793232.0,2242000000.0,41000000.0,0.06,0.02
9682,株式会社ＤＴＳ,203755337120.0,7447000000.0,112000000.0,0.04,0.02
6905,コーセル株式会社,39604608000.0,3741258000.0,44529000.0,0.09,0.01
6779,日本電波工業株式会社,17785897245.0,919000000.0,1215000000.0,0.05,1.32
3837,アドソル日進株式会社,11662976000.0,1764280000.0,43037000.0,0.15,0.02
2121,株式会社ＭＩＸＩ,256214703750.0,6023000000.0,39000000.0,0.02,0.01
3635,株式会社コーエーテクモホールディングス,703955007318.0,99409000000.0,649000000.0,0.14,0.01
6561,株式会社ＨＡＮＡＴＯＵＲ　ＪＡＰＡＮ,13931170000.0,0.0,0.0,0.0,0.0
4641,株式会社アルプス技研,59279596000.0,952609000.0,31145000.0,0.02,0.03
2998,クリアル株式会社,28006950000.0,1036000.0,0.0,0.0,0.0
6564,株式会社ミダックホールディングス,56630166500.0,255064000.0,0.0,0.0,0.0
3524,日東製網株式会社,3683470000.0,430757000.0,11273000.0,0.12,0.03
3529,アツギ株式会社,20956677280.0,3702000000.0,149000000.0,0.18,0.04
4634,ａｒｔｉｅｎｃｅ株式会社,163856122800.0,57610000000.0,1346000000.0,0.35,0.02
7502,株式会社プラザホールディングス,4349509039.0,46183000.0,9018000.0,0.01,0.2
9337,株式会社トリドリ,6975711080.0,0.0,31618000.0,0.0,0.0
8136,株式会社サンリオ,1596046485447.0,7558000000.0,116000000.0,0.0,0.02
2922,株式会社なとり,30244804508.0,2094121000.0,44899000.0,0.07,0.02
9304,澁澤倉庫株式会社,64367910000.0,27822000000.0,691000000.0,0.43,0.02
7965,象印マホービン株式会社,135181200000.0,9272000000.0,142000000.0,0.07,0.02
6999,ＫＯＡ株式会社,31183130368.0,4942000000.0,84000000.0,0.16,0.02
2789,株式会社カルラ,2733584848.0,0.0,0.0,0.0,0.0
6989,北陸電気工業株式会社,17922450000.0,1431000000.0,39000000.0,0.08,0.03
7461,株式会社キムラ,7468560000.0,1033398000.0,30960000.0,0.14,0.03
7185,ヒロセ通商株式会社,29114332500.0,0.0,0.0,0.0,0.0
5071,株式会社ヴィス,10707007600.0,329796000.0,0.0,0.03,0.0
2917,株式会社大森屋,4832995008.0,566665000.0,10157000.0,0.12,0.02
2897,日清食品ホールディングス株式会社,882941571000.0,46522000000.0,1258000000.0,0.05,0.03
4553,東和薬品株式会社,164851200000.0,871000000.0,11000000.0,0.01,0.01
8078,阪和興業株式会社,250185902400.0,116299000000.0,3987000000.0,0.46,0.03
7422,東邦レマック株式会社,279590220.0,705039000.0,13389000.0,2.52,0.02
7624,株式会社ＮａＩＴＯ,7177425810.0,284000000.0,3000000.0,0.04,0.01
1717,明豊ファシリティワークス株式会社,12826100000.0,470000000.0,0.0,0.04,0.0
8007,高島株式会社,26635266000.0,2567000000.0,119000000.0,0.1,0.05
6424,株式会社高見沢サイバネティックス,4398300000.0,929234000.0,18623000.0,0.21,0.02
6741,日本信号株式会社,74763636176.0,28282000000.0,717000000.0,0.38,0.03
7716,株式会社ナカニシ,180483962400.0,5847139000.0,78138000.0,0.03,0.01
3668,株式会社コロプラ,66634055680.0,7588000000.0,0.0,0.11,0.0
8934,サンフロンティア不動産株式会社,99753753000.0,0.0,67000000.0,0.0,0.0
5015,ビーピー・カストロール株式会社,19207258004.0,65955000.0,0.0,0.0,0.0
9647,株式会社協和コンサルタンツ,3739318000.0,111807000.0,2024000.0,0.03,0.02
8876,株式会社リログループ,263723420700.0,0.0,0.0,0.0,0.0
7466,ＳＰＫ株式会社,24000088000.0,430178000.0,16171000.0,0.02,0.04
9716,株式会社乃村工藝社,104549824736.0,2502000000.0,64000000.0,0.02,0.03
8012,長瀬産業株式会社,329786777950.0,72028000000.0,1941000000.0,0.22,0.03
3958,笹徳印刷株式会社,3278050000.0,3863421000.0,88569000.0,1.18,0.02
7097,株式会社さくらさくプラス,12377950400.0,0.0,0.0,0.0,0.0
1333,マルハニチロ株式会社,154212322000.0,44671000000.0,1557000000.0,0.29,0.03
7134,株式会社アップガレージグループ,8706047400.0,18849000.0,2551000.0,0.0,0.14
3319,株式会社ゴルフダイジェスト・オンライン,7802998000.0,5760000.0,0.0,0.0,0.0
8123,川辺株式会社,2391385000.0,1154883000.0,17359000.0,0.48,0.02
8750,第一生命ホールディングス株式会社,1031023504200.0,8433000000.0,0.0,0.01,0.0
1878,大東建託株式会社,1064783100000.0,44160000000.0,515000000.0,0.04,0.01
3174,株式会社ハピネス・アンド・ディ,1843262400.0,29013000.0,1367000.0,0.02,0.05
7739,キヤノン電子株式会社,105558556540.0,2468000000.0,144000000.0,0.02,0.06
7990,グローブライド株式会社,53112000000.0,6692000000.0,141000000.0,0.13,0.02
3562,株式会社Ｎｏ．１,14380906500.0,218304000.0,343417000.0,0.02,1.57
9338,株式会社ＩＮＦＯＲＩＣＨ,23747684625.0,0.0,21491000.0,0.0,0.0
4198,株式会社テンダ,1575392400.0,0.0,0.0,0.0,0.0
7115,株式会社アルファパーチェス,28428102500.0,0.0,34980000.0,0.0,0.0
2932,株式会社ＳＴＩフードホールディングス,7876052700.0,118144000.0,10503000.0,0.02,0.09
8035,東京エレクトロン株式会社,13097220640000.0,200013000000.0,1386000000.0,0.02,0.01
7836,アビックス株式会社,3512956600.0,56098000.0,0.0,0.02,0.0
4170,株式会社Ｋａｉｚｅｎ　Ｐｌａｔｆｏｒｍ,3613594203.0,94539000.0,0.0,0.03,0.0
4549,栄研化学株式会社,80937019800.0,408000000.0,3000000.0,0.01,0.01
7247,株式会社ミクニ,9704085555.0,8740000000.0,253000000.0,0.9,0.03
6031,ＺＥＴＡ株式会社,5225638992.0,0.0,0.0,0.0,0.0
1719,株式会社安藤・間,279496424000.0,28048000000.0,613000000.0,0.1,0.02
3760,株式会社ケイブ,6552936500.0,1035029000.0,300000000.0,0.16,0.29
2809,キユーピー株式会社,552274500000.0,51178000000.0,564000000.0,0.09,0.01
7122,近畿車輛株式会社,14017060411.0,6329000000.0,154000000.0,0.45,0.02
3143,オーウイル株式会社,5607000000.0,429126000.0,6092000.0,0.08,0.01
7435,株式会社ナ・デックス,8854746400.0,2261103000.0,19434000.0,0.26,0.01
4027,テイカ株式会社,30131640000.0,12235000000.0,324000000.0,0.41,0.03
7868,株式会社広済堂ホールディングス,65930313765.0,1758000000.0,32000000.0,0.03,0.02
5076,インフロニア・ホールディングス株式会社,339708420000.0,20116000000.0,0.0,0.06,0.0
7562,株式会社安楽亭,16781010840.0,185860000.0,3764000.0,0.01,0.02
4218,ニチバン株式会社,39837698000.0,2889000000.0,33000000.0,0.07,0.01
4524,森下仁丹株式会社,9030400000.0,3856000000.0,72000000.0,0.43,0.02
3987,エコモット株式会社,2846135600.0,144245000.0,0.0,0.05,0.0
9347,日本管財ホールディングス株式会社,112997920000.0,11951000000.0,170000000.0,0.11,0.01
3076,あいホールディングス株式会社,134344660000.0,3550000000.0,44000000.0,0.03,0.01
3175,株式会社エー・ピーホールディングス,11878264300.0,176324000.0,3474000.0,0.01,0.02
7094,株式会社ＮｅｘＴｏｎｅ,17992848000.0,0.0,1000000.0,0.0,0.0
7325,株式会社アイリックコーポレーション,6443920000.0,133481000.0,0.0,0.02,0.0
9663,株式会社ナガワ,100433293960.0,17199000000.0,496000000.0,0.17,0.03
8059,第一実業株式会社,82290608000.0,12709000000.0,644000000.0,0.15,0.05
7621,株式会社うかい,20211576700.0,114439000.0,1998000.0,0.01,0.02
9409,株式会社テレビ朝日ホールディングス,307679715000.0,209180000000.0,1391000000.0,0.68,0.01
6778,株式会社アルチザネットワークス,6339606000.0,190431000.0,15928000.0,0.03,0.08
1436,株式会社グリーンエナジー＆カンパニー,9468082000.0,69950000.0,0.0,0.01,0.0
3770,株式会社ザッパラス,5023568000.0,424611000.0,0.0,0.08,0.0
1711,株式会社ＳＤＳホールディングス,2384236109.0,21930000.0,0.0,0.01,0.0
8144,株式会社デンキョーグループホールディングス,8017995000.0,4497000000.0,148000000.0,0.56,0.03
2805,ヱスビー食品株式会社,42568750000.0,15585000000.0,388000000.0,0.37,0.02
3634,株式会社ソケッツ,1493872200.0,12290000.0,0.0,0.01,0.0
7381,株式会社北國フィナンシャルホールディングス,124062400000.0,0.0,0.0,0.0,0.0
6286,靜甲株式会社,5698840917.0,2736492000.0,86990000.0,0.48,0.03
4690,日本パレットプール株式会社,3180060000.0,322318000.0,8461000.0,0.1,0.03
6964,株式会社サンコー,5040000000.0,1277957000.0,16323000.0,0.25,0.01
7420,佐鳥電機株式会社,31477284000.0,4344000000.0,82000000.0,0.14,0.02
3548,株式会社バロックジャパンリミテッド,28827571800.0,0.0,0.0,0.0,0.0
2927,株式会社ＡＦＣ－ＨＤアムスライフサイエンス,12689950518.0,588827000.0,7977000.0,0.05,0.01
7446,東北化学薬品株式会社,3835200000.0,1789876000.0,49479000.0,0.47,0.03
4368,扶桑化学工業株式会社,143819550000.0,714487000.0,13592000.0,0.0,0.02
8005,株式会社スクロール,36583145000.0,2368000000.0,81000000.0,0.06,0.03
7911,ＴＯＰＰＡＮホールディングス株式会社,1231479984000.0,310633000000.0,4212000000.0,0.25,0.01
6470,大豊工業株式会社,16511352000.0,5063000000.0,148000000.0,0.31,0.03
5945,天龍製鋸株式会社,21347719110.0,9227377000.0,173612000.0,0.43,0.02
3924,株式会社ランドコンピュータ,13673571900.0,136850000.0,1748000.0,0.01,0.01
9366,株式会社サンリツ,4907206741.0,516829000.0,14194000.0,0.11,0.03
8065,佐藤商事株式会社,33788450000.0,17927000000.0,641000000.0,0.53,0.04
4178,株式会社Ｓｈａｒｉｎｇ　Ｉｎｎｏｖａｔｉｏｎｓ,3072573000.0,0.0,0.0,0.0,0.0
9787,イオンディライト株式会社,,4558000000.0,107000000.0,0.0,0.02
9989,株式会社サンドラッグ,554651343232.0,34013000000.0,9000000.0,0.06,0.0
9380,東海運株式会社,9342129000.0,3756655000.0,132421000.0,0.4,0.04
5445,東京鐵鋼株式会社,51790136650.0,8378000000.0,136000000.0,0.16,0.02
7808,株式会社シー・エス・ランバー,5548449900.0,307329000.0,6996000.0,0.06,0.02
5184,株式会社ニチリン,50873340000.0,3923000000.0,70000000.0,0.08,0.02
6349,株式会社小森コーポレーション,81983061720.0,13749000000.0,383000000.0,0.17,0.03
7041,ＣＲＧホールディングス株式会社,1812921600.0,592300000.0,0.0,0.33,0.0
6273,ＳＭＣ株式会社,3398092360000.0,145267000000.0,120211000000.0,0.04,0.83
2004,昭和産業株式会社,95521740900.0,47221000000.0,711000000.0,0.49,0.02
6820,アイコム株式会社,42901650000.0,8447000000.0,110000000.0,0.2,0.01
8425,みずほリース株式会社,315738257100.0,377214000000.0,1024000000.0,1.19,0.0
7607,株式会社進和,46489403775.0,2857237000.0,75203000.0,0.06,0.03
7630,株式会社壱番屋,149094420000.0,531443000.0,48038000.0,0.0,0.09
2436,共同ピーアール株式会社,8061142680.0,116194000.0,1310000.0,0.01,0.01
2267,株式会社ヤクルト本社,894567536140.0,68019000000.0,2208000000.0,0.08,0.03
9986,蔵王産業株式会社,15169986000.0,78200000.0,4283000.0,0.01,0.05
7544,株式会社スリーエフ,3822719120.0,38000000.0,0.0,0.01,0.0
7267,本田技研工業株式会社,7888320000000.0,180512000000.0,989856000000.0,0.02,5.48
3712,株式会社情報企画,20613600000.0,5586000.0,0.0,0.0,0.0
4088,エア・ウォーター株式会社,498223717500.0,42001000000.0,27093000000.0,0.08,0.65
5591,株式会社ＡＶＩＬＥＮ,9771988800.0,0.0,0.0,0.0,0.0
7370,株式会社Ｅｎｊｉｎ,6039874200.0,383632000.0,0.0,0.06,0.0
9449,ＧＭＯインターネットグループ株式会社,406027608045.0,62811000000.0,626000000.0,0.15,0.01
2209,井村屋グループ株式会社,31956500400.0,2435806000.0,69322000.0,0.08,0.03
7729,株式会社東京精密,402766443631.0,3246000000.0,258000000.0,0.01,0.08
4054,日本情報クリエイト株式会社,10694057800.0,16159000.0,0.0,0.0,0.0
5844,株式会社京都フィナンシャルグループ,814581486000.0,0.0,0.0,0.0,0.0
9223,株式会社ＡＳＮＯＶＡ,7537670400.0,0.0,0.0,0.0,0.0
4595,株式会社ミズホメディー,26747604000.0,8000000.0,75000000.0,0.0,9.38
6965,浜松ホトニクス株式会社,301442964020.0,4386000000.0,59000000.0,0.01,0.01
6471,日本精工株式会社,346799987792.96875,31453000000.0,35067000000.0,0.09,1.11
1812,鹿島建設株式会社,1953383920000.0,397478000000.0,6986000000.0,0.2,0.02
6356,日本ギア工業株式会社,7525560000.0,1060316000.0,31549000.0,0.14,0.03
6463,ＴＰＲ株式会社,70795200000.0,35651000000.0,1080000000.0,0.5,0.03
7681,株式会社レオクラン,1959928800.0,105735000.0,4291000.0,0.05,0.04
5575,株式会社Ｇｌｏｂｅｅ,4648573380.0,0.0,0.0,0.0,0.0
3762,テクマトリックス株式会社,95091302400.0,1720584000.0,5646000.0,0.02,0.0
8181,株式会社東天紅,2336166868.0,254317000.0,7299000.0,0.11,0.03
5132,株式会社ｐｌｕｓｚｅｒｏ,24080722800.0,3152000.0,0.0,0.0,0.0
5988,株式会社パイオラックス,63955204000.0,4546000000.0,84000000.0,0.07,0.02
3068,株式会社ＷＤＩ,18993000000.0,318096000.0,0.0,0.02,0.0
7085,株式会社カーブスホールディングス,64480097691.0,0.0,0.0,0.0,0.0
9256,株式会社サクシード,2834330400.0,24320000.0,0.0,0.01,0.0
5845,全保連株式会社,22077063800.0,60000000.0,0.0,0.0,0.0
9765,株式会社オオバ,17425000000.0,1632186000.0,51278000.0,0.09,0.03
9722,藤田観光株式会社,141239895680.0,10472000000.0,257000000.0,0.07,0.02
4439,株式会社東名,13411440000.0,23652000.0,72077000.0,0.0,3.05
8093,極東貿易株式会社,18657866656.0,9405000000.0,342000000.0,0.5,0.04
5884,株式会社クラダシ,4496048128.0,0.0,0.0,0.0,0.0
4316,株式会社ビーマップ,1977620000.0,38303000.0,0.0,0.02,0.0
9238,バリュークリエーション株式会社,3911360000.0,0.0,0.0,0.0,0.0
6590,芝浦メカトロニクス株式会社,148651440000.0,0.0,80000000.0,0.0,0.0
6728,株式会社　アルバック,266028505820.0,10307000000.0,574000000.0,0.04,0.06
5973,株式会社トーアミ,3430400000.0,622914000.0,19628000.0,0.18,0.03
5136,ｔｒｉｐｌａ株式会社,12930914612.0,0.0,0.0,0.0,0.0
4151,協和キリン株式会社,1333009092000.0,4568000000.0,78770000000.0,0.0,17.24
7927,ムトー精工株式会社,12034997140.0,303414000.0,8641000.0,0.03,0.03
7749,メディキット株式会社,40891000000.0,778786000.0,16949000.0,0.02,0.02
7820,ニホンフラッシュ株式会社,20173300000.0,2405901000.0,90922000.0,0.12,0.04
3733,株式会社ソフトウェア・サービス,73978240000.0,393000000.0,36000000.0,0.01,0.09
3094,株式会社スーパーバリュー,9277185000.0,0.0,0.0,0.0,0.0
9685,ＫＹＣＯＭホールディングス株式会社,3263683896.0,1373206000.0,44796000.0,0.42,0.03
6026,ＧＭＯ　ＴＥＣＨ株式会社,7528240800.0,20000000.0,0.0,0.0,0.0
5194,相模ゴム工業株式会社,10302654000.0,969539000.0,25836000.0,0.09,0.03
2108,日本甜菜製糖株式会社,36183840762.0,25456000000.0,767000000.0,0.7,0.03
4651,株式会社サニックスホールディングス,12278669000.0,161000000.0,5000000.0,0.01,0.03
3480,株式会社ジェイ・エス・ビー,84586496000.0,1262525000.0,844597000.0,0.01,0.67
3803,イメージ情報開発株式会社,1736800000.0,16219000.0,0.0,0.01,0.0
9504,中国電力株式会社,293385820871.5906,225685000000.0,1498000000.0,0.77,0.01
7003,株式会社三井Ｅ＆Ｓ,301870944000.0,29674000000.0,275000000.0,0.1,0.01
9360,鈴与シンワート株式会社,9060000000.0,308000000.0,12000000.0,0.03,0.04
3402,東レ株式会社,1598851380000.0,98318000000.0,79460000000.0,0.06,0.81
6481,ＴＨＫ株式会社,501247645580.0,4923000000.0,11688000000.0,0.01,2.37
7358,株式会社ポピンズ,12823398000.0,0.0,0.0,0.0,0.0
5533,株式会社エリッツホールディングス,5964858000.0,110179000.0,2465000.0,0.02,0.02
3900,株式会社クラウドワークス,16556990509.0,1952023000.0,0.0,0.12,0.0
6635,株式会社大日光・エンジニアリング,3230285000.0,896929000.0,17181000.0,0.28,0.02
4554,富士製薬工業株式会社,33417630000.0,7092000000.0,0.0,0.21,0.0
6745,ホーチキ株式会社,79728000000.0,5280000000.0,148000000.0,0.07,0.03
8996,株式会社ハウスフリーダム,3370200000.0,47808000.0,243324000.0,0.01,5.09
2475,ＷＤＢホールディングス株式会社,33640620000.0,127731000.0,13465000.0,0.0,0.11
9270,バリュエンスホールディングス株式会社,12098457300.0,0.0,0.0,0.0,0.0
3289,東急不動産ホールディングス株式会社,747184551012.0,354714000000.0,508000000.0,0.47,0.0
5204,石塚硝子株式会社,10602347000.0,6463000000.0,206000000.0,0.61,0.03
7819,粧美堂株式会社,9172440000.0,1176241000.0,3994000.0,0.13,0.0
9888,株式会社ＵＥＸ,10188000000.0,2882646000.0,102735000.0,0.28,0.04
8541,株式会社　愛媛銀行,40766484000.0,0.0,0.0,0.0,0.0
3435,サンコーテクノ株式会社,11788809984.0,1454927000.0,42174000.0,0.12,0.03
5659,日本精線株式会社,33641140000.0,68000000.0,2000000.0,0.0,0.03
7173,株式会社東京きらぼしフィナンシャルグループ,204435500000.0,524000000.0,3000000.0,0.0,0.01
2429,株式会社ワールドホールディングス,40208067900.0,1437000000.0,3097000000.0,0.04,2.16
3676,株式会社デジタルハーツホールディングス,22433461200.0,1340609000.0,0.0,0.06,0.0
8253,株式会社クレディセゾン,730837846452.0,53724000000.0,0.0,0.07,0.0
8207,テンアライド株式会社,11165263241.0,504658000.0,11246000.0,0.05,0.02
4623,株式会社アサヒペン,7722000000.0,2877120000.0,61108000.0,0.37,0.02
7747,朝日インテック株式会社,625843814400.0,15185000000.0,91000000.0,0.02,0.01
4374,株式会社ＲＯＢＯＴ　ＰＡＹＭＥＮＴ,9279783322.0,188480000.0,0.0,0.02,0.0
6248,株式会社横田製作所,2838352500.0,0.0,0.0,0.0,0.0
5950,日本パワーファスニング株式会社,3438691360.0,176791000.0,5529000.0,0.05,0.03
3359,株式会社ｃｏｔｔａ,4781216538.0,0.0,1130000.0,0.0,0.0
6198,株式会社キャリア,2621793280.0,0.0,0.0,0.0,0.0
8070,東京産業株式会社,22283183622.0,6713000000.0,439000000.0,0.3,0.07
2341,株式会社アルバイトタイムス,4761685342.0,14477000.0,0.0,0.0,0.0
7695,株式会社交換できるくん,5569609500.0,16188000.0,0.0,0.0,0.0
6070,キャリアリンク株式会社,27557730900.0,222709000.0,1427000.0,0.01,0.01
5956,トーソー株式会社,5340000000.0,1000493000.0,29782000.0,0.19,0.03
4707,株式会社キタック,2071251328.0,236146000.0,6147000.0,0.11,0.03
4365,松本油脂製薬株式会社,85863360000.0,20707000000.0,302000000.0,0.24,0.01
1828,田辺工業株式会社,27463680000.0,330657000.0,9410000.0,0.01,0.03
2146,ＵＴグループ株式会社,97618077967.0,6000000.0,0.0,0.0,0.0
6742,株式会社京三製作所,30982092000.0,11991000000.0,180000000.0,0.39,0.02
5333,日本碍子株式会社,549730657620.0,68892000000.0,1943000000.0,0.13,0.03
4933,株式会社Ｉ－ｎｅ,29432966850.0,0.0,2000000.0,0.0,0.0
4619,日本特殊塗料株式会社,48780739200.0,22055000000.0,301000000.0,0.45,0.01
5697,株式会社サンユウ,3057682000.0,536076000.0,15845000.0,0.18,0.03
9073,京極運輸商事株式会社,4048000000.0,1797449000.0,65017000.0,0.44,0.04
9312,ケイヒン株式会社,17883713520.0,8303000000.0,246000000.0,0.46,0.03
5033,株式会社ヌーラボ,5660620173.0,0.0,0.0,0.0,0.0
3540,株式会社歯愛メディカル,48900000000.0,6021000000.0,47000000.0,0.12,0.01
5582,株式会社グリッド,11679622878.0,0.0,0.0,0.0,0.0
6366,千代田化工建設株式会社,140609652000.0,4272000000.0,1001000000.0,0.03,0.23
7555,株式会社大田花き,4075500000.0,825629000.0,13331000.0,0.2,0.02
7366,株式会社ＬＩＴＡＬＩＣＯ,44675226612.0,242000000.0,1397000000.0,0.01,5.77
6580,株式会社ライトアップ,15409124000.0,51159000.0,0.0,0.0,0.0
3844,コムチュア株式会社,57228840000.0,88000000.0,1000000.0,0.0,0.01
6458,新晃工業株式会社,97954218000.0,13212000000.0,348000000.0,0.13,0.03
6144,西部電機株式会社,28864640000.0,5571000000.0,107000000.0,0.19,0.02
9012,秩父鉄道株式会社,3006000000.0,111793000.0,1935000.0,0.04,0.02
7034,株式会社プロレド・パートナーズ,7075619200.0,6324438000.0,0.0,0.89,0.0
1952,新日本空調株式会社,120341592000.0,22443000000.0,532000000.0,0.19,0.02
3953,大村紙業株式会社,2892080912.0,237097000.0,6042000.0,0.08,0.03
6492,岡野バルブ製造株式会社,11349690000.0,1352000000.0,8000000.0,0.12,0.01
9709,ＮＣＳ＆Ａ株式会社,20286000000.0,1100280000.0,39425000.0,0.05,0.04
2674,株式会社ハードオフコーポレーション,23540398000.0,3639795000.0,74200000.0,0.15,0.02
7120,株式会社ＳＨＩＮＫＯ,4392430000.0,0.0,0.0,0.0,0.0
3437,特殊電極株式会社,3988980000.0,200812000.0,5627000.0,0.05,0.03
7408,株式会社ジャムコ,,1059766000.0,5057000.0,0.0,0.0
2303,株式会社ドーン,7507500000.0,548501000.0,0.0,0.07,0.0
5706,三井金属鉱業株式会社,300160011000.0,64220000000.0,607000000.0,0.21,0.01
6143,株式会社ソディック,53696394220.0,6657000000.0,263000000.0,0.12,0.04
3768,リスクモンスター株式会社,3795550234.0,1387142000.0,23894000.0,0.37,0.02
8399,株式会社琉球銀行,51902032000.0,0.0,0.0,0.0,0.0
7962,株式会社キングジム,26017165284.0,3116368000.0,104980000.0,0.12,0.03
4275,株式会社カーリット,28547350000.0,8631000000.0,256000000.0,0.3,0.03
9558,ジャパニアス株式会社,8539596000.0,20000000.0,0.0,0.0,0.0
7058,共栄セキュリティーサービス株式会社,3889783000.0,85465000.0,129256000.0,0.02,1.51
4109,ステラケミファ株式会社,52994705000.0,3163000000.0,2000000.0,0.06,0.0
9517,イーレックス株式会社,57457133888.0,3615000000.0,3630000000.0,0.06,1.0
9930,北沢産業株式会社,9003204000.0,2687007000.0,57580000.0,0.3,0.02
3067,株式会社東京一番フーズ,4135785800.0,0.0,0.0,0.0,0.0
4445,リビン・テクノロジーズ株式会社,4265891900.0,686918000.0,0.0,0.16,0.0
4220,リケンテクノス株式会社,58069770710.0,6194352000.0,230686000.0,0.11,0.04
5237,株式会社ノザワ,11362575000.0,3614424000.0,118308000.0,0.32,0.03
6850,株式会社チノー,21483469120.0,1390000000.0,57000000.0,0.06,0.04
5356,美濃窯業株式会社,12999363000.0,2177854000.0,65289000.0,0.17,0.03
4434,株式会社サーバーワークス,16423153125.0,3806775000.0,32900000.0,0.23,0.01
4430,東海ソフト株式会社,7488696600.0,194016000.0,4260000.0,0.03,0.02
6182,株式会社メタリアル,6805037500.0,53030000.0,0.0,0.01,0.0
5253,カバー株式会社,141672915800.0,0.0,0.0,0.0,0.0
6396,株式会社宇野澤組鐵工所,3333120000.0,478689000.0,17667000.0,0.14,0.04
9726,ＫＮＴ－ＣＴホールディングス株式会社,28806887702.0,4481000000.0,91000000.0,0.16,0.02
9934,因幡電機産業株式会社,229171192000.0,19974000000.0,694000000.0,0.09,0.03
7180,株式会社九州フィナンシャルグループ,352489368156.4331,56000000.0,3000000.0,0.0,0.05
5423,東京製鐵株式会社,182706653340.0,25392000000.0,681000000.0,0.14,0.03
8918,株式会社ランド,13906260000.0,45000000.0,23232000.0,0.0,0.52
6089,株式会社ウィルグループ,21686486700.0,234000000.0,0.0,0.01,0.0
7956,ピジョン株式会社,207480020373.0,553000000.0,13000000.0,0.0,0.02
4617,中国塗料株式会社,155375000000.0,8229000000.0,344000000.0,0.05,0.04
4044,セントラル硝子株式会社,78910000000.0,17835000000.0,536000000.0,0.23,0.03
3563,株式会社ＦＯＯＤ　＆　ＬＩＦＥ　ＣＯＭＰＡＮＩＥＳ,862277967936.0,962000000.0,1000000.0,0.0,0.0
7490,日新商事株式会社,8002800000.0,8148730000.0,300659000.0,1.02,0.04
7844,株式会社マーベラス,32103662400.0,2908000000.0,0.0,0.09,0.0
9735,セコム株式会社,2479511315944.0,435635000000.0,1012000000.0,0.18,0.0
9502,中部電力株式会社,1381834000000.0,2037296000000.0,1143000000.0,1.47,0.0
4849,エン・ジャパン株式会社,83870892000.0,4661000000.0,2000000.0,0.06,0.0
7462,株式会社ＣＡＰＩＴＡ,1755397000.0,3545000.0,0.0,0.0,0.0
6257,株式会社藤商事,24154752500.0,9719000000.0,150000000.0,0.4,0.02
5284,ヤマウホールディングス株式会社,13179540000.0,499110000.0,19493000.0,0.04,0.04
4326,株式会社インテージホールディングス,76768974000.0,5920277000.0,59716000.0,0.08,0.01
4221,大倉工業株式会社,52262940000.0,10341000000.0,344000000.0,0.2,0.03
5440,共英製鋼株式会社,99271092030.0,17526000000.0,334000000.0,0.18,0.02
6361,株式会社荏原製作所,1313853392500.0,2078000000.0,25424000000.0,0.0,12.23
1884,日本道路株式会社,110260514000.0,1947000000.0,37000000.0,0.02,0.02
7414,小野建株式会社,35096831000.0,3032000000.0,53000000.0,0.09,0.02
7088,株式会社フォーラムエンジニアリング,63996201600.0,10000000.0,0.0,0.0,0.0
4360,株式会社マナック・ケミカル・パートナーズ,4321125000.0,1520000000.0,50000000.0,0.35,0.03
3399,株式会社丸千代山岡家,60841220000.0,62953000.0,0.0,0.0,0.0
4973,日本高純度化学株式会社,19597056000.0,5974602000.0,188064000.0,0.3,0.03
6054,株式会社リブセンス,4167680000.0,66166000.0,0.0,0.02,0.0
3286,トラストホールディングス株式会社,4632005000.0,69847000.0,1869000.0,0.02,0.03
1893,五洋建設株式会社,268537612682.73926,22475000000.0,342000000.0,0.08,0.02
3156,株式会社レスター,79480296000.0,3477000000.0,45000000.0,0.04,0.01
2668,タビオ株式会社,8169842120.0,387450000.0,6843000.0,0.05,0.02
8343,株式会社秋田銀行,57083415000.0,0.0,0.0,0.0,0.0
6918,株式会社アバールデータ,15979555290.0,2677284000.0,105195000.0,0.17,0.04
3079,ディーブイエックス株式会社,9885260000.0,323874000.0,3392000.0,0.03,0.01
7791,ドリームベッド株式会社,3367937020.0,172628000.0,4331000.0,0.05,0.03
7885,タカノ株式会社,11539214000.0,3607813000.0,52672000.0,0.31,0.01
2798,株式会社ワイズテーブルコーポレーション,9733578400.0,208355000.0,0.0,0.02,0.0
9264,ポエック株式会社,8068662610.0,273311000.0,230463000.0,0.03,0.84
2483,株式会社翻訳センター,6434790000.0,346316000.0,0.0,0.05,0.0
4356,応用技術株式会社,9009676800.0,0.0,0.0,0.0,0.0
7505,扶桑電通株式会社,20374788460.0,7217184000.0,145386000.0,0.35,0.02
6612,バルミューダ株式会社,7281104000.0,0.0,0.0,0.0,0.0
7416,株式会社はるやまホールディングス,12116475000.0,567654000.0,12049000.0,0.05,0.02
7936,株式会社アシックス,2758438624000.0,3513000000.0,167000000.0,0.0,0.05
6023,ダイハツインフィニアース株式会社,71471400000.0,1472000000.0,54000000.0,0.02,0.04
7214,ＧＭＢ株式会社,4396672548.0,997123000.0,241871000.0,0.23,0.24
2408,株式会社ＫＧ情報,4579362000.0,57420000.0,2070000.0,0.01,0.04
6810,マクセル株式会社,86915556000.0,9667000000.0,219000000.0,0.11,0.02
9639,三協フロンテア株式会社,47062340000.0,87000000.0,9000000.0,0.0,0.1
8089,ナイス株式会社,20682351462.0,10514000000.0,209000000.0,0.51,0.02
6141,ＤＭＧ森精機株式会社,472426240000.0,1916000000.0,20367000000.0,0.0,10.63
7740,株式会社タムロン,40940000000.0,6699000000.0,130000000.0,0.16,0.02
4565,ネクセラファーマ株式会社,78035680744.0,0.0,0.0,0.0,0.0
6998,日本タングステン株式会社,6351600640.0,1730000000.0,28000000.0,0.27,0.02
7259,株式会社アイシン,1528650662829.0,121975000000.0,83072000000.0,0.08,0.68
3521,エコナックホールディングス株式会社,4181628000.0,0.0,0.0,0.0,0.0
5476,日本高周波鋼業株式会社,5830983949.0,861000000.0,82000000.0,0.15,0.1
3461,株式会社パルマ,3565412703.0,5448000.0,0.0,0.0,0.0
7083,ＡＨＣグループ株式会社,2008316352.0,89177000.0,0.0,0.04,0.0
5280,ヨシコン株式会社,17899422792.0,2985654000.0,148465000.0,0.17,0.05
9828,株式会社Ｇｅｎｋｉ　Ｇｌｏｂａｌ　Ｄｉｎｉｎｇ　Ｃｏｎｃｅｐｔｓ,69461150000.0,37000000.0,73000000.0,0.0,1.97
2811,カゴメ株式会社,266260696000.0,11501000000.0,3702000000.0,0.04,0.32
4337,ぴあ株式会社,45686288534.0,1125000000.0,8000000.0,0.02,0.01
6707,サンケン電気株式会社,208514682480.0,15632000000.0,33000000.0,0.07,0.0
3941,レンゴー株式会社,234707397017.57812,156961000000.0,2568000000.0,0.67,0.02
9057,遠州トラック株式会社,23807630000.0,357000000.0,9000000.0,0.01,0.03
3323,レカム株式会社,7023571675.0,26199000.0,0.0,0.0,0.0
4047,関東電化工業株式会社,49259418800.0,8181000000.0,445000000.0,0.17,0.05
5018,株式会社ＭＯＲＥＳＣＯ,12101856000.0,654000000.0,25000000.0,0.05,0.04
5892,株式会社ｙｕｔｏｒｉ,21183921000.0,0.0,0.0,0.0,0.0
7694,株式会社いつも,6870210464.0,158055000.0,0.0,0.02,0.0
5983,イワブチ株式会社,7150000000.0,2872489000.0,62296000.0,0.4,0.02
6310,井関農機株式会社,31282575473.0,9864000000.0,351000000.0,0.32,0.04
3300,株式会社アンビションＤＸホールディングス,16003964400.0,18103000.0,253370000.0,0.0,14.0
2980,ＳＲＥホールディングス株式会社,50162395650.0,45000000.0,0.0,0.0,0.0
5357,株式会社　ヨータイ,33309800000.0,3085052000.0,100887000.0,0.09,0.03
7841,株式会社遠藤製作所,10526715000.0,791004000.0,4594000.0,0.08,0.01
3105,日清紡ホールディングス株式会社,158972765734.0088,69917000000.0,1251000000.0,0.44,0.02
4442,バルテス・ホールディングス株式会社,9009000000.0,213612000.0,0.0,0.02,0.0
5901,東洋製罐グループホールディングス株式会社,489322838000.0,167035000000.0,3075000000.0,0.34,0.02
8877,エスリード株式会社,71992368000.0,499971000.0,20270000.0,0.01,0.04
3577,東海染工株式会社,3148013492.0,2696944000.0,77161000.0,0.86,0.03
3911,株式会社Ａｉｍｉｎｇ,11396093200.0,0.0,0.0,0.0,0.0
9348,株式会社ｉｓｐａｃｅ,60234865710.0,0.0,0.0,0.0,0.0
2792,株式会社ハニーズホールディングス,40399200000.0,940299000.0,4470000.0,0.02,0.0
4570,株式会社免疫生物研究所,4601407460.0,95058000.0,0.0,0.02,0.0
6196,株式会社ストライク,72868563000.0,808702000.0,3530000.0,0.01,0.0
3071,株式会社ストリーム,3194800000.0,10318000.0,0.0,0.0,0.0
9242,メディア総研株式会社,1637529300.0,110000000.0,0.0,0.07,0.0
3168,株式会社ＭＥＲＦ,7942808800.0,481238000.0,9827000.0,0.06,0.02
9278,ブックオフグループホールディングス株式会社,29115099000.0,305000000.0,5000000.0,0.01,0.02
8386,株式会社百十四銀行,135849350000.0,0.0,0.0,0.0,0.0
4530,久光製薬株式会社,342277713005.0,60222000000.0,1245000000.0,0.18,0.02
4765,ＳＢＩグローバルアセットマネジメント株式会社,56942736000.0,7702904000.0,123188000.0,0.14,0.02
4416,株式会社Ｔｒｕｅ　Ｄａｔａ,4466431200.0,7485000.0,0.0,0.0,0.0
3753,株式会社フライトソリューションズ,2809803500.0,0.0,0.0,0.0,0.0
6706,電気興業株式会社,23162500000.0,2988000000.0,113000000.0,0.13,0.04
9404,日本テレビホールディングス株式会社,830775729920.0,567732000000.0,2395000000.0,0.68,0.0
6197,株式会社ソラスト,39696811267.0,409000000.0,0.0,0.01,0.0
3315,日本コークス工業株式会社,26304363000.0,1292000000.0,30000000.0,0.05,0.02
5101,横浜ゴム株式会社,707867075000.0,23828000000.0,43814000000.0,0.03,1.84
4165,株式会社プレイド,46766216544.0,49914000.0,0.0,0.0,0.0
6317,株式会社北川鉄工所,13442450000.0,4323000000.0,120000000.0,0.32,0.03
9978,株式会社文教堂グループホールディングス,2255825000.0,69313000.0,0.0,0.03,0.0
3133,株式会社海帆,36783267949.0,0.0,5797000.0,0.0,0.0
5990,株式会社スーパーツール,4696510000.0,421109000.0,14311000.0,0.09,0.03
2371,株式会社カカクコム,523791857750.0,4669000000.0,13000000.0,0.01,0.0
6788,株式会社日本トリム,38609238800.0,1306584000.0,104923000.0,0.03,0.08
1948,株式会社弘電社,21169200000.0,1440000000.0,40000000.0,0.07,0.03
6731,株式会社ピクセラ,1864238768.0,0.0,0.0,0.0,0.0
6195,株式会社ホープ,3556612800.0,5792000.0,0.0,0.0,0.0
6060,こころネット株式会社,3939177500.0,315026000.0,0.0,0.08,0.0
6455,株式会社モリタホールディングス,104908648000.0,14298000000.0,310000000.0,0.14,0.02
9936,株式会社王将フードサービス,257426730000.0,4894000000.0,87000000.0,0.02,0.02
6775,株式会社ＴＢグループ,1805484000.0,232446000.0,0.0,0.13,0.0
4901,富士フイルムホールディングス株式会社,3760240171000.0,45276000000.0,1388000000.0,0.01,0.03
2445,株式会社タカミヤ,15186710000.0,532000000.0,15000000.0,0.04,0.03
4384,ラクスル株式会社,73008011948.0,7524000000.0,1000000.0,0.1,0.0
9960,東テク株式会社,117457236000.0,15055000000.0,400000000.0,0.13,0.03
8142,株式会社トーホー,34522620000.0,2369000000.0,49000000.0,0.07,0.02
4331,株式会社テイクアンドギヴ・ニーズ,13245112980.0,15000000.0,200000000.0,0.0,13.33
4574,大幸薬品株式会社,14026421300.0,461000000.0,401000000.0,0.03,0.87
5949,ユニプレス株式会社,47030196785.0,8309000000.0,145000000.0,0.18,0.02
8706,極東証券株式会社,46644517000.0,28903000000.0,918000000.0,0.62,0.03
4394,株式会社エクスモーション,2560329300.0,0.0,0.0,0.0,0.0
3020,アプライド株式会社,9393620000.0,33000000.0,0.0,0.0,0.0
3486,株式会社グローバル・リンク・マネジメント,17493127480.0,424400000.0,1790000.0,0.02,0.0
7774,株式会社ジャパン・ティッシュエンジニアリング,27046393200.0,150000000.0,0.0,0.01,0.0
3910,株式会社エムケイシステム,1698964000.0,0.0,97435000.0,0.0,0.0
4380,株式会社Ｍマート,6015684000.0,0.0,0.0,0.0,0.0
2329,株式会社東北新社,92816373324.0,8854000000.0,158000000.0,0.1,0.02
3948,光ビジネスフォーム株式会社,6937645742.0,1227487000.0,26114000.0,0.18,0.02
9119,飯野海運株式会社,113800500000.0,25660000000.0,1827000000.0,0.23,0.07
6977,株式会社日本抵抗器製作所,1054000000.0,308521000.0,7929000.0,0.29,0.03
6062,株式会社チャーム・ケア・コーポレーション,42656448000.0,10000000.0,100000000.0,0.0,10.0
3943,大石産業株式会社,11258896000.0,1528000000.0,46000000.0,0.14,0.03
5869,株式会社早稲田学習研究会,10874981250.0,524590000.0,0.0,0.05,0.0
6630,ヤーマン株式会社,49304060000.0,300000000.0,12000000.0,0.01,0.04
3179,シュッピン株式会社,28406580984.0,0.0,6755000.0,0.0,0.0
7018,内海造船株式会社,12346440000.0,1014000000.0,24000000.0,0.08,0.02
1301,株式会社　極洋,55619190000.0,14053000000.0,257000000.0,0.25,0.02
1969,高砂熱学工業株式会社,519420377790.0,43220000000.0,926000000.0,0.08,0.02
3909,株式会社ショーケース,3452918400.0,42091000.0,0.0,0.01,0.0
7686,株式会社カクヤスグループ,13841919900.0,380000000.0,0.0,0.03,0.0
3042,株式会社セキュアヴェイル,2376210000.0,59397000.0,0.0,0.02,0.0
8022,美津濃株式会社,70644324000.0,9569000000.0,282000000.0,0.14,0.03
3231,野村不動産ホールディングス株式会社,157294829860.29053,189916000000.0,137000000.0,1.21,0.0
4410,ハリマ化成グループ株式会社,21072640000.0,9292000000.0,151000000.0,0.44,0.02
6419,株式会社マースグループホールディングス,65479040000.0,16113027000.0,753528000.0,0.25,0.05
7128,フルサト・マルカホールディングス株式会社,58231188000.0,3116000000.0,176000000.0,0.05,0.06
6379,レイズネクスト株式会社,98748360619.0,4711000000.0,203000000.0,0.05,0.04
7539,株式会社アイナボホールディングス,8141826180.0,2222055000.0,42679000.0,0.27,0.02
6822,大井電気株式会社,4637850000.0,664452000.0,12020000.0,0.14,0.02
7846,株式会社パイロットコーポレーション,172988090800.0,8937000000.0,602000000.0,0.05,0.07
4169,ＥＮＥＣＨＡＮＧＥ株式会社,9280705200.0,1018705000.0,0.0,0.11,0.0
3288,株式会社オープンハウスグループ,797331192000.0,33371000000.0,1594000000.0,0.04,0.05
1605,株式会社ＩＮＰＥＸ,2579340233249.5,26545000000.0,109662000000.0,0.01,4.13
6960,フクダ電子株式会社,258189480000.0,14740000000.0,252000000.0,0.06,0.02
3556,リネットジャパングループ株式会社,8863778200.0,104361000.0,0.0,0.01,0.0
4552,ＪＣＲファーマ株式会社,87408364000.0,9629000000.0,34000000.0,0.11,0.0
3817,株式会社ＳＲＡホールディングス,71475600000.0,9323000000.0,262000000.0,0.13,0.03
8011,株式会社三陽商会,34170282338.0,6298000000.0,259000000.0,0.18,0.04
1726,株式会社ビーアールホールディングス,15066555000.0,476000000.0,4000000.0,0.03,0.01
8860,フジ住宅株式会社,25020471000.0,872711000.0,23818000.0,0.03,0.03
6946,日本アビオニクス株式会社,69319140000.0,19000000.0,1000000.0,0.0,0.05
4760,株式会社アルファ,2570566752.0,65810000.0,0.0,0.03,0.0
9692,株式会社シーイーシー,79222941200.0,2231000000.0,26000000.0,0.03,0.01
3996,サインポスト株式会社,3901863475.0,7193000.0,0.0,0.0,0.0
6408,小倉クラッチ株式会社,5778361560.0,1010000000.0,31000000.0,0.17,0.03
9984,ソフトバンクグループ株式会社,15721598984850.0,512128000000.0,2490000000.0,0.03,0.0
1980,ダイダン株式会社,208212390000.0,17116000000.0,391000000.0,0.08,0.02
4371,株式会社コアコンセプト・テクノロジー,21229946400.0,196091000.0,23286000.0,0.01,0.12
1380,株式会社秋川牧園,4237506000.0,118784000.0,1998000.0,0.03,0.02
3710,ジョルダン株式会社,3032135000.0,402261000.0,1479000.0,0.13,0.0
1375,ユキグニファクトリー株式会社,44380698400.0,88000000.0,0.0,0.0,0.0
8908,株式会社毎日コムネット,13860000000.0,178362000.0,2993000.0,0.01,0.02
9262,株式会社シルバーライフ,8123579200.0,0.0,0.0,0.0,0.0
3955,株式会社イムラ,10418218270.0,960000000.0,40000000.0,0.09,0.04
4069,株式会社ＢｌｕｅＭｅｍｅ,5110395428.0,117043000.0,0.0,0.02,0.0
3077,ホリイフードサービス株式会社,1814400000.0,147923000.0,4541000.0,0.08,0.03
7571,株式会社ヤマノホールディングス,3547170000.0,121975000.0,3933000.0,0.03,0.03
7851,カワセコンピュータサプライ株式会社,1295160000.0,589732000.0,5878000.0,0.46,0.01
4888,ステラファーマ株式会社,14226253800.0,0.0,0.0,0.0,0.0
4586,株式会社メドレックス,3562132500.0,31191000.0,0.0,0.01,0.0
9432,日本電信電話株式会社,13618767033884.729,769083000000.0,0.0,0.06,0.0
5285,株式会社ヤマックス,20461860000.0,378924000.0,11711000.0,0.02,0.03
9171,栗林商船株式会社,14051884688.0,18893177000.0,525323000.0,1.34,0.03
3680,株式会社ホットリンク,4789740000.0,339241000.0,0.0,0.07,0.0
5831,株式会社しずおかフィナンシャルグループ,999272202500.0,0.0,0.0,0.0,0.0
6919,ケル株式会社,10553709000.0,1225958000.0,46180000.0,0.12,0.04
2769,株式会社ヴィレッジヴァンガードコーポレーション,8011072300.0,0.0,0.0,0.0,0.0
7071,株式会社アンビスホールディングス,48369216000.0,0.0,0.0,0.0,0.0
7388,株式会社ＦＰパートナー,45788040400.0,1007000.0,103932000.0,0.0,103.21
4334,株式会社ユークス,4593744000.0,119709000.0,2861000.0,0.03,0.02
2876,株式会社デルソーレ,3778695350.0,194829000.0,22432000.0,0.05,0.12
6088,株式会社シグマクシス・ホールディングス,104130000000.0,3024643000.0,0.0,0.03,0.0
5609,日本鋳造株式会社,4188143400.0,112000000.0,2000000.0,0.03,0.02
3878,株式会社巴川コーポレーション,7334920636.0,6318000000.0,92000000.0,0.86,0.01
5867,株式会社エスネットワークス,3554084600.0,127606000.0,0.0,0.04,0.0
3696,株式会社セレス,31081591200.0,1143278000.0,0.0,0.04,0.0
8111,株式会社ゴールドウイン,375266232000.0,33014000000.0,105000000.0,0.09,0.0
4642,オリジナル設計株式会社,11656216000.0,767611000.0,9713000.0,0.07,0.01
3063,株式会社ジェイグループホールディングス,9348619800.0,7330000.0,0.0,0.0,0.0
2612,かどや製油株式会社,34169000000.0,2213000000.0,55000000.0,0.06,0.02
1414,ショーボンドホールディングス株式会社,269653095360.0,11511000000.0,270000000.0,0.04,0.02
8098,稲畑産業株式会社,179735907195.0,36230000000.0,1051000000.0,0.2,0.03
5721,株式会社エス・サイエンス,16708062382.0,1377000.0,0.0,0.0,0.0
6190,株式会社フェニックスバイオ,1586378103.0,9397000.0,0.0,0.01,0.0
6071,株式会社ＩＢＪ,36036000000.0,1604165000.0,816219000.0,0.04,0.51
1946,株式会社トーエネック,123035386350.0,25958000000.0,392000000.0,0.21,0.02
3915,株式会社テラスカイ,29105110140.0,4269158000.0,17151000.0,0.15,0.0
3490,株式会社アズ企画設計,3344952000.0,30145000.0,0.0,0.01,0.0
7898,株式会社ウッドワン,8129466394.0,3276000000.0,111000000.0,0.4,0.03
2903,シノブフーズ株式会社,20735000000.0,0.0,37000000.0,0.0,0.0
1764,工藤建設株式会社,3539713980.0,289480000.0,13238000.0,0.08,0.05
9696,株式会社ウィザス,32752200000.0,2558850000.0,15923000.0,0.08,0.01
6282,オイレス工業株式会社,69164100000.0,7545000000.0,237000000.0,0.11,0.03
8418,株式会社山口フィナンシャルグループ,385840576896.0,9958000000.0,16000000.0,0.03,0.0
7794,株式会社イーディーピー,8166476800.0,0.0,0.0,0.0,0.0
8416,株式会社高知銀行,8225932000.0,0.0,0.0,0.0,0.0
9791,株式会社ビケンテクノ,7416998000.0,1791651000.0,37897000.0,0.24,0.02
8801,三井不動産株式会社,3779603756500.0,1334510000000.0,8743000000.0,0.35,0.01
7256,河西工業株式会社,3753614160.0,2730000000.0,33000000.0,0.73,0.01
7707,プレシジョン・システム・サイエンス株式会社,5312044800.0,55172000.0,75116000.0,0.01,1.36
5103,昭和ホールディングス株式会社,4272431856.0,2302207000.0,2974000.0,0.54,0.0
6366,千代田化工建設株式会社,140609652000.0,3976000000.0,248000000.0,0.03,0.06
5446,北越メタル株式会社,4940578000.0,2199120000.0,69233000.0,0.45,0.03
7715,長野計器株式会社,38049782672.0,9320227000.0,212200000.0,0.24,0.02
2978,株式会社ツクルバ,6695848800.0,32421000.0,0.0,0.0,0.0
7906,ヨネックス株式会社,280469816000.0,276000000.0,9454000000.0,0.0,34.25
4714,株式会社　リソー教育,37797354980.0,82650000.0,2819000.0,0.0,0.03
1663,Ｋ＆Ｏエナジーグループ株式会社,79000938068.0,15837000000.0,518000000.0,0.2,0.03
7092,株式会社Ｆａｓｔ　Ｆｉｔｎｅｓｓ　Ｊａｐａｎ,27458754720.0,2000000.0,42000000.0,0.0,21.0
4099,四国化成ホールディングス株式会社,105442150000.0,24023000000.0,422000000.0,0.23,0.02
3727,株式会社アプリックス,3392350150.0,39535000.0,0.0,0.01,0.0
4307,株式会社野村総合研究所,3134632713000.0,47165000000.0,27838000000.0,0.02,0.59
7917,ＺＡＣＲＯＳ株式会社,73410165600.0,2667000000.0,65000000.0,0.04,0.02
8841,株式会社テーオーシー,66257394000.0,23027000000.0,406000000.0,0.35,0.02
8015,豊田通商株式会社,3458422264000.0,298520000000.0,265702000000.0,0.09,0.89
3134,Ｈａｍｅｅ株式会社,19787976000.0,643592000.0,268150000.0,0.03,0.42
5386,株式会社鶴弥,3114887800.0,874527000.0,25102000.0,0.28,0.03
3798,ＵＬＳグループ株式会社,45158800000.0,461000000.0,8000000.0,0.01,0.02
7581,株式会社サイゼリヤ,262405440000.0,0.0,11014000000.0,0.0,0.0
7504,株式会社高速,58564666800.0,5931900000.0,43882000.0,0.1,0.01
8871,株式会社ゴールドクレスト,121665600000.0,15078000000.0,1000000.0,0.12,0.0
2307,株式会社クロスキャット,17209742088.0,1255126000.0,24325000.0,0.07,0.02
3159,丸善ＣＨＩホールディングス株式会社,30357712000.0,4476000000.0,85000000.0,0.15,0.02
4120,スガイ化学工業株式会社,2884673000.0,1763585000.0,57730000.0,0.61,0.03
5161,西川ゴム工業株式会社,54266430000.0,26041000000.0,683000000.0,0.48,0.03
7039,ブリッジインターナショナル株式会社,6911612400.0,343156000.0,0.0,0.05,0.0
4495,株式会社アイキューブドシステムズ,9594483750.0,271938000.0,0.0,0.03,0.0
6867,リーダー電子株式会社,2338407918.0,155508000.0,5643000.0,0.07,0.04
2404,株式会社鉄人化ホールディングス,7778996340.0,0.0,200000000.0,0.0,0.0
3557,ユナイテッド＆コレクティブ株式会社,4327685200.0,0.0,0.0,0.0,0.0
9613,株式会社ＮＴＴデータグループ,5558107500000.0,3287000000.0,230000000.0,0.0,0.07
6250,株式会社やまびこ,94524361204.0,3908000000.0,128000000.0,0.04,0.03
3024,クリエイト株式会社,4262706000.0,150115000.0,5063000.0,0.04,0.03
6937,古河電池株式会社,45165600000.0,1655000000.0,74000000.0,0.04,0.04
8052,椿本興業株式会社,48910212663.0,15459000000.0,471000000.0,0.32,0.03
6570,株式会社共和コーポレーション,6086210130.0,330733000.0,3319000.0,0.05,0.01
3097,株式会社物語コーポレーション,140511108750.0,188000000.0,28000000.0,0.0,0.15
3409,株式会社北紡,5835149000.0,140784000.0,4293000.0,0.02,0.03
4813,株式会社ＡＣＣＥＳＳ,29611916100.0,675971000.0,0.0,0.02,0.0
8057,株式会社内田洋行,104085810000.0,20264000000.0,471000000.0,0.19,0.02
4293,株式会社セプテーニ・ホールディングス,90686161566.0,4701920000.0,1213639000.0,0.05,0.26
4012,株式会社アクシス,7186124400.0,0.0,22396000.0,0.0,0.0
5588,ファーストアカウンティング株式会社,17295506440.0,0.0,0.0,0.0,0.0
1381,株式会社アクシーズ,16508363000.0,1122000000.0,16000000.0,0.07,0.01
6118,アイダエンジニアリング株式会社,60013726553.0,9979000000.0,279000000.0,0.17,0.03
1992,神田通信機株式会社,7261092336.0,2018540000.0,35629000.0,0.28,0.02
4578,大塚ホールディングス株式会社,3677036639937.0,11689000000.0,3083000000.0,0.0,0.26
9990,株式会社サックスバーホールディングス,24037219500.0,4376931000.0,2134000.0,0.18,0.0
7602,株式会社レダックス,3230205206.0,62908000.0,1843000.0,0.02,0.03
8601,株式会社大和証券グループ本社,1599196182000.0,618456000000.0,5258000000.0,0.39,0.01
4658,日本空調サービス株式会社,39290832000.0,6094000000.0,159000000.0,0.16,0.03
4231,タイガースポリマー株式会社,16812796000.0,4916875000.0,133797000.0,0.29,0.03
9237,株式会社笑美面,4627559150.0,0.0,0.0,0.0,0.0
3845,株式会社アイフリークモバイル,2454058715.0,0.0,0.0,0.0,0.0
8737,株式会社あかつき本社,17116587000.0,3772268000.0,74672000.0,0.22,0.02
4644,イマジニア株式会社,10638351000.0,746086000.0,0.0,0.07,0.0
2304,株式会社ＣＳＳホールディングス,4809896000.0,538668000.0,12713000.0,0.11,0.02
6867,リーダー電子株式会社,2329601918.0,168671000.0,5057000.0,0.07,0.03
3641,株式会社パピレス,9138510000.0,66000000.0,0.0,0.01,0.0
7508,株式会社Ｇ‐７ホールディングス,59407708000.0,123000000.0,3000000.0,0.0,0.02
1898,世紀東急工業株式会社,53740864000.0,415000000.0,9000000.0,0.01,0.02
4980,デクセリアルズ株式会社,376828848000.0,845000000.0,9285000000.0,0.0,10.99
7064,株式会社ハウテレビジョン,3468555830.0,0.0,0.0,0.0,0.0
4476,ＡＩ　ＣＲＯＳＳ株式会社,6758523900.0,74498000.0,0.0,0.01,0.0
6498,株式会社キッツ,105954389310.0,5512000000.0,203000000.0,0.05,0.04
5602,株式会社栗本鐵工所,84850740000.0,20151000000.0,826000000.0,0.24,0.04
8309,三井住友トラストグループ株式会社,2780102170000.0,642000000.0,0.0,0.0,0.0
4189,ＫＨネオケム株式会社,99708989600.0,7370000000.0,186000000.0,0.07,0.03
9067,株式会社丸運,12947555703.0,2639000000.0,74000000.0,0.2,0.03
3317,株式会社フライングガーデン,3651903360.0,0.0,0.0,0.0,0.0
3690,株式会社イルグルム,3402869610.0,56828000.0,31609000.0,0.02,0.56
2338,クオンタムソリューションズ株式会社,22034192826.0,0.0,0.0,0.0,0.0
9417,株式会社スマートバリュー,4133082600.0,1593000.0,210026000.0,0.0,131.84
2753,株式会社　あみやき亭,30716868000.0,0.0,0.0,0.0,0.0
8291,日産東京販売ホールディングス株式会社,33450770000.0,6216000000.0,173000000.0,0.19,0.03
8316,株式会社三井住友フィナンシャルグループ,14018963657922.0,107820000000.0,4320000000.0,0.01,0.04
4755,楽天グループ株式会社,1690838702980.1514,78225000000.0,59591000000.0,0.05,0.76
6343,フリージア・マクロス株式会社,4735395000.0,6383065000.0,199840000.0,1.35,0.03
7857,セキ株式会社,6099324000.0,4804270000.0,149461000.0,0.79,0.03
7048,ベルトラ株式会社,10943095020.0,9774000.0,0.0,0.0,0.0
3566,ユニフォームネクスト株式会社,5986658016.0,5000000.0,0.0,0.0,0.0
3377,株式会社バイク王＆カンパニー,6310027200.0,580481000.0,1207000.0,0.09,0.0
6425,株式会社ユニバーサルエンターテインメント,77147590000.0,10250000000.0,27000000.0,0.13,0.0
3054,株式会社ハイパー,2977871000.0,44291000.0,0.0,0.01,0.0
8130,株式会社サンゲツ,174048000000.0,8203000000.0,193000000.0,0.05,0.02
6538,株式会社ディスラプターズ,4430240400.0,2000000.0,0.0,0.0,0.0
1963,日揮ホールディングス株式会社,334777411000.0,80386000000.0,4132000000.0,0.24,0.05
6080,Ｍ＆Ａキャピタルパートナーズ株式会社,91688233000.0,2819955000.0,0.0,0.03,0.0
8179,ロイヤルホールディングス株式会社,130787664026.0,8817000000.0,80000000.0,0.07,0.01
4569,杏林製薬株式会社,96976511936.0,20042000000.0,496000000.0,0.21,0.02
4809,パラカ株式会社,19256347200.0,24000000.0,0.0,0.0,0.0
4437,ｇｏｏｄｄａｙｓホールディングス株式会社,4918147200.0,103501000.0,0.0,0.02,0.0
9110,ＮＳユナイテッド海運株式会社,92647915000.0,5506000000.0,225000000.0,0.06,0.04
4112,保土谷化学工業株式会社,12232502000.0,10223000000.0,324000000.0,0.84,0.03
3840,パス株式会社,6194046760.0,0.0,0.0,0.0,0.0
6862,ミナトホールディングス株式会社,5960136928.0,725003000.0,4248000.0,0.12,0.01
3137,株式会社ファンデリー,2600980200.0,0.0,0.0,0.0,0.0
6390,株式会社加藤製作所,15395073000.0,2823000000.0,15000000.0,0.18,0.01
6058,株式会社ベクトル,51652356939.0,1326000000.0,2256000000.0,0.03,1.7
3904,株式会社カヤック,7039545600.0,638757000.0,1627000.0,0.09,0.0
8014,蝶理株式会社,100452910000.0,10382000000.0,291000000.0,0.1,0.03
7856,萩原工業株式会社,22778430400.0,157235000.0,4546000.0,0.01,0.03
9220,エフビー介護サービス株式会社,2820504000.0,48765000.0,1328000.0,0.02,0.03
7674,株式会社ＮＡＴＴＹ　ＳＷＡＮＫＹホールディングス,8099437600.0,0.0,0.0,0.0,0.0
6459,大和冷機工業株式会社,86522541000.0,546569000.0,17293000.0,0.01,0.03
4440,株式会社ヴィッツ,5721120000.0,196730000.0,0.0,0.03,0.0
8891,ＡＭＧホールディングス株式会社,6314842304.0,84718000.0,4533000.0,0.01,0.05
6928,株式会社エノモト,9357485680.0,523139000.0,2847000.0,0.06,0.01
4446,Ｌｉｎｋ－Ｕグループ株式会社,4705402800.0,176457000.0,0.0,0.04,0.0
7096,株式会社ステムセル研究所,10605231000.0,647856000.0,0.0,0.06,0.0
3688,株式会社ＣＡＲＴＡ　ＨＯＬＤＩＮＧＳ,52651320651.0,5596000000.0,200000000.0,0.11,0.04
3979,株式会社うるる,11073714600.0,515150000.0,0.0,0.05,0.0
9932,杉本商事株式会社,42062310000.0,4280783000.0,95007000.0,0.1,0.02
7621,株式会社うかい,20229601700.0,136230000.0,2901000.0,0.01,0.02
1743,コーアツ工業株式会社,3584160000.0,1047754000.0,13841000.0,0.29,0.01
4073,株式会社ジィ・シィ企画,1488659040.0,0.0,0.0,0.0,0.0
4392,ＦＩＧ株式会社,9221974295.0,829000000.0,16000000.0,0.09,0.02
3673,株式会社ブロードリーフ,76555297600.0,550642000.0,5324000.0,0.01,0.01
8279,株式会社ヤオコー,416973848464.0,909000000.0,16000000.0,0.0,0.02
4055,ティアンドエスグループ株式会社,9007176000.0,30400000.0,0.0,0.0,0.0
4718,株式会社早稲田アカデミー,49887488000.0,669317000.0,26281000.0,0.01,0.04
2185,株式会社シイエム・シイ,21531636000.0,1366951000.0,138218000.0,0.06,0.1
2734,株式会社サーラコーポレーション,61352089000.0,10374000000.0,121000000.0,0.17,0.01
2315,株式会社ＣＡＩＣＡ　ＤＩＧＩＴＡＬ,9013012404.0,621483000.0,0.0,0.07,0.0
6208,株式会社石川製作所,9251865000.0,1414462000.0,35743000.0,0.15,0.03
4540,株式会社ツムラ,278479337336.0,10276000000.0,386000000.0,0.04,0.04
6417,株式会社三共,716430000000.0,5349000000.0,405000000.0,0.01,0.08
5259,ＢＢＤイニシアティブ株式会社,6669143344.0,0.0,0.0,0.0,0.0
6632,株式会社ＪＶＣケンウッド,186304000000.0,4357000000.0,8753000000.0,0.02,2.01
3836,株式会社アバントグループ,56431130649.0,1037000000.0,12296000.0,0.02,0.01
7273,株式会社イクヨ,1480995600.0,349818000.0,11055000.0,0.24,0.03
9024,株式会社西武ホールディングス,1359191189840.0,86672000000.0,1323000000.0,0.06,0.02
3662,株式会社エイチームホールディングス,25132284000.0,2356000000.0,0.0,0.09,0.0
9731,株式会社白洋舍,14820000000.0,2544000000.0,45000000.0,0.17,0.02
9322,川西倉庫株式会社,9471926000.0,1638208000.0,50098000.0,0.17,0.03
5699,株式会社イボキン,4904323200.0,438308000.0,9724000.0,0.09,0.02
1807,株式会社佐藤渡辺,5304862000.0,3466299000.0,39644000.0,0.65,0.01
6405,鈴茂器工株式会社,22809600000.0,47229000.0,56121000.0,0.0,1.19
7603,株式会社マックハウス,6285591000.0,0.0,0.0,0.0,0.0
6049,株式会社イトクロ,6531840000.0,1488936000.0,0.0,0.23,0.0
9221,フルハシＥＰＯ株式会社,13181372400.0,282406000.0,8419000.0,0.02,0.03
5034,株式会社ｕｎｅｒｒｙ,8636023800.0,0.0,0.0,0.0,0.0
3184,ＩＣＤＡホールディングス株式会社,8095500000.0,460831000.0,15143000.0,0.06,0.03
4175,株式会社ｃｏｌｙ,12265964100.0,1740664000.0,1968000.0,0.14,0.0
9164,株式会社トライト,87900000000.0,0.0,0.0,0.0,0.0
4544,Ｈ．Ｕ．グループホールディングス株式会社,184778337730.0,1801000000.0,88000000.0,0.01,0.05
7163,住信ＳＢＩネット銀行株式会社,735869840000.0,0.0,0.0,0.0,0.0
2804,ブルドックソース株式会社,26235174400.0,9475969000.0,248547000.0,0.36,0.03
7081,コーユーレンティア株式会社,5969173900.0,263829000.0,39175000.0,0.04,0.15
2001,株式会社ニップン,167343352000.0,85530000000.0,2353000000.0,0.51,0.03
6976,太陽誘電株式会社,339935344650.5,20000000.0,15168000000.0,0.0,758.4
8622,水戸証券株式会社,35274993000.0,12602000000.0,320000000.0,0.36,0.03
9033,広島電鉄株式会社,18937101000.0,9329000000.0,261000000.0,0.49,0.03
1976,明星工業株式会社,83777840000.0,6297000000.0,206000000.0,0.08,0.03
2903,シノブフーズ株式会社,20735000000.0,0.0,38000000.0,0.0,0.0
8141,新光商事株式会社,36109500000.0,6103000000.0,120000000.0,0.17,0.02
5903,シンポ株式会社,7412005950.0,442811000.0,6469000.0,0.06,0.01
7997,株式会社くろがね工作所,1541310000.0,1313701000.0,25950000.0,0.85,0.02
3449,株式会社テクノフレックス,30138960000.0,431274000.0,12317000.0,0.01,0.03
4997,日本農薬株式会社,70983493012.0,11883000000.0,163000000.0,0.17,0.01
9534,北海道瓦斯株式会社,52681266000.0,9435000000.0,180000000.0,0.18,0.02
4169,ＥＮＥＣＨＡＮＧＥ株式会社,12777336000.0,1419994000.0,0.0,0.11,0.0
3771,株式会社システムリサーチ,32704320000.0,12879000.0,0.0,0.0,0.0
6226,守谷輸送機工業株式会社,70709533000.0,488131000.0,11569000.0,0.01,0.02
3059,ヒラキ株式会社,4320392800.0,126497000.0,2849000.0,0.03,0.02
5331,ノリタケ株式会社,113524496180.0,42879000000.0,1088000000.0,0.38,0.03
9362,兵機海運株式会社,4694040000.0,2078000000.0,87000000.0,0.44,0.04
6412,株式会社平和,204109405000.0,8520000000.0,65000000.0,0.04,0.01
6737,ＥＩＺＯ株式会社,94474338000.0,50716000000.0,1279000000.0,0.54,0.03
6013,株式会社タクマ,169608816000.0,22102000000.0,691000000.0,0.13,0.03
3649,株式会社ファインデックス,19717120800.0,2315050000.0,0.0,0.12,0.0
8836,株式会社ＲＩＳＥ,4499333696.0,6000000.0,0.0,0.0,0.0
2590,ダイドーグループホールディングス株式会社,44269696000.0,18070000000.0,301000000.0,0.41,0.02
6958,日本シイエムケイ株式会社,24155945364.0,4041000000.0,127000000.0,0.17,0.03
2801,キッコーマン株式会社,1258786676000.0,60098000000.0,1174000000.0,0.05,0.02
7509,アイエーグループ株式会社,5857481600.0,109948000.0,252077000.0,0.02,2.29
7229,株式会社ユタカ技研,39154440000.0,0.0,3132000000.0,0.0,0.0
1384,株式会社　ホクリヨウ,13365220000.0,530000000.0,12000000.0,0.04,0.02
4202,株式会社ダイセル,345346674000.0,56652000000.0,2546000000.0,0.16,0.04
1430,ファーストコーポレーション株式会社,11893550600.0,32033000.0,0.0,0.0,0.0
3796,株式会社いい生活,3545700900.0,0.0,0.0,0.0,0.0
7849,スターツ出版株式会社,16300800000.0,180375000.0,87091000.0,0.01,0.48
4019,株式会社スタメン,9392130000.0,33151000.0,0.0,0.0,0.0
9733,株式会社ナガセ,58241719251.0,19360000000.0,179000000.0,0.33,0.01
6055,ジャパンマテリアル株式会社,148050524160.0,413000000.0,6000000.0,0.0,0.01
2170,株式会社リンクアンドモチベーション,53410000000.0,498000000.0,4277000000.0,0.01,8.59
7164,全国保証株式会社,218805676830.0,285124000000.0,140000000.0,1.3,0.0
3140,ＢＲＵＮＯ株式会社,14702632650.0,0.0,40000000.0,0.0,0.0
4346,株式会社ＮＥＸＹＺ．Ｇｒｏｕｐ,12460897000.0,2746000000.0,0.0,0.22,0.0
2479,株式会社ジェイテック,2151672400.0,5031000.0,0.0,0.0,0.0
5586,株式会社Ｌａｂｏｒｏ．ＡＩ,17396919810.0,0.0,0.0,0.0,0.0
2984,ヤマイチエステート株式会社,5741836800.0,320695000.0,12193000.0,0.06,0.04
2229,カルビー株式会社,358195250100.0,3263000000.0,43000000.0,0.01,0.01
9193,東京汽船株式会社,9219210000.0,2593958000.0,76828000.0,0.28,0.03
8218,株式会社コメリ,164043135000.0,1699000000.0,149000000.0,0.01,0.09
2914,日本たばこ産業株式会社,8676000000000.0,21707000000.0,423513000000.0,0.0,19.51
6391,株式会社加地テック,5652220000.0,0.0,0.0,0.0,0.0
6457,グローリー株式会社,215713848600.0,11011000000.0,212000000.0,0.05,0.02
9307,株式会社杉村倉庫,12790401000.0,865679000.0,36475000.0,0.07,0.04
8008,株式会社ヨンドシーホールディングス,42238616000.0,21475000000.0,249000000.0,0.51,0.01
2747,北雄ラッキー株式会社,3876121600.0,280686000.0,10302000.0,0.07,0.04
2206,江崎グリコ株式会社,308585276000.0,46694000000.0,737000000.0,0.15,0.02
2877,日東ベスト株式会社,9258534900.0,3524705000.0,38061000.0,0.38,0.01
7525,リックス株式会社,27475200000.0,3836028000.0,108640000.0,0.14,0.03
2351,株式会社ＡＳＪ,2711325100.0,34212000.0,21549000.0,0.01,0.63
7649,スギホールディングス株式会社,709052062248.0,13936000000.0,37000000.0,0.02,0.0
9560,株式会社プログリット,13204347840.0,11267000.0,0.0,0.0,0.0
3611,株式会社マツオカコーポレーション,19200929800.0,528000000.0,153000000.0,0.03,0.29
6484,株式会社ＫＶＫ,16145025320.0,1686605000.0,16022000.0,0.1,0.01
6516,山洋電気株式会社,127776041950.0,7673000000.0,2369000000.0,0.06,0.31
9219,株式会社ギックス,5023416600.0,2500000.0,0.0,0.0,0.0
7161,株式会社じもとホールディングス,9340320000.0,0.0,0.0,0.0,0.0
9330,株式会社揚羽,1110842100.0,0.0,0.0,0.0,0.0
6798,ＳＭＫ株式会社,16192800000.0,4205000000.0,52000000.0,0.26,0.01
4465,株式会社ニイタカ,12070233000.0,441364000.0,11921000.0,0.04,0.03
7634,株式会社星医療酸器,15578100000.0,2966992000.0,39364000.0,0.19,0.01
6844,新電元工業株式会社,24348071820.0,14913000000.0,639000000.0,0.61,0.04
7762,シチズン時計株式会社,212544000000.0,36993000000.0,1154000000.0,0.17,0.03
3591,株式会社ワコールホールディングス,279165000000.0,233000000.0,0.0,0.0,0.0
8725,ＭＳ＆ＡＤインシュアランスグループホールディングス株式会社,5016593362000.0,162311000000.0,15252000000.0,0.03,0.09
3374,内外テック株式会社,7177257960.0,649945000.0,16053000.0,0.09,0.02
9972,アルテック株式会社,3621567000.0,232103000.0,10646000.0,0.06,0.05
5122,オカモト株式会社,86810150000.0,30979000000.0,1133000000.0,0.36,0.04
2667,株式会社イメージワン,2657685600.0,213491000.0,0.0,0.08,0.0
6267,ゼネラルパッカー株式会社,5612256000.0,89091000.0,2500000.0,0.02,0.03
8023,ＤＡＩＫＯ　ＸＴＥＣＨ株式会社,14672775664.0,2359370000.0,77374000.0,0.16,0.03
3160,株式会社大光,8334648000.0,1080054000.0,8781000.0,0.13,0.01
2531,宝ホールディングス株式会社,237491408000.0,34467000000.0,944000000.0,0.15,0.03
3825,株式会社リミックスポイント,71073903600.0,350000000.0,1408000000.0,0.0,4.02
3166,ＯＣＨＩホールディングス株式会社,19164245760.0,1954000000.0,56000000.0,0.1,0.03
3193,株式会社エターナルホスピタリティグループ,36494022000.0,161375000.0,0.0,0.0,0.0
6339,新東工業株式会社,47484600000.0,32985000000.0,606000000.0,0.69,0.02
7887,南海プライウッド株式会社,6154900000.0,876922000.0,27074000.0,0.14,0.03
5187,クリエートメディック株式会社,9181110650.0,619533000.0,8309000.0,0.07,0.01
8999,グランディハウス株式会社,16829467200.0,377850000.0,6611000.0,0.02,0.02
4845,株式会社スカラ,7456452780.0,641175000.0,20946000.0,0.09,0.03
6836,ぷらっとホーム株式会社,2657270000.0,1400000.0,0.0,0.0,0.0
4528,小野薬品工業株式会社,810125154000.0,77923000000.0,2410000000.0,0.1,0.03
6971,京セラ株式会社,2434129366680.0,1661193000000.0,98609000000.0,0.68,0.06
4892,株式会社サイフューズ,5541109600.0,0.0,0.0,0.0,0.0
8006,ユアサ・フナショク株式会社,23015900000.0,11927000000.0,306000000.0,0.52,0.03
4694,株式会社ビー・エム・エル,144223992660.0,3127000000.0,290000000.0,0.02,0.09
3028,株式会社アルペン,89442400000.0,4309000000.0,0.0,0.05,0.0
3851,株式会社日本一ソフトウェア,4337226200.0,1174718000.0,79334000.0,0.27,0.07
9081,神奈川中央交通株式会社,44163000000.0,17864000000.0,458000000.0,0.4,0.03
2764,株式会社ひらまつ,10089954000.0,56371000.0,0.0,0.01,0.0
8158,ソーダニッカ株式会社,24828408000.0,13794000000.0,442000000.0,0.56,0.03
7500,西川計測株式会社,31853368000.0,6316841000.0,117192000.0,0.2,0.02
4624,イサム塗料株式会社,6950000000.0,7218571000.0,33523000.0,1.04,0.0
5363,東京窯業株式会社,26058321000.0,12379783000.0,365776000.0,0.48,0.03
6571,キュービーネットホールディングス株式会社,15879556000.0,0.0,0.0,0.0,0.0
8558,株式会社東和銀行,27810640000.0,0.0,0.0,0.0,0.0
9087,タカセ株式会社,2454876000.0,497270000.0,19047000.0,0.2,0.04
5218,株式会社オハラ,27867750000.0,7839288000.0,124194000.0,0.28,0.02
3947,ダイナパック株式会社,20758730501.0,21481996000.0,368697000.0,1.03,0.02
7775,大研医器株式会社,14009600000.0,0.0,0.0,0.0,0.0
6982,株式会社リード,1548180480.0,936557000.0,34564000.0,0.6,0.04
4539,日本ケミファ株式会社,6391500000.0,1923000000.0,43000000.0,0.3,0.02
9160,株式会社ノバレーゼ,7800000000.0,0.0,300600000.0,0.0,0.0
4920,株式会社日本色材工業研究所,2193847920.0,259060000.0,7286000.0,0.12,0.03
8850,スターツコーポレーション株式会社,247041787875.0,13920000000.0,486000000.0,0.06,0.03
2217,モロゾフ株式会社,11206842612.0,1274819000.0,30771000.0,0.11,0.02
2321,株式会社ソフトフロントホールディングス,5160050286.0,41568000.0,0.0,0.01,0.0
6488,株式会社ヨシタケ,10479079392.0,3827805000.0,4974000.0,0.37,0.0
4020,ビートレンド株式会社,1436861200.0,0.0,0.0,0.0,0.0
3031,株式会社ラクーンホールディングス,14719664666.0,461733000.0,1963000.0,0.03,0.0
6794,フォスター電機株式会社,42950000000.0,2328000000.0,88000000.0,0.05,0.04
9101,日本郵船株式会社,2381987000000.0,1987760000000.0,8161000000.0,0.83,0.0
5698,株式会社エンビプロ・ホールディングス,15679530798.0,3500444000.0,4417000.0,0.22,0.0
2983,株式会社アールプランナー,9605876840.0,0.0,200268000.0,0.0,0.0
9633,東京テアトル株式会社,8998599000.0,3378265000.0,115587000.0,0.38,0.03
7814,株式会社日本創発グループ,28356000000.0,5745000000.0,32000000.0,0.2,0.01
4496,株式会社コマースＯｎｅホールディングス,5682786000.0,443689000.0,24305000.0,0.08,0.05
3628,株式会社データホライゾン,7538216000.0,59996000.0,0.0,0.01,0.0
3439,株式会社三ツ知,3219552280.0,264572000.0,6866000.0,0.08,0.03
7080,株式会社スポーツフィールド,5141703360.0,0.0,0.0,0.0,0.0
2708,株式会社久世,7614934242.0,1731000000.0,14000000.0,0.23,0.01
3661,株式会社エムアップホールディングス,75948983428.0,1977000000.0,2000000.0,0.03,0.0
1997,暁飯島工業株式会社,6085200000.0,529218000.0,7568000.0,0.09,0.01
2344,平安レイサービス株式会社,11223797040.0,5308282000.0,100004000.0,0.47,0.02
9369,株式会社キユーソー流通システム,81138560000.0,4107000000.0,48000000.0,0.05,0.01
9159,株式会社Ｗ　ＴＯＫＹＯ,4466979000.0,14000000.0,0.0,0.0,0.0
6464,株式会社ツバキ・ナカシマ,14351862000.0,183000000.0,3007000000.0,0.01,16.43
2872,株式会社セイヒョー,3582394530.0,115667000.0,3964000.0,0.03,0.03
3392,デリカフーズホールディングス株式会社,9806828000.0,699354000.0,7046000.0,0.07,0.01
9327,株式会社イー・ロジット,2841879000.0,149520000.0,1313000.0,0.05,0.01
6328,荏原実業株式会社,47194500000.0,6437000000.0,124000000.0,0.14,0.02
6235,株式会社オプトラン,70396146000.0,430562000.0,5995000.0,0.01,0.01
2391,株式会社プラネット,8576210400.0,1099584000.0,10383000.0,0.13,0.01
4936,株式会社アクシージア,12004659000.0,0.0,42877000.0,0.0,0.0
3141,ウエルシアホールディングス株式会社,568322230000.0,956000000.0,10000000.0,0.0,0.01
8237,株式会社松屋,59790976080.0,9233000000.0,176000000.0,0.15,0.02
7550,株式会社ゼンショーホールディングス,1273328608450.0,1528000000.0,6000000.0,0.0,0.0
6407,ＣＫＤ株式会社,182812236708.0,8599000000.0,281000000.0,0.05,0.03
2926,株式会社　篠崎屋,1616899200.0,0.0,0.0,0.0,0.0
1803,清水建設株式会社,1192212838525.5,299507000000.0,6057000000.0,0.25,0.02
4432,ウイングアーク１ｓｔ株式会社,126980982450.0,4321085000.0,105045000.0,0.03,0.02
7172,株式会社ジャパンインベストメントアドバイザー,111976017755.0,10443000000.0,1000000.0,0.09,0.0
7447,ナガイレーベン株式会社,78226104000.0,193559000.0,5811000.0,0.0,0.03
1945,株式会社東京エネシス,50467124136.0,15427000000.0,210000000.0,0.31,0.01
4769,株式会社ＩＣ,7817324970.0,1759874000.0,60301000.0,0.23,0.03
4418,株式会社ＪＤＳＣ,15216812200.0,396904000.0,0.0,0.03,0.0
6218,エンシュウ株式会社,2719084000.0,13000000.0,890000000.0,0.0,68.46
8624,いちよし証券株式会社,30079283000.0,731000000.0,0.0,0.02,0.0
6485,前澤給装工業株式会社,26595500000.0,5612000000.0,132000000.0,0.21,0.02
3861,王子ホールディングス株式会社,758047519461.5095,197835000000.0,4134000000.0,0.26,0.02
9830,トラスコ中山株式会社,141720773368.0,2616000000.0,70000000.0,0.02,0.03
3648,ＡＧＳ株式会社,18107688940.0,2100214000.0,69035000.0,0.12,0.03
5857,ＡＲＥホールディングス株式会社,157265241424.0,0.0,0.0,0.0,0.0
8242,エイチ・ツー・オー　リテイリング株式会社,243015141000.0,97048000000.0,1504000000.0,0.4,0.02
6521,株式会社オキサイド,21581797806.0,68171000.0,0.0,0.0,0.0
8013,株式会社ナイガイ,2399446052.0,2921000000.0,64000000.0,1.22,0.02
4493,株式会社サイバーセキュリティクラウド,15574661312.0,0.0,0.0,0.0,0.0
4395,株式会社アクリート,5361817500.0,97553000.0,0.0,0.02,0.0
7220,武蔵精密工業株式会社,215023680000.0,13135000000.0,495000000.0,0.06,0.04
7923,トーイン株式会社,4241037500.0,3159502000.0,51867000.0,0.74,0.02
2780,株式会社コメ兵ホールディングス,31204404000.0,152446000.0,20818000.0,0.0,0.14
4526,理研ビタミン株式会社,84377340000.0,15078000000.0,640000000.0,0.18,0.04
6050,イー・ガーディアン株式会社,26182134104.0,2000000.0,305676000.0,0.0,152.84
7638,株式会社ＮＥＷ　ＡＲＴ　ＨＯＬＤＩＮＧＳ,22894518375.0,17131000.0,7085000.0,0.0,0.41
9341,株式会社ＧＥＮＯＶＡ,12571459600.0,50192000.0,0.0,0.0,0.0
5612,日本鋳鉄管株式会社,4929731778.0,135000000.0,2000000.0,0.03,0.01
9857,英和株式会社,15443890000.0,1426989000.0,26978000.0,0.09,0.02
5830,株式会社いよぎんホールディングス,533107008000.0,0.0,0.0,0.0,0.0
7732,株式会社　トプコン,353219030278.0,6912000000.0,53000000.0,0.02,0.01
7972,株式会社イトーキ,118721568000.0,6548000000.0,116000000.0,0.06,0.02
6158,株式会社和井田製作所,6240864000.0,410023000.0,13574000.0,0.07,0.03
2884,株式会社ヨシムラ・フード・ホールディングス,21111646090.0,0.0,8033000.0,0.0,0.0
8630,ＳＯＭＰＯホールディングス株式会社,4252139226000.0,294424000000.0,16000000.0,0.07,0.0
7564,株式会社ワークマン,534459708480.0,1000000.0,0.0,0.0,0.0
5035,ＨＯＵＳＥＩ株式会社,3504534800.0,0.0,0.0,0.0,0.0
7427,エコートレーディング株式会社,5291800566.0,727563000.0,14889000.0,0.14,0.02
9906,藤井産業株式会社,30180150000.0,4061644000.0,108092000.0,0.13,0.03
4042,東ソー株式会社,715990805590.0,70132000000.0,1484000000.0,0.1,0.02
6301,株式会社小松製作所,4620680627000.0,3481000000.0,114267000000.0,0.0,32.83
8254,株式会社さいか屋,2201849102.0,221110000.0,3415000.0,0.1,0.02
2323,株式会社ｆｏｎｆｕｎ,3179921920.0,0.0,0.0,0.0,0.0
4059,株式会社まぐまぐ,1494658800.0,11182000.0,0.0,0.01,0.0
9245,株式会社リベロ,9246962450.0,1650000.0,0.0,0.0,0.0
7984,コクヨ株式会社,106598382000.0,22362000000.0,906000000.0,0.21,0.04
3069,株式会社　ＪＦＬＡホールディングス,8106023484.0,1249611000.0,7852000.0,0.15,0.01
4431,株式会社スマレジ,68164866000.0,42281000.0,0.0,0.0,0.0
8387,株式会社四国銀行,51473600000.0,0.0,0.0,0.0,0.0
4998,フマキラー株式会社,18073040000.0,5177000000.0,152000000.0,0.29,0.03
5868,株式会社ロココ,3455222400.0,48379000.0,0.0,0.01,0.0
3674,株式会社オークファン,4001069000.0,0.0,0.0,0.0,0.0
9679,ホウライ株式会社,2430324000.0,741300000.0,35181000.0,0.31,0.05
7047,ポート株式会社,25284582000.0,2034000000.0,600000000.0,0.08,0.29
6278,ユニオンツール株式会社,111559200000.0,10788000000.0,179000000.0,0.1,0.02
4829,日本エンタープライズ株式会社,4624188000.0,65180000.0,7299000.0,0.01,0.11
3791,株式会社ＩＧポート,8118972400.0,261845000.0,190960000.0,0.03,0.73
9889,ＪＢＣＣホールディングス株式会社,22519332381.0,2226000000.0,70000000.0,0.1,0.03
8704,トレイダーズホールディングス株式会社,34766987519.0,316000000.0,1000000.0,0.01,0.0
7035,ａｎｄ　ｆａｃｔｏｒｙ株式会社,3412376910.0,23419000.0,0.0,0.01,0.0
2986,株式会社ＬＡホールディングス,40187533750.0,655808000.0,5347000.0,0.02,0.01
9537,北陸瓦斯株式会社,17304000000.0,3852248000.0,118023000.0,0.22,0.03
9340,株式会社アソインターナショナル,2915927100.0,144039000.0,0.0,0.05,0.0
8739,スパークス・グループ株式会社,59930774760.0,19468000000.0,26000000.0,0.32,0.0
7901,株式会社マツモト,926559000.0,123510000.0,3427000.0,0.13,0.03
8151,株式会社東陽テクニカ,39466605000.0,2414795000.0,18236000.0,0.06,0.01
2669,カネ美食品株式会社,32650000000.0,594647000.0,23553000.0,0.02,0.04
5020,ＥＮＥＯＳホールディングス株式会社,2233694761500.0,34755000000.0,3619000000.0,0.02,0.1
4274,細谷火工株式会社,4088448000.0,486734000.0,8636000.0,0.12,0.02
5974,中国工業株式会社,1870740000.0,2235000000.0,66000000.0,1.19,0.03
7733,オリンパス株式会社,1958140404000.0,1294000000.0,58640000000.0,0.0,45.32
2689,オルバヘルスケアホールディングス株式会社,12881250000.0,358472000.0,2362000.0,0.03,0.01
9535,広島ガス株式会社,24354197060.0,14473000000.0,231000000.0,0.59,0.02
3686,株式会社ディー・エル・イー,7482499200.0,1329253000.0,126669000.0,0.18,0.1
2698,株式会社キャンドゥ,60205018000.0,0.0,0.0,0.0,0.0
7077,株式会社ＡＬｉＮＫインターネット,2269387800.0,0.0,0.0,0.0,0.0
9240,株式会社デリバリーコンサルティング,2444536600.0,0.0,0.0,0.0,0.0
6736,サン電子株式会社,130842117600.0,10774890000.0,275962000.0,0.08,0.03
1382,株式会社ホーブ,1432560000.0,0.0,0.0,0.0,0.0
2904,一正蒲鉾株式会社,13775190000.0,2103756000.0,24900000.0,0.15,0.01
2485,株式会社ティア,13393509500.0,1000000.0,9000000.0,0.0,9.0
4611,大日本塗料株式会社,35800550000.0,9447000000.0,276000000.0,0.26,0.03
7551,株式会社ウェッズ,9848199426.0,635005000.0,17053000.0,0.06,0.03
6858,株式会社小野測器,7283400000.0,2102000000.0,77000000.0,0.29,0.04
2384,ＳＢＳホールディングス株式会社,121140510000.0,15689000000.0,117000000.0,0.13,0.01
3291,飯田グループホールディングス株式会社,578842445500.0,0.0,0.0,0.0,0.0
6888,アクモス株式会社,5700193200.0,50364000.0,37843000.0,0.01,0.75
3895,ハビックス株式会社,3662525440.0,149601000.0,4293000.0,0.04,0.03
8045,横浜丸魚株式会社,7770025420.0,13675446000.0,346698000.0,1.76,0.03
6358,酒井重工業株式会社,18194165000.0,5661936000.0,192372000.0,0.31,0.03
3636,株式会社三菱総合研究所,76043120000.0,18130000000.0,223000000.0,0.24,0.01
6533,株式会社Ｏｒｃｈｅｓｔｒａ　Ｈｏｌｄｉｎｇｓ,7124282000.0,970629000.0,0.0,0.14,0.0
7863,株式会社平賀,4132036965.0,687355000.0,18882000.0,0.17,0.03
7196,株式会社Ｃａｓａ,9805647500.0,167152000.0,2046000.0,0.02,0.01
6161,株式会社エスティック,11426728000.0,188960000.0,5544000.0,0.02,0.03
7186,株式会社コンコルディア・フィナンシャルグループ,1087614137172.3633,25000000.0,0.0,0.0,0.0
6505,東洋電機製造株式会社,18340740000.0,15009000000.0,204000000.0,0.82,0.01
3762,テクマトリックス株式会社,95091302400.0,1723512000.0,2664000.0,0.02,0.0
9740,セントラル警備保障株式会社,33841324528.0,3743492000.0,107620000.0,0.11,0.03
3177,株式会社ありがとうサービス,3189792000.0,175574000.0,3473000.0,0.06,0.02
7218,田中精密工業株式会社,9783127200.0,3113889000.0,135537000.0,0.32,0.04
9556,ＩＮＴＬＯＯＰ株式会社,31283011200.0,620303000.0,0.0,0.02,0.0
6804,ホシデン株式会社,135248672000.0,7228000000.0,164000000.0,0.05,0.02
2760,東京エレクトロンデバイス株式会社,80503468500.0,0.0,245000000.0,0.0,0.0
3580,小松マテーレ株式会社,31923600000.0,16185000000.0,194000000.0,0.51,0.01
7545,株式会社西松屋チェーン,149198507264.0,11203000000.0,165000000.0,0.08,0.01
6474,株式会社不二越,78370255000.0,27102000000.0,983000000.0,0.35,0.04
4242,株式会社タカギセイコー,3748242816.0,1479000000.0,37000000.0,0.39,0.03
6563,株式会社みらいワークス,3287175000.0,0.0,0.0,0.0,0.0
4068,ベイシス株式会社,3715509945.0,0.0,0.0,0.0,0.0
3238,セントラル総合開発株式会社,4017615000.0,232198000.0,7759000.0,0.06,0.03
7860,エイベックス株式会社,56462152500.0,9839000000.0,19000000.0,0.17,0.0
4704,トレンドマイクロ株式会社,1337860729980.0,4520000000.0,22177000000.0,0.0,4.91
7119,株式会社ハルメクホールディングス,11868536030.0,0.0,35000000.0,0.0,0.0
9927,株式会社ワットマン,7011474000.0,2374000.0,2569000.0,0.0,1.08
1822,大豊建設株式会社,14972724000.0,11491000000.0,189000000.0,0.77,0.02
1820,西松建設株式会社,207868434000.0,86058000000.0,732000000.0,0.41,0.01
1783,株式会社ｆａｎｔａｓｉｓｔａ,9862485358.0,0.0,0.0,0.0,0.0
9790,福井コンピュータホールディングス株式会社,64584000000.0,4698000000.0,55000000.0,0.07,0.01
8359,株式会社八十二銀行,637206313500.0,0.0,0.0,0.0,0.0
3541,株式会社農業総合研究所,11123079500.0,196201000.0,0.0,0.02,0.0
6222,株式会社島精機製作所,35442000000.0,6115000000.0,214000000.0,0.17,0.03
4681,リゾートトラスト株式会社,200763478150.0,33818000000.0,115000000.0,0.17,0.0
7062,株式会社フレアス,1821296400.0,0.0,0.0,0.0,0.0
7771,日本精密株式会社,1979208611.0,27840000.0,30733000.0,0.01,1.1
6402,兼松エンジニアリング株式会社,6760260000.0,20935000.0,0.0,0.0,0.0
5821,平河ヒューテック株式会社,26546262000.0,2183000000.0,45000000.0,0.08,0.02
7980,株式会社　重松製作所,5911200000.0,1931600000.0,32742000.0,0.33,0.02
3777,株式会社環境フレンドリーホールディングス,16516147860.0,0.0,0.0,0.0,0.0
2353,日本駐車場開発株式会社,91280433200.0,3415695000.0,27870000.0,0.04,0.01
3856,Ａｂａｌａｎｃｅ株式会社,14523861330.0,1434000000.0,0.0,0.1,0.0
4766,株式会社ピーエイ,3189263200.0,0.0,50230000.0,0.0,0.0
3496,株式会社アズーム,50142976000.0,0.0,0.0,0.0,0.0
3787,株式会社テクノマセマティカル,1395087800.0,784220000.0,0.0,0.56,0.0
2892,日本食品化工株式会社,21024000000.0,4934000000.0,12000000.0,0.23,0.0
9235,売れるネット広告社グループ株式会社,5464800000.0,100000000.0,0.0,0.02,0.0
2413,エムスリー株式会社,1294999839000.0,9506000000.0,8139000000.0,0.01,0.86
4199,ワンダープラネット株式会社,3206693232.0,0.0,0.0,0.0,0.0
3111,オーミケンシ株式会社,1927784000.0,73000000.0,2000000.0,0.04,0.03
1840,株式会社土屋ホールディングス,6031377612.0,790826000.0,14787000.0,0.13,0.02
3075,株式会社銚子丸,22256094000.0,20000000.0,0.0,0.0,0.0
3276,株式会社ＪＰＭＣ,22278977600.0,1099000.0,0.0,0.0,0.0
3892,株式会社岡山製紙,7804500000.0,3564893000.0,81390000.0,0.46,0.02
6545,株式会社インターネットインフィニティー,3506340066.0,0.0,217271000.0,0.0,0.0
6592,マブチモーター株式会社,277657250582.0,12415000000.0,327000000.0,0.04,0.03
6413,理想科学工業株式会社,80928000000.0,4288000000.0,119000000.0,0.05,0.03
4481,ベース株式会社,65118438000.0,1084471000.0,1610000.0,0.02,0.0
2337,いちご株式会社,170244075076.0,24300000000.0,16000000.0,0.14,0.0
9812,株式会社テーオーホールディングス,2838752928.0,99324000.0,11896000.0,0.03,0.12
1841,サンユー建設株式会社,4336000000.0,485386000.0,15894000.0,0.11,0.03
9064,ヤマトホールディングス株式会社,697019016000.0,48689000000.0,1367000000.0,0.07,0.03
6648,株式会社かわでん,18654400000.0,697038000.0,19398000.0,0.04,0.03
3905,データセクション株式会社,70916864735.0,49326000.0,1160000.0,0.0,0.02
5838,楽天銀行株式会社,1138495050000.0,0.0,0.0,0.0,0.0
6613,株式会社ＱＤレーザ,10064495472.0,0.0,0.0,0.0,0.0
8085,ナラサキ産業株式会社,16988664000.0,3952000000.0,113000000.0,0.23,0.03
1959,株式会社九電工,439923712000.0,80153000000.0,1239000000.0,0.18,0.02
4176,株式会社ココナラ,9688126500.0,1063721000.0,0.0,0.11,0.0
1431,株式会社Ｌｉｂ　Ｗｏｒｋ,16592107980.0,10030000.0,0.0,0.0,0.0
7826,株式会社フルヤ金属,20997228972.0,44000000.0,102000000.0,0.0,2.32
6579,ログリー株式会社,1555427000.0,102403000.0,0.0,0.07,0.0
2291,福留ハム株式会社,3624400000.0,2059000000.0,43000000.0,0.57,0.02
3222,ユナイテッド・スーパーマーケット・ホールディングス株式会社,186159146085.0,6034000000.0,91000000.0,0.03,0.02
4848,株式会社フルキャストホールディングス,60952886400.0,2740000000.0,6000000.0,0.04,0.0
3765,ガンホー・オンライン・エンターテイメント株式会社,234390450996.0,0.0,0.0,0.0,0.0
2676,高千穂交易株式会社,20068961400.0,3193046000.0,57386000.0,0.16,0.02
7743,株式会社シード,14224983340.0,1031648000.0,18687000.0,0.07,0.02
8572,アコム株式会社,669884155961.853,1454000000.0,5000000.0,0.0,0.0
3242,株式会社アーバネットコーポレーション,15862664400.0,0.0,8073000.0,0.0,0.0
7222,日産車体株式会社,147100872000.0,324000000.0,3000000.0,0.0,0.01
7347,株式会社マーキュリアホールディングス,17390769300.0,272461000.0,19071000.0,0.02,0.07
7189,株式会社西日本フィナンシャルホールディングス,338163210000.0,17000000.0,0.0,0.0,0.0
9344,アクシスコンサルティング株式会社,3774405600.0,0.0,0.0,0.0,0.0
6574,株式会社コンヴァノ,36977208800.0,0.0,0.0,0.0,0.0
8591,オリックス株式会社,3827308745004.0,185290000000.0,526000000.0,0.05,0.0
3769,ＧＭＯペイメントゲートウェイ株式会社,664978835870.0,2704088000.0,1434096000.0,0.0,0.53
6702,富士通株式会社,6758026872350.0,68881000000.0,84265000000.0,0.01,1.22
3939,株式会社カナミックネットワーク,20744892000.0,0.0,0.0,0.0,0.0
3623,ビリングシステム株式会社,7017343600.0,4000000.0,10700000.0,0.0,2.67
9436,沖縄セルラー電話株式会社,248822157300.0,981000000.0,5000000.0,0.0,0.01
7608,株式会社エスケイジャパン,9525895566.0,161466000.0,1565000.0,0.02,0.01
4119,株式会社日本ピグメントホールディングス,5161069225.0,9069841000.0,122669000.0,1.76,0.01
7475,アルビス株式会社,27740010222.0,1035000000.0,20000000.0,0.04,0.02
7955,クリナップ株式会社,26209661800.0,4811000000.0,126000000.0,0.18,0.03
4424,株式会社Ａｍａｚｉａ,2040855600.0,103125000.0,0.0,0.05,0.0
5962,浅香工業株式会社,1661402160.0,1437093000.0,26304000.0,0.86,0.02
2915,ケンコーマヨネーズ株式会社,30480600000.0,5631000000.0,37000000.0,0.18,0.01
6291,日本エアーテック株式会社,11170725200.0,516895000.0,397562000.0,0.05,0.77
9204,スカイマーク株式会社,28535806200.0,0.0,0.0,0.0,0.0
6184,株式会社鎌倉新書,21406852800.0,324521000.0,0.0,0.02,0.0
3625,テックファームホールディングス株式会社,6395265000.0,128161000.0,1998000.0,0.02,0.02
7897,ホクシン株式会社,3404760000.0,407337000.0,20003000.0,0.12,0.05
6044,株式会社三機サービス,9216879000.0,270184000.0,4581000.0,0.03,0.02
5380,新東株式会社,1346493158.0,116916000.0,3983000.0,0.09,0.03
7270,株式会社ＳＵＢＡＲＵ,1856833381000.0,8692000000.0,113603000000.0,0.0,13.07
3187,株式会社ミラタップ,6557020800.0,328347000.0,0.0,0.05,0.0
4958,長谷川香料株式会社,130686951240.0,11997000000.0,256000000.0,0.09,0.02
3907,シリコンスタジオ株式会社,2908474200.0,138000000.0,8000000.0,0.05,0.06
4438,株式会社Ｗｅｌｂｙ,3012311848.0,30000000.0,0.0,0.01,0.0
4894,クオリプス株式会社,49546698760.0,0.0,0.0,0.0,0.0
7458,株式会社第一興商,174602098000.0,7044000000.0,176000000.0,0.04,0.02
7685,株式会社ＢｕｙＳｅｌｌ　Ｔｅｃｈｎｏｌｏｇｉｅｓ,42279776420.0,15180000.0,7279000.0,0.0,0.48
6750,エレコム株式会社,176695436000.0,2639000000.0,58000000.0,0.01,0.02
2981,株式会社ランディックス,5139479709.0,0.0,0.0,0.0,0.0
5998,株式会社　アドバネクス,3339309480.0,119478000.0,1372533000.0,0.04,11.49
4972,綜研化学株式会社,12856700000.0,76578000.0,88278000.0,0.01,1.15
6696,株式会社トラース・オン・プロダクト,2566895212.0,0.0,0.0,0.0,0.0
9003,相鉄ホールディングス株式会社,225930938698.0,23387000000.0,287000000.0,0.1,0.01
7371,Ｚｅｎｋｅｎ株式会社,8322225600.0,1013334000.0,18904000.0,0.12,0.02
2224,株式会社コモ,11380050000.0,216457000.0,7043000.0,0.02,0.03
6517,デンヨー株式会社,65811061000.0,10758000000.0,281000000.0,0.16,0.03
5994,株式会社ファインシンター,3726060000.0,3900952000.0,98304000.0,1.05,0.03
5334,日本特殊陶業株式会社,1009189701800.0,88787000000.0,32056000000.0,0.09,0.36
3848,株式会社データ・アプリケーション,5968270000.0,1313660000.0,27321000.0,0.22,0.02
3683,株式会社サイバーリンクス,14817233411.0,14000000.0,370000000.0,0.0,26.43
7213,レシップホールディングス株式会社,6976368500.0,750496000.0,18186000.0,0.11,0.02
6082,株式会社ライドオンエクスプレスホールディングス,10885773413.0,2497131000.0,900000000.0,0.23,0.36
9600,株式会社アイネット,29248740360.0,3674565000.0,55335000.0,0.13,0.02
6629,テクノホライゾン株式会社,8088284160.0,457291000.0,9190000.0,0.06,0.02
5162,株式会社朝日ラバー,2840389800.0,198256000.0,5037000.0,0.07,0.03
4631,ＤＩＣ株式会社,277430233500.0,60085000000.0,627000000.0,0.22,0.01
8699,ＨＳホールディングス株式会社,44393594000.0,4567000000.0,410000000.0,0.1,0.09
4071,株式会社プラスアルファ・コンサルティング,94837233600.0,0.0,0.0,0.0,0.0
1941,株式会社中電工,202902028330.0,102681000000.0,824000000.0,0.51,0.01
5915,株式会社駒井ハルテック,7741404000.0,9872000000.0,244000000.0,1.28,0.02
7282,豊田合成株式会社,386415192000.0,10452000000.0,33012000000.0,0.03,3.16
5576,株式会社オービーシステム,7266690000.0,2011747000.0,13890000.0,0.28,0.01
4551,鳥居薬品株式会社,182016000000.0,33197000000.0,106000000.0,0.18,0.0
5986,モリテックスチール株式会社,4421380348.0,2637164000.0,85595000.0,0.6,0.03
9719,ＳＣＳＫ株式会社,1397300504754.0,6723000000.0,3639000000.0,0.0,0.54
6030,株式会社アドベンチャー,25811741500.0,0.0,0.0,0.0,0.0
5571,エキサイトホールディングス株式会社,6278102330.0,634992000.0,8486000.0,0.1,0.01
9326,株式会社関通,3834631800.0,2676000.0,5004000.0,0.0,1.87
3454,ファーストブラザーズ株式会社,15239475000.0,98771000.0,2931000.0,0.01,0.03
8377,株式会社ほくほくフィナンシャルグループ,385312418000.0,0.0,0.0,0.0,0.0
8927,株式会社明豊エンタープライズ,12490451000.0,17850000.0,682384000.0,0.0,38.23
4379,株式会社Ｐｈｏｔｏｓｙｎｔｈ,5786504000.0,47918000.0,0.0,0.01,0.0
9686,東洋テック株式会社,16473600000.0,4166451000.0,81830000.0,0.25,0.02
6927,ヘリオス　テクノ　ホールディング株式会社,19066568400.0,1079200000.0,45100000.0,0.06,0.04
3201,日本毛織株式会社,105950142000.0,26701000000.0,695000000.0,0.25,0.03
9746,株式会社　ＴＫＣ,238451304000.0,21700000000.0,231000000.0,0.09,0.01
3293,アズマハウス株式会社,5966916000.0,13846000.0,0.0,0.0,0.0
7570,橋本総業ホールディングス株式会社,27446744028.0,9575000000.0,310000000.0,0.35,0.03
8152,ソマール株式会社,10005380000.0,2388151000.0,73621000.0,0.24,0.03
6035,株式会社アイ・アールジャパンホールディングス,12131002800.0,133715000.0,0.0,0.01,0.0
2820,株式会社やまみ,32886600000.0,12801000.0,0.0,0.0,0.0
9991,ジェコス株式会社,40892852660.0,5447000000.0,118000000.0,0.13,0.02
6096,株式会社レアジョブ,3534570400.0,2524000.0,0.0,0.0,0.0
5302,日本カーボン株式会社,47505480000.0,10431000000.0,256000000.0,0.22,0.02
7467,萩原電気ホールディングス株式会社,32883500000.0,1284000000.0,27000000.0,0.04,0.02
7372,株式会社デコルテ・ホールディングス,1842750000.0,0.0,150009000.0,0.0,0.0
2179,株式会社成学社,4442256000.0,10620000.0,0.0,0.0,0.0
2656,株式会社ベクターホールディングス,2646204000.0,0.0,0.0,0.0,0.0
6494,株式会社ＮＦＫホールディングス,4316998000.0,1490738000.0,2182000.0,0.35,0.0
1885,東亜建設工業株式会社,153961500000.0,13822000000.0,379000000.0,0.09,0.03
3671,ソフトマックス株式会社,1919796480.0,45848000.0,0.0,0.02,0.0
9780,株式会社ハリマビステム,8277061400.0,1065121000.0,24127000.0,0.13,0.02
4880,セルソース株式会社,13547372400.0,176571000.0,0.0,0.01,0.0
6914,オプテックスグループ株式会社,61245177432.0,1264000000.0,16000000.0,0.02,0.01
4687,ＴＤＣソフト株式会社,63286272000.0,3077253000.0,86692000.0,0.05,0.03
4792,山田コンサルティンググループ株式会社,32907984000.0,562609000.0,0.0,0.02,0.0
1964,中外炉工業株式会社,26442000000.0,6533000000.0,243000000.0,0.25,0.04
7531,清和中央ホールディングス株式会社,6745950000.0,1752950000.0,49517000.0,0.26,0.03
5210,日本山村硝子株式会社,28252575000.0,2865000000.0,59000000.0,0.1,0.02
9551,メタウォーター株式会社,104184509000.0,2319000000.0,92000000.0,0.02,0.04
3922,株式会社ＰＲ　ＴＩＭＥＳ,39750588672.0,70799000.0,0.0,0.0,0.0
5946,株式会社長府製作所,67553547000.0,85623000000.0,401000000.0,1.27,0.0
2695,くら寿司株式会社,150901542000.0,0.0,219000000.0,0.0,0.0
9621,株式会社建設技術研究所,41882576388.0,5029000000.0,126000000.0,0.12,0.03
6634,株式会社ネクスグループ,5374106007.0,795509000.0,0.0,0.15,0.0
4188,三菱ケミカルグループ株式会社,1169331356012.6953,1549000000.0,31000000.0,0.0,0.02
8362,株式会社福井銀行,44376672000.0,0.0,0.0,0.0,0.0
1949,住友電設株式会社,238754500000.0,23712000000.0,561000000.0,0.1,0.02
1444,株式会社ニッソウ,3026586000.0,33090000.0,11280000.0,0.01,0.34
5905,日本製罐株式会社,1898688000.0,1663686000.0,66882000.0,0.88,0.04
7238,曙ブレーキ工業株式会社,28470520000.0,85000000.0,162000000.0,0.0,1.91
8562,株式会社　福島銀行,8027000000.0,0.0,0.0,0.0,0.0
5337,ダントーホールディングス株式会社,29423520000.0,4296000000.0,0.0,0.15,0.0
3750,株式会社サイトリ細胞研究所,8197206642.0,0.0,0.0,0.0,0.0
4957,ヤスハラケミカル株式会社,8725395000.0,1460000000.0,14000000.0,0.17,0.01
5401,日本製鉄株式会社,3007083348000.0,223331000000.0,104353000000.0,0.07,0.47
6897,株式会社ツインバード,4471460000.0,238610000.0,3555000.0,0.05,0.01
4491,コンピューターマネージメント株式会社,5334844000.0,293471000.0,2612000.0,0.06,0.01
7522,ワタミ株式会社,43752002000.0,686000000.0,0.0,0.02,0.0
7995,株式会社バルカー,58869508950.0,3949000000.0,75000000.0,0.07,0.02
4272,日本化薬株式会社,222424044000.0,35393000000.0,1023000000.0,0.16,0.03
9644,株式会社タナベコンサルティンググループ,13243000000.0,17746000.0,2662000.0,0.0,0.15
3741,株式会社セック,26112000000.0,1179059000.0,1619000.0,0.05,0.0
2162,ｎｍｓホールディングス株式会社,10611001000.0,17411000.0,0.0,0.0,0.0
5852,株式会社アーレスティ,19159500000.0,1460000000.0,46000000.0,0.08,0.03
3799,キーウェアソリューションズ株式会社,8472300000.0,361600000.0,4754000.0,0.04,0.01
5125,株式会社ファインズ,2771692800.0,0.0,0.0,0.0,0.0
6246,株式会社テクノスマート,20636428800.0,1908069000.0,52526000.0,0.09,0.03
2264,森永乳業株式会社,292335017338.0,19703000000.0,1316000000.0,0.07,0.07
4490,株式会社ビザスク,6519487500.0,0.0,0.0,0.0,0.0
8887,株式会社シーラホールディングス,3873538200.0,634578000.0,0.0,0.16,0.0
4593,株式会社ヘリオス,62612124800.0,102000000.0,0.0,0.0,0.0
6460,セガサミーホールディングス株式会社,765662356824.0,51185000000.0,157000000.0,0.07,0.0
9367,大東港運株式会社,7389143000.0,1455081000.0,41829000.0,0.2,0.03
4014,株式会社カラダノート,3164926400.0,0.0,0.0,0.0,0.0
7271,株式会社安永,6792450000.0,750000000.0,30000000.0,0.11,0.04
9355,株式会社リンコーコーポレーション,4808700000.0,5667692000.0,190340000.0,1.18,0.03
9425,ＲｅＹｕｕ　Ｊａｐａｎ株式会社,3818097500.0,0.0,0.0,0.0,0.0
4168,株式会社ヤプリ,10377280000.0,0.0,0.0,0.0,0.0
6332,月島ホールディングス株式会社,96457250000.0,24363000000.0,842000000.0,0.25,0.03
2160,株式会社ジーエヌアイグループ,155270712085.0,24412000.0,0.0,0.0,0.0
9115,明海グループ株式会社,23940000000.0,26692735000.0,120019000.0,1.11,0.0
2776,新都ホールディングス株式会社,6016179400.0,3979000.0,0.0,0.0,0.0
5029,サークレイス株式会社,5604256650.0,59470000.0,0.0,0.01,0.0
6266,タツモ株式会社,33291400022.0,26271000.0,163529000.0,0.0,6.22
4664,株式会社アール・エス・シー,1705200000.0,155140000.0,4674000.0,0.09,0.03
9824,泉州電業株式会社,81217500000.0,3139000000.0,100000000.0,0.04,0.03
1914,日本基礎技術株式会社,19837896000.0,5452850000.0,213747000.0,0.27,0.04
9201,日本航空株式会社,1301811854000.0,62533000000.0,13681000000.0,0.05,0.22
4735,株式会社京進,2594364000.0,171083000.0,4093000.0,0.07,0.02
9468,株式会社ＫＡＤＯＫＡＷＡ,537361360000.0,29224000000.0,658000000.0,0.05,0.02
5250,プライム・ストラテジー株式会社,3774532000.0,0.0,0.0,0.0,0.0
7357,株式会社ジオコード,3111505800.0,277268000.0,25202000.0,0.09,0.09
9850,株式会社グルメ杵屋,21672860000.0,914834000.0,50798000.0,0.04,0.06
4461,第一工業製薬株式会社,47224698820.0,5694000000.0,156000000.0,0.12,0.03
4011,株式会社ヘッドウォータース,7403643000.0,95042000.0,0.0,0.01,0.0
5885,株式会社ジーデップ・アドバンス,4122272000.0,0.0,0.0,0.0,0.0
2375,ギグワークス株式会社,5194788975.0,45530000.0,0.0,0.01,0.0
8115,ムーンバット株式会社,6278755485.0,253880000.0,4848000.0,0.04,0.02
9225,ブリッジコンサルティンググループ株式会社,2703085000.0,18716000.0,0.0,0.01,0.0
5444,大和工業株式会社,588705000000.0,74427000000.0,613000000.0,0.13,0.01
1776,三井住建道路株式会社,14361570000.0,7000000.0,2000000.0,0.0,0.29
9303,株式会社住友倉庫,243737832525.0,155645000000.0,4181000000.0,0.64,0.03
5240,ｍｏｎｏＡＩ　ｔｅｃｈｎｏｌｏｇｙ株式会社,4021358720.0,0.0,1411000.0,0.0,0.0
9068,丸全昭和運輸株式会社,143088920000.0,27186000000.0,938000000.0,0.19,0.03
4051,ＧＭＯフィナンシャルゲート株式会社,41697400000.0,99994000.0,150000000.0,0.0,1.5
2497,ユナイテッド株式会社,23116058680.0,1364021000.0,0.0,0.06,0.0
1897,金下建設株式会社,10660606000.0,7542000000.0,142000000.0,0.71,0.02
5992,中央発條株式会社,51289131168.0,31720071000.0,1052960000.0,0.62,0.03
8334,株式会社　群馬銀行,532525056000.0,0.0,0.0,0.0,0.0
5834,ＳＢＩリーシングサービス株式会社,33524294000.0,0.0,7000000.0,0.0,0.0
2813,和弘食品株式会社,10793757030.0,807248000.0,3333000.0,0.07,0.0
2503,キリンホールディングス株式会社,1818860000000.0,2223000000.0,12424000000.0,0.0,5.59
2752,株式会社フジオフードグループ本社,57647161125.0,343000000.0,7000000.0,0.01,0.02
7513,株式会社コジマ,102299396108.0,0.0,0.0,0.0,0.0
9854,愛眼株式会社,3983364000.0,604000000.0,15000000.0,0.15,0.02
4512,わかもと製薬株式会社,10172696000.0,1847919000.0,48301000.0,0.18,0.03
5889,Ｊａｐａｎ　Ｅｙｅｗｅａｒ　Ｈｏｌｄｉｎｇｓ株式会社,51693469440.0,0.0,569000000.0,0.0,0.0
4193,株式会社ファブリカホールディングス,11005554000.0,371538000.0,0.0,0.03,0.0
4420,イーソル株式会社,10440000000.0,690630000.0,33008000.0,0.07,0.05
9788,株式会社ナック,25777265500.0,1096000000.0,17000000.0,0.04,0.02
3415,株式会社ＴＯＫＹＯ　ＢＡＳＥ,20382497058.0,0.0,0.0,0.0,0.0
7919,野崎印刷紙業株式会社,3991560000.0,263666000.0,5908000.0,0.07,0.02
2594,キーコーヒー株式会社,45128421000.0,3782000000.0,34000000.0,0.08,0.01
9768,いであ株式会社,24484316625.0,1802699000.0,60962000.0,0.07,0.03
9701,株式会社東京會舘,13370819980.0,4419745000.0,87762000.0,0.33,0.02
9166,株式会社ＧＥＮＤＡ,70552669850.0,769000000.0,0.0,0.01,0.0
4582,シンバイオ製薬株式会社,7945692088.0,0.0,0.0,0.0,0.0
3021,株式会社パシフィックネット,6904461900.0,0.0,0.0,0.0,0.0
3853,アステリア株式会社,11036988215.0,548117000.0,10474000.0,0.05,0.02
5577,株式会社アイデミー,2911896000.0,0.0,0.0,0.0,0.0
2935,株式会社ピックルスホールディングス,12549408000.0,726000000.0,10000000.0,0.06,0.01
5352,黒崎播磨株式会社,125051324160.0,3966000000.0,191000000.0,0.03,0.05
4847,株式会社インテリジェント　ウェイブ,28420860000.0,1314398000.0,50603000.0,0.05,0.04
4186,東京応化工業株式会社,518101200000.0,22146000000.0,580000000.0,0.04,0.03
7677,株式会社ヤシマキザイ,7315200000.0,2128210000.0,43583000.0,0.29,0.02
1960,株式会社サンテック,14496000000.0,2866000000.0,82000000.0,0.2,0.03
9254,株式会社ラバブルマーケティンググループ,2074675350.0,44510000.0,0.0,0.02,0.0
4092,日本化学工業株式会社,18058128000.0,4548000000.0,145000000.0,0.25,0.03
2810,ハウス食品グループ本社株式会社,285447204000.0,48344000000.0,982000000.0,0.17,0.02
7444,ハリマ共和物産株式会社,10268238816.0,3010399000.0,136227000.0,0.29,0.05
3694,株式会社オプティム,28261646336.0,647188000.0,0.0,0.02,0.0
9553,株式会社マイクロアド,14115864000.0,604685000.0,2518000.0,0.04,0.0
7908,株式会社きもと,12488144592.0,1185000000.0,29000000.0,0.09,0.02
1905,株式会社テノックス,9051504000.0,572862000.0,16320000.0,0.06,0.03
8938,グローム・ホールディングス株式会社,5946507000.0,0.0,0.0,0.0,0.0
6806,ヒロセ電機株式会社,628570794090.0,16566000000.0,7086000000.0,0.03,0.43
3647,株式会社ジー・スリーホールディングス,3037749040.0,0.0,0.0,0.0,0.0
5410,合同製鐵株式会社,64893825000.0,26730000000.0,736000000.0,0.41,0.03
2345,株式会社クシム,3673573731.0,895027000.0,0.0,0.24,0.0
9979,株式会社大庄,24929979312.0,381000000.0,2000000.0,0.02,0.01
9343,株式会社アイビス,12242847180.0,0.0,0.0,0.0,0.0
1847,株式会社イチケン,22325460000.0,2504000000.0,40000000.0,0.11,0.02
5079,株式会社ノバック,13267140000.0,71266000.0,1711000.0,0.01,0.02
7128,フルサト・マルカホールディングス株式会社,59203908000.0,4074000000.0,69000000.0,0.07,0.02
3482,ロードスターキャピタル株式会社,60772296000.0,266000000.0,0.0,0.0,0.0
4732,株式会社ユー・エス・エス,864291000000.0,511000000.0,688000000.0,0.0,1.35
9028,株式会社ゼロ,55928600000.0,1035000000.0,577000000.0,0.02,0.56
3698,株式会社ＣＲＩ・ミドルウェア,8305865350.0,139075000.0,7846000.0,0.02,0.06
9158,株式会社シーユーシー,33679219200.0,1738000000.0,0.0,0.05,0.0
9744,株式会社メイテックグループホールディングス,247962000000.0,27000000.0,0.0,0.0,0.0
3788,ＧＭＯグローバルサイン・ホールディングス株式会社,24181124000.0,302255000.0,31407000.0,0.01,0.1
1873,株式会社日本ハウスホールディングス,11680000000.0,248000000.0,3000000.0,0.02,0.01
8346,株式会社東邦銀行,87870000000.0,0.0,0.0,0.0,0.0
3774,株式会社インターネットイニシアティブ,501010657740.0,15226000000.0,1989000000.0,0.03,0.13
6961,株式会社エンプラス,39369568365.0,746000000.0,20000000.0,0.02,0.03
3237,株式会社イントランス,3444906016.0,0.0,0.0,0.0,0.0
6440,ＪＵＫＩ株式会社,11860049063.0,5853000000.0,124000000.0,0.49,0.02
9552,株式会社Ｍ＆Ａ総研ホールディングス,80250208929.0,0.0,0.0,0.0,0.0
3479,株式会社ティーケーピー,73033438170.0,6618000000.0,32000000.0,0.09,0.0
6287,株式会社サトー,70366390664.0,163000000.0,8000000.0,0.0,0.05
4977,新田ゼラチン株式会社,16352836860.0,3073000000.0,59000000.0,0.19,0.02
7276,株式会社小糸製作所,560871726000.0,100620000000.0,1819000000.0,0.18,0.02
6617,株式会社東光高岳,38997296000.0,1359000000.0,48000000.0,0.03,0.04
7593,ＶＴホールディングス株式会社,56509856674.0,18741000000.0,560000000.0,0.33,0.03
8793,ＮＥＣキャピタルソリューション株式会社,84883360000.0,85090000000.0,54000000.0,1.0,0.0
1433,ベステラ株式会社,10015082800.0,3403448000.0,97053000.0,0.34,0.03
7373,株式会社アイドマ・ホールディングス,38609724500.0,1068500000.0,0.0,0.03,0.0
3236,株式会社プロパスト,6748399680.0,251000000.0,14000000.0,0.04,0.06
3670,協立情報通信株式会社,2364181600.0,11650000.0,0.0,0.0,0.0
7360,株式会社オンデック,2588604000.0,102725000.0,0.0,0.04,0.0
7235,東京ラヂエーター製造株式会社,9672000000.0,1806728000.0,78469000.0,0.19,0.04
8135,ゼット株式会社,8563452000.0,3622000000.0,75000000.0,0.42,0.02
9313,丸八倉庫株式会社,6256100000.0,1904744000.0,36473000.0,0.3,0.02
6664,株式会社オプトエレクトロニクス,1881308000.0,8000000.0,0.0,0.0,0.0
1429,株式会社日本アクア,27808000000.0,3380000.0,0.0,0.0,0.0
6309,巴工業株式会社,15599669200.0,1522972000.0,50638000.0,0.1,0.03
5393,ニチアス株式会社,373909854000.0,13834000000.0,660000000.0,0.04,0.05
4023,株式会社クレハ,183483230000.0,18608000000.0,6192000000.0,0.1,0.33
3494,株式会社マリオン,3396664000.0,66005000.0,1976000.0,0.02,0.03
6549,ディーエムソリューションズ株式会社,4413101000.0,65500000.0,0.0,0.01,0.0
8361,株式会社　大垣共立銀行,115704546000.0,0.0,0.0,0.0,0.0
3626,ＴＩＳ株式会社,1102499411000.0,57041000000.0,775000000.0,0.05,0.01
7552,株式会社ハピネット,131553500000.0,9136000000.0,149000000.0,0.07,0.02
6947,株式会社図研,129493859280.0,3410311000.0,43241000.0,0.03,0.01
7637,白銅株式会社,26429889000.0,1244509000.0,45284000.0,0.05,0.04
9698,株式会社クレオ,9340480000.0,133000000.0,429000000.0,0.01,3.23
4743,株式会社アイティフォー,42091145200.0,2997342000.0,77054000.0,0.07,0.03
4264,株式会社セキュア,7601193420.0,209923000.0,0.0,0.03,0.0
6703,沖電気工業株式会社,135100065498.0,38380000000.0,1438000000.0,0.28,0.04
6095,メドピア株式会社,16643712370.0,128122000.0,0.0,0.01,0.0
9259,株式会社タカヨシホールディングス,3961013000.0,28201000.0,15478000.0,0.01,0.55
7719,株式会社東京衡機,1640771930.0,73740000.0,0.0,0.04,0.0
8117,中央自動車工業株式会社,38918880000.0,17769678000.0,215721000.0,0.46,0.01
7991,マミヤ・オーピー株式会社,15395201550.0,5991783000.0,111854000.0,0.39,0.02
5902,ホッカンホールディングス株式会社,26426937294.0,11920000000.0,296000000.0,0.45,0.02
1514,住石ホールディングス株式会社,40737048918.0,2806000000.0,4634000000.0,0.07,1.65
2112,塩水港精糖株式会社,13160000000.0,8375000000.0,178000000.0,0.64,0.02
8046,丸藤シートパイル株式会社,12120000000.0,1290000000.0,58000000.0,0.11,0.04
6966,株式会社三井ハイテック,143856722925.0,1548000000.0,49000000.0,0.01,0.03
3457,株式会社Ａｎｄ　Ｄｏホールディングス,21479437200.0,4838000000.0,1000000.0,0.23,0.0
4763,株式会社クリーク・アンド・リバー社,34766599000.0,1257173000.0,7310000.0,0.04,0.01
6392,株式会社　ヤマダコーポレーション,12048000000.0,349903000.0,10655000.0,0.03,0.03
7455,株式会社パリミキホールディングス,16108449000.0,2763000000.0,7000000.0,0.17,0.0
9066,株式会社日新,125032918140.0,10505000000.0,474000000.0,0.08,0.05
3096,株式会社オーシャンシステム,14169564000.0,579274000.0,4528000.0,0.04,0.01
6466,株式会社ＴＶＥ,5661680000.0,1859965000.0,41634000.0,0.33,0.02
4422,ＶＡＬＵＥＮＥＸ株式会社,1614461400.0,0.0,0.0,0.0,0.0
2588,株式会社プレミアムウォーターホールディングス,93000253185.0,8862000000.0,0.0,0.1,0.0
3183,ウイン・パートナーズ株式会社,39867826170.0,1078023000.0,7345000.0,0.03,0.01
3593,株式会社ホギメディカル,86874209865.0,5982000000.0,71000000.0,0.07,0.01
6523,ＰＨＣホールディングス株式会社,111999323792.0,8405000000.0,0.0,0.08,0.0
3347,株式会社トラスト,10995600000.0,243277000.0,6128000.0,0.02,0.03
9244,株式会社デジタリフト,1358418000.0,56449000.0,0.0,0.04,0.0
3930,株式会社はてな,4304420400.0,193940000.0,4473000.0,0.05,0.02
6086,シンメンテホールディングス株式会社,12230457000.0,343512000.0,4980000.0,0.03,0.01
9247,ＴＲＥホールディングス株式会社,70602620000.0,7301000000.0,9000000.0,0.1,0.0
8165,株式会社千趣会,12649608000.0,1096000000.0,6000000.0,0.09,0.01
8103,明和産業株式会社,27950076000.0,14453000000.0,240000000.0,0.52,0.02
7718,スター精密株式会社,70334157800.0,903529000.0,626620000.0,0.01,0.69
2152,幼児活動研究会株式会社,16085160000.0,2505930000.0,31818000.0,0.16,0.01
3663,株式会社セルシス,57671176200.0,663486000.0,37932000.0,0.01,0.06
5532,株式会社リアルゲイト,5730284000.0,0.0,0.0,0.0,0.0
6723,ルネサスエレクトロニクス株式会社,3564456882500.0,3507000000.0,9340000000.0,0.0,2.66
9610,ウィルソン・ラーニング　ワールドワイド株式会社,984440340.0,50000000.0,1000000.0,0.05,0.02
3106,倉敷紡績株式会社,129780000000.0,55994000000.0,1572000000.0,0.43,0.03
9928,株式会社ミロク情報サービス,59217422238.0,2023000000.0,19000000.0,0.03,0.01
1434,ＪＥＳＣＯホールディングス株式会社,6434844800.0,239694000.0,30334000.0,0.04,0.13
2127,株式会社日本Ｍ＆Ａセンターホールディングス,237370566600.0,13945317000.0,46015000.0,0.06,0.0
6768,株式会社タムラ製作所,40061392932.0,6922000000.0,98000000.0,0.17,0.01
3858,株式会社ユビキタスＡＩ,3953502000.0,321876000.0,3140000.0,0.08,0.01
2916,仙波糖化工業株式会社,8527200000.0,2789526000.0,62616000.0,0.33,0.02
5981,東京製綱株式会社,21197519326.0,7177000000.0,300000000.0,0.34,0.04
6901,澤藤電機株式会社,4019460000.0,4116000000.0,221000000.0,1.02,0.05
6552,株式会社ＧａｍｅＷｉｔｈ,3816425600.0,224195000.0,0.0,0.06,0.0
8281,ゼビオホールディングス株式会社,52893769392.0,2733000000.0,24000000.0,0.05,0.01
3302,帝国繊維株式会社,78912454800.0,29767694000.0,1072593000.0,0.38,0.04
5351,品川リフラクトリーズ株式会社,78026630000.0,9222000000.0,341000000.0,0.12,0.04
4502,武田薬品工業株式会社,7019271400000.0,99274000000.0,195321000000.0,0.01,1.97
2477,手間いらず株式会社,20283639480.0,0.0,0.0,0.0,0.0
4428,株式会社シノプス,5476625000.0,99180000.0,0.0,0.02,0.0
7646,株式会社ＰＬＡＮＴ,11554855000.0,32000000.0,3000000.0,0.0,0.09
6540,株式会社船場,19237991952.0,265486000.0,2459000.0,0.01,0.01
8595,ジャフコ　グループ株式会社,138804560000.0,3377000000.0,571000000.0,0.02,0.17
7014,株式会社名村造船所,207672298000.0,32552000000.0,1161000000.0,0.16,0.04
2326,デジタルアーツ株式会社,111085380000.0,0.0,0.0,0.0,0.0
6748,星和電機株式会社,7890265200.0,3232511000.0,89963000.0,0.41,0.03
4801,セントラルスポーツ株式会社,28080234000.0,168000000.0,0.0,0.01,0.0
6776,天昇電気工業株式会社,4525724000.0,3983000000.0,15000000.0,0.88,0.0
2730,株式会社エディオン,227370150000.0,5401000000.0,1419000000.0,0.02,0.26
4662,株式会社フォーカスシステムズ,22678464000.0,2883564000.0,22322000.0,0.13,0.01
4674,株式会社クレスコ,68208000000.0,8103753000.0,79189000.0,0.12,0.01
5105,ＴＯＹＯ　ＴＩＲＥ株式会社,478822877000.0,6710000000.0,632000000.0,0.01,0.09
9082,大和自動車交通株式会社,4504500000.0,1114000000.0,27000000.0,0.25,0.02
9377,株式会社　エージーピー,21268390000.0,251333000.0,4210000.0,0.01,0.02
5367,株式会社ニッカトー,6237390000.0,1942568000.0,74971000.0,0.31,0.04
6633,株式会社ＣＧＳホールディングス,3018877092.0,320212000.0,74863000.0,0.11,0.23
3321,ミタチ産業株式会社,9789477829.0,106408000.0,1974000.0,0.01,0.02
8053,住友商事株式会社,4490756452836.0,237437000000.0,541159000000.0,0.05,2.28
5078,株式会社セレコーポレーション,20881562000.0,29550000.0,2460000.0,0.0,0.08
9955,株式会社ヨンキュウ,28705964000.0,11902726000.0,240375000.0,0.41,0.02
7215,株式会社ファルテック,3385674600.0,256000000.0,4000000.0,0.08,0.02
3333,株式会社あさひ,34322966400.0,0.0,0.0,0.0,0.0
6074,株式会社ジェイエスエス,2182122352.0,27055000.0,0.0,0.01,0.0
4403,日油株式会社,697272752000.0,41864000000.0,1193000000.0,0.06,0.03
6072,地盤ネットホールディングス株式会社,3958308000.0,0.0,0.0,0.0,0.0
3628,株式会社データホライゾン,7538216000.0,0.0,0.0,0.0,0.0
4436,株式会社ミンカブ・ジ・インフォノイド,7777630200.0,438832000.0,5091000.0,0.06,0.01
8308,株式会社　りそなホールディングス,2984280416000.0,27448000000.0,307000000.0,0.01,0.01
6145,ＮＩＴＴＯＫＵ株式会社,35184306312.0,2999000000.0,57000000.0,0.09,0.02
7595,株式会社アルゴグラフィックス,116911420000.0,21185887000.0,398408000.0,0.18,0.02
9412,株式会社スカパーＪＳＡＴホールディングス,420623626032.0,37769000000.0,17000000.0,0.09,0.0
4166,かっこ株式会社,2063772490.0,66981000.0,0.0,0.03,0.0
7886,ヤマト　モビリティ　＆　Ｍｆｇ．株式会社,1399706000.0,45304000.0,28603000.0,0.03,0.63
3561,株式会社力の源ホールディングス,41658381000.0,154447000.0,1564000.0,0.0,0.01
7044,株式会社ピアラ,4219380880.0,267704000.0,0.0,0.06,0.0
7095,株式会社Ｍａｃｂｅｅ　Ｐｌａｎｅｔ,9726773040.0,954000000.0,1000000.0,0.1,0.0
8030,中央魚類株式会社,15038820500.0,12514000000.0,382000000.0,0.83,0.03
4886,あすか製薬ホールディングス株式会社,69606941580.0,12327000000.0,286000000.0,0.18,0.02
8276,株式会社　平和堂,150359682000.0,3871000000.0,108000000.0,0.03,0.03
4310,株式会社ドリームインキュベータ,22586794604.0,65000000.0,0.0,0.0,0.0
7369,株式会社メイホーホールディングス,1197301500.0,6630000.0,0.0,0.01,0.0
2586,株式会社フルッタフルッタ,27077453460.0,0.0,0.0,0.0,0.0
8366,株式会社滋賀銀行,319601800000.0,0.0,0.0,0.0,0.0
3989,シェアリングテクノロジー株式会社,26102787400.0,0.0,0.0,0.0,0.0
9248,人・夢・技術グループ株式会社,15875376000.0,1833000000.0,16000000.0,0.12,0.01
7988,株式会社ニフコ,361727256000.0,684000000.0,14414000000.0,0.0,21.07
6307,サンセイ株式会社,3595080000.0,0.0,1836000.0,0.0,0.0
5310,東洋炭素株式会社,99189978300.0,533000000.0,54000000.0,0.01,0.1
7224,新明和工業株式会社,118440000000.0,14483000000.0,272000000.0,0.12,0.02
9265,ヤマシタヘルスケアホールディングス株式会社,6829275000.0,1267000000.0,10000000.0,0.19,0.01
7877,永大化工株式会社,2283440000.0,234512000.0,3682000.0,0.1,0.02
2882,株式会社イートアンドホールディングス,23279878440.0,21000000.0,0.0,0.0,0.0
2435,株式会社シダー,2432912000.0,0.0,0.0,0.0,0.0
3823,ＴＨＥ　ＷＨＹ　ＨＯＷ　ＤＯ　ＣＯＭＰＡＮＹ株式会社,6814143063.0,0.0,0.0,0.0,0.0
8697,株式会社日本取引所グループ,1533441041288.0,1122000000.0,294000000.0,0.0,0.26
6151,日東工器株式会社,34880335395.0,4123000000.0,83000000.0,0.12,0.02
8844,株式会社コスモスイニシア,46254604000.0,1543000000.0,6000000.0,0.03,0.0
4216,旭有機材株式会社,80685000000.0,2404000000.0,103000000.0,0.03,0.04
5268,旭コンクリート工業株式会社,8429421000.0,1201738000.0,107967000.0,0.14,0.09
7350,株式会社おきなわフィナンシャルグループ,75147240000.0,0.0,0.0,0.0,0.0
7240,ＮＯＫ株式会社,377787116000.0,162144000000.0,3387000000.0,0.43,0.02
9601,松竹株式会社,179937733870.0,41992000000.0,805000000.0,0.23,0.02
9009,京成電鉄株式会社,653523895500.0,236626000000.0,390000000.0,0.36,0.0
6137,小池酸素工業株式会社,5946430000.0,11019000000.0,170000000.0,1.85,0.02
7893,株式会社プロネクサス,30737806992.0,4721912000.0,389291000.0,0.15,0.08
4994,大成ラミックグループ株式会社,17800722000.0,943751000.0,14891000.0,0.05,0.02
8016,株式会社オンワードホールディングス,93647153000.0,13789000000.0,281000000.0,0.15,0.02
4208,ＵＢＥ株式会社,241658100000.0,225502000000.0,528000000.0,0.93,0.0
6807,日本航空電子工業株式会社,172030481776.0,3748000000.0,547000000.0,0.02,0.15
6279,株式会社瑞光,27388800000.0,651675000.0,16642000.0,0.02,0.03
7687,株式会社ミクリード,2960706000.0,0.0,0.0,0.0,0.0
6255,株式会社エヌ・ピー・シー,14289972048.0,0.0,0.0,0.0,0.0
6969,松尾電機株式会社,2561580000.0,15000000.0,0.0,0.01,0.0
3245,株式会社ディア・ライフ,56839348800.0,1062000000.0,1000000.0,0.02,0.0
6908,イリソ電子工業株式会社,68857374385.0,276000000.0,6000000.0,0.0,0.02
9163,株式会社ナレルグループ,19693519570.0,0.0,0.0,0.0,0.0
9479,株式会社インプレスホールディングス,7773272000.0,829322000.0,1404000.0,0.11,0.0
9950,株式会社ハチバン,10492939620.0,452154000.0,92795000.0,0.04,0.21
9501,東京電力ホールディングス株式会社,827613755000.0,1886374000000.0,701000000.0,2.28,0.0
7921,株式会社ＴＡＫＡＲＡ　＆　ＣＯＭＰＡＮＹ,43668932760.0,3332550000.0,60375000.0,0.08,0.02
6420,ガリレイ株式会社,135485240000.0,11752000000.0,141000000.0,0.09,0.01
6579,ログリー株式会社,1555427000.0,94966000.0,0.0,0.06,0.0
8508,Ｊトラスト株式会社,63047364000.0,2245000000.0,5000000.0,0.04,0.0
7483,株式会社ドウシシャ,91045500000.0,2404000000.0,371000000.0,0.03,0.15
5989,株式会社エイチワン,36910679000.0,740000000.0,663000000.0,0.02,0.9
4623,株式会社アサヒペン,7933068000.0,2902197000.0,57058000.0,0.37,0.02
2726,株式会社パルグループホールディングス,403954560000.0,267000000.0,0.0,0.0,0.0
7425,初穂商事株式会社,6668944560.0,180599000.0,8797000.0,0.03,0.05
6101,株式会社ツガミ,92016000000.0,4352000000.0,4235000000.0,0.05,0.97
3445,株式会社ＲＳ　Ｔｅｃｈｎｏｌｏｇｉｅｓ,80982725050.0,8416908000.0,485770000.0,0.1,0.06
5741,株式会社ＵＡＣＪ,246464960000.0,5934000000.0,2727000000.0,0.02,0.46
9793,株式会社ダイセキ,174420000000.0,7169000000.0,28000000.0,0.04,0.0
6238,フリュー株式会社,28494072000.0,14477000.0,0.0,0.0,0.0
3697,株式会社ＳＨＩＦＴ,28997072628.0,1145000000.0,67000000.0,0.04,0.06
8522,株式会社　名古屋銀行,144145800000.0,0.0,0.0,0.0,0.0
2378,株式会社ルネサンス,22341055000.0,42198000.0,29795000.0,0.0,0.71
9441,株式会社ベルパーク,43041511800.0,4076371000.0,45765000.0,0.09,0.01
6762,ＴＤＫ株式会社,3226807600000.0,3549000000.0,90737000000.0,0.0,25.57
5121,藤倉コンポジット株式会社,35333436963.0,1810453000.0,165617000.0,0.05,0.09
7037,株式会社テノ．ホールディングス,2284831800.0,10000000.0,0.0,0.0,0.0
2156,セーラー広告株式会社,2206314000.0,263868000.0,4839000.0,0.12,0.02
6644,大崎電気工業株式会社,49473859500.0,8344000000.0,283000000.0,0.17,0.03
7022,サノヤスホールディングス株式会社,9464796000.0,4805000000.0,171000000.0,0.51,0.04
6915,千代田インテグレ株式会社,34351856266.0,2996000000.0,89000000.0,0.09,0.03
4373,シンプレクス・ホールディングス株式会社,228374022750.0,355000000.0,3000000.0,0.0,0.01
4667,アイサンテクノロジー株式会社,7563258377.0,818876000.0,1354000.0,0.11,0.0
6951,日本電子株式会社,220660024000.0,14769000000.0,228000000.0,0.07,0.02
1821,三井住友建設株式会社,96953108000.0,3749000000.0,125000000.0,0.04,0.03
5942,日本フイルコン株式会社,11083605500.0,2866104000.0,37568000.0,0.26,0.01
7030,株式会社スプリックス,19342627200.0,276000000.0,302000000.0,0.01,1.09
9763,丸紅建材リース株式会社,10511233600.0,5179000000.0,50000000.0,0.49,0.01
1929,日特建設株式会社,47932444000.0,4288000000.0,125000000.0,0.09,0.03
4784,ＧＭＯインターネット株式会社,35206877200.0,673485000.0,0.0,0.02,0.0
4720,株式会社城南進学研究社,2082516720.0,136139000.0,3588000.0,0.07,0.03
2269,明治ホールディングス株式会社,873126800000.0,78354000000.0,991000000.0,0.09,0.01
6572,オープングループ株式会社,23831169000.0,1746585000.0,0.0,0.07,0.0
7837,株式会社アールシーコア,1800950800.0,0.0,3448000.0,0.0,0.0
2653,イオン九州株式会社,99101472510.0,399000000.0,10000000.0,0.0,0.03
6018,阪神内燃機工業株式会社,9955120000.0,1943997000.0,49754000.0,0.2,0.03
7162,アストマックス株式会社,3513800100.0,447223000.0,2200000.0,0.13,0.0
4335,株式会社アイ・ピー・エス,2860560000.0,4945000.0,0.0,0.0,0.0
9072,ニッコンホールディングス株式会社,424592634888.0,28031000000.0,1202000000.0,0.07,0.04
6365,株式会社電業社機械製作所,21782664000.0,3765000000.0,110000000.0,0.17,0.03
7974,任天堂株式会社,16863489650000.0,369373000000.0,54613000000.0,0.02,0.15
9987,株式会社スズケン,396557665000.0,84399000000.0,1386000000.0,0.21,0.02
9835,株式会社ジュンテンドー,4098932688.0,396884000.0,14169000.0,0.1,0.04
6176,株式会社ブランジスタ,11354158700.0,1597540000.0,0.0,0.14,0.0
2266,六甲バター株式会社,26965321125.0,2870928000.0,78109000.0,0.11,0.03
3088,株式会社マツキヨココカラ＆カンパニー,1328081625000.0,27786000000.0,431000000.0,0.02,0.02
3192,株式会社白鳩,1780809900.0,0.0,0.0,0.0,0.0
3431,宮地エンジニアリンググループ株式会社,52724685000.0,6887000000.0,234000000.0,0.13,0.03
7746,岡本硝子株式会社,4008460000.0,34914000.0,0.0,0.01,0.0
5975,東プレ株式会社,106585058752.0,19610000000.0,571000000.0,0.18,0.03
6378,木村化工機株式会社,19549400000.0,2024000000.0,80000000.0,0.1,0.04
5388,クニミネ工業株式会社,15519300000.0,1631810000.0,234558000.0,0.11,0.14
3161,アゼアス株式会社,3888571239.0,170215000.0,5929000.0,0.04,0.03
3646,株式会社駅探,2299181600.0,29506000.0,1197000.0,0.01,0.04
4396,株式会社システムサポート,26614320000.0,0.0,7855000.0,0.0,0.0
4816,東映アニメーション株式会社,710850000000.0,20703000000.0,276000000.0,0.03,0.01
7456,松田産業株式会社,98079660000.0,7894000000.0,38000000.0,0.08,0.0
2923,サトウ食品株式会社,36543600000.0,2305079000.0,56657000.0,0.06,0.02
7438,コンドーテック株式会社,39647720000.0,280000000.0,5000000.0,0.01,0.02
8174,日本瓦斯株式会社,312417963000.0,2130000000.0,2000000.0,0.01,0.0
4100,戸田工業株式会社,8233650000.0,3374000000.0,74000000.0,0.41,0.02
6724,セイコーエプソン株式会社,702691098912.0,6972000000.0,52893000000.0,0.01,7.59
7538,株式会社大水,4600516000.0,3735000000.0,97000000.0,0.81,0.03
9869,加藤産業株式会社,200900000000.0,58082000000.0,978000000.0,0.29,0.02
7351,株式会社グッドパッチ,8130434760.0,202017000.0,0.0,0.02,0.0
7487,小津産業株式会社,13918121250.0,6548029000.0,94878000.0,0.47,0.01
4046,株式会社大阪ソーダ,242860220000.0,28510000000.0,784000000.0,0.12,0.03
3080,株式会社ジェーソン,8712160000.0,0.0,0.0,0.0,0.0
3640,株式会社電算,18066134000.0,581190000.0,11348000.0,0.03,0.02
9142,九州旅客鉄道株式会社,576036262000.0,53217000000.0,951000000.0,0.09,0.02
5596,アウトルックコンサルティング株式会社,4775469208.0,0.0,0.0,0.0,0.0
4689,ＬＩＮＥヤフー株式会社,3848949916000.0,14056000000.0,44482000000.0,0.0,3.16
2181,パーソルホールディングス株式会社,661658090893.5242,925000000.0,3000000.0,0.0,0.0
2286,林兼産業株式会社,4811400000.0,4286000000.0,125000000.0,0.89,0.03
3326,株式会社ランシステム,2694253500.0,0.0,15215000.0,0.0,0.0
6803,ティアック株式会社,2603880000.0,0.0,52000000.0,0.0,0.0
1798,株式会社守谷商会,8949600000.0,1154986000.0,21051000.0,0.13,0.02
5384,株式会社フジミインコーポレーテッド,171891381000.0,3511000000.0,95000000.0,0.02,0.03
6674,株式会社　ジーエス・ユアサ　コーポレーション,263017851000.0,78432000000.0,736000000.0,0.3,0.01
7384,株式会社プロクレアホールディングス,41840680000.0,0.0,0.0,0.0,0.0
7182,株式会社ゆうちょ銀行,5911109400000.0,0.0,0.0,0.0,0.0
9914,株式会社　植松商会,2208960000.0,1555681000.0,50178000.0,0.7,0.03
3814,株式会社アルファクス・フード・システム,1321061200.0,0.0,0.0,0.0,0.0
7713,シグマ光機株式会社,9953536000.0,1140928000.0,4254000.0,0.11,0.0
2305,株式会社スタジオアリス,36208795000.0,1779666000.0,32944000.0,0.05,0.02
5727,東邦チタニウム株式会社,90514055700.0,0.0,1066000000.0,0.0,0.0
1446,株式会社キャンディル,6011152000.0,106500000.0,0.0,0.02,0.0
2685,株式会社アダストリア,140251200000.0,691000000.0,3000000.0,0.0,0.0
4917,株式会社マンダム,68493711000.0,6872000000.0,97000000.0,0.1,0.01
3204,株式会社トーア紡コーポレーション,3567060000.0,2367000000.0,72000000.0,0.66,0.03
2751,株式会社テンポスホールディングス,47668284000.0,236000000.0,0.0,0.0,0.0
7590,株式会社タカショー,7423028108.0,180245000.0,6334000.0,0.02,0.04
5991,日本発條株式会社,378948476160.0,64962000000.0,3189000000.0,0.17,0.05
1799,第一建設工業株式会社,62992642820.0,7455064000.0,344907000.0,0.12,0.05
6772,東京コスモス電機株式会社,14753062500.0,703799000.0,14950000.0,0.05,0.02
4932,株式会社アルマード,11121580000.0,0.0,0.0,0.0,0.0
5891,株式会社魁力屋,11331783900.0,0.0,0.0,0.0,0.0
3116,トヨタ紡織株式会社,396068540049.0,8471000000.0,33468000000.0,0.02,3.95
6340,澁谷工業株式会社,96973305000.0,3087000000.0,62000000.0,0.03,0.02
2424,株式会社ブラス,4036475100.0,0.0,0.0,0.0,0.0
5541,大平洋金属株式会社,34318605463.0,24873000000.0,121000000.0,0.72,0.0
5922,那須電機鉄工株式会社,15864000000.0,5294896000.0,108963000.0,0.33,0.02
7367,株式会社セルム,9120814000.0,109636000.0,243250000.0,0.01,2.22
4487,株式会社スペースマーケット,4921622400.0,5100000.0,0.0,0.0,0.0
7979,株式会社松風,71683364000.0,8709000000.0,187000000.0,0.12,0.02
1938,日本リーテック株式会社,48262428000.0,16185080000.0,171545000.0,0.34,0.01
7698,株式会社アイスコ,6905631200.0,19562000.0,10695000.0,0.0,0.55
3539,株式会社ＪＭホールディングス,72141368000.0,1201000000.0,14000000.0,0.02,0.01
3512,日本フエルト株式会社,8529030000.0,8232581000.0,238381000.0,0.97,0.03
6370,栗田工業株式会社,640843000000.0,7165000000.0,6444000000.0,0.01,0.9
4521,科研製薬株式会社,176819211000.0,18875000000.0,536000000.0,0.11,0.03
4596,窪田製薬ホールディングス株式会社,2838279400.0,0.0,0.0,0.0,0.0
8550,株式会社　栃木銀行,47131440000.0,0.0,0.0,0.0,0.0
3864,三菱製紙株式会社,27829171326.0,24813000000.0,502000000.0,0.89,0.02
3386,コスモ・バイオ株式会社,7142688000.0,3288000000.0,66000000.0,0.46,0.02
5703,日本軽金属ホールディングス株式会社,102103706250.0,38369000000.0,429000000.0,0.38,0.01
9381,株式会社エーアイテイー,43546665600.0,2492000000.0,4000000.0,0.06,0.0
9753,アイエックス・ナレッジ株式会社,12150000000.0,2905513000.0,52546000.0,0.24,0.02
4429,リックソフト株式会社,3676642400.0,0.0,0.0,0.0,0.0
7604,株式会社　梅の花,6739753200.0,1068601000.0,0.0,0.16,0.0
2198,アイ・ケイ・ケイホールディングス株式会社,23665872000.0,17991000.0,0.0,0.0,0.0
2502,アサヒグループホールディングス株式会社,2838965165000.0,2709000000.0,4560000000.0,0.0,1.68
3418,株式会社バルニバービ,10882799280.0,171008000.0,13000000.0,0.02,0.08
4367,広栄化学株式会社,11167100000.0,0.0,0.0,0.0,0.0
6360,株式会社　東京自働機械製作所,4428600000.0,2891296000.0,72787000.0,0.65,0.03
4625,アトミクス株式会社,4757994000.0,565252000.0,12395000.0,0.12,0.02
5805,ＳＷＣＣ株式会社,254622760000.0,6207000000.0,214000000.0,0.02,0.03
6093,株式会社エスクロー・エージェント・ジャパン,5927580702.0,57905000.0,0.0,0.01,0.0
1716,第一カッター興業株式会社,15420000000.0,976289000.0,10784000.0,0.06,0.01
9233,アジア航測株式会社,21815608000.0,4851933000.0,117664000.0,0.22,0.02
4224,ロンシール工業株式会社,7955000000.0,1329000000.0,47000000.0,0.17,0.04
9246,株式会社プロジェクトホールディングス,7211368600.0,18050000.0,0.0,0.0,0.0
8225,株式会社タカチホ,2639010000.0,54477000.0,3747000.0,0.02,0.07
4246,ダイキョーニシカワ株式会社,50988516000.0,1480000000.0,43000000.0,0.03,0.03
7087,株式会社ウイルテック,5588765000.0,41000000.0,188000000.0,0.01,4.59
3038,株式会社神戸物産,1196452800000.0,424000000.0,6000000.0,0.0,0.01
7779,ＣＹＢＥＲＤＹＮＥ株式会社,25152583047.0,3910000000.0,0.0,0.16,0.0
2270,雪印メグミルク株式会社,194850608670.0,56370000000.0,952000000.0,0.29,0.02
3433,トーカロ株式会社,120870000000.0,2344000000.0,40000000.0,0.02,0.02
7689,株式会社コパ・コーポレーション,1511130000.0,0.0,0.0,0.0,0.0
8086,ニプロ株式会社,231469650000.0,15287000000.0,783000000.0,0.07,0.05
8537,株式会社大光銀行,15657349000.0,0.0,0.0,0.0,0.0
6874,協立電機株式会社,9808405000.0,1994043000.0,45504000.0,0.2,0.02
5406,株式会社　神戸製鋼所,635540811000.0,214144000000.0,5155000000.0,0.34,0.02
6988,日東電工株式会社,2000837560000.0,2844000000.0,15892000000.0,0.0,5.59
7752,株式会社リコー,750623359250.0,14319000000.0,36310000000.0,0.02,2.54
7212,株式会社エフテック,12780462652.0,9242000000.0,103000000.0,0.72,0.01
6861,株式会社キーエンス,13604999580000.0,1527669000000.0,0.0,0.11,0.0
6902,株式会社デンソー,5706976290000.0,457549000000.0,261520000000.0,0.08,0.57
4324,株式会社電通グループ,767098800000.0,92134000000.0,2635000000.0,0.12,0.03
7265,エイケン工業株式会社,4625200000.0,401077000.0,9330000.0,0.09,0.02
6670,株式会社ＭＣＪ,135156801600.0,920000000.0,0.0,0.01,0.0
6994,株式会社指月電機製作所,13720315000.0,1745251000.0,41985000.0,0.13,0.02
7850,総合商研株式会社,2738798450.0,932358000.0,28757000.0,0.34,0.03
5013,株式会社ユシロ,29912939880.0,5584000000.0,155000000.0,0.19,0.03
4912,ライオン株式会社,415698458279.0,18894000000.0,7005000000.0,0.05,0.37
9861,株式会社吉野家ホールディングス,215188059632.0,2878000000.0,1000000.0,0.01,0.0
3912,株式会社モバイルファクトリー,8265008370.0,104552000.0,0.0,0.01,0.0
1438,株式会社岐阜造園,6125271400.0,163466000.0,5628000.0,0.03,0.03
7297,株式会社カーメイト,6691978940.0,2073787000.0,57762000.0,0.31,0.03
7943,ニチハ株式会社,114211440000.0,10210000000.0,319000000.0,0.09,0.03
9622,株式会社スペース,31680979929.0,927262000.0,18503000.0,0.03,0.02
3405,株式会社クラレ,601646276000.0,29890000000.0,731000000.0,0.05,0.02
8931,和田興産株式会社,16872000000.0,266881000.0,3288000.0,0.02,0.01
1723,日本電技株式会社,75908850000.0,15262000000.0,94000000.0,0.2,0.01
3976,株式会社シャノン,1189581800.0,0.0,0.0,0.0,0.0
4259,株式会社エクサウィザーズ,37623747200.0,181000000.0,0.0,0.0,0.0
8364,株式会社清水銀行,16600066000.0,0.0,0.0,0.0,0.0
6134,株式会社ＦＵＪＩ,263488265238.0,20962000000.0,535000000.0,0.08,0.03
7150,株式会社島根銀行,3955520000.0,0.0,0.0,0.0,0.0
6677,株式会社エスケーエレクトロニクス,31308573600.0,855611000.0,19949000.0,0.03,0.02
3444,株式会社菊池製作所,3750660800.0,3005985000.0,45375000.0,0.8,0.02
3491,株式会社ＧＡ　ｔｅｃｈｎｏｌｏｇｉｅｓ,69846084220.0,348000000.0,0.0,0.0,0.0
9629,ピー・シー・エー株式会社,40106000000.0,3115000000.0,19000000.0,0.08,0.01
9636,株式会社きんえい,11523785000.0,23831000.0,0.0,0.0,0.0
4477,ＢＡＳＥ株式会社,46438249410.0,32000000.0,0.0,0.0,0.0
7130,ヤマエグループホールディングス株式会社,70839930000.0,20238000000.0,367000000.0,0.29,0.02
5923,高田機工株式会社,7356352000.0,4816013000.0,130788000.0,0.65,0.03
8616,東海東京フィナンシャル・ホールディングス株式会社,134460371340.0,56226000000.0,1033000000.0,0.42,0.02
2962,株式会社テクニスコ,2765080290.0,3921000.0,0.0,0.0,0.0
2484,株式会社出前館,25689718620.0,3000000.0,47000000.0,0.0,15.67
9339,株式会社コーチ・エィ,2260198875.0,34800000.0,0.0,0.02,0.0
6239,株式会社ナガオカ,9846054400.0,120600000.0,387060000.0,0.01,3.21
4319,ＴＡＣ株式会社,4107888000.0,502678000.0,47322000.0,0.12,0.09
6678,株式会社テクノメディカ,16100880000.0,0.0,1540000.0,0.0,0.0
6433,ヒーハイスト株式会社,2646404000.0,1620000.0,2193000.0,0.0,1.35
5411,ＪＦＥホールディングス株式会社,1113261558000.0,0.0,0.0,0.0,0.0
2666,株式会社　オートウェーブ,2138748000.0,0.0,0.0,0.0,0.0
7813,株式会社プラッツ,2462886000.0,1057946000.0,1518000.0,0.43,0.0
1979,株式会社大気社,89193792000.0,26324000000.0,677000000.0,0.3,0.03
7266,株式会社今仙電機製作所,15986714712.0,2246000000.0,173000000.0,0.14,0.08
9896,ＪＫホールディングス株式会社,37185920000.0,4454000000.0,148000000.0,0.12,0.03
4401,株式会社ＡＤＥＫＡ,301913409149.0,42803000000.0,1076000000.0,0.14,0.03
6599,エブレン株式会社,3311616000.0,14281000.0,0.0,0.0,0.0
3498,霞ヶ関キャピタル株式会社,165548510130.0,2196142000.0,363000000.0,0.01,0.17
9929,平和紙業株式会社,4461156000.0,3073949000.0,84133000.0,0.69,0.03
7091,株式会社リビングプラットフォーム,4116079782.0,70373000.0,0.0,0.02,0.0
6436,アマノ株式会社,347183307541.0,17097000000.0,343000000.0,0.05,0.02
6622,株式会社ダイヘン,171130345890.0,15980000000.0,586000000.0,0.09,0.04
9715,トランス・コスモス株式会社,154617483900.0,3363000000.0,73000000.0,0.02,0.02
5906,エムケー精工株式会社,7579194300.0,2419849000.0,75201000.0,0.32,0.03
8233,株式会社髙島屋,355800665000.0,119967000000.0,2162000000.0,0.34,0.02
6342,株式会社太平製作所,3879000000.0,582538000.0,8672000.0,0.15,0.01
6857,株式会社アドバンテスト,8967680405000.0,684000000.0,16805000000.0,0.0,24.57
4095,日本パーカライジング株式会社,175170576204.0,34482000000.0,802000000.0,0.2,0.02
3934,株式会社ベネフィットジャパン,10303632768.0,5524000.0,1458000.0,0.0,0.26
3691,株式会社デジタルプラス,4385914400.0,19692000.0,0.0,0.0,0.0
9562,ビジネスコーチ株式会社,2193226500.0,0.0,0.0,0.0,0.0
6871,株式会社日本マイクロニクス,218938478520.0,1886000000.0,30000000.0,0.01,0.02
9913,日邦産業株式会社,23931880236.0,2166000000.0,41000000.0,0.09,0.02
7970,信越ポリマー株式会社,143681397000.0,929000000.0,5513000000.0,0.01,5.93
5355,日本坩堝株式会社,4234165200.0,1137567000.0,33153000.0,0.27,0.03
5282,ジオスター株式会社,9459000000.0,1541700000.0,21381000.0,0.16,0.01
4475,ＨＥＮＮＧＥ株式会社,52715973200.0,460110000.0,0.0,0.01,0.0
9564,株式会社ＦＣＥ,8609215200.0,626674000.0,9159000.0,0.07,0.01
7605,株式会社　フジ・コーポレーション,51995255000.0,0.0,0.0,0.0,0.0
2195,アミタホールディングス株式会社,7110325800.0,449552000.0,0.0,0.06,0.0
6180,ＧＭＯメディア株式会社,8979771395.0,206459000.0,0.0,0.02,0.0
4174,株式会社アピリッツ,3089960166.0,0.0,0.0,0.0,0.0
3372,株式会社関門海,3346215100.0,18552000.0,0.0,0.01,0.0
6558,クックビズ株式会社,1690999805.0,0.0,4516000.0,0.0,0.0
3299,株式会社ムゲンエステート,47235979000.0,0.0,3000000.0,0.0,0.0
6324,株式会社ハーモニック・ドライブ・システムズ,256295279400.0,409931000.0,275179000.0,0.0,0.67
7036,株式会社イーエムネットジャパン,4022361000.0,275570000.0,1698000.0,0.07,0.01
9969,株式会社ショクブン,4387533912.0,7504000.0,0.0,0.0,0.0
2936,ベースフード株式会社,25055949300.0,0.0,0.0,0.0,0.0
6787,株式会社メイコー,183602742000.0,2145000000.0,122000000.0,0.01,0.06
4613,関西ペイント株式会社,366631136800.0,57907000000.0,667000000.0,0.16,0.01
6444,サンデン株式会社,13068117621.0,22642000000.0,43000000.0,1.73,0.0
6734,株式会社ニューテック,3664641000.0,80996000.0,5202000.0,0.02,0.06
4388,株式会社エーアイ,3193959888.0,0.0,0.0,0.0,0.0
6382,トリニティ工業株式会社,18274660000.0,3169053000.0,69301000.0,0.17,0.02
5921,川岸工業株式会社,11670000000.0,1586678000.0,41975000.0,0.14,0.03
7944,ローランド株式会社,85474820330.0,724000000.0,36000000.0,0.01,0.05
7807,株式会社幸和製作所,3854918990.0,122933000.0,0.0,0.03,0.0
7314,株式会社小田原機器,3406191000.0,211251000.0,4300000.0,0.06,0.02
9531,東京瓦斯株式会社,1909469540000.0,383571000000.0,1587000000.0,0.2,0.0
4826,株式会社ＣＩＪ,31795985088.0,2000841000.0,19886000.0,0.06,0.01
2002,株式会社日清製粉グループ本社,499930040000.0,158338000000.0,3296000000.0,0.32,0.02
4464,株式会社ソフト９９コーポレーション,35549304000.0,8039073000.0,92062000.0,0.23,0.01
2929,株式会社ファーマフーズ,24571755000.0,3037000000.0,28000000.0,0.12,0.01
7236,株式会社ティラド,30520960000.0,2841000000.0,3000000.0,0.09,0.0
2488,ＪＴＰ株式会社,8397777600.0,0.0,0.0,0.0,0.0
8881,株式会社日神グループホールディングス,23992093860.0,4426309000.0,21423000.0,0.18,0.0
7294,株式会社ヨロズ,23051185120.0,7372000000.0,235000000.0,0.32,0.03
2349,株式会社エヌアイデイ,30924131000.0,5114030000.0,300532000.0,0.17,0.06
6027,弁護士ドットコム株式会社,66429888000.0,483612000.0,0.0,0.01,0.0
9046,神戸電鉄株式会社,18661215000.0,1824000000.0,38000000.0,0.1,0.02
1882,東亜道路工業株式会社,78817357720.0,4087000000.0,212000000.0,0.05,0.05
4183,三井化学株式会社,674835218400.0,49117000000.0,44372000000.0,0.07,0.9
7957,フジコピアン株式会社,2620885000.0,1265449000.0,65047000.0,0.48,0.05
9704,株式会社アゴーラホスピタリティーグループ,17465953908.0,119750000.0,0.0,0.01,0.0
6758,ソニーグループ株式会社,22342263363000.0,76877000000.0,18625000000.0,0.0,0.24
9474,株式会社ゼンリン,59249234000.0,12404000000.0,206000000.0,0.21,0.02
3551,ダイニック株式会社,7263270000.0,6665936000.0,173397000.0,0.92,0.03
7291,日本プラスト株式会社,6851730000.0,3510000000.0,118000000.0,0.51,0.03
7781,株式会社平山ホールディングス,8313773600.0,145710000.0,0.0,0.02,0.0
6658,シライ電子工業株式会社,8525424000.0,634000000.0,863000000.0,0.07,1.36
6506,株式会社安川電機,770200720000.0,24100000000.0,22748000000.0,0.03,0.94
6159,ミクロン精密株式会社,12830490000.0,1754787000.0,39361000.0,0.14,0.02
7615,株式会社京都きもの友禅ホールディングス,1438030800.0,0.0,0.0,0.0,0.0
7191,株式会社イントラスト,20135899800.0,381588000.0,2220000.0,0.02,0.01
4441,トビラシステムズ株式会社,10954668000.0,19955000.0,0.0,0.0,0.0
9565,ＧＬＯＥ株式会社,2681468160.0,0.0,0.0,0.0,0.0
1887,日本国土開発株式会社,43363575000.0,11241000000.0,258000000.0,0.26,0.02
5803,株式会社フジクラ,2371637808000.0,34348000000.0,957000000.0,0.01,0.03
4125,三和油化工業株式会社,6002020000.0,660720000.0,19274000.0,0.11,0.03
4031,片倉コープアグリ株式会社,9795204000.0,1100000000.0,24000000.0,0.11,0.02
4082,第一稀元素化学工業株式会社,16006400000.0,873000000.0,26000000.0,0.05,0.03
3923,株式会社ラクス,420330512000.0,3877000000.0,801000000.0,0.01,0.21
2735,株式会社ワッツ,9232736800.0,350264000.0,0.0,0.04,0.0
3401,帝人株式会社,239326031763.0,11605000000.0,17206000000.0,0.05,1.48
7616,株式会社　コロワイド,201676233424.5,154000000.0,3000000.0,0.0,0.02
4527,ロート製薬株式会社,492667954660.0,46427000000.0,556000000.0,0.09,0.01
9267,Ｇｅｎｋｙ　ＤｒｕｇＳｔｏｒｅｓ株式会社,64215931680.0,66000000.0,0.0,0.0,0.0
5930,文化シヤッター株式会社,174282319618.0,19269000000.0,347000000.0,0.11,0.02
6146,株式会社ディスコ,5092487400000.0,3510000000.0,11062000000.0,0.0,3.15
2481,株式会社タウンニュース社,3997504440.0,1115085000.0,18037000.0,0.28,0.02
1447,ＳＡＡＦホールディングス株式会社,6136186458.0,289202000.0,6099000.0,0.05,0.02
3951,朝日印刷株式会社,20555220000.0,4615632000.0,119308000.0,0.22,0.03
7241,フタバ産業株式会社,71216100000.0,20399000000.0,555000000.0,0.29,0.03
4927,株式会社ポーラ・オルビスホールディングス,286763899234.0,15407000000.0,0.0,0.05,0.0
6428,株式会社オーイズミ,7200000000.0,400744000.0,12785000.0,0.06,0.03
7640,株式会社トップカルチャー,2529446400.0,32254000.0,0.0,0.01,0.0
5527,株式会社ｐｒｏｐｅｒｔｙ　ｔｅｃｈｎｏｌｏｇｉｅｓ,6812971640.0,52604000.0,11881000.0,0.01,0.23
6293,日精樹脂工業株式会社,19532544000.0,2181000000.0,154000000.0,0.11,0.07
3099,株式会社三越伊勢丹ホールディングス,828020505000.0,148975000000.0,686000000.0,0.18,0.0
3395,株式会社サンマルクホールディングス,54531020847.0,258042000.0,4133000.0,0.0,0.02
3284,株式会社フージャースホールディングス,48767059775.0,2175000000.0,175000000.0,0.04,0.08
9445,株式会社フォーバルテレコム,8613457800.0,6000000.0,0.0,0.0,0.0
6393,油研工業株式会社,12756191728.0,3613639000.0,86714000.0,0.28,0.02
6191,株式会社エアトリ,21450352870.0,1333000000.0,56000000.0,0.06,0.04
6654,不二電機工業株式会社,7090024000.0,1247691000.0,22569000.0,0.18,0.02
8700,丸八証券株式会社,6426780000.0,1718597000.0,37010000.0,0.27,0.02
3933,チエル株式会社,5833152000.0,312751000.0,3507000.0,0.05,0.01
7280,株式会社ミツバ,37832230000.0,16201000000.0,550000000.0,0.43,0.03
6039,株式会社日本動物高度医療センター,7540884000.0,0.0,0.0,0.0,0.0
1944,株式会社きんでん,913989734000.0,128500000000.0,2619000000.0,0.14,0.02
8273,株式会社イズミ,217217221200.0,4667000000.0,174000000.0,0.02,0.04
9742,株式会社アイネス,35780800000.0,11836000000.0,37000000.0,0.33,0.0
6855,日本電子材料株式会社,29354652536.0,74000000.0,10000000.0,0.0,0.14
7821,前田工繊株式会社,64438299258.0,857000000.0,10000000.0,0.01,0.01
3434,株式会社アルファ,12087000000.0,3993000000.0,159000000.0,0.33,0.04
9147,ＮＩＰＰＯＮ　ＥＸＰＲＥＳＳホールディングス株式会社,281706000000.0,36943000000.0,1597000000.0,0.13,0.04
5344,株式会社ＭＡＲＵＷＡ,569359440000.0,482000000.0,0.0,0.0,0.0
7847,株式会社グラファイトデザイン,4334054400.0,40520000.0,1524000.0,0.01,0.04
9627,株式会社アインホールディングス,206192193840.0,3345000000.0,40000000.0,0.02,0.01
3036,アルコニックス株式会社,62885680000.0,8577000000.0,548000000.0,0.14,0.06
4828,ビジネスエンジニアリング株式会社,60240000000.0,1044062000.0,22564000.0,0.02,0.02
9017,新潟交通株式会社,8010072000.0,179873000.0,37119000.0,0.02,0.21
8393,株式会社宮崎銀行,66818700000.0,0.0,0.0,0.0,0.0
4820,株式会社イーエムシステムズ（商号　株式会社ＥＭシステムズ）,50559111600.0,906000000.0,22000000.0,0.02,0.02
8771,イー・ギャランティ株式会社,70503411900.0,11288851000.0,0.0,0.16,0.0
6149,株式会社小田原エンジニアリング,12133412928.0,501741000.0,13253000.0,0.04,0.03
2498,株式会社オリエンタルコンサルタンツホールディングス,31882900000.0,2392349000.0,38598000.0,0.08,0.02
7803,株式会社ブシロード,48428556900.0,5316306000.0,1038274000.0,0.11,0.2
6929,日本セラミック株式会社,79596213000.0,1779000000.0,63000000.0,0.02,0.04
9446,株式会社サカイホールディングス,5039990000.0,334556000.0,35197000.0,0.07,0.11
2791,大黒天物産株式会社,103167376000.0,448000000.0,4000000.0,0.0,0.01
4203,住友ベークライト株式会社,395002268628.0,36372000000.0,26071000000.0,0.09,0.72
8185,株式会社チヨダ,45135085324.0,2621000000.0,5000000.0,0.06,0.0
9168,株式会社ライズ・コンサルティング・グループ,30301929040.0,0.0,0.0,0.0,0.0
4361,川口化学工業株式会社,1651880000.0,55097000.0,2112000.0,0.03,0.04
8392,株式会社大分銀行,68107620000.0,0.0,0.0,0.0,0.0
4783,ＮＣＤ株式会社,24965600000.0,235728000.0,7382000.0,0.01,0.03
4301,株式会社アミューズ,30188725920.0,4071000000.0,7000000.0,0.13,0.0
3695,ＧＭＯリサーチ＆ＡＩ株式会社,4049955000.0,141696000.0,15647000.0,0.03,0.11
9302,三井倉庫ホールディングス株式会社,95315493630.0,17148000000.0,477000000.0,0.18,0.03
9236,ジャパンＭ＆Ａソリューション株式会社,1933243800.0,0.0,0.0,0.0,0.0
9946,ミニストップ株式会社,59184580000.0,101000000.0,3000000.0,0.0,0.03
4482,株式会社ウィルズ,14106448000.0,30000000.0,0.0,0.0,0.0
9996,株式会社サトー商会,18332737920.0,9506389000.0,10133000.0,0.52,0.0
2216,カンロ株式会社,23432874120.0,161295000.0,4576000.0,0.01,0.03
7874,レック株式会社,43432156920.0,9026000000.0,126000000.0,0.21,0.01
7067,ブランディングテクノロジー株式会社,1539214430.0,11346000.0,0.0,0.01,0.0
9887,株式会社松屋フーズホールディングス,112852960000.0,102940000.0,1887000.0,0.0,0.02
3382,株式会社セブン＆アイ・ホールディングス,5228644162500.0,321086000000.0,1876000000.0,0.06,0.01
5021,コスモエネルギーホールディングス株式会社,559014245847.0,98538000000.0,997000000.0,0.18,0.01
8600,トモニホールディングス株式会社,117668064000.0,0.0,0.0,0.0,0.0
7050,株式会社フロンティアインターナショナル,10254180000.0,400525000.0,2843000.0,0.04,0.01
6615,ユー・エム・シー・エレクトロニクス株式会社,8087399320.0,36000000.0,1556000000.0,0.0,43.22
7679,株式会社薬王堂ホールディングス,44435232969.0,105000000.0,0.0,0.0,0.0
7940,ウェーブロックホールディングス株式会社,6716804952.0,1068366000.0,1053000.0,0.16,0.0
7063,株式会社Ｂｉｒｄｍａｎ,1832766300.0,16396000.0,0.0,0.01,0.0
9041,近鉄グループホールディングス株式会社,530231022000.0,70080000000.0,952000000.0,0.13,0.01
5915,株式会社駒井ハルテック,7741404000.0,7519000000.0,318000000.0,0.97,0.04
6699,ダイヤモンドエレクトリックホールディングス株式会社,5406170590.0,2802000000.0,18000000.0,0.52,0.01
2009,鳥越製粉株式会社,23562580000.0,11210321000.0,251540000.0,0.48,0.02
4449,株式会社ギフティ,43565804940.0,3844000000.0,0.0,0.09,0.0
8289,株式会社Ｏｌｙｍｐｉｃグループ,9621848000.0,655000000.0,29000000.0,0.07,0.04
1518,三井松島ホールディングス株式会社,66889728000.0,10945000000.0,73000000.0,0.16,0.01
3058,株式会社三洋堂ホールディングス,5039400000.0,340043000.0,8213000.0,0.07,0.02
7832,株式会社バンダイナムコホールディングス,3020820000000.0,173350000000.0,1341000000.0,0.06,0.01
6416,桂川電機株式会社,1027424000.0,296807000.0,2729000.0,0.29,0.01
4635,東京インキ株式会社,11502698760.0,4486000000.0,154000000.0,0.39,0.03
7951,ヤマハ株式会社,542416500000.0,45927000000.0,10868000000.0,0.08,0.24
9361,伏木海陸運送株式会社,4275525000.0,2596662000.0,70134000.0,0.61,0.03
6542,株式会社ＦＣホールディングス,8046173559.0,119423000.0,2329000.0,0.01,0.02
2489,株式会社アドウェイズ,14660094000.0,2779210000.0,3383000.0,0.19,0.0
4347,ブロードメディア株式会社,14092500000.0,169455000.0,20582000.0,0.01,0.12
3224,株式会社ゼネラル・オイスター,3212094400.0,0.0,0.0,0.0,0.0
2931,株式会社ユーグレナ,55928914260.0,748000000.0,0.0,0.01,0.0
4503,アステラス製薬株式会社,2627630676000.0,18561000000.0,188307000000.0,0.01,10.15
7975,株式会社リヒトラブ,4391870700.0,1110475000.0,30927000.0,0.25,0.03
4433,株式会社ヒト・コミュニケーションズ・ホールディングス,17899333000.0,672000000.0,7000000.0,0.04,0.01
7585,株式会社かんなん丸,1810144128.0,34124000.0,1661000.0,0.02,0.05
1852,株式会社淺沼組,61801290000.0,6277000000.0,127000000.0,0.1,0.02
3901,マークラインズ株式会社,24883372800.0,567243000.0,7920000.0,0.02,0.01
9052,山陽電気鉄道株式会社,43722140000.0,11281000000.0,276000000.0,0.26,0.02
9065,山九株式会社,465837060000.0,32541000000.0,1053000000.0,0.07,0.03
3929,ソーシャルワイヤー株式会社,2996734400.0,58606000.0,0.0,0.02,0.0
3422,株式会社　Ｊ－ＭＡＸ,3806097000.0,290000000.0,11000000.0,0.08,0.04
6584,三櫻工業株式会社,23863016000.0,6707000000.0,283000000.0,0.28,0.04
8137,サンワテクノス株式会社,39067140000.0,6399000000.0,147000000.0,0.16,0.02
7205,日野自動車株式会社,218168033013.91602,102776000000.0,3739000000.0,0.47,0.04
6167,冨士ダイス株式会社,15000000000.0,183000000.0,5000000.0,0.01,0.03
6059,株式会社ウチヤマホールディングス,6680209200.0,1334670000.0,49430000.0,0.2,0.04
6029,アトラグループ株式会社,1913382000.0,696650000.0,0.0,0.36,0.0
3089,テクノアルファ株式会社,2084400000.0,100000000.0,0.0,0.05,0.0
6479,ミネベアミツミ株式会社,940645034715.0,10324000000.0,22892000000.0,0.01,2.22
4080,株式会社田中化学研究所,13338530000.0,94000000.0,3000000.0,0.01,0.03
1720,東急建設株式会社,110604396000.0,27902000000.0,217000000.0,0.25,0.01
4767,株式会社テー・オー・ダブリュー,15082481568.0,1161604000.0,35625000.0,0.08,0.03
7472,株式会社鳥羽洋行,17061000000.0,2382540000.0,66588000.0,0.14,0.03
2933,株式会社紀文食品,25067099538.0,2367432000.0,47097000.0,0.09,0.02
3030,株式会社ハブ,10007556000.0,0.0,0.0,0.0,0.0
2831,はごろもフーズ株式会社,34072500000.0,14759622000.0,344516000.0,0.43,0.02
3223,株式会社エスエルディー,1545255360.0,1500000.0,0.0,0.0,0.0
6380,オリエンタルチエン工業株式会社,2646888332.0,223958000.0,6058000.0,0.08,0.03
4978,株式会社リプロセル,19813804219.0,4403537000.0,0.0,0.22,0.0
7727,株式会社オーバル,11466840000.0,402260000.0,6023000.0,0.04,0.01
2607,不二製油株式会社,255920402500.0,16631000000.0,98000000.0,0.06,0.01
2428,ウェルネット株式会社,14065000000.0,152819000.0,0.0,0.01,0.0
6755,株式会社富士通ゼネラル,306008582000.0,3181000000.0,176000000.0,0.01,0.06
8167,株式会社リテールパートナーズ,66423988016.0,12081000000.0,323000000.0,0.18,0.03
8208,株式会社エンチョー,8016413993.0,610000000.0,30000000.0,0.08,0.05
8473,ＳＢＩホールディングス株式会社,1735000792575.0,52175000000.0,303000000.0,0.03,0.01
8864,空港施設株式会社,46250972550.0,10554428000.0,130478000.0,0.23,0.01
3807,株式会社フィスコ,6427151080.0,1337683000.0,0.0,0.21,0.0
8585,株式会社オリエントコーポレーション,170506944000.0,21921000000.0,0.0,0.13,0.0
8227,株式会社しまむら,793260370000.0,33226000000.0,258000000.0,0.04,0.01
2471,株式会社エスプール,27020565000.0,11000000.0,904000000.0,0.0,82.18
2124,株式会社ジェイエイシーリクルートメント,174166174400.0,0.0,0.0,0.0,0.0
7377,ＤＮホールディングス株式会社,17732520000.0,747506000.0,16637000.0,0.04,0.02
4016,ＭＩＴホールディングス株式会社,1754661400.0,19057000.0,1158000.0,0.01,0.06
8133,伊藤忠エネクス株式会社,217866184000.0,5531000000.0,8316000000.0,0.03,1.5
7987,ナカバヤシ株式会社,14800116000.0,3081000000.0,93000000.0,0.21,0.03
5726,株式会社大阪チタニウムテクノロジーズ,54574400000.0,0.0,0.0,0.0,0.0
9385,株式会社ショーエイコーポレーション,4317500000.0,582080000.0,9799000.0,0.13,0.02
5619,マーソ株式会社,3478142250.0,60034000.0,0.0,0.02,0.0
4678,株式会社　秀英予備校,2013000000.0,0.0,2228000.0,0.0,0.0
2301,株式会社学情,27852400000.0,4789717000.0,9678000.0,0.17,0.0
3992,株式会社ニーズウェル,20227502400.0,418893000.0,11386000.0,0.02,0.03
6544,ジャパンエレベーターサービスホールディングス株式会社,371410224000.0,63000000.0,0.0,0.0,0.0
4483,株式会社ＪＭＤＣ,249597198944.0,1278000000.0,1598000000.0,0.01,1.25
6620,宮越ホールディングス株式会社,48536982000.0,0.0,0.0,0.0,0.0
1401,株式会社エムビーエス,9278400000.0,121304000.0,0.0,0.01,0.0
8113,ユニ・チャーム株式会社,626111410711.5,107787000000.0,95486000000.0,0.17,0.89
6957,株式会社芝浦電子,93669574600.0,482000000.0,8000000.0,0.01,0.02
8713,フィデアホールディングス株式会社,27394420000.0,0.0,0.0,0.0,0.0
6147,株式会社ヤマザキ,1492754000.0,142795000.0,3838000.0,0.1,0.03
8584,株式会社ジャックス,143999295000.0,33542000000.0,0.0,0.23,0.0
6777,ｓａｎｔｅｃ　Ｈｏｌｄｉｎｇｓ株式会社,68297881000.0,2591694000.0,10510000.0,0.04,0.0
6165,パンチ工業株式会社,10827824000.0,1248000000.0,1304000000.0,0.12,1.04
7971,東リ株式会社,29583468000.0,8276000000.0,219000000.0,0.28,0.03
5571,エキサイトホールディングス株式会社,6204981310.0,889820000.0,9899000.0,0.14,0.01
4333,株式会社東邦システムサイエンス,25769946132.0,580984000.0,6967000.0,0.02,0.01
1417,株式会社ミライト・ワン,241555495205.0,19397000000.0,412000000.0,0.08,0.02
6662,株式会社ユビテック,3771858000.0,0.0,0.0,0.0,0.0
3035,ケイティケイ株式会社,3893000000.0,619015000.0,25256000.0,0.16,0.04
8058,三菱商事株式会社,11608620426000.0,800698000000.0,897843000000.0,0.07,1.12
7805,プリントネット株式会社,3986092000.0,71778000.0,3732000.0,0.02,0.05
2183,株式会社リニカル,8139460000.0,272500000.0,0.0,0.03,0.0
6727,株式会社ワコム,99426000000.0,3167139000.0,43524000.0,0.03,0.01
2585,株式会社ライフドリンク　カンパニー,112055439616.0,123000000.0,14000000.0,0.0,0.11
3202,ダイトウボウ株式会社,3309240000.0,443136000.0,9829000.0,0.13,0.02
9083,神姫バス株式会社,22373500000.0,4526000000.0,112000000.0,0.2,0.02
6237,株式会社イワキ,58541470000.0,2161607000.0,57963000.0,0.04,0.03
3176,三洋貿易株式会社,42090184308.0,4877344000.0,127029000.0,0.12,0.03
4645,株式会社市進ホールディングス,4422238296.0,907019000.0,21941000.0,0.21,0.02
8031,三井物産株式会社,8666354784000.0,1329567000000.0,868725000000.0,0.15,0.65
6501,株式会社日立製作所,19402324476000.0,64117000000.0,252253000000.0,0.0,3.93
6181,タメニー株式会社,3501717100.0,0.0,0.0,0.0,0.0
5729,日本精鉱株式会社,14514863000.0,173118000.0,5184000.0,0.01,0.03
6856,株式会社堀場製作所,466463485000.0,16014000000.0,355000000.0,0.03,0.02
9249,日本エコシステム株式会社,4389123200.0,181986000.0,3078000.0,0.04,0.02
4249,森六株式会社,34133420000.0,7553000000.0,381000000.0,0.22,0.05
3913,ＧｒｅｅｎＢｅｅ株式会社,3254328000.0,13500000.0,0.0,0.0,0.0
6588,東芝テック株式会社,170121221280.0,37148000000.0,86000000.0,0.22,0.0
8524,株式会社北洋銀行,246619080000.0,0.0,0.0,0.0,0.0
4543,テルモ株式会社,3622927873000.0,11531000000.0,58810000000.0,0.0,5.1
9702,株式会社アイ・エス・ビー,16068985000.0,545593000.0,30757000.0,0.03,0.06
8125,株式会社ワキタ,90048351000.0,4899000000.0,151000000.0,0.05,0.03
7931,未来工業株式会社,88088375840.0,1774000000.0,62000000.0,0.02,0.03
2918,わらべや日洋ホールディングス株式会社,46461239760.0,1136000000.0,377000000.0,0.02,0.33
8304,株式会社あおぞら銀行,302363607000.0,0.0,0.0,0.0,0.0
9127,玉井商船株式会社,4725672000.0,1126569000.0,36248000.0,0.24,0.03
9605,東映株式会社,383253188550.0,150364000000.0,991000000.0,0.39,0.01
1376,カネコ種苗株式会社,16210044000.0,2077934000.0,58320000.0,0.13,0.03
8945,サンネクスタグループ株式会社,10831803200.0,37865000.0,1636000.0,0.0,0.04
4061,デンカ株式会社,182247918720.0,48702000000.0,812000000.0,0.27,0.02
9757,株式会社船井総研ホールディングス,116150000000.0,2264909000.0,10642000.0,0.02,0.0
7623,株式会社サンオータス,2684130000.0,91314000.0,1985000.0,0.03,0.02
4097,高圧ガス工業株式会社,57244310000.0,13655000000.0,332000000.0,0.24,0.02
9202,ＡＮＡホールディングス株式会社,1435446114804.0,150654000000.0,2295000000.0,0.1,0.02
4444,株式会社インフォネット,2114157948.0,49750000.0,45916000.0,0.02,0.92
3902,メディカル・データ・ビジョン株式会社,17452001336.0,438348000.0,0.0,0.03,0.0
7501,株式会社ティムコ,3112875340.0,593734000.0,0.0,0.19,0.0
7246,プレス工業株式会社,56700000000.0,8001000000.0,392000000.0,0.14,0.05
8029,株式会社ルックホールディングス,18427679923.0,6186000000.0,141000000.0,0.34,0.02
2296,伊藤ハム米久ホールディングス株式会社,283332084230.0,33322000000.0,419000000.0,0.12,0.01
7735,株式会社ＳＣＲＥＥＮホールディングス,1230242790000.0,45365000000.0,960000000.0,0.04,0.02
1718,美樹工業株式会社,7600003170.0,770584000.0,14382000.0,0.1,0.02
4668,株式会社明光ネットワークジャパン,21047325200.0,2891000000.0,54000000.0,0.14,0.02
4040,南海化学株式会社,7363842800.0,427000000.0,17000000.0,0.06,0.04
6659,株式会社メディアリンクス,3221975700.0,0.0,30454000.0,0.0,0.0
8198,マックスバリュ東海株式会社,100714950000.0,679000000.0,16000000.0,0.01,0.02
4414,株式会社フレクト,12401874240.0,0.0,0.0,0.0,0.0
3936,株式会社グローバルウェイ,7832804750.0,119968000.0,1873000.0,0.02,0.02
4222,児玉化学工業株式会社,9011222325.0,737390000.0,16868000.0,0.08,0.02
7038,フロンティア・マネジメント株式会社,7912866819.0,0.0,14774000.0,0.0,0.0
2385,株式会社総医研ホールディングス,4185312000.0,11465000.0,0.0,0.0,0.0
3994,株式会社マネーフォワード,276683894500.0,18759720000.0,0.0,0.07,0.0
9974,株式会社ベルク,150248160000.0,157000000.0,57000000.0,0.0,0.36
6334,明治機械株式会社,3306764440.0,149409000.0,2840000.0,0.05,0.02
