stock_code,company_name,market_cap,bs_securities_assets,pl_dividend_income,current_net_sales,operating_income,asset_ratio,dividend_ratio,operating_margin,sales_growth_rate
5070,株式会社ドラフト,5363282400.0,0.0,0.0,12276867000.0,1022803000.0,0.0,0.0,8.33,14.71
7483,株式会社ドウシシャ,91045500000.0,2683000000.0,449000000.0,105824000000.0,7926000000.0,0.03,0.17,7.49,0.11
4179,株式会社ジーネクスト,1491974064.0,0.0,0.0,610779000.0,0.0,0.0,0.0,0.0,-5.62
2654,株式会社アスモ,5649085000.0,0.0,0.0,20529656000.0,296839000.0,0.0,0.0,1.45,-0.02
4320,株式会社ＣＥホールディングス,10785288000.0,438348000.0,2558000.0,14554161000.0,1148240000.0,0.04,0.01,7.89,6.76
8544,株式会社　京葉銀行,145883970000.0,0.0,0.0,0.0,0.0,0.0,0.0,0.0,0.0
6363,株式会社酉島製作所,60008372814.0,10463000000.0,307000000.0,86501000000.0,5449000000.0,0.17,0.03,6.3,6.66
4419,株式会社Ｆｉｎａｔｅｘｔホールディングス,57815338924.0,46153000.0,0.0,7702356000.0,950126000.0,0.0,0.0,12.34,43.29
3020,アプライド株式会社,9393620000.0,33000000.0,0.0,42819000000.0,2124000000.0,0.0,0.0,4.96,10.91
6208,株式会社石川製作所,9251865000.0,1312554000.0,30952000.0,13598145000.0,253652000.0,0.14,0.02,1.87,7.98
7859,株式会社アルメディオ,4639808468.0,0.0,1057423000.0,11557357000.0,3364276000.0,0.0,0.0,29.11,133.92
4538,扶桑薬品工業株式会社,20083734125.0,4375000000.0,107000000.0,60563000000.0,4131000000.0,0.22,0.02,6.82,9.31
3350,株式会社メタプラネット,48925982566.0,73654000.0,0.0,1062283000.0,350403000.0,0.0,0.0,32.99,306.02
4679,株式会社　田　谷,1306872000.0,0.0,0.0,5444575000.0,3885000.0,0.0,0.0,0.07,-6.77
4074,株式会社ラキール,7664827500.0,712643000.0,0.0,7968676000.0,560124000.0,0.09,0.0,7.03,4.12
3435,サンコーテクノ株式会社,11788809984.0,1175073000.0,18067000.0,21142218000.0,2066881000.0,0.1,0.02,9.78,2.61
7817,パラマウントベッドホールディングス株式会社,146070282912.0,21682000000.0,437000000.0,108583000000.0,12977000000.0,0.15,0.02,11.95,2.42
9336,大栄環境株式会社,299079342600.0,7763000000.0,78000000.0,80178000000.0,21548000000.0,0.03,0.01,26.88,9.78
3854,株式会社アイル,66713294592.0,146256000.0,18020000.0,17508405000.0,4263812000.0,0.0,0.12,24.35,9.95
2331,綜合警備保障株式会社,535965320605.0,62312000000.0,859000000.0,551881000000.0,40201000000.0,0.12,0.01,7.28,5.85
2937,株式会社サンクゼール,14970947200.0,55394000.0,52791000.0,19467260000.0,835995000.0,0.0,0.95,4.29,1.59
9351,東洋埠頭株式会社,10874700000.0,8741000000.0,256000000.0,0.0,1155000000.0,0.8,0.03,0.0,0.0
4182,三菱瓦斯化学株式会社,549180192000.0,236354000000.0,3205000000.0,813417000000.0,47337000000.0,0.43,0.01,5.82,4.12
8367,株式会社南都銀行,148942750000.0,0.0,0.0,0.0,0.0,0.0,0.0,0.0,0.0
4389,プロパティデータバンク株式会社,5695200000.0,29751000.0,1261000.0,3320014000.0,936584000.0,0.01,0.04,28.21,31.93
3691,株式会社デジタルプラス,3927117600.0,24813000.0,0.0,227353000.0,0.0,0.01,0.0,0.0,-13.83
4240,クラスターテクノロジー株式会社,1611062400.0,0.0,0.0,1022740000.0,108729000.0,0.0,0.0,10.63,11.29
8473,ＳＢＩホールディングス株式会社,1728319145075.0,6191000000.0,267000000.0,76488000000.0,44483000000.0,0.0,0.04,58.16,6.32
1934,株式会社ユアテック,161630176000.0,11102000000.0,549000000.0,257204000000.0,16185000000.0,0.07,0.05,6.29,5.77
9082,大和自動車交通株式会社,4504500000.0,1259000000.0,28000000.0,18377000000.0,430000000.0,0.28,0.02,2.34,3.27
3341,日本調剤株式会社,100906000000.0,13000000.0,372000000.0,360512000000.0,6239000000.0,0.0,28.62,1.73,5.94
6507,シンフォニアテクノロジー株式会社,271974683860.0,14086000000.0,710000000.0,119150000000.0,15734000000.0,0.05,0.05,13.21,16.07
6555,株式会社ＭＳ＆Ｃｏｎｓｕｌｔｉｎｇ,1874487900.0,21004000.0,0.0,2288071000.0,0.0,0.01,0.0,0.0,7.0
1435,株式会社ｒｏｂｏｔ　ｈｏｍｅ,13760177000.0,1042585000.0,8298000.0,13157735000.0,1043974000.0,0.08,0.01,7.93,52.55
4997,日本農薬株式会社,70983493012.0,11598000000.0,207000000.0,103033000000.0,7438000000.0,0.16,0.02,7.22,0.92
9980,ＭＲＫホールディングス株式会社,8913966248.0,0.0,0.0,21152734000.0,395203000.0,0.0,0.0,1.87,8.01
9405,朝日放送グループホールディングス株式会社,28571939000.0,17354000000.0,248000000.0,91923000000.0,2591000000.0,0.61,0.01,2.82,1.63
9672,東京都競馬株式会社,143248972920.0,2258269000.0,37649000.0,40443953000.0,13926219000.0,0.02,0.02,34.43,7.72
8147,株式会社トミタ,7389600000.0,2307805000.0,156826000.0,21676665000.0,771210000.0,0.31,0.07,3.56,1.7
5199,不二ラテックス株式会社,2482364070.0,402452000.0,9012000.0,7508117000.0,439731000.0,0.16,0.02,5.86,-7.14
4008,住友精化株式会社,61053255000.0,1198000000.0,33000000.0,147571000000.0,10712000000.0,0.02,0.03,7.26,3.21
4998,フマキラー株式会社,18073040000.0,5241000000.0,130000000.0,67672000000.0,2403000000.0,0.29,0.02,3.55,9.66
7463,株式会社アドヴァン,37700159744.0,2591220000.0,41581000.0,18518822000.0,3150996000.0,0.07,0.02,17.02,-8.79
7619,田中商事株式会社,6306048000.0,83499000.0,22266000.0,41452421000.0,1220724000.0,0.01,0.27,2.94,-0.78
5288,アジアパイルホールディングス株式会社,36870152000.0,4174000000.0,118000000.0,100803000000.0,4333000000.0,0.11,0.03,4.3,-2.28
8848,株式会社レオパレス２１,225631465000.0,4827000000.0,95000000.0,422671000000.0,23313000000.0,0.02,0.02,5.52,3.99
3626,ＴＩＳ株式会社,1102499411000.0,56396000000.0,689000000.0,549004000000.0,64568000000.0,0.05,0.01,11.76,7.99
6743,大同信号株式会社,9099090000.0,6787734000.0,123883000.0,20768994000.0,1296543000.0,0.75,0.02,6.24,6.52
3181,株式会社買取王国,3308637150.0,150000000.0,0.0,7822875000.0,422066000.0,0.05,0.0,5.4,16.08
4716,日本オラクル株式会社,2138650494570.0,36000000.0,0.0,244542000000.0,79820000000.0,0.0,0.0,32.64,7.77
6338,株式会社タカトリ,8467877580.0,207024000.0,12848000.0,16082270000.0,2786827000.0,0.02,0.06,17.33,-1.75
9513,電源開発株式会社,460464790500.0,727385000000.0,2605000000.0,0.0,138310000000.0,1.58,0.0,0.0,0.0
2705,株式会社大戸屋ホールディングス,38318544000.0,20000000.0,0.0,31385000000.0,1661000000.0,0.0,0.0,5.29,12.52
3672,株式会社オルトプラス,1822256772.0,4863000.0,0.0,3516498000.0,0.0,0.0,0.0,0.0,-19.86
4687,ＴＤＣソフト株式会社,31643136000.0,2934970000.0,76933000.0,39698050000.0,3807693000.0,0.09,0.03,9.59,12.64
7220,武蔵精密工業株式会社,214895760000.0,16574000000.0,400000000.0,349917000000.0,18374000000.0,0.08,0.02,5.25,16.06
3686,株式会社ディー・エル・イー,7482499200.0,2000028000.0,0.0,1705511000.0,0.0,0.27,0.0,0.0,-15.6
6954,ファナック株式会社,3772637574150.0,192214000000.0,2350000000.0,797129000000.0,158846000000.0,0.05,0.01,19.93,0.23
3086,Ｊ．フロント　リテイリング株式会社,544919448696.0,2067000000.0,939000000.0,0.0,8539000000.0,0.0,0.45,0.0,0.0
3415,株式会社ＴＯＫＹＯ　ＢＡＳＥ,21558233158.0,0.0,0.0,19986284000.0,881231000.0,0.0,0.0,4.41,4.19
1968,太平電業株式会社,119198260000.0,16676000000.0,366000000.0,129363000000.0,10049000000.0,0.14,0.02,7.77,2.85
3934,株式会社ベネフィットジャパン,10276863168.0,11000000.0,175046000.0,13065995000.0,887265000.0,0.0,15.91,6.79,4.05
3835,ｅＢＡＳＥ株式会社,23582400000.0,1456636000.0,0.0,5192122000.0,1651262000.0,0.06,0.0,31.8,10.13
9010,富士急行株式会社,109989014952.0,8720974000.0,151188000.0,0.0,8313679000.0,0.08,0.02,0.0,0.0
9872,北恵株式会社,8810420080.0,553338000.0,8652000.0,61286027000.0,920394000.0,0.06,0.02,1.5,-1.74
6247,株式会社日阪製作所,41174102400.0,12387000000.0,422000000.0,38353000000.0,2930000000.0,0.3,0.03,7.64,12.21
4171,株式会社グローバルインフォメーション,4093760400.0,0.0,0.0,2749260000.0,437788000.0,0.0,0.0,15.92,-5.78
6037,楽待株式会社,23996754400.0,4165473000.0,0.0,0.0,1060857000.0,0.17,0.0,0.0,0.0
6543,株式会社日宣,4179972160.0,344244000.0,5040000.0,5533651000.0,393459000.0,0.08,0.01,7.11,5.91
5905,日本製罐株式会社,1898688000.0,2717886000.0,55407000.0,12248450000.0,256952000.0,1.43,0.02,2.1,12.17
3657,ポールトゥウィンホールディングス株式会社,14003252000.0,627107000.0,0.0,52225791000.0,786509000.0,0.04,0.0,1.51,11.77
2373,株式会社ケア２１,6382920000.0,1509769000.0,22020000.0,45396768000.0,0.0,0.24,0.01,0.0,10.46
1736,株式会社　オーテック,7894500000.0,6297294000.0,104947000.0,31424058000.0,4024525000.0,0.8,0.02,12.81,6.98
6999,ＫＯＡ株式会社,33679130368.0,4773000000.0,72000000.0,64835000000.0,3313000000.0,0.14,0.02,5.11,-13.64
8091,ニチモウ株式会社,20044580000.0,13746000000.0,211000000.0,127756000000.0,2020000000.0,0.69,0.02,1.58,0.73
8368,株式会社　百五銀行,188048060000.0,0.0,0.0,0.0,0.0,0.0,0.0,0.0,0.0
9729,株式会社トーカイ,76732025634.0,8257000000.0,240000000.0,149542000000.0,8205000000.0,0.11,0.03,5.49,8.19
8081,株式会社カナデン,45900000000.0,4358000000.0,84000000.0,125665000000.0,4500000000.0,0.09,0.02,3.58,8.08
3123,サイボー株式会社,7344000000.0,6601304000.0,102123000.0,10297819000.0,806022000.0,0.9,0.02,7.83,-9.85
5186,ニッタ株式会社,119877120000.0,52820000000.0,312000000.0,88609000000.0,4421000000.0,0.44,0.01,4.99,0.69
2901,株式会社ウェルディッシュ,12868682000.0,0.0,0.0,1974441000.0,200553000.0,0.0,0.0,10.16,-2.04
7180,株式会社九州フィナンシャルグループ,352489368156.4331,56000000.0,2000000.0,0.0,6882000000.0,0.0,0.04,0.0,0.0
7058,共栄セキュリティーサービス株式会社,3889783000.0,53259000.0,26306000.0,9354746000.0,309201000.0,0.01,0.49,3.31,16.67
4316,株式会社ビーマップ,1973350000.0,49768000.0,2261000.0,1598968000.0,139275000.0,0.03,0.05,8.71,53.39
3248,株式会社アールエイジ,2668859000.0,8497000.0,30358000.0,4725523000.0,890588000.0,0.0,3.57,18.85,37.35
2700,木徳神糧株式会社,3603072000.0,4179155000.0,163468000.0,118998507000.0,2377071000.0,1.16,0.04,2.0,3.63
6367,ダイキン工業株式会社,5290689650000.0,171857000000.0,5015000000.0,4395317000000.0,392137000000.0,0.03,0.03,8.92,10.39
5440,共英製鋼株式会社,99271092030.0,18060000000.0,363000000.0,320982000000.0,21055000000.0,0.18,0.02,6.56,-9.76
1418,インターライフホールディングス株式会社,6906060000.0,536023000.0,14396000.0,16940669000.0,875643000.0,0.08,0.03,5.17,34.17
8904,株式会社ＡＶＡＮＴＩＡ,12071167300.0,437672000.0,15342000.0,71021500000.0,946841000.0,0.04,0.04,1.33,22.11
1879,新日本建設株式会社,104804109760.0,1345000000.0,30000000.0,131662000000.0,18310000000.0,0.01,0.02,13.91,-1.39
3040,株式会社ソリトンシステムズ,26430371032.0,56000000.0,18000000.0,18606000000.0,2043000000.0,0.0,0.32,10.98,-2.37
7313,テイ・エス　テック株式会社,240380000000.0,6238000000.0,11040000000.0,92179000000.0,1114000000.0,0.03,1.77,1.21,24.94
4956,コニシ株式会社,84074316000.0,9838000000.0,295000000.0,135876000000.0,10649000000.0,0.12,0.03,7.84,2.19
4539,日本ケミファ株式会社,6391500000.0,2066000000.0,36000000.0,30748000000.0,106000000.0,0.32,0.02,0.34,-2.57
4531,有機合成薬品工業株式会社,5779162000.0,2047000000.0,45000000.0,15128000000.0,1216000000.0,0.35,0.02,8.04,16.98
3175,株式会社エー・ピーホールディングス,11878264300.0,195339000.0,3962000.0,20598568000.0,95508000.0,0.02,0.02,0.46,19.93
9271,株式会社和心,2834325000.0,0.0,0.0,2094946000.0,416586000.0,0.0,0.0,19.89,57.4
7888,三光合成株式会社,24243520000.0,24000000.0,1000000.0,93784000000.0,4131000000.0,0.0,0.04,4.4,15.62
2993,株式会社長栄,9054161600.0,0.0,9854000.0,10018008000.0,1800825000.0,0.0,0.0,17.98,6.93
7114,株式会社フーディソン,4209148240.0,0.0,0.0,6866324000.0,167387000.0,0.0,0.0,2.44,8.1
3011,株式会社バナーズ,2873524212.0,1502000.0,9463000.0,5601271000.0,343901000.0,0.0,6.3,6.14,19.56
6136,オーエスジー株式会社,183586838967.0,6351000000.0,175000000.0,155517000000.0,18868000000.0,0.03,0.03,12.13,5.29
2060,フィード・ワン株式会社,41170526960.0,10450000000.0,164000000.0,296045000000.0,6343000000.0,0.25,0.02,2.14,-5.68
6022,株式会社　赤阪鐵工所,3802260000.0,2302766000.0,62203000.0,7845996000.0,19148000.0,0.61,0.03,0.24,-1.11
6535,株式会社アイモバイル,37272347508.0,477000000.0,0.0,18735000000.0,3549000000.0,0.01,0.0,18.94,14.06
9305,株式会社ヤマタネ,26636136988.0,26316000000.0,614000000.0,0.0,3780000000.0,0.99,0.02,0.0,0.0
9253,スローガン株式会社,2190094500.0,146544000.0,0.0,1350205000.0,124402000.0,0.07,0.0,9.21,-4.81
5909,株式会社　コロナ,26907030318.0,22664000000.0,72000000.0,85214000000.0,1343000000.0,0.84,0.0,1.58,3.86
6550,Ｕｎｉｐｏｓ株式会社,2213026000.0,0.0,0.0,1089727000.0,0.0,0.0,0.0,0.0,17.14
8075,神鋼商事株式会社,17985800000.0,32574000000.0,1329000000.0,617177000000.0,13223000000.0,1.81,0.04,2.14,4.35
4587,ペプチドリーム株式会社,215687253600.0,1345662000.0,247825000.0,31313392000.0,21040136000.0,0.01,0.18,67.19,146.5
7599,株式会社ＩＤＯＭ,105391568000.0,0.0,167000000.0,496678000000.0,19890000000.0,0.0,0.0,4.0,18.3
4833,株式会社Ｄｅｆ　ｃｏｎｓｕｌｔｉｎｇ,2725087395.0,0.0,0.0,619677000.0,0.0,0.0,0.0,0.0,16.4
3070,株式会社ジェリービーンズグループ,6060060000.0,0.0,0.0,831619000.0,7109000.0,0.0,0.0,0.85,-9.58
6367,ダイキン工業株式会社,5290689650000.0,160032000000.0,3846000000.0,4752335000000.0,401669000000.0,0.03,0.02,8.45,8.12
4745,株式会社東京個別指導学院,18839127945.0,0.0,0.0,22182368000.0,1598559000.0,0.0,0.0,7.21,2.41
2335,株式会社キューブシステム,17970750000.0,2170000000.0,17000000.0,18351000000.0,1380000000.0,0.12,0.01,7.52,1.83
6551,株式会社ツナググループ・ホールディングス,5629894872.0,0.0,11100000.0,16388728000.0,629956000.0,0.0,0.0,3.84,9.06
9640,株式会社セゾンテクノロジー,31379400000.0,747525000.0,6561000.0,24383235000.0,2141830000.0,0.02,0.01,8.78,2.17
7228,株式会社デイトナ,13138767000.0,0.0,43930000.0,14578068000.0,1714826000.0,0.0,0.0,11.76,4.42
7202,いすゞ自動車株式会社,1397798548671.0,151437000000.0,114201000000.0,1428208000000.0,0.0,0.11,0.75,0.0,8.36
4728,株式会社トーセ,5162395000.0,609911000.0,10204000.0,4615576000.0,71800000.0,0.12,0.02,1.56,-20.19
3896,阿波製紙株式会社,3885704000.0,199818000.0,6222000.0,17124457000.0,432414000.0,0.05,0.03,2.53,6.26
4393,株式会社バンク・オブ・イノベーション,46234650000.0,0.0,10000000.0,13615000000.0,1329000000.0,0.0,0.0,9.76,-36.18
6996,ニチコン株式会社,85820000000.0,26688000000.0,701000000.0,175751000000.0,5203000000.0,0.31,0.03,2.96,-3.24
1450,ＴＡＮＡＫＥＮ株式会社,12283835200.0,241968000.0,10124000.0,12286088000.0,2328352000.0,0.02,0.04,18.95,15.08
5381,Ｍｉｐｏｘ株式会社,7399383040.0,162560000.0,313820000.0,11172060000.0,942227000.0,0.02,1.93,8.43,19.43
9557,株式会社エアークローゼット,3870116800.0,0.0,0.0,4216157000.0,0.0,0.0,0.0,0.0,12.73
3903,株式会社ｇｕｍｉ,25965617504.0,2754074000.0,15755000.0,12066565000.0,0.0,0.11,0.01,0.0,-24.63
7793,株式会社イメージ・マジック,3195648080.0,0.0,0.0,7767457000.0,439815000.0,0.0,0.0,5.66,77.46
6230,ＳＡＮＥＩ株式会社,9256716000.0,484999000.0,8829000.0,28465447000.0,1883799000.0,0.05,0.02,6.62,3.39
9878,株式会社　セキド,2756040000.0,124088000.0,3152000.0,7494389000.0,0.0,0.05,0.03,0.0,-11.63
7986,日本アイ・エス・ケイ株式会社,2992560000.0,215922000.0,5592000.0,5901003000.0,518713000.0,0.07,0.03,8.79,3.29
4666,パーク二四株式会社（定款上の商号　パーク２４株式会社）,324136659255.0,0.0,344000000.0,370913000000.0,38697000000.0,0.0,0.0,10.43,12.36
7823,株式会社アートネイチャー,28030295000.0,2092000000.0,0.0,43340000000.0,2181000000.0,0.07,0.0,5.03,1.14
9034,南総通運株式会社,13880000000.0,505748000.0,11991000.0,0.0,2018097000.0,0.04,0.02,0.0,0.0
6048,株式会社デザインワン・ジャパン,1520210000.0,396440000.0,0.0,2264846000.0,4504000.0,0.26,0.0,0.2,-6.75
1419,タマホーム株式会社,100886115000.0,324000000.0,428000000.0,247733000000.0,12586000000.0,0.0,1.32,5.08,-3.25
7261,マツダ株式会社,535895312312.43896,271063000000.0,4724000000.0,5018893000000.0,186125000000.0,0.51,0.02,3.71,3.96
6638,株式会社ミマキエンジニアリング,68117040000.0,143815000.0,2483000.0,83963694000.0,9111805000.0,0.0,0.02,10.85,11.02
8043,スターゼン株式会社,21571810000.0,21597000000.0,179000000.0,436112000000.0,9046000000.0,1.0,0.01,2.07,6.23
7269,スズキ株式会社,3246479026000.0,276650000000.0,61379000000.0,2627921000000.0,188095000000.0,0.09,0.22,7.16,0.89
3660,株式会社アイスタイル,44967903336.0,3557000000.0,7000000.0,56085000000.0,1940000000.0,0.08,0.0,3.46,30.76
3659,株式会社ネクソン,2345782533500.0,814000000.0,103980000000.0,7303000000.0,0.0,0.0,127.74,0.0,23.36
8892,株式会社エスコン,99566695870.0,19546000000.0,119000000.0,113603000000.0,21311000000.0,0.2,0.01,18.76,-4.42
9997,株式会社ベルーナ,93645972000.0,14576000000.0,479000000.0,210856000000.0,11887000000.0,0.16,0.03,5.64,1.23
4370,モビルス株式会社,2473101036.0,0.0,0.0,1534111000.0,0.0,0.0,0.0,0.0,-3.79
7084,株式会社Ｓｍｉｌｅ　Ｈｏｌｄｉｎｇｓ,5952366000.0,16095000.0,1653000.0,13656500000.0,410583000.0,0.0,0.1,3.01,6.13
4659,株式会社エイジス,32636736000.0,3284278000.0,6099000.0,33960587000.0,3032232000.0,0.1,0.0,8.93,13.22
3195,株式会社ジェネレーションパス,3236400840.0,0.0,92615000.0,16235491000.0,81766000.0,0.0,0.0,0.5,7.15
4021,日産化学株式会社,639950400000.0,24353000000.0,1724000000.0,251365000000.0,56833000000.0,0.04,0.07,22.61,10.88
3667,株式会社ｅｎｉｓｈ,3221227200.0,40659000.0,0.0,3317109000.0,0.0,0.01,0.0,0.0,-5.46
9213,株式会社セイファート,1034186400.0,18327000.0,1952000.0,2130602000.0,21661000.0,0.02,0.11,1.02,-1.68
3983,株式会社オロ,49761875240.0,0.0,106630000.0,7483563000.0,2597568000.0,0.0,0.0,34.71,11.55
9324,安田倉庫株式会社,55285560000.0,63949000000.0,2129000000.0,0.0,3515000000.0,1.16,0.03,0.0,0.0
2816,株式会社ダイショー,13816320000.0,259000000.0,5000000.0,26241000000.0,656000000.0,0.02,0.02,2.5,3.51
2221,岩塚製菓株式会社,35418460000.0,63601080000.0,2868548000.0,24954321000.0,815214000.0,1.8,0.05,3.27,13.43
6643,株式会社戸上電機製作所,17968320000.0,1879209000.0,58800000.0,27648124000.0,3369648000.0,0.1,0.03,12.19,3.43
9993,株式会社ヤマザワ,12561105450.0,437000000.0,12000000.0,102558000000.0,9000000.0,0.03,0.03,0.01,0.65
3196,株式会社ホットランドホールディングス,43289544400.0,376061000.0,25021000.0,46126297000.0,2545135000.0,0.01,0.07,5.52,19.16
6504,富士電機株式会社,998043760000.0,108713000000.0,2790000000.0,1123407000000.0,117646000000.0,0.11,0.03,10.47,1.83
5947,リンナイ株式会社,529939504000.0,35919000000.0,560000000.0,460319000000.0,46005000000.0,0.07,0.02,9.99,7.0
4575,株式会社キャンバス,18420175410.0,0.0,0.0,0.0,0.0,0.0,0.0,0.0,0.0
4381,ビープラッツ株式会社,1236187941.0,0.0,0.0,706256000.0,0.0,0.0,0.0,0.0,-21.35
1909,日本ドライケミカル株式会社,37341200000.0,2045477000.0,58100000.0,55727078000.0,6128252000.0,0.05,0.03,11.0,-0.27
7060,ギークス株式会社,5123912624.0,25895000.0,1783000.0,25162448000.0,495539000.0,0.01,0.07,1.97,5.99
3985,テモナ株式会社,3267719312.0,2250000.0,0.0,1825900000.0,0.0,0.0,0.0,0.0,-22.0
3571,株式会社ソトー,9697368000.0,6572750000.0,137780000.0,10043078000.0,53339000.0,0.68,0.02,0.53,-6.22
5658,日亜鋼業株式会社,16302975570.0,17628222000.0,362371000.0,34126910000.0,1349450000.0,1.08,0.02,3.95,-1.07
6663,太洋テクノレックス株式会社,1605963200.0,338775000.0,9538000.0,3519300000.0,332803000.0,0.21,0.03,9.46,3.16
5952,アマテイ株式会社,2007671000.0,0.0,29920000.0,5583425000.0,239157000.0,0.0,0.0,4.28,0.89
9173,東海汽船株式会社,6492200000.0,547171000.0,8998000.0,14604623000.0,582429000.0,0.08,0.02,3.99,10.84
4005,住友化学株式会社,604884205000.0,76403000000.0,57095000000.0,856554000000.0,59653000000.0,0.13,0.75,6.96,5.81
4970,東洋合成工業株式会社,38762536400.0,472000000.0,13000000.0,38665000000.0,4103000000.0,0.01,0.03,10.61,20.99
6838,株式会社多摩川ホールディングス,4824406400.0,229627000.0,0.0,2356418000.0,201995000.0,0.05,0.0,8.57,-43.27
1835,東鉄工業株式会社,148551500000.0,15046446000.0,333820000.0,160047602000.0,15526012000.0,0.1,0.02,9.7,12.83
4256,株式会社サインド,6344100000.0,0.0,0.0,2241255000.0,237079000.0,0.0,0.0,10.58,14.82
1815,鉄建建設株式会社,45443055000.0,23020000000.0,718000000.0,185114000000.0,3459000000.0,0.51,0.03,1.87,0.83
7277,株式会社ＴＢＫ,9268760025.0,3364000000.0,155000000.0,54415000000.0,941000000.0,0.36,0.05,1.73,-3.96
6555,株式会社ＭＳ＆Ｃｏｎｓｕｌｔｉｎｇ,1880336600.0,9278000.0,0.0,2437952000.0,0.0,0.0,0.0,0.0,6.55
6522,株式会社アスタリスク,2880927000.0,101250000.0,1525000.0,1578458000.0,4545000.0,0.04,0.02,0.29,-10.31
7426,株式会社　山大,1311635000.0,21972000.0,1966000.0,4138547000.0,39475000.0,0.02,0.09,0.95,-7.63
7317,株式会社松屋アールアンドディ,14918617200.0,0.0,749000000.0,9567398000.0,1953593000.0,0.0,0.0,20.42,13.44
9345,ビズメイツ株式会社,3809500000.0,0.0,0.0,3474071000.0,378879000.0,0.0,0.0,10.91,10.81
2186,ソーバル株式会社,7612108136.0,23842000.0,0.0,8682548000.0,612241000.0,0.0,0.0,7.05,6.28
6345,株式会社アイチコーポレーション,100072940000.0,5395663000.0,183896000.0,59306955000.0,7440210000.0,0.05,0.03,12.55,11.63
4985,アース製薬株式会社,105492750000.0,5440000000.0,90000000.0,169278000000.0,6425000000.0,0.05,0.02,3.8,6.91
5199,不二ラテックス株式会社,2482364070.0,193788000.0,9111000.0,7198559000.0,208543000.0,0.08,0.05,2.9,-4.12
4344,ソースネクスト株式会社,24344302500.0,2152084000.0,0.0,11455896000.0,0.0,0.09,0.0,0.0,1.07
8920,株式会社　東　祥,24904750000.0,0.0,191879000.0,35619427000.0,5884957000.0,0.0,0.0,16.52,15.17
3073,株式会社ＤＤグループ,31299712224.0,1424000000.0,12000000.0,38578000000.0,3738000000.0,0.05,0.01,9.69,4.04
5711,三菱マテリアル株式会社,296245922355.0,310772000000.0,20197000000.0,1962076000000.0,37118000000.0,1.05,0.06,1.89,27.35
5232,住友大阪セメント株式会社,126500086702.0,39372000000.0,1300000000.0,219465000000.0,9351000000.0,0.31,0.03,4.26,-1.36
8742,株式会社小林洋行,3678433047.0,2198450000.0,55038000.0,2307095000.0,181280000.0,0.6,0.03,7.86,4.5
3131,シンデン・ハイテックス株式会社,6030951600.0,25000000.0,320800000.0,43745219000.0,1400721000.0,0.0,12.83,3.2,3.45
7199,プレミアグループ株式会社,87972168900.0,7000000.0,0.0,0.0,3939000000.0,0.0,0.0,0.0,0.0
6837,株式会社京写,5688736000.0,592000000.0,11000000.0,26229000000.0,1277000000.0,0.1,0.02,4.87,6.71
7673,ダイコー通産株式会社,7732531000.0,546905000.0,6194000.0,17222103000.0,885724000.0,0.07,0.01,5.14,0.43
9903,株式会社カンセキ,7156450000.0,2566309000.0,62562000.0,36552288000.0,538848000.0,0.36,0.02,1.47,0.55
8830,住友不動産株式会社,2618472879000.0,842125000000.0,19295000000.0,472571000000.0,271516000000.0,0.32,0.02,57.46,6.34
7730,マニー株式会社,130008981555.0,303000000.0,394000000.0,28513000000.0,8392000000.0,0.0,1.3,29.43,16.44
6305,日立建機株式会社,929727194236.0,11715000000.0,80590000000.0,723660000000.0,2186000000.0,0.01,6.88,0.3,-10.72
4412,株式会社サイエンスアーツ,7717143600.0,10000000.0,0.0,1184775000.0,4510000.0,0.0,0.0,0.38,53.5
6472,ＮＴＮ株式会社,130346944024.94812,23235000000.0,101000000.0,825587000000.0,22959000000.0,0.18,0.0,2.78,-1.28
4194,ビジョナル株式会社,431900679500.0,687000000.0,0.0,66146000000.0,17837000000.0,0.0,0.0,26.97,17.54
5969,株式会社ロブテックス,2514000000.0,657409000.0,22020000.0,5708563000.0,205821000.0,0.26,0.03,3.61,-3.66
3583,オーベクス株式会社,3995668916.0,124970000.0,3378000.0,6035997000.0,841405000.0,0.03,0.03,13.94,12.05
7999,ＭＵＴＯＨホールディングス株式会社,14001845860.0,3857000000.0,1000000.0,18128000000.0,1317000000.0,0.28,0.0,7.27,3.55
9251,株式会社ＡＢ＆Ｃｏｍｐａｎｙ,14644283724.0,0.0,0.0,0.0,426000000.0,0.0,0.0,0.0,0.0
1951,エクシオグループ株式会社,404626248000.0,32531000000.0,670000000.0,670822000000.0,42465000000.0,0.08,0.02,6.33,9.24
2410,株式会社キャリアデザインセンター,10501029110.0,0.0,0.0,17734862000.0,1432861000.0,0.0,0.0,8.08,1.99
9214,Ｒｅｃｏｖｅｒｙ　Ｉｎｔｅｒｎａｔｉｏｎａｌ株式会社,1958390000.0,0.0,0.0,2043110000.0,180995000.0,0.0,0.0,8.86,27.3
7717,株式会社ブイ・テクノロジー,29297788800.0,1046000000.0,76000000.0,46182000000.0,1821000000.0,0.04,0.07,3.94,23.7
1860,戸田建設株式会社,307329840000.0,185721000000.0,4477000000.0,586661000000.0,26638000000.0,0.6,0.02,4.54,12.29
5279,日本興業株式会社,4062864000.0,656933000.0,19817000.0,14746181000.0,594668000.0,0.16,0.03,4.03,7.85
7443,横浜魚類株式会社,3761420000.0,748313000.0,21472000.0,20204963000.0,157055000.0,0.2,0.03,0.78,0.5
3772,ウェルス・マネジメント株式会社,19237339400.0,3748981000.0,500209000.0,18310289000.0,2520295000.0,0.19,0.13,13.76,-36.03
7942,株式会社ジェイエスピー,58177751996.0,1728000000.0,39000000.0,142250000000.0,6888000000.0,0.03,0.02,4.84,5.33
9962,株式会社　ミスミグループ本社,584081793000.0,1224000000.0,0.0,401987000000.0,46480000000.0,0.0,0.0,11.56,9.34
3489,株式会社フェイスネットワーク,22230720000.0,0.0,0.0,29915894000.0,4519032000.0,0.0,0.0,15.11,34.25
3355,クリヤマホールディングス株式会社,33115500000.0,7893602000.0,70752000.0,77895273000.0,4539842000.0,0.24,0.01,5.83,8.68
3600,株式会社フジックス,2309164000.0,1983404000.0,49176000.0,5646425000.0,26630000.0,0.86,0.02,0.47,-2.74
6276,シリウスビジョン株式会社,1630912500.0,446107000.0,10332000.0,2314764000.0,0.0,0.27,0.02,0.0,1.2
7450,株式会社サンデー,11509836000.0,135649000.0,4183000.0,46587476000.0,0.0,0.01,0.03,0.0,-1.67
5888,ＤＡＩＷＡ　ＣＹＣＬＥ株式会社,10182095000.0,0.0,3410000.0,18349324000.0,1375811000.0,0.0,0.0,7.5,19.62
3050,ＤＣＭホールディングス株式会社,207151000000.0,35869000000.0,715000000.0,536132000000.0,33230000000.0,0.17,0.02,6.2,11.39
6486,イーグル工業株式会社,96379309000.0,18196000000.0,52000000.0,168172000000.0,8494000000.0,0.19,0.0,5.05,0.68
8566,リコーリース株式会社,170586780000.0,43452000000.0,359000000.0,312156000000.0,21729000000.0,0.25,0.01,6.96,1.24
3003,ヒューリック株式会社,1111546446412.5,420487000000.0,4025000000.0,0.0,163360000000.0,0.38,0.01,0.0,0.0
3856,Ａｂａｌａｎｃｅ株式会社,14521431330.0,2582000000.0,18000000.0,208972000000.0,23349000000.0,0.18,0.01,11.17,-2.93
7383,株式会社ネットプロテクションズホールディングス,70011172035.0,0.0,0.0,528000000.0,149000000.0,0.0,0.0,28.22,-9.9
2281,プリマハム株式会社,116812410488.0,9275000000.0,91000000.0,458354000000.0,8948000000.0,0.08,0.01,1.95,2.21
2134,北浜キャピタルパートナーズ株式会社,18216246573.0,59938000.0,2501000.0,701607000.0,0.0,0.0,0.04,0.0,199.21
7135,ジャパンクラフトホールディングス株式会社,6832376320.0,170297000.0,4420000.0,15393669000.0,22899000.0,0.02,0.03,0.15,-9.42
6229,株式会社オーケーエム,5559295000.0,142224000.0,2116000.0,10438263000.0,783574000.0,0.03,0.01,7.51,10.05
3598,山喜株式会社,2571412728.0,104025000.0,3638000.0,10774126000.0,48559000.0,0.04,0.03,0.45,-5.89
2193,クックパッド株式会社,24279044400.0,11365000.0,0.0,5870105000.0,692518000.0,0.0,0.0,11.8,-19.16
5273,三谷セキサン株式会社,167892792000.0,31563000000.0,1015000000.0,87765000000.0,13892000000.0,0.19,0.03,15.83,5.59
6327,北川精機株式会社,5466891200.0,122862000.0,1587000.0,5933805000.0,815944000.0,0.02,0.01,13.75,-8.18
6573,アジャイルメディア・ネットワーク株式会社,3972025080.0,20191000.0,0.0,455521000.0,0.0,0.01,0.0,0.0,57.43
5618,ナイル株式会社,3858633600.0,0.0,0.0,5465135000.0,438115000.0,0.0,0.0,8.02,4.22
3010,ポラリス・ホールディングス株式会社,50023501520.0,2415000.0,0.0,27881446000.0,2804095000.0,0.0,0.0,10.06,23.67
8040,株式会社東京ソワール,3412240000.0,1563397000.0,45137000.0,15700503000.0,243029000.0,0.46,0.03,1.55,4.48
9310,日本トランスシティ株式会社,73453804198.0,25366000000.0,484000000.0,124765000000.0,7805000000.0,0.35,0.02,6.26,1.8
2664,株式会社カワチ薬品,70161080680.0,154000000.0,3000000.0,287816000000.0,7461000000.0,0.0,0.02,2.59,0.65
7812,株式会社クレステック,5321698200.0,109505000.0,342730000.0,19066764000.0,1180952000.0,0.02,3.13,6.19,-10.36
6754,アンリツ株式会社,249117645000.0,337000000.0,2136000000.0,67984000000.0,8220000000.0,0.0,6.34,12.09,8.57
3916,デジタル・インフォメーション・テクノロジー株式会社,38444513600.0,156473000.0,5408000.0,19888244000.0,2424916000.0,0.0,0.03,12.19,9.58
7532,株式会社パン・パシフィック・インターナショナルホールディングス,3222137146000.0,35688000000.0,1063000000.0,2095077000000.0,140193000000.0,0.01,0.03,6.69,8.17
3048,株式会社ビックカメラ,304985158784.0,25468000000.0,321000000.0,922572000000.0,24388000000.0,0.08,0.01,2.64,13.12
6228,株式会社ジェイ・イー・ティ,10008210000.0,0.0,434000000.0,17880000000.0,789000000.0,0.0,0.0,4.41,-28.43
7075,株式会社ＱＬＳホールディングス,5234866000.0,0.0,0.0,10548294000.0,610645000.0,0.0,0.0,5.79,26.17
7776,株式会社セルシード,16535881863.0,20536000.0,0.0,193277000.0,0.0,0.0,0.0,0.0,1.65
6268,ナブテスコ株式会社,320577472000.0,5194000000.0,8575000000.0,155923000000.0,0.0,0.02,1.65,0.0,-11.58
7506,株式会社　ハウス　オブ　ローゼ,6419680995.0,141111000.0,6059000.0,11594399000.0,122020000.0,0.02,0.04,1.05,-3.29
4290,株式会社プレステージ・インターナショナル,79521953400.0,9592066000.0,6814000.0,63719802000.0,7961148000.0,0.12,0.0,12.49,8.48
1758,太洋基礎工業株式会社,4563532800.0,1566492000.0,44422000.0,13482097000.0,170132000.0,0.34,0.03,1.26,-7.48
1810,松井建設株式会社,36818320000.0,14657000000.0,408000000.0,99253000000.0,3382000000.0,0.4,0.03,3.41,2.36
4180,Ａｐｐｉｅｒ　Ｇｒｏｕｐ株式会社,154457896980.0,0.0,0.0,133000000.0,0.0,0.0,0.0,0.0,114.52
5016,ＪＸ金属株式会社,772481300864.0,8090000000.0,35151000000.0,379384000000.0,29656000000.0,0.01,4.34,7.82,30.2
4387,株式会社ＺＵＵ,3429398920.0,3974970000.0,0.0,2993718000.0,14466000.0,1.16,0.0,0.48,3.25
6465,ホシザキ株式会社,760672500000.0,11272000000.0,956000000.0,445495000000.0,51479000000.0,0.01,0.08,11.56,19.26
8077,トルク株式会社,7029757000.0,8225069000.0,239918000.0,22409823000.0,905171000.0,1.17,0.03,4.04,3.0
2220,亀田製菓株式会社,91057440000.0,18096000000.0,71000000.0,103262000000.0,5500000000.0,0.2,0.0,5.33,8.09
1515,日鉄鉱業株式会社,122946135680.0,39161000000.0,1433000000.0,196766000000.0,10257000000.0,0.32,0.04,5.21,17.91
3914,ＪＩＧ－ＳＡＷ株式会社,18328965000.0,211773000.0,7088000.0,3472875000.0,556625000.0,0.01,0.03,16.03,7.17
3407,旭化成株式会社,1382823900000.0,168371000000.0,3396000000.0,3037312000000.0,211921000000.0,0.12,0.02,6.98,9.06
3950,ザ・パック株式会社,22208400000.0,8058000000.0,160000000.0,101461000000.0,8009000000.0,0.36,0.02,7.89,3.83
2114,フジ日本株式会社,28161976500.0,11338784000.0,213164000.0,28209627000.0,3232701000.0,0.4,0.02,11.46,8.96
3719,ＡＩストーム株式会社,5951295000.0,23701000.0,0.0,1422760000.0,131970000.0,0.0,0.0,9.28,111.97
3664,株式会社モブキャストホールディングス,3193996520.0,17159000.0,0.0,3071142000.0,166216000.0,0.01,0.0,5.41,-8.93
4889,株式会社レナサイエンス,35287679200.0,0.0,0.0,0.0,0.0,0.0,0.0,0.0,0.0
6995,株式会社東海理化電機製作所,219847922000.0,32579000000.0,623000000.0,617660000000.0,35439000000.0,0.15,0.02,5.74,-0.95
7354,株式会社ダイレクトマーケティングミックス,12022847408.0,410417000.0,0.0,0.0,1206217000.0,0.03,0.0,0.0,0.0
9424,日本通信株式会社,25220408328.0,166341000.0,0.0,9238862000.0,962484000.0,0.01,0.0,10.42,24.84
4564,オンコセラピー・サイエンス株式会社,7877667300.0,0.0,0.0,3285000.0,0.0,0.0,0.0,0.0,-99.46
3961,シルバーエッグ・テクノロジー株式会社,1884404286.0,0.0,0.0,0.0,65779000.0,0.0,0.0,0.0,0.0
9743,株式会社丹青社,62806020087.0,2457047000.0,56657000.0,91858442000.0,5147019000.0,0.04,0.02,5.6,13.12
2334,株式会社イオレ,9496636320.0,49764000.0,0.0,3549234000.0,0.0,0.01,0.0,0.0,-7.04
1926,ライト工業株式会社,131946830100.0,8313000000.0,299000000.0,121457000000.0,12811000000.0,0.06,0.04,10.55,3.52
3925,株式会社ダブルスタンダード,21279860000.0,0.0,500000000.0,8000645000.0,2606351000.0,0.0,0.0,32.58,11.94
6890,株式会社フェローテック,175278770280.0,11654000000.0,64000000.0,274390000000.0,24089000000.0,0.07,0.01,8.78,23.36
2469,ヒビノ株式会社,23836444560.0,223000000.0,14000000.0,59473000000.0,4171000000.0,0.01,0.06,7.01,17.79
5997,協立エアテック株式会社,3798000000.0,781016000.0,20696000.0,11732058000.0,684711000.0,0.21,0.03,5.84,-1.39
3918,ＰＣＩホールディングス株式会社,11104272800.0,206103000.0,3278000.0,13278225000.0,679893000.0,0.02,0.02,5.12,-47.07
4072,株式会社電算システムホールディングス,27874110100.0,2355000000.0,124000000.0,61256000000.0,2311000000.0,0.08,0.05,3.77,2.79
2533,オエノンホールディングス株式会社,39614062384.0,3654000000.0,52000000.0,84104000000.0,3448000000.0,0.09,0.01,4.1,-0.99
2449,株式会社プラップジャパン,4847454360.0,82596000.0,2288000.0,6885124000.0,572609000.0,0.02,0.03,8.32,3.76
9059,カンダホールディングス株式会社,18856172000.0,1581000000.0,50000000.0,39032000000.0,3436000000.0,0.08,0.03,8.8,1.06
3370,株式会社フジタコーポレーション,1208308200.0,61897000.0,1113000.0,4892525000.0,113946000.0,0.05,0.02,2.33,6.62
5134,株式会社ＰＯＰＥＲ,4641235508.0,0.0,0.0,1071086000.0,73241000.0,0.0,0.0,6.84,29.17
4884,クリングルファーマ株式会社,4617654600.0,0.0,0.0,80038000.0,0.0,0.0,0.0,0.0,15.58
6099,株式会社エラン,50782800000.0,2558748000.0,300001000.0,47513703000.0,3577737000.0,0.05,0.12,7.53,14.7
7896,セブン工業株式会社,2415941000.0,11000000.0,8000000.0,15419000000.0,183000000.0,0.0,0.73,1.19,1.02
6376,日機装株式会社,89304925000.0,16700000000.0,3035000000.0,108584000000.0,0.0,0.19,0.18,0.0,2.07
6786,株式会社ＲＶＨ,2608141280.0,57359000.0,14248000.0,1469510000.0,68043000.0,0.02,0.25,4.63,15.09
9503,関西電力株式会社,1897605754000.0,3197012000000.0,24706000000.0,3774142000000.0,468877000000.0,1.68,0.01,12.42,6.64
7255,株式会社　桜井製作所,2332000000.0,422592000.0,10166000.0,4964077000.0,163562000.0,0.18,0.02,3.29,-10.38
4712,株式会社ＫｅｙＨｏｌｄｅｒ,13751372250.0,11326000.0,1757000.0,1089787000.0,0.0,0.0,0.16,0.0,-1.47
7963,興研株式会社,8743157139.0,186454000.0,4571000.0,10762379000.0,1009770000.0,0.02,0.02,9.38,1.66
9625,株式会社セレスポ,6319478000.0,23842000.0,0.0,13667390000.0,799553000.0,0.0,0.0,5.85,52.55
3093,株式会社トレジャー・ファクトリー,44191257000.0,0.0,0.0,42207000000.0,4035000000.0,0.0,0.0,9.56,22.5
8091,ニチモウ株式会社,20044580000.0,14434000000.0,216000000.0,133900000000.0,3002000000.0,0.72,0.01,2.24,4.81
8060,キヤノンマーケティングジャパン株式会社,576838294596.0,17771000000.0,402000000.0,653919000000.0,53123000000.0,0.03,0.02,8.12,7.29
4519,中外製薬株式会社,11619079055640.0,13392000000.0,4416000000.0,1166276000000.0,534424000000.0,0.0,0.33,45.82,5.46
8160,株式会社　木曽路,67506297485.0,2994000000.0,66000000.0,53229000000.0,2708000000.0,0.04,0.02,5.09,0.46
4584,キッズウェル・バイオ株式会社,12418326679.0,283137000.0,0.0,5082053000.0,27882000.0,0.02,0.0,0.55,109.03
4548,生化学工業株式会社,35508750000.0,19038000000.0,463000000.0,39374000000.0,1333000000.0,0.54,0.02,3.39,8.73
3358,ワイエスフード株式会社,3165645000.0,47430000.0,0.0,1460183000.0,25079000.0,0.01,0.0,1.72,2.65
4752,株式会社　昭和システムエンジニアリング,7089940000.0,447466000.0,10150000.0,8317480000.0,948818000.0,0.06,0.02,11.41,4.48
6232,株式会社ＡＣＳＬ,19887659100.0,197577000.0,0.0,2655602000.0,0.0,0.01,0.0,0.0,196.26
4013,勤次郎株式会社,18422560000.0,50987000.0,0.0,4376654000.0,729856000.0,0.0,0.0,16.68,11.55
4362,日本精化株式会社,65637364000.0,10871513000.0,314383000.0,35663736000.0,4895383000.0,0.17,0.03,13.73,6.36
2122,株式会社インタースペース,6486463200.0,482902000.0,10253000.0,7909961000.0,555754000.0,0.07,0.02,7.03,8.58
9036,東部ネットワーク株式会社,5041873000.0,2235934000.0,69469000.0,10370887000.0,186773000.0,0.44,0.03,1.8,0.65
6445,株式会社ジャノメ,20191094575.0,1808000000.0,78000000.0,36340000000.0,2224000000.0,0.09,0.04,6.12,-0.37
4568,第一三共株式会社,6847059336000.0,49122000000.0,27327000000.0,1357334000000.0,159123000000.0,0.01,0.56,11.72,11.74
6090,ヒューマン・メタボローム・テクノロジーズ株式会社,4537367211.0,7000000.0,0.0,1345671000.0,220168000.0,0.0,0.0,16.36,3.57
6189,株式会社グローバルキッズＣＯＭＰＡＮＹ,6569925888.0,27000000.0,2000000.0,26448000000.0,789000000.0,0.0,0.07,2.98,5.22
4814,ネクストウェア株式会社,2160526852.0,140211000.0,108240000.0,3009759000.0,2959000.0,0.06,0.77,0.1,6.72
4478,フリー株式会社,227661077700.0,361758000.0,0.0,25430756000.0,0.0,0.0,0.0,0.0,32.31
6331,三菱化工機株式会社,16213737000.0,4434000000.0,168000000.0,59202000000.0,5694000000.0,0.27,0.04,9.62,23.92
7833,株式会社アイフィスジャパン,6083748000.0,2754000.0,0.0,5859006000.0,677951000.0,0.0,0.0,11.57,5.48
6894,パルステック工業株式会社,2460848594.0,61913000.0,2915000.0,2486548000.0,336149000.0,0.03,0.05,13.52,-4.81
6038,株式会社イード,4510776600.0,539145000.0,7005000.0,6125104000.0,523790000.0,0.12,0.01,8.55,0.87
5704,株式会社ＪＭＣ,2367827100.0,0.0,0.0,3072417000.0,88089000.0,0.0,0.0,2.87,-15.59
2814,佐藤食品工業株式会社,21214531000.0,3466946000.0,115112000.0,6360686000.0,672985000.0,0.16,0.03,10.58,4.25
9867,ソレキア株式会社,5581191450.0,596453000.0,11052000.0,28025172000.0,1727084000.0,0.11,0.02,6.16,11.31
7554,株式会社幸楽苑,21165760056.0,78300000.0,3098000.0,18843888000.0,443829000.0,0.0,0.04,2.36,112.34
3622,ネットイヤーグループ株式会社,4661334000.0,0.0,0.0,3377900000.0,82627000.0,0.0,0.0,2.45,-6.96
4041,日本曹達株式会社,189103154220.0,63328000000.0,1488000000.0,155199000000.0,16063000000.0,0.33,0.02,10.35,0.5
1911,住友林業株式会社,292821207000.0,268895000000.0,3182000000.0,2053650000000.0,194588000000.0,0.92,0.01,9.48,18.49
6150,タケダ機械株式会社,2980440000.0,171042000.0,4098000.0,5464515000.0,636367000.0,0.06,0.02,11.65,16.54
5943,株式会社ノーリツ,93223680000.0,35952000000.0,879000000.0,202204000000.0,2395000000.0,0.39,0.02,1.18,0.16
5621,株式会社ヒューマンテクノロジーズ,20740498400.0,0.0,0.0,6055111000.0,930975000.0,0.0,0.0,15.38,20.26
5832,株式会社ちゅうぎんフィナンシャルグループ,343396903500.0,3000000000.0,0.0,0.0,19042000000.0,0.01,0.0,0.0,0.0
2742,株式会社ハローズ,106861338000.0,2000000.0,0.0,204846000000.0,12270000000.0,0.0,0.0,5.99,7.85
4746,株式会社東計電算,73397500000.0,35175676000.0,732499000.0,19634244000.0,5576461000.0,0.48,0.02,28.4,0.37
6532,株式会社ベイカレント,1315091351420.0,0.0,0.0,64894000000.0,18485000000.0,0.0,0.0,28.48,-30.9
9612,株式会社ラックランド,10646630400.0,377000000.0,19000000.0,47659000000.0,233000000.0,0.04,0.05,0.49,5.64
1925,大和ハウス工業株式会社,3270351402000.0,220868000000.0,4465000000.0,5434819000000.0,546279000000.0,0.07,0.02,10.05,4.46
5031,モイ株式会社,3198214000.0,0.0,0.0,6592963000.0,232568000.0,0.0,0.0,3.53,2.48
3559,株式会社ピーバンドットコム,2628468362.0,110469000.0,0.0,2180578000.0,157193000.0,0.04,0.0,7.21,8.18
3549,株式会社クスリのアオキホールディングス,380850259680.0,3356000000.0,80000000.0,436875000000.0,18569000000.0,0.01,0.02,4.25,15.31
6832,アオイ電子株式会社,25956000000.0,2951046000.0,53319000.0,34974678000.0,438839000.0,0.11,0.02,1.25,3.04
8226,株式会社　理経,5554270118.0,31630000.0,75605000.0,18725797000.0,1114287000.0,0.01,2.39,5.95,54.35
5301,東海カーボン株式会社,228092307456.0,33307000000.0,1045000000.0,350114000000.0,19386000000.0,0.15,0.03,5.54,-3.8
3423,株式会社エスイー,8282999000.0,297915000.0,8153000.0,25887450000.0,849633000.0,0.04,0.03,3.28,-2.22
7374,株式会社コンフィデンス・インターワークス,10365060465.0,15000000.0,2034000.0,8392191000.0,1303131000.0,0.0,0.14,15.53,12.07
2722,株式会社ＩＫホールディングス,3148732000.0,24428000.0,0.0,14049266000.0,341749000.0,0.01,0.0,2.43,-0.92
7638,株式会社ＮＥＷ　ＡＲＴ　ＨＯＬＤＩＮＧＳ,23940802908.0,1128000.0,3126000.0,27644229000.0,3890205000.0,0.0,2.77,14.07,31.02
5028,セカンドサイトアナリティカ株式会社,3516020685.0,67440000.0,0.0,1141098000.0,159888000.0,0.02,0.0,14.01,67.6
4204,積水化学工業株式会社,1117935105000.0,105102000000.0,3245000000.0,1297754000000.0,107951000000.0,0.09,0.03,8.32,3.28
2806,ユタカフーズ株式会社,18115069861.0,2136000000.0,66000000.0,14455000000.0,681000000.0,0.12,0.03,4.71,4.72
8358,スルガ銀行株式会社,277374573000.0,0.0,0.0,0.0,0.0,0.0,0.0,0.0,0.0
4406,新日本理化株式会社,7606344000.0,9950000000.0,164000000.0,32703000000.0,829000000.0,1.31,0.02,2.53,-0.49
9509,北海道電力株式会社,167669338437.5249,649985000000.0,712000000.0,788051000000.0,75838000000.0,3.88,0.0,9.62,-8.54
4375,セーフィー株式会社,60218537100.0,567842000.0,0.0,15049858000.0,0.0,0.01,0.0,0.0,27.36
6835,アライドテレシスホールディングス株式会社,18654362650.0,1892000.0,1765332000.0,48458725000.0,3424837000.0,0.0,933.05,7.07,9.18
3197,株式会社すかいらーくホールディングス,668856468000.0,162000000.0,845000000.0,215152000000.0,5468000000.0,0.0,5.22,2.54,11.5
6653,株式会社正興電機製作所,21279240000.0,4131000000.0,105000000.0,29099000000.0,2016000000.0,0.19,0.03,6.93,7.49
8705,日産証券グループ株式会社,9299225000.0,3970472000.0,115399000.0,0.0,712715000.0,0.43,0.03,0.0,0.0
3046,株式会社ジンズホールディングス,191360400000.0,952000000.0,0.0,82999000000.0,7836000000.0,0.0,0.0,9.44,13.29
4270,株式会社ＢｅｅＸ,5383532000.0,15574000.0,0.0,9255650000.0,656651000.0,0.0,0.0,7.09,20.2
2874,横浜冷凍株式会社,61637351360.0,43239000000.0,334000000.0,122282000000.0,4647000000.0,0.7,0.01,3.8,-2.64
2332,株式会社クエスト,8006653512.0,808502000.0,25318000.0,14936146000.0,1055670000.0,0.1,0.03,7.07,5.0
9507,四国電力株式会社,250693824000.0,585441000000.0,1158000000.0,709628000000.0,89073000000.0,2.34,0.0,12.55,5.91
4235,ウルトラファブリックス・ホールディングス株式会社,11807640000.0,0.0,0.0,1382000000.0,392000000.0,0.0,0.0,28.36,28.08
4990,昭和化学工業株式会社,5582214000.0,3706238000.0,61645000.0,9237406000.0,346085000.0,0.66,0.02,3.75,0.44
4026,神島化学工業株式会社,11309760000.0,431000000.0,11000000.0,25974000000.0,2117000000.0,0.04,0.03,8.15,8.29
1982,日比谷総合設備株式会社,92410840000.0,20379000000.0,412000000.0,89786000000.0,7456000000.0,0.22,0.02,8.3,7.19
8244,株式会社近鉄百貨店,73716651000.0,4082000000.0,105000000.0,115107000000.0,5353000000.0,0.06,0.03,4.65,1.41
6566,株式会社要興業,18744123400.0,1009311000.0,18151000.0,14506733000.0,2108703000.0,0.05,0.02,14.54,7.43
5900,株式会社ダイケン,4836088800.0,984834000.0,32130000.0,11024531000.0,295307000.0,0.2,0.03,2.68,1.31
4902,コニカミノルタ株式会社,229365577063.96484,8559000000.0,20633000000.0,467313000000.0,7062000000.0,0.04,2.41,1.51,9.94
7839,株式会社ＳＨＯＥＩ,95288132184.0,0.0,0.0,35790722000.0,10330163000.0,0.0,0.0,28.86,6.47
7928,旭化学工業株式会社,2396040000.0,219734000.0,1052000.0,8340336000.0,37895000.0,0.09,0.0,0.45,-3.73
9272,ブティックス株式会社,14061993600.0,0.0,1760000.0,5171406000.0,1228407000.0,0.0,0.0,23.75,17.15
2613,株式会社Ｊ－オイルミルズ,67920716000.0,19753000000.0,1220000000.0,230783000000.0,8572000000.0,0.29,0.06,3.71,-5.54
3546,アレンザホールディングス株式会社,31401121440.0,352000000.0,9000000.0,148908000000.0,3509000000.0,0.01,0.03,2.36,2.32
4004,株式会社レゾナック・ホールディングス,668047313000.0,0.0,11610000000.0,1389277000000.0,3764000000.0,0.0,0.0,0.27,7.79
3205,株式会社ダイドーリミテッド,29867208000.0,4282000000.0,147000000.0,28609000000.0,990000000.0,0.14,0.03,3.46,-0.31
4556,株式会社カイノス,5666662980.0,261536000.0,7841000.0,5305569000.0,823598000.0,0.05,0.03,15.52,4.93
4882,株式会社ペルセウスプロテオミクス,6121042500.0,0.0,0.0,120375000.0,0.0,0.0,0.0,0.0,19.89
2154,株式会社オープンアップグループ,156299253825.0,607000000.0,0.0,0.0,7591000000.0,0.0,0.0,0.0,0.0
7231,トピー工業株式会社,59710960000.0,30748000000.0,956000000.0,300610000000.0,5300000000.0,0.51,0.03,1.76,-9.99
2501,サッポロホールディングス株式会社,551006442000.0,4391000000.0,1283000000.0,0.0,6556000000.0,0.01,0.29,0.0,0.0
7305,新家工業株式会社,29378700000.0,9306000000.0,303000000.0,42845000000.0,1641000000.0,0.32,0.03,3.83,-3.84
3612,株式会社ワールド,91032977000.0,1003000000.0,240000000.0,18090000000.0,1014000000.0,0.01,0.24,5.61,11.37
5391,株式会社エーアンドエーマテリアル,9209152000.0,692000000.0,22000000.0,43421000000.0,1916000000.0,0.08,0.03,4.41,5.18
4812,株式会社電通総研,423034295200.0,3388000000.0,188000000.0,152642000000.0,21039000000.0,0.01,0.06,13.78,7.04
7033,株式会社マネジメントソリューションズ,27942504700.0,0.0,0.0,23273050000.0,2806156000.0,0.0,0.0,12.06,37.46
7840,フランスベッドホールディングス株式会社,43989702000.0,326000000.0,7000000.0,60561000000.0,4696000000.0,0.01,0.02,7.75,2.38
3986,株式会社ビーブレイクシステムズ,2153280960.0,0.0,0.0,1391519000.0,152054000.0,0.0,0.0,10.93,0.89
3391,株式会社ツルハホールディングス,592733667960.0,34181000000.0,279000000.0,1027462000000.0,49205000000.0,0.06,0.01,4.79,5.92
9466,株式会社アイドママーケティングコミュニケーション,3352960000.0,501121000.0,6268000.0,5586340000.0,359662000.0,0.15,0.01,6.44,-4.3
3773,株式会社アドバンスト・メディア,21096454428.0,3774005000.0,70360000.0,6665147000.0,1442566000.0,0.18,0.02,21.64,11.06
9842,アークランズ株式会社,110564599376.0,2785000000.0,247000000.0,315727000000.0,16231000000.0,0.03,0.09,5.14,1.62
7078,ＩＮＣＬＵＳＩＶＥ株式会社,5885344332.0,209615000.0,0.0,5359166000.0,167923000.0,0.04,0.0,3.13,11.54
3475,株式会社グッドコムアセット,33949804800.0,681884000.0,0.0,59753709000.0,5451568000.0,0.02,0.0,9.12,169.28
9706,日本空港ビルデング株式会社,423996040000.0,22772000000.0,464000000.0,108937000000.0,38557000000.0,0.05,0.02,35.39,14.84
9252,株式会社ラストワンマイル,10383198300.0,135017000.0,200000000.0,10113649000.0,343145000.0,0.01,1.48,3.39,13.83
6942,株式会社ソフィアホールディングス,5219532000.0,0.0,0.0,523000000.0,57036000.0,0.0,0.0,10.91,87.86
3352,株式会社バッファロー,3150508782.0,0.0,10014000.0,12185655000.0,512737000.0,0.0,0.0,4.21,8.64
7167,株式会社めぶきフィナンシャルグループ,777601916950.9888,0.0,0.0,0.0,32172000000.0,0.0,0.0,0.0,0.0
3109,シキボウ株式会社,12644288223.0,1112000000.0,30000000.0,39087000000.0,1346000000.0,0.09,0.03,3.44,1.05
6508,株式会社明電舎,244479990000.0,23498000000.0,6263000000.0,301101000000.0,21512000000.0,0.1,0.27,7.14,4.59
4366,ダイトーケミックス株式会社,7952000000.0,2100000000.0,58000000.0,18644000000.0,848000000.0,0.26,0.03,4.55,17.92
9279,株式会社ギフトホールディングス,67783497180.0,0.0,5169000.0,28472954000.0,2909253000.0,0.0,0.0,10.22,23.89
2459,アウンコンサルティング株式会社,1793169200.0,124775000.0,0.0,441495000.0,0.0,0.07,0.0,0.0,-2.86
1975,株式会社朝日工業社,68081600000.0,9836000000.0,342000000.0,91947000000.0,7248000000.0,0.14,0.03,7.88,0.3
9020,東日本旅客鉄道株式会社,3592682804000.0,506182000000.0,6108000000.0,0.0,376786000000.0,0.14,0.01,0.0,0.0
9438,株式会社エムティーアイ,56822380000.0,4466864000.0,3729000.0,27669161000.0,2394217000.0,0.08,0.0,8.65,3.25
8897,ＭＩＲＡＲＴＨホールディングス株式会社,52752800000.0,3125000000.0,153000000.0,196523000000.0,14364000000.0,0.06,0.05,7.31,6.12
7208,株式会社カネミツ,4385788335.0,1123255000.0,35900000.0,11117218000.0,755103000.0,0.26,0.03,6.79,0.23
9021,西日本旅客鉄道株式会社,1519477614800.0,138844000000.0,1289000000.0,1089687000000.0,180161000000.0,0.09,0.01,16.53,5.43
9075,福山通運株式会社,143103974130.0,58005000000.0,1751000000.0,302495000000.0,7363000000.0,0.41,0.03,2.43,5.19
1443,技研ホールディングス株式会社,3150167538.0,5911023000.0,196768000.0,4906441000.0,623986000.0,1.88,0.03,12.72,-5.09
6289,株式会社技研製作所,39161466000.0,1854000000.0,32000000.0,29481000000.0,3324000000.0,0.05,0.02,11.28,0.71
6912,菊水ホールディングス株式会社,16087500000.0,2099518000.0,123109000.0,13429290000.0,1997363000.0,0.13,0.06,14.87,7.53
5185,株式会社フコク,29618556660.0,1259000000.0,10000000.0,89657000000.0,4721000000.0,0.04,0.01,5.27,0.91
6297,鉱研工業株式会社,6844110000.0,8846000.0,0.0,10611275000.0,653543000.0,0.0,0.0,6.16,11.35
2982,株式会社ＡＤワークスグループ,16441022884.0,480502000.0,30234000.0,49910901000.0,3216733000.0,0.03,0.06,6.44,20.73
9904,株式会社ベリテ,10075405250.0,0.0,2000000.0,7947000000.0,875000000.0,0.0,0.0,11.01,4.03
2389,株式会社デジタルホールディングス,21702664401.0,8543000000.0,0.0,0.0,984000000.0,0.39,0.0,0.0,0.0
4968,荒川化学工業株式会社,21685020000.0,10105000000.0,239000000.0,80236000000.0,1057000000.0,0.47,0.02,1.32,11.1
6177,ＡｐｐＢａｎｋ株式会社,1440652500.0,0.0,0.0,994440000.0,38236000.0,0.0,0.0,3.84,110.69
3544,サツドラホールディングス株式会社,12072606272.0,716000000.0,23000000.0,95520000000.0,1384000000.0,0.06,0.03,1.45,9.19
6785,株式会社鈴木,25624716000.0,2136790000.0,6232000.0,27726161000.0,3369394000.0,0.08,0.0,12.15,5.13
8139,株式会社ナガホリ,26820628224.0,1345782000.0,23908000.0,22891436000.0,723028000.0,0.05,0.02,3.16,4.91
7523,アールビバン株式会社,9626644412.0,2336716000.0,5172000.0,10731448000.0,2113961000.0,0.24,0.0,19.7,-2.5
4452,花王株式会社,3107553000000.0,7454000000.0,39196000000.0,898054000000.0,62947000000.0,0.0,5.26,7.01,3.45
2148,アイティメディア株式会社,33929271000.0,498740000.0,0.0,7501467000.0,1977344000.0,0.01,0.0,26.36,-0.31
5970,株式会社ジーテクト,79295924300.0,10986000000.0,277000000.0,339233000000.0,16380000000.0,0.14,0.03,4.83,-1.56
4547,キッセイ薬品工業株式会社,203862092175.0,84869000000.0,1392000000.0,88330000000.0,5773000000.0,0.42,0.02,6.54,16.87
7464,セフテック株式会社,3240000000.0,503752000.0,11840000.0,10312082000.0,354832000.0,0.16,0.02,3.44,1.87
2721,株式会社ジェイホールディングス,1767868000.0,0.0,0.0,179573000.0,28255000.0,0.0,0.0,15.73,2.36
3826,株式会社システムインテグレータ,4652928000.0,10000000.0,0.0,4768979000.0,271544000.0,0.0,0.0,5.69,-1.38
8345,株式会社岩手銀行,60947615000.0,0.0,0.0,0.0,0.0,0.0,0.0,0.0,0.0
7947,株式会社エフピコ,224274336000.0,10274000000.0,89000000.0,235628000000.0,18471000000.0,0.05,0.01,7.84,6.09
3232,三重交通グループホールディングス株式会社,52685077253.0,14114242000.0,343293000.0,0.0,8415671000.0,0.27,0.02,0.0,0.0
2997,株式会社ストレージ王,1627647500.0,52694000.0,0.0,4262911000.0,171987000.0,0.03,0.0,4.03,28.19
7692,株式会社アースインフィニティ,12554956800.0,76247000.0,0.0,5000237000.0,277349000.0,0.01,0.0,5.55,-4.61
9554,株式会社ＡＶｉＣ,12757680000.0,3000000.0,0.0,1934785000.0,446508000.0,0.0,0.0,23.08,29.97
7362,株式会社Ｔ．Ｓ．Ｉ,1260208200.0,0.0,0.0,4707895000.0,132857000.0,0.0,0.0,2.82,10.68
8095,アステナホールディングス株式会社,19589793696.0,4137112000.0,61806000.0,57993375000.0,2815853000.0,0.21,0.01,4.86,11.56
3396,株式会社フェリシモ,8195496000.0,2136000000.0,0.0,29449000000.0,70000000.0,0.26,0.0,0.24,-0.53
7004,カナデビア株式会社,166469292000.0,27571000000.0,179000000.0,610523000000.0,26946000000.0,0.17,0.01,4.41,9.84
6941,山一電機株式会社,59376988000.0,65042000.0,6110000.0,45298813000.0,8225046000.0,0.0,0.09,18.16,24.37
8200,株式会社リンガーハット,57349538400.0,933001000.0,19401000.0,42977890000.0,1694051000.0,0.02,0.02,3.94,10.28
5971,株式会社共和工業所,7507200000.0,2550796000.0,67315000.0,10972526000.0,1015170000.0,0.34,0.03,9.25,-16.96
2168,株式会社パソナグループ,90593021900.0,3288000000.0,0.0,356733000000.0,6794000000.0,0.04,0.0,1.9,-4.25
7769,リズム株式会社,25155279000.0,3512000000.0,135000000.0,32666000000.0,817000000.0,0.14,0.04,2.5,0.2
5587,株式会社インバウンドプラットフォーム,3049446400.0,29980000.0,0.0,2333695000.0,179954000.0,0.01,0.0,7.71,12.34
4299,株式会社ハイマックス,14870764416.0,24000000.0,0.0,18066000000.0,1807000000.0,0.0,0.0,10.0,4.08
4832,ＪＦＥシステムズ株式会社,32008828000.0,1864859000.0,46958000.0,63971753000.0,7589259000.0,0.06,0.03,11.86,3.13
3416,ピクスタ株式会社,2317309760.0,8087000.0,0.0,2882381000.0,574196000.0,0.0,0.0,19.92,9.95
6173,株式会社アクアライン,1059157836.0,0.0,0.0,3462536000.0,52646000.0,0.0,0.0,1.52,-28.54
8714,株式会社池田泉州ホールディングス,178159072000.0,0.0,0.0,0.0,3917000000.0,0.0,0.0,0.0,0.0
6277,ホソカワミクロン株式会社,81953300000.0,2655000000.0,94000000.0,85432000000.0,8279000000.0,0.03,0.04,9.69,7.42
9421,株式会社エヌジェイホールディングス,3231641600.0,200994000.0,0.0,9698124000.0,102720000.0,0.06,0.0,1.06,-4.28
7878,株式会社光・彩,2051280000.0,71842000.0,0.0,3930970000.0,149403000.0,0.04,0.0,3.8,11.49
7567,株式会社栄電子,2331220000.0,785651000.0,23018000.0,6428380000.0,63441000.0,0.34,0.03,0.99,-23.16
9478,ＳＥホールディングス・アンド・インキュベーションズ株式会社,6401816004.0,115000000.0,19000000.0,7242000000.0,817000000.0,0.02,0.17,11.28,-1.04
5290,株式会社ベルテクスコーポレーション,71873694850.0,1540362000.0,39280000.0,38918012000.0,6285650000.0,0.02,0.03,16.15,5.66
3041,株式会社ビューティカダンホールディングス,2268972000.0,10001000.0,18984000.0,6982903000.0,84865000.0,0.0,1.9,1.22,8.89
5216,株式会社倉元製作所,10969160000.0,1371000.0,0.0,1567862000.0,95378000.0,0.0,0.0,6.08,122.53
1972,三晃金属工業株式会社,26334000000.0,10000000.0,25000000.0,45362000000.0,4112000000.0,0.0,2.5,9.06,5.7
1871,ピーエス・コンストラクション株式会社,83527874000.0,3749000000.0,94000000.0,135627000000.0,12315000000.0,0.04,0.03,9.08,4.9
1793,株式会社大本組,32554710000.0,9825000000.0,213000000.0,70092000000.0,1814000000.0,0.3,0.02,2.59,-15.61
4928,株式会社ノエビアホールディングス,153018880000.0,3112000000.0,26000000.0,63823000000.0,11423000000.0,0.02,0.01,17.9,2.03
1967,株式会社ヤマト,46988752740.0,12255933000.0,307519000.0,53168544000.0,4796727000.0,0.26,0.03,9.02,10.09
6859,エスペック株式会社,73960135340.0,4006000000.0,206000000.0,67288000000.0,7526000000.0,0.05,0.05,11.18,8.31
2687,株式会社シー・ヴイ・エス・ベイエリア,2845968000.0,228220000.0,49903000.0,7822968000.0,421986000.0,0.08,0.22,5.39,4.03
2294,株式会社柿安本店,32857440000.0,212000000.0,4000000.0,37052000000.0,2200000000.0,0.01,0.02,5.94,-15.62
8715,アニコム　ホールディングス株式会社,55080282600.0,0.0,0.0,0.0,997000000.0,0.0,0.0,0.0,0.0
6668,株式会社アドテックプラズマテクノロジー,11299176000.0,1000000.0,0.0,11298000000.0,1485000000.0,0.0,0.0,13.14,-9.6
4265,Ｉｎｓｔｉｔｕｔｉｏｎ　ｆｏｒ　ａ　Ｇｌｏｂａｌ　Ｓｏｃｉｅｔｙ株式会社,1465522500.0,82315000.0,0.0,602926000.0,97862000.0,0.06,0.0,16.23,-34.25
7865,ピープル株式会社,2520500000.0,0.0,2855000.0,1915624000.0,0.0,0.0,0.0,0.0,-64.21
9628,燦ホールディングス株式会社,36501000000.0,162000000.0,22000000.0,20427000000.0,4521000000.0,0.0,0.14,22.13,10.4
6157,日進工具株式会社,19101730942.0,31515000.0,102704000.0,9431090000.0,1767266000.0,0.0,3.26,18.74,4.32
6272,レオン自動機株式会社,36256584000.0,1953777000.0,37154000.0,39214430000.0,5298153000.0,0.05,0.02,13.51,4.01
4925,株式会社ハーバー研究所,6492750000.0,0.0,100591000.0,12061829000.0,589510000.0,0.0,0.0,4.89,-2.13
5195,バンドー化学株式会社,76488490000.0,8645000000.0,6992000000.0,50493000000.0,356000000.0,0.11,0.81,0.71,5.76
8614,東洋証券株式会社,36200008810.0,7136000000.0,0.0,0.0,694000000.0,0.2,0.0,0.0,0.0
3627,テクミラホールディングス株式会社,3866143100.0,799594000.0,1791000.0,11165530000.0,91385000.0,0.21,0.0,0.82,27.8
8411,株式会社みずほフィナンシャルグループ,10323999999000.0,9000000.0,0.0,0.0,528736000000.0,0.0,0.0,0.0,0.0
3678,株式会社メディアドゥ,26249241560.0,5669000000.0,37000000.0,101914000000.0,2475000000.0,0.22,0.01,2.43,8.38
3154,メディアスホールディングス株式会社,19401204744.0,4713827000.0,55207000.0,259789000000.0,1327247000.0,0.24,0.01,0.51,8.67
4076,株式会社シイエヌエス,4228230000.0,5000000.0,9000000.0,6657083000.0,619974000.0,0.0,1.8,9.31,11.15
7746,岡本硝子株式会社,4008460000.0,161135000.0,1154000.0,4686676000.0,126184000.0,0.04,0.01,2.69,2.25
3920,アイビーシー株式会社,5145516400.0,246523000.0,0.0,2184658000.0,382276000.0,0.05,0.0,17.5,14.93
9435,株式会社光通信,1865522713880.0,34268000000.0,14009000000.0,0.0,17051000000.0,0.02,0.41,0.0,0.0
7066,株式会社ピアズ,6607656000.0,375487000.0,2791000.0,6208984000.0,480469000.0,0.06,0.01,7.74,10.33
7375,株式会社リファインバースグループ,2538103118.0,20000000.0,0.0,3852638000.0,32675000.0,0.01,0.0,0.85,-13.85
5644,株式会社メタルアート,11177132280.0,243000000.0,6000000.0,43954000000.0,2995000000.0,0.02,0.02,6.81,-2.37
9563,Ａｔｌａｓ　Ｔｅｃｈｎｏｌｏｇｉｅｓ株式会社,2454210000.0,0.0,0.0,2120772000.0,0.0,0.0,0.0,0.0,-18.11
5936,東洋シヤッター株式会社,5192631000.0,169844000.0,0.0,20871090000.0,1301165000.0,0.03,0.0,6.23,-2.87
8275,株式会社フォーバル,37355841834.0,2596057000.0,14147000.0,72629302000.0,3740400000.0,0.07,0.01,5.15,14.33
4579,ラクオリア創薬株式会社,11574420370.0,547053000.0,0.0,0.0,322714000.0,0.05,0.0,0.0,0.0
3391,株式会社ツルハホールディングス,593198103960.0,31942000000.0,245000000.0,845603000000.0,37894000000.0,0.05,0.01,4.48,-17.7
4471,三洋化成工業株式会社,89664540000.0,30713000000.0,1192000000.0,142258000000.0,8439000000.0,0.34,0.04,5.93,-10.82
3436,株式会社ＳＵＭＣＯ,434217172360.0,2453000000.0,70000000.0,396619000000.0,36924000000.0,0.01,0.03,9.31,-6.88
7345,株式会社アイ・パートナーズフィナンシャル,2052324400.0,0.0,0.0,3797196000.0,0.0,0.0,0.0,0.0,1.72
4409,東邦化学工業株式会社,17485650000.0,3730000000.0,127000000.0,53613000000.0,1815000000.0,0.21,0.03,3.39,5.96
9795,株式会社ステップ,38724410000.0,1766356000.0,0.0,15098935000.0,3511470000.0,0.05,0.0,23.26,4.55
4615,神東塗料株式会社,4461860000.0,2732000000.0,18000000.0,20758000000.0,230000000.0,0.61,0.01,1.11,9.52
9616,株式会社共立メンテナンス,295479713000.0,16506000000.0,201000000.0,228933000000.0,20491000000.0,0.06,0.01,8.95,12.15
6063,日本エマージェンシーアシスタンス株式会社,2489364800.0,0.0,0.0,2908717000.0,52179000.0,0.0,0.0,1.79,-19.18
8783,ＧＦＡ株式会社,6648376064.0,2330361000.0,3684000.0,3311839000.0,53738000.0,0.35,0.0,1.62,-20.67
9687,株式会社ＫＳＫ,30009480000.0,6002000000.0,22000000.0,23608000000.0,2419000000.0,0.2,0.0,10.25,8.4
2136,株式会社ヒップ,4818063600.0,0.0,0.0,5969419000.0,565180000.0,0.0,0.0,9.47,5.46
8118,株式会社　キング,20312680020.0,3100000000.0,65000000.0,8157000000.0,864000000.0,0.15,0.02,10.59,-4.57
6547,株式会社グリーンズ,28228386942.0,117000000.0,0.0,40969000000.0,5019000000.0,0.0,0.0,12.25,12.43
9377,株式会社　エージーピー,20656790000.0,254373000.0,2495000.0,12986882000.0,1059605000.0,0.01,0.01,8.16,17.64
3841,株式会社ジーダット,5106198800.0,132121000.0,0.0,2062768000.0,256990000.0,0.03,0.0,12.46,0.09
6809,ＴＯＡ株式会社,34136635000.0,9004000000.0,140000000.0,50626000000.0,3589000000.0,0.26,0.02,7.09,3.71
3185,夢展望株式会社,2695597800.0,0.0,0.0,1341000000.0,0.0,0.0,0.0,0.0,-1.81
7751,キヤノン株式会社,5373732996456.0,10885000000.0,262626000000.0,1886031000000.0,220221000000.0,0.0,24.13,11.68,13.07
5816,オーナンバ株式会社,12231736474.0,1884895000.0,60790000.0,44804341000.0,2193919000.0,0.15,0.03,4.9,0.1
7061,日本ホスピスホールディングス株式会社,8348761000.0,0.0,700000000.0,12115287000.0,1286885000.0,0.0,0.0,10.62,22.73
2593,株式会社伊藤園,288691261680.0,4581000000.0,89000000.0,453899000000.0,25023000000.0,0.02,0.02,5.51,5.15
9708,株式会社帝国ホテル,115830000000.0,5822000000.0,68000000.0,52610000000.0,1590000000.0,0.05,0.01,3.02,-1.36
9215,株式会社ＣａＳｙ,1876864000.0,46100000.0,0.0,1761029000.0,7791000.0,0.02,0.0,0.44,13.77
7701,株式会社　島津製作所,996275550000.0,15182000000.0,333000000.0,539047000000.0,71720000000.0,0.02,0.02,13.3,5.3
2587,サントリー食品インターナショナル株式会社,1390500000000.0,0.0,36748000000.0,432794000000.0,20397000000.0,0.0,0.0,4.71,-1.42
2207,名糖産業株式会社,35822808000.0,43064000000.0,1167000000.0,28071000000.0,1405000000.0,1.2,0.03,5.01,15.08
5982,株式会社マルゼン,69823400000.0,3261025000.0,90188000.0,64253258000.0,6094410000.0,0.05,0.03,9.48,6.03
4592,サンバイオ株式会社,151287721866.0,0.0,0.0,0.0,0.0,0.0,0.0,0.0,0.0
4484,ランサーズ株式会社,3590195388.0,0.0,0.0,4589136000.0,109169000.0,0.0,0.0,2.38,0.35
4591,株式会社リボミック,5219830980.0,0.0,0.0,0.0,0.0,0.0,0.0,0.0,0.0
7804,株式会社ビーアンドピー,5275702000.0,0.0,0.0,3536204000.0,550518000.0,0.0,0.0,15.57,11.4
2573,北海道コカ・コーラボトリング株式会社,46127730000.0,693000000.0,11000000.0,56860000000.0,2204000000.0,0.02,0.02,3.88,0.87
8336,株式会社武蔵野銀行,119422875000.0,0.0,0.0,0.0,0.0,0.0,0.0,0.0,0.0
3880,大王製紙株式会社,141970920000.0,21382000000.0,503000000.0,668912000000.0,9807000000.0,0.15,0.02,1.47,-0.41
4448,株式会社ｋｕｂｅｌｌ,20797526298.0,184457000.0,0.0,8470717000.0,96856000.0,0.01,0.0,1.14,30.62
6637,寺崎電気産業株式会社,46321650000.0,1143456000.0,24245000.0,56404866000.0,5618453000.0,0.02,0.02,9.96,8.33
6016,株式会社ジャパンエンジンコーポレーション,60900000000.0,810450000.0,5407000.0,28862663000.0,5090934000.0,0.01,0.01,17.64,37.64
4091,日本酸素ホールディングス株式会社,2344760088000.0,20678000000.0,7470000000.0,0.0,28800000000.0,0.01,0.36,0.0,0.0
4840,株式会社トライアイズ,2913300000.0,36547000.0,0.0,961299000.0,2212000.0,0.01,0.0,0.23,51.12
4102,丸尾カルシウム株式会社,3183960000.0,4551328000.0,90926000.0,12843448000.0,5724000.0,1.43,0.02,0.04,-0.35
6125,株式会社岡本工作機械製作所,30669862125.0,404000000.0,99000000.0,43734000000.0,3015000000.0,0.01,0.25,6.89,-12.88
4069,株式会社ＢｌｕｅＭｅｍｅ,5067855428.0,45423000.0,0.0,2506780000.0,253037000.0,0.01,0.0,10.09,9.49
7242,カヤバ株式会社,159478880000.0,19874000000.0,9107000000.0,224184000000.0,6257000000.0,0.12,0.46,2.79,-7.2
7072,株式会社インティメート・マージャー,2984625000.0,0.0,0.0,2995252000.0,86177000.0,0.0,0.0,2.88,0.43
9273,コーア商事ホールディングス株式会社,29947305780.0,101074000.0,2089000.0,22134145000.0,4382313000.0,0.0,0.02,19.8,0.37
8153,株式会社モスフードサービス,120037162500.0,14067000000.0,134000000.0,96185000000.0,5223000000.0,0.12,0.01,5.43,3.36
6193,バーチャレクス・ホールディングス株式会社,2397781906.0,427646000.0,10050000.0,6488911000.0,279247000.0,0.18,0.02,4.3,-3.04
2480,システム・ロケーション株式会社,5140800000.0,821634000.0,33022000.0,1666925000.0,536161000.0,0.16,0.04,32.16,-4.29
2222,寿スピリッツ株式会社,320499822000.0,211000000.0,6000000.0,72349000000.0,17610000000.0,0.0,0.03,24.34,12.98
1994,高橋カーテンウォール工業株式会社,4623657324.0,222031000.0,2864000.0,8637881000.0,593804000.0,0.05,0.01,6.87,30.28
6652,ＩＤＥＣ株式会社,75153785070.0,605000000.0,122000000.0,67380000000.0,3652000000.0,0.01,0.2,5.42,-7.33
5038,株式会社ｅＷｅＬＬ,34673477971.0,0.0,0.0,2571852000.0,1135932000.0,0.0,0.0,44.17,24.27
4620,藤倉化成株式会社,17214300000.0,5430250000.0,135374000.0,55528332000.0,1305966000.0,0.32,0.02,2.35,5.54
7148,株式会社ＦＰＧ,201979514000.0,37000000.0,516000000.0,107781000000.0,28633000000.0,0.0,13.95,26.57,51.49
9274,ＫＰＰグループホールディングス株式会社,51239928000.0,19603000000.0,497000000.0,670042000000.0,13544000000.0,0.38,0.03,2.02,3.97
5017,富士石油株式会社,24471279000.0,34778000000.0,113000000.0,840196000000.0,0.0,1.42,0.0,0.0,16.09
5932,三協立山株式会社,18806558884.0,14257000000.0,209000000.0,353027000000.0,3807000000.0,0.76,0.01,1.08,-4.69
8795,株式会社Ｔ＆Ｄホールディングス,1834912000000.0,0.0,0.0,0.0,81985000000.0,0.0,0.0,0.0,0.0
7211,三菱自動車工業株式会社,581853629485.9619,102736000000.0,665000000.0,2788232000000.0,138826000000.0,0.18,0.01,4.98,-0.05
3421,株式会社稲葉製作所,30997843209.0,2197566000.0,10892000.0,42414152000.0,3064949000.0,0.07,0.0,7.23,1.41
6403,水道機工株式会社,8761800000.0,1493000000.0,26000000.0,25966000000.0,1479000000.0,0.17,0.02,5.7,20.02
9506,東北電力株式会社,524506969000.0,1895254000000.0,866000000.0,2644912000000.0,280332000000.0,3.61,0.0,10.6,-6.14
6005,三浦工業株式会社,367666439500.0,10773000000.0,9459000000.0,128840000000.0,17420000000.0,0.03,0.88,13.52,9.26
2782,株式会社セリア,224410560000.0,406000000.0,4000000.0,236327000000.0,16836000000.0,0.0,0.01,7.12,5.88
7112,株式会社キューブ,3025539188.0,0.0,0.0,4863766000.0,166052000.0,0.0,0.0,3.41,0.13
2173,株式会社博展,8702429760.0,1792000.0,0.0,18845437000.0,1393718000.0,0.0,0.0,7.4,43.46
3681,株式会社ブイキューブ,4320399600.0,465197000.0,111860000.0,10463846000.0,667446000.0,0.11,0.24,6.38,-5.6
6040,日本スキー場開発株式会社,8545548600.0,9459000.0,0.0,8245338000.0,1552455000.0,0.0,0.0,18.83,19.52
8337,株式会社千葉興業銀行,93830776000.0,0.0,0.0,0.0,0.0,0.0,0.0,0.0,0.0
8772,株式会社アサックス,23647018500.0,0.0,0.0,0.0,5214754000.0,0.0,0.0,0.0,0.0
7985,ネポン株式会社,1355830784.0,80156000.0,2624000.0,7277473000.0,38806000.0,0.06,0.03,0.53,-6.39
3045,株式会社カワサキ,4160034000.0,0.0,0.0,2182874000.0,402364000.0,0.0,0.0,18.43,24.87
2673,夢みつけ隊株式会社,1495494000.0,2200000.0,0.0,251207000.0,24553000.0,0.0,0.0,9.77,-53.58
5126,ポーターズ株式会社,3098612400.0,0.0,0.0,1923000000.0,391000000.0,0.0,0.0,20.33,21.17
8341,株式会社七十七銀行,395616455000.0,0.0,0.0,0.0,0.0,0.0,0.0,0.0,0.0
8101,株式会社ＧＳＩクレオス,25990482000.0,5978000000.0,117000000.0,165541000000.0,2950000000.0,0.23,0.02,1.78,13.23
3984,株式会社ユーザーローカル,29915906800.0,0.0,0.0,3907679000.0,1728000000.0,0.0,0.0,44.22,18.82
9368,キムラユニティー株式会社,19094021800.0,6634000000.0,126000000.0,61129000000.0,4603000000.0,0.35,0.02,7.53,-0.59
8132,シナネンホールディングス株式会社,78365760000.0,8243000000.0,267000000.0,317118000000.0,4009000000.0,0.11,0.03,1.26,-8.95
3452,株式会社ビーロット,28846656000.0,0.0,10000000.0,30933000000.0,6340000000.0,0.0,0.0,20.5,31.57
5186,ニッタ株式会社,115917120000.0,60444000000.0,384000000.0,90276000000.0,5155000000.0,0.52,0.01,5.71,1.88
6863,株式会社ニレコ,14942306552.0,1560952000.0,82983000.0,10756978000.0,1907420000.0,0.1,0.05,17.73,9.08
2208,株式会社ブルボン,70967400000.0,4331000000.0,83000000.0,113475000000.0,7470000000.0,0.06,0.02,6.58,9.41
9165,株式会社クオルテック,3463900000.0,49999000.0,0.0,3623929000.0,381323000.0,0.01,0.0,10.52,10.68
3843,フリービット株式会社,32287906000.0,989025000.0,109650000.0,53037592000.0,5887702000.0,0.03,0.11,11.1,13.4
3550,株式会社スタジオアタオ,3060066000.0,0.0,0.0,3696135000.0,182594000.0,0.0,0.0,4.94,14.03
6656,インスペック株式会社,2804760000.0,0.0,0.0,1668357000.0,0.0,0.0,0.0,0.0,-27.16
4022,ラサ工業株式会社,32967600000.0,3234000000.0,37000000.0,45421000000.0,4736000000.0,0.1,0.01,10.43,6.15
6882,株式会社三社電機製作所,12857000000.0,88000000.0,2000000.0,25440000000.0,1073000000.0,0.01,0.02,4.22,-17.95
4350,株式会社　メディカルシステムネットワーク,14616520200.0,702000000.0,4000000.0,122387000000.0,3154000000.0,0.05,0.01,2.58,6.09
5616,株式会社雨風太陽,3014606400.0,15000000.0,0.0,1016159000.0,0.0,0.0,0.0,0.0,6.24
6819,伊豆シャボテンリゾート株式会社,9128017392.0,194601000.0,0.0,5489630000.0,1191076000.0,0.02,0.0,21.7,18.09
8283,株式会社ＰＡＬＴＡＣ,263403000000.0,25600000000.0,516000000.0,1188097000000.0,28008000000.0,0.1,0.02,2.36,3.14
5036,日本ビジネスシステムズ株式会社,68486822400.0,1405000000.0,46000000.0,140858000000.0,4593000000.0,0.02,0.03,3.26,24.87
7516,コーナン商事株式会社,130751566010.0,4515000000.0,99000000.0,484293000000.0,25001000000.0,0.03,0.02,5.16,6.12
7021,株式会社ニッチツ,4170540000.0,2547843000.0,64487000.0,9850916000.0,270069000.0,0.61,0.03,2.74,18.87
7380,株式会社十六フィナンシャルグループ,199101000000.0,0.0,0.0,0.0,7211000000.0,0.0,0.0,0.0,0.0
9853,株式会社銀座ルノアール,5626803600.0,89630000.0,5261000.0,7799973000.0,82208000.0,0.02,0.06,1.05,6.11
4974,タカラバイオ株式会社,99583701200.0,0.0,428000000.0,45039000000.0,2263000000.0,0.0,0.0,5.02,3.53
6467,株式会社ニチダイ,3250134700.0,74283000.0,18025000.0,11602714000.0,153657000.0,0.02,0.24,1.32,2.46
9761,東海リース株式会社,7316436000.0,314427000.0,9193000.0,18397791000.0,1511487000.0,0.04,0.03,8.22,7.11
8935,株式会社ＦＪネクストホールディングス,41575800000.0,299000000.0,10000000.0,112429000000.0,9488000000.0,0.01,0.03,8.44,11.98
5603,虹技株式会社,3741906000.0,3477000000.0,125000000.0,26317000000.0,1116000000.0,0.93,0.04,4.24,1.36
2686,株式会社ジーフット,12305880100.0,1000000.0,0.0,59975000000.0,0.0,0.0,0.0,0.0,-7.16
3361,株式会社トーエル,16303129980.0,1319575000.0,15248000.0,27102201000.0,2284026000.0,0.08,0.01,8.43,-2.76
7264,株式会社ムロコーポレーション,7750700800.0,1852793000.0,55098000.0,22590057000.0,755180000.0,0.24,0.03,3.34,-4.51
6042,株式会社ニッキ,5266000000.0,1883543000.0,59697000.0,8360204000.0,885305000.0,0.36,0.03,10.59,-10.64
8214,株式会社ＡＯＫＩホールディングス,144704671680.0,760000000.0,20000000.0,192688000000.0,15646000000.0,0.01,0.03,8.12,2.65
1379,ホクト株式会社,60379790000.0,8374000000.0,199000000.0,83104000000.0,6628000000.0,0.14,0.02,7.98,4.63
2975,スター・マイカ・ホールディングス株式会社,33422000000.0,1365173000.0,8064000.0,55849959000.0,5524556000.0,0.04,0.01,9.89,14.27
9342,株式会社スマサポ,2376337600.0,0.0,2900000.0,2674994000.0,108419000.0,0.0,0.0,4.05,37.19
5138,株式会社Ｒｅｂａｓｅ,6745137100.0,0.0,0.0,1926885000.0,487062000.0,0.0,0.0,25.28,29.31
6557,ＡＩＡＩグループ株式会社,8798815746.0,749802000.0,0.0,13071341000.0,733473000.0,0.09,0.0,5.61,10.6
4447,株式会社ピー・ビーシステムズ,3917182500.0,2511000.0,0.0,3107969000.0,362196000.0,0.0,0.0,11.65,7.14
7628,株式会社オーハシテクニカ,28373754960.0,2566782000.0,81511000.0,40017105000.0,1782666000.0,0.09,0.03,4.45,2.05
9470,株式会社学研ホールディングス,42133771008.0,17574000000.0,237000000.0,185566000000.0,6880000000.0,0.42,0.01,3.71,13.07
7994,株式会社オカムラ,233440768720.0,43971000000.0,971000000.0,314527000000.0,23935000000.0,0.19,0.02,7.61,5.44
2492,株式会社インフォマート,106107360800.0,437854000.0,0.0,15630970000.0,1200437000.0,0.0,0.0,7.68,16.97
6269,三井海洋開発株式会社,453810800000.0,0.0,11849000000.0,489648000000.0,22161000000.0,0.0,0.0,4.53,20.55
6284,日精エー・エス・ビー機械株式会社,98538782400.0,449000000.0,12000000.0,36778000000.0,7907000000.0,0.0,0.03,21.5,5.69
3962,株式会社チェンジホールディングス,84708659214.0,4574000000.0,0.0,0.0,6839000000.0,0.05,0.0,0.0,0.0
6869,シスメックス株式会社,1567387770000.0,7989000000.0,4071000000.0,236780000000.0,56289000000.0,0.01,0.51,23.77,7.03
4762,株式会社エックスネット,11186206400.0,2697866000.0,0.0,5300593000.0,860661000.0,0.24,0.0,16.24,-4.45
3320,クロスプラス株式会社,9378342000.0,5095000000.0,104000000.0,62004000000.0,1029000000.0,0.54,0.02,1.66,3.01
6955,ＦＤＫ株式会社,12156778304.0,211000000.0,24000000.0,63171000000.0,1394000000.0,0.02,0.11,2.21,0.79
3297,株式会社東武住販,2902268000.0,34485000.0,0.0,7263972000.0,311889000.0,0.01,0.0,4.29,-5.33
1383,ベルグアース株式会社,4826668500.0,24741000.0,0.0,7094887000.0,22459000.0,0.01,0.0,0.32,0.48
3477,フォーライフ株式会社,2840000000.0,0.0,0.0,14771438000.0,591307000.0,0.0,0.0,4.0,5.6
4427,株式会社ＥｄｕＬａｂ,3917504010.0,127679000.0,28273000.0,7141884000.0,93372000.0,0.03,0.22,1.31,1.14
6565,ＡＢホテル株式会社,20002336000.0,0.0,0.0,10679046000.0,3962837000.0,0.0,0.0,37.11,7.35
7609,ダイトロン株式会社,41277122300.0,2190980000.0,49739000.0,93542920000.0,6200101000.0,0.05,0.02,6.63,1.5
6482,ＹＵＳＨＩＮ株式会社,21275925402.0,559944000.0,14517000.0,26126713000.0,2586655000.0,0.03,0.03,9.9,10.63
4237,フジプレアム株式会社,10067668000.0,998838000.0,21121000.0,10620871000.0,220113000.0,0.1,0.02,2.07,-19.83
4919,株式会社ミルボン,80408644152.0,875480000.0,17227000.0,51316414000.0,6839518000.0,0.01,0.02,13.33,7.44
7192,日本モーゲージサービス株式会社,6219792000.0,1531000.0,0.0,0.0,1400224000.0,0.0,0.0,0.0,0.0
9044,南海電気鉄道株式会社,248690586000.0,60055000000.0,3796000000.0,0.0,34655000000.0,0.24,0.06,0.0,0.0
4534,持田製薬株式会社,109533900000.0,15022000000.0,391000000.0,105159000000.0,8126000000.0,0.14,0.03,7.73,2.21
4260,株式会社ハイブリッドテクノロジーズ,5220992984.0,396041000.0,0.0,1006595000.0,91555000.0,0.08,0.0,9.1,8.1
4576,株式会社デ・ウエスタン・セラピテクス研究所,5369691048.0,142806000.0,0.0,471580000.0,0.0,0.03,0.0,0.0,10.09
7292,株式会社村上開明堂,79013000000.0,4831000000.0,131000000.0,109205000000.0,8861000000.0,0.06,0.03,8.11,4.4
6078,株式会社バリューＨＲ,46779728800.0,1077279000.0,36443000.0,8376016000.0,1117753000.0,0.02,0.03,13.34,17.96
7611,株式会社ハイデイ日高,127983574180.0,156361000.0,4553000.0,55629711000.0,5514245000.0,0.0,0.03,9.91,14.06
4241,株式会社アテクト,1810214400.0,0.0,0.0,3201630000.0,80638000.0,0.0,0.0,2.52,0.81
8070,東京産業株式会社,22283183622.0,7197000000.0,401000000.0,70716000000.0,2266000000.0,0.32,0.06,3.2,8.75
6797,名古屋電機工業株式会社,7346768000.0,1133113000.0,29610000.0,17262298000.0,2752097000.0,0.15,0.03,15.94,-1.82
4263,サスメド株式会社,10541599700.0,0.0,0.0,0.0,55618000.0,0.0,0.0,0.0,0.0
3607,株式会社クラウディアホールディングス,3555936400.0,29128000.0,33031000.0,13219210000.0,341573000.0,0.01,1.13,2.58,14.73
4506,住友ファーマ株式会社,425753000000.0,22823000000.0,9654000000.0,136412000000.0,11603000000.0,0.05,0.42,8.51,38.91
7683,株式会社ダブルエー,25848847200.0,204514000.0,4961000.0,22800935000.0,1670976000.0,0.01,0.02,7.33,7.24
4594,ブライトパス・バイオ株式会社,5972425800.0,0.0,0.0,1133000.0,0.0,0.0,0.0,0.0,0.0
3998,株式会社すららネット,2309693580.0,0.0,0.0,1947983000.0,211515000.0,0.0,0.0,10.86,-9.22
1921,株式会社　巴コーポレーション,62530442000.0,35767825000.0,888067000.0,34670847000.0,3932459000.0,0.57,0.02,11.34,3.98
3974,ＳＣＡＴ株式会社,2478520000.0,63240000.0,3348000.0,2594934000.0,147812000.0,0.03,0.05,5.7,-5.38
3178,チムニー株式会社,24330726400.0,541849000.0,5520000.0,26219315000.0,923724000.0,0.02,0.01,3.52,1.92
5011,ニチレキグループ株式会社,82922144235.0,9252000000.0,270000000.0,75745000000.0,6268000000.0,0.11,0.03,8.28,2.59
5137,株式会社スマートドライブ,2439403200.0,29565000.0,0.0,2173225000.0,175034000.0,0.01,0.0,8.05,27.16
3747,株式会社インタートレード,4489214400.0,44988000.0,0.0,1849078000.0,80242000.0,0.01,0.0,4.34,-8.05
6094,株式会社フリークアウト・ホールディングス,8885301532.0,3607180000.0,0.0,51711413000.0,1658000.0,0.41,0.0,0.0,68.97
3935,株式会社エディア,5931486000.0,5000000.0,0.0,3607053000.0,262857000.0,0.0,0.0,7.29,10.05
2215,第一屋製パン株式会社,3582758300.0,16000000.0,8000000.0,27183000000.0,604000000.0,0.0,0.5,2.22,2.8
4078,堺化学工業株式会社,45815000000.0,5120000000.0,175000000.0,84409000000.0,6093000000.0,0.11,0.03,7.22,2.81
9090,ＡＺ－ＣＯＭ丸和ホールディングス株式会社,153024832680.0,10935000000.0,237000000.0,208370000000.0,10969000000.0,0.07,0.02,5.26,4.94
7110,株式会社クラシコム,11276712000.0,0.0,1819000.0,7012802000.0,1083700000.0,0.0,0.0,15.45,15.71
2499,日本和装ホールディングス株式会社,2977684000.0,0.0,0.0,4704858000.0,480316000.0,0.0,0.0,10.21,4.46
4462,石原ケミカル株式会社,30230235000.0,4086282000.0,53879000.0,23630345000.0,3400888000.0,0.14,0.01,14.39,14.13
3608,株式会社ＴＳＩホールディングス,88405660557.0,23490000000.0,668000000.0,156606000000.0,1636000000.0,0.27,0.03,1.04,0.79
3484,株式会社イノベーションホールディングス,17232540000.0,0.0,0.0,16659432000.0,1381611000.0,0.0,0.0,8.29,16.79
9439,株式会社エム・エイチ・グループ,2409914700.0,76580000.0,30888000.0,1877674000.0,23151000.0,0.03,0.4,1.23,-1.3
6676,株式会社バッファロー,34180200000.0,2298000000.0,103000000.0,143170000000.0,8899000000.0,0.07,0.04,6.22,-1.79
7459,株式会社メディパルホールディングス,536226796000.0,199078000000.0,3092000000.0,3671328000000.0,55609000000.0,0.37,0.02,1.51,3.16
6577,株式会社ベストワンドットコム,3936865600.0,209246000.0,0.0,3137160000.0,263768000.0,0.05,0.0,8.41,135.6
7162,アストマックス株式会社,3513800100.0,790345000.0,0.0,0.0,679999000.0,0.22,0.0,0.0,0.0
9051,センコン物流株式会社,6973334000.0,389946000.0,16775000.0,0.0,813618000.0,0.06,0.04,0.0,0.0
2678,アスクル株式会社,144297156000.0,159000000.0,725000000.0,471682000000.0,16953000000.0,0.0,4.56,3.59,5.59
4398,株式会社ブロードバンドセキュリティ,5545319262.0,120000000.0,0.0,6457471000.0,689206000.0,0.02,0.0,10.67,9.37
2768,双日株式会社,811125000000.0,83711000000.0,81592000000.0,627625000000.0,0.0,0.1,0.97,0.0,10.35
6840,株式会社ＡＫＩＢＡホールディングス,2527954000.0,0.0,4437000.0,18272045000.0,716208000.0,0.0,0.0,3.92,15.29
3645,株式会社メディカルネット,3242673000.0,59202000.0,1143000.0,5252061000.0,298281000.0,0.02,0.02,5.68,16.69
3261,株式会社グランディーズ,4203395850.0,0.0,3430000.0,4226381000.0,482257000.0,0.0,0.0,11.41,-8.13
5713,住友金属鉱山株式会社,988767600000.0,211313000000.0,37859000000.0,1403514000000.0,77675000000.0,0.21,0.18,5.53,9.71
9022,東海旅客鉄道株式会社,3424750000000.0,458717000000.0,4988000000.0,1502266000000.0,702794000000.0,0.13,0.01,46.78,6.67
8051,株式会社山善,119989542665.0,24063000000.0,363000000.0,516126000000.0,9535000000.0,0.2,0.02,1.85,1.83
6753,シャープ株式会社,429267960000.0,185710000000.0,1387000000.0,2160146000000.0,27338000000.0,0.43,0.01,1.27,-6.97
5161,西川ゴム工業株式会社,54266430000.0,22877000000.0,833000000.0,120639000000.0,7324000000.0,0.42,0.04,6.07,2.32
8946,株式会社ＡＳＩＡＮ　ＳＴＡＲ,2690326600.0,0.0,0.0,3351829000.0,51327000.0,0.0,0.0,1.53,57.66
9697,株式会社カプコン,2316465806000.0,0.0,197000000.0,169604000000.0,65777000000.0,0.0,0.0,38.78,11.28
8050,セイコーグループ株式会社,175968109250.0,53123000000.0,911000000.0,304744000000.0,21240000000.0,0.3,0.02,6.97,10.09
3926,株式会社オープンドア,15411180000.0,1625579000.0,0.0,2405078000.0,0.0,0.11,0.0,0.0,-6.09
1762,株式会社髙松コンストラクショングループ,107239440000.0,7518000000.0,56000000.0,346685000000.0,11460000000.0,0.07,0.01,3.31,10.88
2169,ＣＤＳ株式会社,12138473200.0,133255000.0,4665000.0,10492254000.0,1506502000.0,0.01,0.04,14.36,7.92
7914,共同印刷株式会社,11098620000.0,17501000000.0,321000000.0,99977000000.0,2331000000.0,1.58,0.02,2.33,3.08
6480,日本トムソン株式会社,41528305125.0,11110000000.0,317000000.0,54384000000.0,1592000000.0,0.27,0.03,2.93,-1.21
6496,株式会社中北製作所,17761320000.0,5448491000.0,93329000.0,18608982000.0,1203058000.0,0.31,0.02,6.46,17.95
8869,明和地所株式会社,22016733000.0,96000000.0,328000000.0,79902000000.0,5240000000.0,0.0,3.42,6.56,12.14
4323,日本システム技術株式会社,44458086800.0,1667447000.0,10664000.0,29324949000.0,3188390000.0,0.04,0.01,10.87,12.0
5255,株式会社モンスターラボ,7443620500.0,2668186000.0,0.0,883794000.0,0.0,0.36,0.0,0.0,-40.1
7287,日本精機株式会社,87940384000.0,18210000000.0,8314000000.0,136456000000.0,381000000.0,0.21,0.46,0.28,0.95
4192,スパイダープラス株式会社,17335491500.0,0.0,0.0,4072136000.0,0.0,0.0,0.0,0.0,27.47
2762,株式会社ＳＡＮＫＯ　ＭＡＲＫＥＴＩＮＧ　ＦＯＯＤＳ,2570899975.0,0.0,3000000.0,9328000000.0,0.0,0.0,0.0,0.0,31.03
3816,株式会社大和コンピューター,4576891000.0,601860000.0,11796000.0,3291339000.0,565015000.0,0.13,0.02,17.17,9.53
3908,株式会社コラボス,1612548000.0,0.0,0.0,1906946000.0,75493000.0,0.0,0.0,3.96,-11.47
3189,株式会社ＡＮＡＰホールディングス,7938460000.0,21024000.0,0.0,2709226000.0,2470000.0,0.0,0.0,0.09,-35.75
6330,東洋エンジニアリング株式会社,43146402000.0,6889000000.0,76000000.0,0.0,2591000000.0,0.16,0.01,0.0,0.0
8596,株式会社九州リースサービス,31246658296.0,10494000000.0,52000000.0,39338000000.0,5651000000.0,0.34,0.0,14.37,17.4
5802,住友電気工業株式会社,2640647766000.0,604733000000.0,8223000000.0,4679789000000.0,320663000000.0,0.23,0.01,6.85,6.29
5451,株式会社淀川製鋼所,36485202000.0,40961000000.0,1251000000.0,208460000000.0,13889000000.0,1.12,0.03,6.66,2.21
2733,株式会社あらた,113761172720.0,12659000000.0,240000000.0,986212000000.0,14989000000.0,0.11,0.02,1.52,4.46
9691,株式会社両毛システムズ,11916450000.0,415078000.0,11193000.0,22486427000.0,2179484000.0,0.03,0.03,9.69,23.75
7361,株式会社ヒューマンクリエイションホールディングス,2182781150.0,94537000.0,1665000.0,7165784000.0,631085000.0,0.04,0.02,8.81,10.47
5589,株式会社オートサーバー,16807156800.0,0.0,0.0,6287105000.0,2493847000.0,0.0,0.0,39.67,7.54
4937,株式会社Ｗａｑｏｏ,3622546928.0,0.0,0.0,1943404000.0,56115000.0,0.0,0.0,2.89,12.58
9782,株式会社ディーエムエス,21626236000.0,1144810000.0,30505000.0,27555696000.0,1190869000.0,0.05,0.03,4.32,2.42
6645,オムロン株式会社,774243730000.0,7081000000.0,102095000000.0,254027000000.0,0.0,0.01,14.42,0.0,-2.04
6586,株式会社マキタ,1247475735000.0,32541000000.0,18710000000.0,434880000000.0,28434000000.0,0.03,0.57,6.54,35.44
4284,株式会社　ソルクシーズ,10406390472.0,1068385000.0,41350000.0,16041121000.0,920821000.0,0.1,0.04,5.74,0.99
9973,ＫＯＺＯホールディングス株式会社,6714997520.0,16010000.0,0.0,18109777000.0,0.0,0.0,0.0,0.0,38.73
7040,株式会社サン・ライフホールディング,6172100000.0,3800131000.0,7856000.0,13856017000.0,1305385000.0,0.62,0.0,9.42,2.62
1814,大末建設株式会社,23456940000.0,898000000.0,100000000.0,89027000000.0,3695000000.0,0.04,0.11,4.15,14.41
6047,株式会社Ｇｕｎｏｓｙ,18129854952.0,4175000000.0,0.0,7344000000.0,70000000.0,0.23,0.0,0.95,-8.79
6824,新コスモス電機株式会社,32156160000.0,7568157000.0,145907000.0,42153556000.0,5155290000.0,0.24,0.02,12.23,9.36
7883,サンメッセ株式会社,6203117400.0,4201538000.0,126721000.0,16436392000.0,135107000.0,0.68,0.03,0.82,-1.18
3997,株式会社トレードワークス,4331370600.0,233910000.0,0.0,4591524000.0,0.0,0.05,0.0,0.0,22.32
9536,西部ガスホールディングス株式会社,66899413000.0,59430000000.0,930000000.0,254442000000.0,10530000000.0,0.89,0.02,4.14,-0.74
3793,株式会社ドリコム,15902394904.0,20006000.0,748235000.0,12655184000.0,112008000.0,0.0,37.4,0.89,29.41
4391,ロジザード株式会社,3942618000.0,0.0,0.0,1977475000.0,346453000.0,0.0,0.0,17.52,6.67
6312,フロイント産業株式会社,20442400000.0,824109000.0,9039000.0,23397731000.0,1201679000.0,0.04,0.01,5.14,2.16
8032,日本紙パルプ商事株式会社,95837495380.0,37017000000.0,1158000000.0,554524000000.0,15071000000.0,0.39,0.03,2.72,3.8
4056,ニューラルグループ株式会社,12272024800.0,157215000.0,0.0,3564789000.0,35556000.0,0.01,0.0,1.0,12.16
6432,株式会社竹内製作所,233235240000.0,168000000.0,4000000.0,213230000000.0,37142000000.0,0.0,0.02,17.42,0.28
4719,株式会社アルファシステムズ,49394186000.0,3769777000.0,1350000.0,38484142000.0,4422873000.0,0.08,0.0,11.49,5.77
2130,株式会社メンバーズ,16495269300.0,1065060000.0,1633000.0,22329565000.0,590115000.0,0.06,0.0,2.64,9.11
4025,多木化学株式会社,27494406000.0,13649000000.0,423000000.0,38916000000.0,2668000000.0,0.5,0.03,6.86,11.66
4598,ＤｅｌｔａーＦｌｙ　Ｐｈａｒｍａ株式会社,6937418700.0,0.0,0.0,0.0,0.0,0.0,0.0,0.0,0.0
8593,三菱ＨＣキャピタル株式会社,1604801994936.0,550198000000.0,1418000000.0,2090808000000.0,187126000000.0,0.34,0.0,8.95,7.19
4287,株式会社ジャストプランニング,5342181702.0,10228000.0,0.0,2202970000.0,490291000.0,0.0,0.0,22.26,6.33
6245,株式会社ヒラノテクシード,23060779742.0,4481501000.0,122386000.0,48355528000.0,1681549000.0,0.19,0.03,3.48,3.0
7409,ＡｅｒｏＥｄｇｅ株式会社,10704482610.0,0.0,0.0,3350387000.0,705462000.0,0.0,0.0,21.06,14.7
7379,株式会社サーキュレーション,7582263000.0,0.0,0.0,7661206000.0,266798000.0,0.0,0.0,3.48,-5.95
2908,フジッコ株式会社,47599200000.0,3944000000.0,276000000.0,57077000000.0,1131000000.0,0.08,0.07,1.98,2.44
5976,高周波熱錬株式会社,39566223800.0,9857000000.0,188000000.0,57563000000.0,1617000000.0,0.25,0.02,2.81,0.63
9211,株式会社エフ・コード,28787888800.0,0.0,0.0,1980743000.0,130854000.0,0.0,0.0,6.61,32.18
4709,株式会社ＩＤホールディングス,39886783280.0,4664007000.0,40956000.0,36274390000.0,3780886000.0,0.12,0.01,10.42,11.0
8056,ＢＩＰＲＯＧＹ株式会社,599750154000.0,17934000000.0,11015000000.0,232205000000.0,17367000000.0,0.03,0.61,7.48,5.01
8088,岩谷産業株式会社,356639535000.0,211938000000.0,1736000000.0,883011000000.0,46228000000.0,0.59,0.01,5.24,4.14
2325,株式会社ＮＪＳ,57776000000.0,2111273000.0,57123000.0,22594177000.0,2993313000.0,0.04,0.03,13.25,2.57
3597,株式会社自重堂,27358227520.0,3990891000.0,124502000.0,16863582000.0,2610441000.0,0.15,0.03,15.48,-4.95
6489,前澤工業株式会社,32843440000.0,4171000000.0,110000000.0,36511000000.0,4875000000.0,0.13,0.03,13.35,12.8
4390,株式会社アイ・ピー・エス,29024828700.0,0.0,221000000.0,15264000000.0,4413000000.0,0.0,0.0,28.91,8.12
5724,株式会社アサカ理研,6173520000.0,195189000.0,4596000.0,7967841000.0,293586000.0,0.03,0.02,3.68,-3.84
9308,乾汽船株式会社,31600427520.0,5192000000.0,125000000.0,31770000000.0,3656000000.0,0.16,0.02,11.51,7.72
5578,ＡＲアドバンストテクノロジ株式会社,8784810320.0,111145000.0,0.0,11129817000.0,421672000.0,0.01,0.0,3.79,9.52
3087,株式会社ドトール・日レスホールディングス,114571719632.0,1087000000.0,27000000.0,148822000000.0,9597000000.0,0.01,0.02,6.45,5.83
4317,株式会社レイ,7293448784.0,242926000.0,2895000.0,10456954000.0,927436000.0,0.03,0.01,8.87,-6.82
3267,株式会社フィル・カンパニー,4668624000.0,15560000.0,42060000.0,7184957000.0,424091000.0,0.0,2.7,5.9,20.48
6185,ＳＭＮ株式会社,6502124200.0,3075000.0,0.0,11640954000.0,239156000.0,0.0,0.0,2.05,24.68
9543,静岡ガス株式会社,85258848000.0,21513000000.0,590000000.0,202237000000.0,10302000000.0,0.25,0.03,5.09,-5.5
4616,川上塗料株式会社,1780000000.0,1029993000.0,39075000.0,5913405000.0,93096000.0,0.58,0.04,1.57,-3.73
6178,日本郵政株式会社,4330027120000.0,143153000000.0,1590000000.0,0.0,139262000000.0,0.03,0.01,0.0,0.0
3921,株式会社ネオジャパン,24149611200.0,1540928000.0,0.0,7263470000.0,1951178000.0,0.06,0.0,26.86,9.79
9514,株式会社エフオン,7355964260.0,0.0,396000000.0,17473000000.0,600000000.0,0.0,0.0,3.43,3.09
7309,株式会社シマノ,1822504000000.0,25892000000.0,712000000.0,450993000000.0,65085000000.0,0.01,0.03,14.43,-4.93
4488,ＡＩ　ｉｎｓｉｄｅ株式会社,14619817250.0,1192000.0,0.0,4399551000.0,385092000.0,0.0,0.0,8.75,4.98
6879,株式会社ＩＭＡＧＩＣＡ　ＧＲＯＵＰ,35524354000.0,3485203000.0,35969000.0,96910350000.0,2479140000.0,0.1,0.01,2.56,-2.78
8282,株式会社ケーズホールディングス,268187500000.0,1044000000.0,4287000000.0,738019000000.0,21781000000.0,0.0,4.11,2.95,2.74
6098,株式会社リクルートホールディングス,12589492799450.0,49163000000.0,2832000000.0,0.0,605107000000.0,0.0,0.06,0.0,0.0
9619,株式会社イチネンホールディングス,39814314507.0,6055000000.0,171000000.0,154920000000.0,10279000000.0,0.15,0.03,6.64,12.06
6625,ＪＡＬＣＯホールディングス株式会社,36220552962.0,604819000.0,17044000.0,6859010000.0,2528992000.0,0.02,0.03,36.87,-46.16
3560,株式会社ほぼ日,7135845000.0,362244000.0,0.0,7534785000.0,547476000.0,0.05,0.0,7.27,10.51
3682,エンカレッジ・テクノロジ株式会社,4196065200.0,41778000.0,1444000.0,2501582000.0,297990000.0,0.01,0.03,11.91,0.14
6926,岡谷電機産業株式会社,4859371144.0,2121797000.0,108615000.0,9598649000.0,404649000.0,0.44,0.05,4.22,-32.99
4064,日本カーバイド工業株式会社,17388690514.0,387000000.0,14000000.0,48727000000.0,3493000000.0,0.02,0.04,7.17,12.71
7811,中本パックス株式会社,16048503009.0,1111226000.0,27777000.0,49132185000.0,2871050000.0,0.07,0.02,5.84,10.75
4772,株式会社ＳＭ　ＥＮＴＥＲＴＡＩＮＭＥＮＴ　ＪＡＰＡＮ,13792674889.0,1385827000.0,0.0,9716004000.0,364048000.0,0.1,0.0,3.75,9.03
3328,ＢＥＥＮＯＳ株式会社,54279940050.0,2649000000.0,0.0,25428000000.0,2401000000.0,0.05,0.0,9.44,-21.78
6087,株式会社アビスト,13114100000.0,738504000.0,0.0,10002339000.0,903479000.0,0.06,0.0,9.03,5.19
8542,株式会社トマト銀行,14692182000.0,0.0,0.0,0.0,0.0,0.0,0.0,0.0,0.0
1867,株式会社植木組,13863905976.0,2512488000.0,73992000.0,50703575000.0,2853889000.0,0.18,0.03,5.63,-9.31
9229,株式会社サンウェルズ,24020040000.0,0.0,3000000.0,26496000000.0,1114000000.0,0.0,0.0,4.2,31.78
9419,株式会社ワイヤレスゲート,2844029240.0,62462000.0,0.0,8462593000.0,305559000.0,0.02,0.0,3.61,-0.25
8381,株式会社山陰合同銀行,200459629000.0,0.0,0.0,0.0,0.0,0.0,0.0,0.0,0.0
8804,東京建物株式会社,526997954643.0,139265000000.0,4433000000.0,0.0,79670000000.0,0.26,0.03,0.0,0.0
4098,チタン工業株式会社,2282358000.0,534000000.0,22000000.0,7794000000.0,165000000.0,0.23,0.04,2.12,-2.0
4343,株式会社イオンファンタジー,63495485250.0,5323000.0,0.0,87240584000.0,4344860000.0,0.0,0.0,4.98,6.7
2388,株式会社ウェッジホールディングス,4079469888.0,0.0,0.0,860955000.0,91848000.0,0.0,0.0,10.67,12.41
8278,株式会社フジ,174148192770.0,24481000000.0,388000000.0,778238000000.0,12953000000.0,0.14,0.02,1.66,0.92
6899,ＡＳＴＩ株式会社,6236035950.0,702729000.0,18248000.0,65441375000.0,1517924000.0,0.11,0.03,2.32,2.88
3842,株式会社ネクストジェン,2733151200.0,0.0,0.0,3620794000.0,262271000.0,0.0,0.0,7.24,2.78
4891,㈱ティムス,6654461055.0,0.0,342613000.0,0.0,0.0,0.0,0.0,0.0,0.0
8349,株式会社　東北銀行,10678607000.0,0.0,0.0,0.0,0.0,0.0,0.0,0.0,0.0
7046,ＴＤＳＥ株式会社,3806000000.0,0.0,0.0,2699081000.0,198773000.0,0.0,0.0,7.36,7.05
8107,株式会社キムラタン,13556552000.0,0.0,0.0,1758327000.0,134787000.0,0.0,0.0,7.67,36.86
4094,日本化学産業株式会社,41249520000.0,8854753000.0,212249000.0,25441423000.0,2860915000.0,0.21,0.02,11.25,13.35
9428,株式会社クロップス,11180971000.0,1074000000.0,57000000.0,61568000000.0,2416000000.0,0.1,0.05,3.92,13.0
9767,日建工学株式会社,2603076000.0,980182000.0,28868000.0,5515740000.0,343238000.0,0.38,0.03,6.22,-10.93
6104,芝浦機械株式会社,85878604760.0,11754000000.0,509000000.0,168191000000.0,14095000000.0,0.14,0.04,8.38,4.69
5597,ブルーイノベーション株式会社,7141499463.0,0.0,0.0,1223237000.0,0.0,0.0,0.0,0.0,-3.27
3744,サイオス株式会社,4099972800.0,427662000.0,0.0,20561583000.0,35092000.0,0.1,0.0,0.17,29.4
1780,株式会社　ヤマウラ,27349488000.0,2209153000.0,48076000.0,35613772000.0,3891550000.0,0.08,0.02,10.93,-5.15
6337,株式会社テセック,9737101075.0,3399000000.0,42000000.0,5892000000.0,434000000.0,0.35,0.01,7.37,-31.64
8919,株式会社カチタス,192222164160.0,0.0,93000000.0,129537000000.0,14222000000.0,0.0,0.0,10.98,2.22
3004,神栄株式会社,7890970500.0,5889000000.0,156000000.0,40158000000.0,1385000000.0,0.75,0.03,3.45,-0.11
2590,ダイドーグループホールディングス株式会社,88542064000.0,9815000000.0,59000000.0,237189000000.0,4789000000.0,0.11,0.01,2.02,11.16
9699,ニシオホールディングス株式会社,116828965000.0,2753000000.0,59000000.0,198995000000.0,18044000000.0,0.02,0.02,9.07,7.18
6028,テクノプロ・ホールディングス株式会社,471777600000.0,0.0,0.0,0.0,13310000000.0,0.0,0.0,0.0,0.0
4484,ランサーズ株式会社,3590195388.0,0.0,0.0,4573141000.0,75464000.0,0.0,0.0,1.65,-4.89
8698,マネックスグループ株式会社,194293678600.0,9312000000.0,0.0,0.0,983000000.0,0.05,0.0,0.0,0.0
3121,マーチャント・バンカーズ株式会社,10055749000.0,69161000.0,0.0,4446741000.0,326376000.0,0.01,0.0,7.34,189.07
5131,リンカーズ株式会社,2570689000.0,0.0,0.0,1464541000.0,0.0,0.0,0.0,0.0,-8.91
7521,株式会社ムサシ,14079450000.0,3559000000.0,73000000.0,37391000000.0,3354000000.0,0.25,0.02,8.97,12.83
7327,株式会社第四北越フィナンシャルグループ,326191750000.0,0.0,0.0,0.0,8474000000.0,0.0,0.0,0.0,0.0
6381,アネスト岩田株式会社,62326038965.0,3173000000.0,74000000.0,54411000000.0,5903000000.0,0.05,0.02,10.85,1.85
5632,三菱製鋼株式会社,25197236000.0,6009000000.0,45000000.0,159584000000.0,6564000000.0,0.24,0.01,4.11,-6.1
7378,株式会社アシロ,13713095344.0,0.0,0.0,4619966000.0,435388000.0,0.0,0.0,9.42,49.2
4935,株式会社リベルタ,17433920000.0,0.0,900032000.0,8635801000.0,71935000.0,0.0,0.0,0.83,21.84
3981,株式会社ビーグリー,8445677184.0,0.0,0.0,18446924000.0,1786902000.0,0.0,0.0,9.69,-3.32
7610,株式会社テイツー,9338349968.0,661348000.0,1873000.0,36477578000.0,911908000.0,0.07,0.0,2.5,3.64
9658,株式会社ビジネスブレイン太田昭和,33148625000.0,1173507000.0,0.0,23138691000.0,2187443000.0,0.04,0.0,9.45,24.73
3835,ｅＢＡＳＥ株式会社,23582400000.0,1342828000.0,0.0,5469897000.0,1731664000.0,0.06,0.0,31.66,5.35
3965,株式会社キャピタル・アセット・プランニング,4382255868.0,653219000.0,18133000.0,8178887000.0,297347000.0,0.15,0.03,3.64,1.64
3726,株式会社フォーシーズＨＤ,6923359290.0,0.0,0.0,2257804000.0,197674000.0,0.0,0.0,8.76,5.66
6997,日本ケミコン株式会社,26284039734.0,15007000000.0,1000000.0,122684000000.0,3740000000.0,0.57,0.0,3.05,-18.61
9433,ＫＤＤＩ株式会社,5382078874488.0,236433000000.0,81358000000.0,0.0,640201000000.0,0.04,0.34,0.0,0.0
7299,フジオーゼックス株式会社,15080393250.0,140510000.0,1328090000.0,25544048000.0,2616095000.0,0.01,9.45,10.24,9.25
6351,株式会社鶴見製作所,106287500000.0,12662000000.0,350000000.0,68058000000.0,10251000000.0,0.12,0.03,15.06,8.67
6322,株式会社タクミナ,12180179040.0,1888491000.0,22153000.0,11119396000.0,1603323000.0,0.16,0.01,14.42,0.94
5464,モリ工業株式会社,6756420000.0,7068000000.0,114000000.0,46141000000.0,5396000000.0,1.05,0.02,11.69,-3.67
6227,ＡＩメカテック株式会社,20689290000.0,0.0,0.0,15421653000.0,261312000.0,0.0,0.0,1.69,-0.26
8285,三谷産業株式会社,22423236000.0,27440000000.0,514000000.0,103072000000.0,2074000000.0,1.22,0.02,2.01,7.53
5871,ＳＯＬＩＺＥ株式会社,10710000000.0,419000000.0,0.0,22713000000.0,455000000.0,0.04,0.0,2.0,13.11
3205,株式会社ダイドーリミテッド,29867208000.0,4567000000.0,112000000.0,28697000000.0,470000000.0,0.15,0.02,1.64,1.7
7565,萬世電機株式会社,8016400000.0,1259383000.0,27414000.0,24422861000.0,1134577000.0,0.16,0.02,4.65,-6.61
2164,株式会社地域新聞社,1233667512.0,0.0,0.0,2977195000.0,34307000.0,0.0,0.0,1.15,1.73
4671,株式会社ファルコホールディングス,25024407100.0,3675000000.0,92000000.0,43313000000.0,2335000000.0,0.15,0.03,5.39,0.71
8143,株式会社ラピーヌ,672554000.0,517418000.0,13369000.0,2042991000.0,0.0,0.77,0.03,0.0,-12.77
8439,東京センチュリー株式会社,888756078000.0,451367000000.0,2331000000.0,1368635000000.0,117060000000.0,0.51,0.01,8.55,1.67
8194,株式会社ライフコーポレーション,119275329600.0,2356000000.0,71000000.0,818892000000.0,25270000000.0,0.02,0.03,3.09,4.98
5819,カナレ電気株式会社,11097306740.0,735499000.0,9078000.0,12383109000.0,1389242000.0,0.07,0.01,11.22,-3.8
8354,株式会社ふくおかフィナンシャルグループ,771050692000.0,0.0,0.0,0.0,48684000000.0,0.0,0.0,0.0,0.0
6083,ＥＲＩホールディングス株式会社,23732172000.0,98304000.0,0.0,18022443000.0,1991308000.0,0.0,0.0,11.05,3.51
5592,株式会社くすりの窓口,38102085000.0,67812000.0,0.0,11199409000.0,1953959000.0,0.0,0.0,17.45,28.41
6495,株式会社宮入バルブ製作所,5471192720.0,296864000.0,7591000.0,6785681000.0,81985000.0,0.05,0.03,1.21,10.2
9301,三菱倉庫株式会社,467778222475.0,163716000000.0,4094000000.0,0.0,20310000000.0,0.35,0.03,0.0,0.0
7800,株式会社アミファ,2044520000.0,0.0,0.0,8602129000.0,0.0,0.0,0.0,0.0,5.79
2163,株式会社アルトナー,20596908960.0,1498000.0,0.0,11125970000.0,1810142000.0,0.0,0.0,16.27,10.04
8255,アクシアル　リテイリング株式会社,105620208000.0,3778000000.0,74000000.0,281870000000.0,12060000000.0,0.04,0.02,4.28,4.31
7741,ＨＯＹＡ株式会社,6339599502600.0,39418000000.0,286149000000.0,242671000000.0,56848000000.0,0.01,7.26,23.43,8.47
7078,ＩＮＣＬＵＳＩＶＥ株式会社,5910569532.0,189121000.0,0.0,4897245000.0,67048000.0,0.03,0.0,1.37,-8.62
7198,ＳＢＩアルヒ株式会社,37155813270.0,0.0,0.0,0.0,591000000.0,0.0,0.0,0.0,0.0
5631,株式会社日本製鋼所,610823357865.0,24629000000.0,716000000.0,248556000000.0,22824000000.0,0.04,0.03,9.18,-1.56
3349,株式会社コスモス薬品,385127702400.0,4000000.0,0.0,964989000000.0,31501000000.0,0.0,0.0,3.26,16.59
7792,株式会社コラントッテ,12783236700.0,100341000.0,0.0,5944680000.0,1500894000.0,0.01,0.0,25.25,9.95
5262,日本ヒューム株式会社,67792725000.0,19857935000.0,223749000.0,37064584000.0,2022005000.0,0.29,0.01,5.46,9.88
2911,旭松食品株式会社,4190984000.0,847388000.0,20928000.0,8017567000.0,225812000.0,0.2,0.02,2.82,-1.0
7702,株式会社ジェイ・エム・エス（称号　株式会社　ＪＭＳ）,10709590778.0,5437000000.0,60000000.0,69749000000.0,872000000.0,0.51,0.01,1.25,6.83
1844,株式会社大盛工業,8122689315.0,0.0,15503000.0,5981732000.0,621857000.0,0.0,0.0,10.4,-1.19
9976,株式会社　セキチュー,5569391550.0,699649000.0,17153000.0,30743057000.0,589270000.0,0.13,0.02,1.92,3.44
3053,株式会社ペッパーフードサービス,12111751400.0,20000000.0,2000000.0,13988000000.0,76000000.0,0.0,0.1,0.54,-4.11
5563,新日本電工株式会社,34735635000.0,12255000000.0,134000000.0,78235000000.0,6856000000.0,0.35,0.01,8.76,-0.2
5965,株式会社フジマック,13986560000.0,3552057000.0,45081000.0,45637423000.0,3178929000.0,0.25,0.01,6.97,18.66
6233,ＫＬＡＳＳ株式会社,2366649000.0,76472000.0,0.0,9781915000.0,115249000.0,0.03,0.0,1.18,-1.07
5247,株式会社ＢＴＭ,1047403500.0,0.0,0.0,5099797000.0,91864000.0,0.0,0.0,1.8,22.75
7105,三菱ロジスネクスト株式会社,207687100000.0,7491000000.0,143000000.0,665594000000.0,20766000000.0,0.04,0.02,3.12,-5.15
7419,株式会社ノジマ,327740646240.0,31412000000.0,509000000.0,853427000000.0,48371000000.0,0.1,0.02,5.67,12.1
4404,ミヨシ油脂株式会社,19923228035.0,10356000000.0,260000000.0,57033000000.0,2961000000.0,0.52,0.03,5.19,1.42
3804,株式会社システム　ディ,13574322000.0,32544000.0,0.0,4631578000.0,828663000.0,0.0,0.0,17.89,-2.22
5491,日本金属株式会社,4884300000.0,2881000000.0,92000000.0,51298000000.0,601000000.0,0.59,0.03,1.17,-0.22
6525,株式会社ＫＯＫＵＳＡＩ　ＥＬＥＣＴＲＩＣ,810162160940.0,0.0,14855000000.0,188687000000.0,29900000000.0,0.0,0.0,15.85,43.75
9049,京福電気鉄道株式会社,13260000000.0,470000000.0,12000000.0,0.0,2302000000.0,0.04,0.03,0.0,0.0
6651,日東工業株式会社,130881630000.0,5970000000.0,196000000.0,184683000000.0,13432000000.0,0.05,0.03,7.27,14.92
8166,株式会社タカキュー,2593907132.0,655383000.0,6760000.0,9650127000.0,203588000.0,0.25,0.01,2.11,-3.76
9414,日本ＢＳ放送株式会社,16213408120.0,1414517000.0,3728000.0,12241507000.0,2083601000.0,0.09,0.0,17.02,-1.42
2109,ＤＭ三井製糖株式会社,99222560000.0,16728000000.0,157000000.0,178785000000.0,13840000000.0,0.17,0.01,7.74,4.69
2150,株式会社ケアネット,34075944000.0,1133701000.0,12806000.0,11182987000.0,2361302000.0,0.03,0.01,21.12,9.25
3927,株式会社フーバーブレイン,4914883400.0,135802000.0,0.0,4373104000.0,187400000.0,0.03,0.0,4.29,42.19
6069,トレンダーズ株式会社,7846962000.0,0.0,0.0,6191610000.0,988680000.0,0.0,0.0,15.97,9.13
4251,恵和株式会社,21753651456.0,147869000.0,3275000.0,21130440000.0,4739981000.0,0.01,0.02,22.43,20.26
4062,イビデン株式会社,901084983129.0,58797000000.0,2164000000.0,369436000000.0,47621000000.0,0.07,0.04,12.89,-0.29
6411,中野冷機株式会社,39986520000.0,3321450000.0,56609000.0,33861170000.0,2717242000.0,0.08,0.02,8.02,2.64
8163,ＳＲＳホールディングス株式会社,51879200184.0,1188514000.0,29005000.0,67478441000.0,2678804000.0,0.02,0.02,3.97,12.04
7859,株式会社アルメディオ,4639808468.0,0.0,4965000.0,5800748000.0,867137000.0,0.0,0.0,14.95,-49.81
3932,株式会社アカツキ,42868996300.0,11375000000.0,0.0,23652000000.0,3915000000.0,0.27,0.0,16.55,-1.33
4417,グローバルセキュリティエキスパート株式会社,21557772000.0,764371000.0,10108000.0,8801647000.0,1615034000.0,0.04,0.01,18.35,25.69
4536,参天製薬株式会社,579271836000.0,8515000000.0,459000000.0,188101000000.0,23408000000.0,0.01,0.05,12.44,-3.66
1890,東洋建設株式会社,145708824000.0,2415000000.0,50000000.0,172605000000.0,11651000000.0,0.02,0.02,6.75,-7.59
8131,株式会社ミツウロコグループホールディングス,123252241680.0,25008000000.0,913000000.0,339656000000.0,8769000000.0,0.2,0.04,2.58,9.89
9723,株式会社京都ホテル,7685659800.0,5314000.0,0.0,9358753000.0,916467000.0,0.0,0.0,9.79,2.41
5967,ＴＯＮＥ株式会社,5727657000.0,2250360000.0,61867000.0,7578756000.0,1124952000.0,0.39,0.03,14.84,11.44
3150,株式会社グリムス,59537000000.0,2082529000.0,120707000.0,33340818000.0,6500120000.0,0.03,0.06,19.5,11.48
7272,ヤマハ発動機株式会社,1089987948000.0,52813000000.0,90381000000.0,869584000000.0,12606000000.0,0.05,1.71,1.45,-9.19
7320,Ｓｏｌｖｖｙ株式会社,8777884500.0,3509787000.0,4215000.0,5359054000.0,1240314000.0,0.4,0.0,23.14,36.71
6240,ヤマシンフィルタ株式会社,46714468345.0,0.0,1474814000.0,20104378000.0,2630362000.0,0.0,0.0,13.08,11.54
7140,ペットゴー株式会社,1478536900.0,0.0,35000000.0,9032575000.0,228482000.0,0.0,0.0,2.53,-8.81
2354,株式会社ＹＥ　ＤＩＧＩＴＡＬ,11834074000.0,32185000.0,396430000.0,19944692000.0,1408098000.0,0.0,12.32,7.06,2.25
4911,株式会社資生堂,958000000000.0,3222000000.0,16342000000.0,245678000000.0,0.0,0.0,5.07,0.0,-5.28
5753,日本伸銅株式会社,4834800000.0,533000000.0,14000000.0,26122000000.0,1835000000.0,0.11,0.03,7.02,11.93
5994,株式会社ファインシンター,3726060000.0,1508472000.0,99688000.0,42720389000.0,683296000.0,0.4,0.07,1.6,0.78
7613,シークス株式会社,59623200000.0,2427000000.0,87000000.0,302314000000.0,8559000000.0,0.04,0.04,2.83,-2.41
3091,株式会社ブロンコビリー,51947155000.0,168634000.0,4054000.0,26617496000.0,2531267000.0,0.0,0.02,9.51,13.86
6740,株式会社ジャパンディスプレイ,69846984396.0,3110000000.0,1143000000.0,188012000000.0,0.0,0.04,0.37,0.0,-21.38
8338,株式会社筑波銀行,20308038000.0,0.0,0.0,0.0,0.0,0.0,0.0,0.0,0.0
2938,株式会社オカムラ食品工業,9369255040.0,99000000.0,1000000.0,32665000000.0,2548000000.0,0.01,0.01,7.8,12.88
4839,株式会社ＷＯＷＯＷ,36776610000.0,3076000000.0,65000000.0,76757000000.0,2036000000.0,0.08,0.02,2.65,2.52
9467,株式会社アルファポリス,43912984200.0,0.0,0.0,13620187000.0,3222149000.0,0.0,0.0,23.66,31.8
4960,ケミプロ化成株式会社,4488375510.0,254891000.0,8187000.0,9710828000.0,402277000.0,0.06,0.03,4.14,5.14
6981,株式会社村田製作所,4222415151000.0,21443000000.0,208512000000.0,1106301000000.0,12348000000.0,0.01,9.72,1.12,3.42
6224,株式会社ＪＲＣ,19955482160.0,216862000.0,4957000.0,11064571000.0,1378021000.0,0.01,0.02,12.45,16.8
5707,東邦亜鉛株式会社,9401180532.0,156000000.0,28000000.0,126267000000.0,5625000000.0,0.02,0.18,4.45,-3.47
8802,三菱地所株式会社,3386018466000.0,358442000000.0,9458000000.0,0.0,309232000000.0,0.11,0.03,0.0,0.0
4058,トヨクモ株式会社,36161280000.0,0.0,0.0,3146000000.0,1162000000.0,0.0,0.0,36.94,29.25
9533,東邦瓦斯株式会社,417238560000.0,170019000000.0,3184000000.0,656010000000.0,30887000000.0,0.41,0.02,4.71,3.64
4918,株式会社アイビー化粧品,2014080000.0,0.0,0.0,2929931000.0,422626000.0,0.0,0.0,14.42,7.97
9353,櫻島埠頭株式会社,2430120000.0,4718877000.0,109492000.0,4338206000.0,203089000.0,1.94,0.02,4.68,5.49
9216,ビーウィズ株式会社,20251641600.0,253330000.0,0.0,38253042000.0,2543039000.0,0.01,0.0,6.65,8.8
9039,株式会社サカイ引越センター,112539516000.0,6215000000.0,68000000.0,121023000000.0,12925000000.0,0.06,0.01,10.68,3.56
6744,能美防災株式会社,230252038235.0,9755000000.0,111000000.0,133696000000.0,15677000000.0,0.04,0.01,11.73,12.82
4377,株式会社ワンキャリア,12416159510.0,186164000.0,0.0,5401367000.0,1296146000.0,0.01,0.0,24.0,36.04
3687,株式会社フィックスターズ,64242850000.0,83592000.0,70432000.0,7995406000.0,2304095000.0,0.0,0.84,28.82,13.6
9001,東武鉄道株式会社,502735677500.0,99253000000.0,2651000000.0,0.0,74604000000.0,0.2,0.03,0.0,0.0
6848,東亜ディーケーケー株式会社,16182320000.0,2508000000.0,75000000.0,18058000000.0,1338000000.0,0.15,0.03,7.41,3.52
1766,東建コーポレーション株式会社,189012160000.0,756000000.0,2512000000.0,340835000000.0,13037000000.0,0.0,3.32,3.83,7.57
7201,日産自動車株式会社,1148368226936.8896,1428641000000.0,689000000.0,12633214000000.0,69798000000.0,1.24,0.0,0.55,-0.41
7916,光村印刷株式会社,4267202500.0,5158886000.0,162829000.0,14756503000.0,260529000.0,1.21,0.03,1.77,0.38
5856,株式会社エルアイイーエイチ,5338932200.0,4419000.0,0.0,10311719000.0,195244000.0,0.0,0.0,1.89,-45.83
2790,株式会社ナフコ,54326745600.0,405000000.0,16000000.0,181133000000.0,1266000000.0,0.01,0.04,0.7,-5.72
7069,株式会社サイバー・バズ,2999565300.0,29048000.0,0.0,7462203000.0,1494717000.0,0.01,0.0,20.03,29.61
9023,東京地下鉄株式会社,947030000000.0,5240000000.0,2149000000.0,0.0,86942000000.0,0.01,0.41,0.0,0.0
3474,Ｇ－ＦＡＣＴＯＲＹ株式会社,3926304000.0,5438000.0,0.0,6348793000.0,452539000.0,0.0,0.0,7.13,13.41
7089,フォースタートアップス株式会社,5394800400.0,89283000.0,0.0,3693767000.0,452969000.0,0.02,0.0,12.26,8.13
8613,丸三証券株式会社,59916822000.0,13574000000.0,0.0,0.0,3545000000.0,0.23,0.0,0.0,0.0
4052,フィーチャ株式会社,2201896232.0,0.0,0.0,494209000.0,0.0,0.0,0.0,0.0,26.82
4212,積水樹脂株式会社,66234666000.0,16062000000.0,310000000.0,74231000000.0,5011000000.0,0.24,0.02,6.75,18.22
7744,ノーリツ鋼機株式会社,53960590152.0,21640000000.0,5104000000.0,0.0,0.0,0.4,0.24,0.0,0.0
2681,株式会社ゲオホールディングス,62555931900.0,194000000.0,139000000.0,427669000000.0,11250000000.0,0.0,0.72,2.63,-1.42
6841,横河電機株式会社,1024800560000.0,64290000000.0,1239000000.0,562404000000.0,83523000000.0,0.06,0.02,14.85,4.12
3918,ＰＣＩホールディングス株式会社,11104272800.0,230237000.0,24161000.0,25084943000.0,1054911000.0,0.02,0.1,4.21,-11.96
6864,株式会社エヌエフホールディングス,8823360000.0,245134000.0,26658000.0,9083365000.0,547578000.0,0.03,0.11,6.03,-3.36
2796,ファーマライズホールディングス株式会社,5945767833.0,67000000.0,1136000000.0,54466000000.0,916000000.0,0.01,16.96,1.68,4.68
4267,株式会社ライトワークス,10727612000.0,24867000.0,68589000.0,3534661000.0,315479000.0,0.0,2.76,8.93,10.47
9682,株式会社ＤＴＳ,230053788120.0,5707000000.0,103000000.0,115727000000.0,12508000000.0,0.02,0.02,10.81,9.04
1826,佐田建設株式会社,17445604000.0,415000000.0,81000000.0,32264000000.0,960000000.0,0.02,0.2,2.98,23.7
4386,株式会社ＳＩＧグループ,4443981780.0,233094000.0,236000000.0,8769202000.0,583753000.0,0.05,1.01,6.66,26.96
8617,光世証券株式会社,4097952000.0,4607000000.0,0.0,0.0,0.0,1.12,0.0,0.0,0.0
9755,応用地質株式会社,77066000000.0,5451000000.0,134000000.0,74085000000.0,4380000000.0,0.07,0.02,5.91,12.93
8104,クワザワホールディングス株式会社,8781044000.0,1530000000.0,39000000.0,65406000000.0,1464000000.0,0.17,0.03,2.24,0.89
3083,スターシーズ株式会社,3713048800.0,127048000.0,0.0,5110179000.0,0.0,0.03,0.0,0.0,-7.59
6473,株式会社ジェイテクト,397622784000.0,43208000000.0,65685000000.0,808034000000.0,20228000000.0,0.11,1.52,2.5,0.08
3199,綿半ホールディングス株式会社,31734714600.0,2057000000.0,56000000.0,133594000000.0,3501000000.0,0.06,0.03,2.62,4.31
6156,株式会社エーワン精密,9078900000.0,873002000.0,9226000.0,1601549000.0,164557000.0,0.1,0.01,10.27,-8.76
3810,サイバーステップ株式会社,3996445938.0,0.0,233000000.0,2986000000.0,0.0,0.0,0.0,0.0,-26.4
9856,株式会社ケーユーホールディングス,50303667360.0,1100000000.0,39000000.0,159964000000.0,9184000000.0,0.02,0.04,5.74,3.49
8789,フィンテック　グローバル株式会社,22548030400.0,533513000.0,6226000.0,13807941000.0,2569858000.0,0.02,0.01,18.61,48.44
6364,株式会社ＡＩＲＭＡＮ,62351919006.0,3888325000.0,147568000.0,54827987000.0,6918809000.0,0.06,0.04,12.62,5.64
7129,ミアヘルサホールディングス株式会社,3153098400.0,0.0,0.0,23825724000.0,641173000.0,0.0,0.0,2.69,4.85
6383,株式会社ダイフク,1420944030000.0,13484000000.0,407000000.0,563228000000.0,71546000000.0,0.01,0.03,12.7,-7.89
3173,株式会社Ｃｏｍｉｎｉｘ,5824776320.0,1270000000.0,48000000.0,30127000000.0,554000000.0,0.22,0.04,1.84,5.18
7184,株式会社　富山第一銀行,66109652000.0,0.0,0.0,0.0,0.0,0.0,0.0,0.0,0.0
5258,株式会社トランザクション・メディア・ネットワークス,15536430000.0,280040000.0,0.0,12300727000.0,0.0,0.02,0.0,0.0,18.62
2702,日本マクドナルドホールディングス株式会社,779145600000.0,12056000000.0,0.0,405477000000.0,48021000000.0,0.02,0.0,11.84,6.15
9025,鴻池運輸株式会社,178545905670.0,13607000000.0,418000000.0,344987000000.0,21385000000.0,0.08,0.03,6.2,9.51
8818,京阪神ビルディング株式会社,75901105000.0,22399261000.0,368143000.0,19584874000.0,4983860000.0,0.3,0.02,25.45,1.42
9505,北陸電力株式会社,153270388367.5537,503860000000.0,799000000.0,766562000000.0,101034000000.0,3.29,0.0,13.18,4.64
3065,株式会社ライフフーズ,6127509600.0,200000000.0,0.0,9783103000.0,347458000.0,0.03,0.0,3.55,-6.17
4118,株式会社カネカ,268884000000.0,61184000000.0,1951000000.0,807200000000.0,40050000000.0,0.23,0.03,4.96,5.89
4838,スペースシャワーＳＫＩＹＡＫＩホールディングス株式会社,8974391035.0,43758000.0,0.0,20637129000.0,877450000.0,0.0,0.0,4.25,27.84
4966,上村工業株式会社,173569410000.0,16971092000.0,88035000.0,83845427000.0,18829143000.0,0.1,0.01,22.46,4.47
8217,株式会社オークワ,38623977000.0,2766000000.0,81000000.0,237528000000.0,1328000000.0,0.07,0.03,0.56,1.06
3565,アセンテック株式会社,23906641200.0,411390000.0,5930000.0,14586903000.0,868016000.0,0.02,0.01,5.95,134.28
9130,共栄タンカー株式会社,7619400000.0,1779467000.0,64494000.0,15160070000.0,1372642000.0,0.23,0.04,9.05,6.93
2327,日鉄ソリューションズ株式会社,715720822000.0,21656000000.0,3396000000.0,286197000000.0,29145000000.0,0.03,0.16,10.18,7.01
5019,出光興産株式会社,1238567136000.0,305764000000.0,4922000000.0,9190225000000.0,162185000000.0,0.25,0.02,1.76,5.4
6469,株式会社　放電精密加工研究所,16376080500.0,279663000.0,4721000.0,12898294000.0,689014000.0,0.02,0.02,5.34,6.07
5026,株式会社トリプルアイズ,8455444200.0,10201000.0,2101000.0,4410537000.0,38271000.0,0.0,0.21,0.87,87.98
8518,日本アジア投資株式会社,5214547728.0,117000000.0,1000000.0,0.0,105000000.0,0.02,0.01,0.0,0.0
8912,株式会社エリアクエスト,2811911200.0,1028119000.0,240378000.0,2329426000.0,113054000.0,0.37,0.23,4.85,0.44
3023,ラサ商事株式会社,16653329000.0,4218000000.0,39000000.0,26568000000.0,2532000000.0,0.25,0.01,9.53,-4.83
4197,株式会社アスマーク,2721029000.0,28659000.0,0.0,4363456000.0,360772000.0,0.01,0.0,8.27,1.89
4229,群栄化学工業株式会社,25222257324.0,13211000000.0,245000000.0,30545000000.0,2293000000.0,0.52,0.02,7.51,0.78
2652,株式会社まんだらけ,11541420000.0,1253000.0,0.0,14455416000.0,2078085000.0,0.0,0.0,14.38,12.59
6045,株式会社レントラックス,9132291000.0,599891000.0,9320000.0,3862700000.0,1142138000.0,0.07,0.02,29.57,17.22
6546,フルテック株式会社,6135395400.0,518716000.0,13024000.0,13813726000.0,612996000.0,0.08,0.03,4.44,8.05
7949,小松ウオール工業株式会社,46149433200.0,475000000.0,9000000.0,44616000000.0,3635000000.0,0.01,0.02,8.15,2.45
7433,伯東株式会社,78206900000.0,8333000000.0,330000000.0,183133000000.0,7913000000.0,0.11,0.04,4.32,0.6
5957,日東精工株式会社,24350875353.0,759917000.0,11200000.0,47069948000.0,3326679000.0,0.03,0.01,7.07,5.2
9880,イノテック株式会社,19919800000.0,2648107000.0,642679000.0,41977111000.0,1887431000.0,0.13,0.24,4.5,1.5
9831,株式会社ヤマダホールディングス,443016638402.52686,15423000000.0,0.0,1629069000000.0,42821000000.0,0.03,0.0,2.63,2.33
4248,竹本容器株式会社,10186239600.0,7384000.0,0.0,15626605000.0,945188000.0,0.0,0.0,6.05,9.15
7486,サンリン株式会社,8560800000.0,6205000000.0,99000000.0,30826000000.0,652000000.0,0.72,0.02,2.12,-3.8
6770,アルプスアルパイン株式会社,328373297500.0,60033000000.0,1329000000.0,990407000000.0,34106000000.0,0.18,0.02,3.44,2.73
8230,株式会社はせがわ,5724322000.0,664000000.0,20000000.0,21228000000.0,1204000000.0,0.12,0.03,5.67,-0.34
9902,株式会社日伝,83912237600.0,15945000000.0,274000000.0,134771000000.0,6824000000.0,0.19,0.02,5.06,6.19
3371,株式会社ソフトクリエイトホールディングス,60280008264.0,7349334000.0,106833000.0,30951761000.0,5497964000.0,0.12,0.01,17.76,10.89
4650,ＳＤエンターテイメント株式会社,2510163000.0,18090000.0,0.0,3735036000.0,122969000.0,0.01,0.0,3.29,-1.04
6203,豊和工業株式会社,12447748928.0,6530000000.0,178000000.0,24827000000.0,1253000000.0,0.52,0.03,5.05,25.48
4768,株式会社　大塚商会,1097831556000.0,22815000000.0,397000000.0,1107668000000.0,74360000000.0,0.02,0.02,6.71,13.33
4523,エーザイ株式会社,1149097060000.0,33294000000.0,3022000000.0,376400000000.0,34606000000.0,0.03,0.09,9.19,2.45
7093,アディッシュ株式会社,1051012080.0,0.0,0.0,3592309000.0,0.0,0.0,0.0,0.0,2.03
3157,ジオリーブグループ株式会社,15969780320.0,1833000000.0,69000000.0,176115000000.0,1921000000.0,0.11,0.04,1.09,5.89
4661,株式会社オリエンタルランド,5572395226000.0,55553000000.0,822000000.0,679374000000.0,172111000000.0,0.01,0.01,25.33,9.84
4722,フューチャー株式会社,217157184000.0,13048000000.0,319000000.0,69878000000.0,14667000000.0,0.06,0.02,20.99,17.79
3393,スターティアホールディングス株式会社,27085858000.0,151092000.0,5432000.0,22211760000.0,2737775000.0,0.01,0.04,12.33,13.49
1942,株式会社関電工,703728422664.0,67429000000.0,1458000000.0,660949000000.0,58326000000.0,0.1,0.02,8.82,12.47
5244,株式会社ｊｉｇ．ｊｐ,11195489200.0,0.0,0.0,13796280000.0,2012299000.0,0.0,0.0,14.59,12.65
2540,養命酒製造株式会社,53295000000.0,24834328000.0,440015000.0,10017259000.0,128301000.0,0.47,0.02,1.28,-2.2
2376,株式会社　サイネックス,5195939980.0,698472000.0,11475000.0,16491468000.0,478097000.0,0.13,0.02,2.9,7.15
8365,株式会社　富山銀行,8361984000.0,0.0,0.0,0.0,0.0,0.0,0.0,0.0,0.0
7138,株式会社ＴＯＲＩＣＯ,2501855000.0,0.0,0.0,3677329000.0,0.0,0.0,0.0,0.0,-5.66
3180,株式会社ビューティガレージ,19829360000.0,196868000.0,8787000.0,29840901000.0,1700175000.0,0.01,0.04,5.7,12.91
5248,株式会社テクノロジーズ,13470230400.0,30470000.0,142800000.0,13900280000.0,1738780000.0,0.0,4.69,12.51,94.97
4172,東和ハイシステム株式会社,5057560000.0,1388630000.0,8800000.0,2114068000.0,422226000.0,0.27,0.01,19.97,3.55
4691,ワシントンホテル株式会社,15443730000.0,358316000.0,5267000.0,21347826000.0,2240593000.0,0.02,0.01,10.5,16.69
4896,株式会社ケイファーマ,8459753400.0,0.0,0.0,0.0,0.0,0.0,0.0,0.0,0.0
7992,セーラー万年筆株式会社,3618465588.0,12159000.0,0.0,4677810000.0,0.0,0.0,0.0,0.0,2.61
8018,三共生興株式会社,28198000000.0,31166000000.0,804000000.0,22594000000.0,1766000000.0,1.11,0.03,7.82,6.22
1332,株式会社ニッスイ,273157787367.25385,30453000000.0,801000000.0,886126000000.0,31779000000.0,0.11,0.03,3.59,6.59
3675,株式会社クロス・マーケティンググループ,14318490000.0,371784000.0,5129000.0,26184528000.0,1844111000.0,0.03,0.01,7.04,4.34
6166,株式会社中村超硬,3625876100.0,1572000.0,150020000.0,2640960000.0,7776000.0,0.0,95.43,0.29,9.44
9042,阪急阪神ホールディングス株式会社,953081136000.0,456686000000.0,1009000000.0,0.0,110879000000.0,0.48,0.0,0.0,0.0
7912,大日本印刷株式会社,1169852640000.0,393125000000.0,5065000000.0,1457609000000.0,93612000000.0,0.34,0.01,6.42,2.3
3639,株式会社ボルテージ,1745664900.0,245040000.0,3883000.0,3456700000.0,0.0,0.14,0.02,0.0,-18.81
6186,株式会社一蔵,2178952325.0,100000000.0,2136000.0,19932772000.0,123353000.0,0.05,0.02,0.62,-2.43
7244,市光工業株式会社,36810666000.0,3474000000.0,6000000.0,125544000000.0,4883000000.0,0.09,0.0,3.89,-13.95
3135,株式会社マーケットエンタープライズ,8287739800.0,2642000.0,52000000.0,19008339000.0,298759000.0,0.0,19.68,1.57,24.58
3558,ジェイドグループ株式会社,16806007680.0,0.0,2212000.0,19231316000.0,1535039000.0,0.0,0.0,7.98,43.99
9365,トレーディア株式会社,1843380000.0,2177823000.0,105015000.0,0.0,253360000.0,1.18,0.05,0.0,0.0
5482,愛知製鋼株式会社,39364925220.0,26614000000.0,3422000000.0,231653000000.0,10502000000.0,0.68,0.13,4.53,0.4
6384,株式会社昭和真空,8708660000.0,173248000.0,4257000.0,8480131000.0,792274000.0,0.02,0.02,9.34,13.62
3002,グンゼ株式会社,63121333400.0,3924000000.0,238000000.0,137117000000.0,7921000000.0,0.06,0.06,5.78,3.18
7537,丸文株式会社,30210927000.0,3723000000.0,85000000.0,210837000000.0,8958000000.0,0.12,0.02,4.25,-10.85
7363,株式会社ベビーカレンダー,1412550000.0,0.0,0.0,1528358000.0,50091000.0,0.0,0.0,3.28,27.02
4657,株式会社環境管理センター,1969201185.0,75682000.0,5751000.0,5594555000.0,329166000.0,0.04,0.08,5.88,4.7
2934,ジェイフロンティア株式会社,8260369968.0,87802000.0,5225000.0,17714904000.0,163423000.0,0.01,0.06,0.92,5.17
5256,株式会社Ｆｕｓｉｃ,2889477500.0,21000000.0,0.0,1798412000.0,207117000.0,0.01,0.0,11.52,17.38
6554,株式会社エスユーエス,9995585600.0,152000000.0,0.0,13219000000.0,829000000.0,0.02,0.0,6.27,14.94
7480,スズデン株式会社,24762894000.0,424477000.0,29437000.0,46631604000.0,2423286000.0,0.02,0.07,5.2,-8.44
3536,アクサスホールディングス株式会社,4063550000.0,180874000.0,3711000.0,11718715000.0,14582000.0,0.04,0.02,0.12,5.91
7219,株式会社エッチ・ケー・エス,3539200000.0,670230000.0,8810000.0,9004332000.0,418004000.0,0.19,0.01,4.64,-2.56
3151,株式会社バイタルケーエスケー・ホールディングス,64202774000.0,45131000000.0,702000000.0,600370000000.0,5706000000.0,0.7,0.02,0.95,2.19
9076,セイノーホールディングス株式会社,419651994788.0,71142000000.0,1184000000.0,737377000000.0,29883000000.0,0.17,0.02,4.05,14.71
7049,株式会社識学,7626051660.0,91272000.0,0.0,5369123000.0,330878000.0,0.01,0.0,6.16,11.17
5253,カバー株式会社,131906023600.0,0.0,0.0,30166000000.0,5536000000.0,0.0,0.0,18.35,47.5
7981,タカラスタンダード株式会社,167930726018.0,14745000000.0,396000000.0,243380000000.0,15635000000.0,0.09,0.03,6.42,3.68
9008,京王電鉄株式会社,443371812670.0,85963000000.0,1776000000.0,0.0,54148000000.0,0.19,0.02,0.0,0.0
2003,日東富士製粉株式会社,66725416080.0,8394000000.0,183000000.0,72341000000.0,5096000000.0,0.13,0.02,7.04,-0.35
2418,株式会社ツカダ・グローバルホールディング,28445760000.0,4673000000.0,0.0,63545000000.0,7408000000.0,0.16,0.0,11.66,10.56
6963,ローム株式会社,765528960000.0,351511000000.0,2155000000.0,448466000000.0,2691000000.0,0.46,0.01,0.6,-4.13
6302,住友重機械工業株式会社,375843490000.0,21417000000.0,1212000000.0,1071126000000.0,55103000000.0,0.06,0.06,5.14,-0.96
4929,株式会社アジュバンホールディングス,6330313200.0,201882000.0,5412000.0,4098140000.0,126600000.0,0.03,0.03,3.09,-7.66
3388,明治電機工業株式会社,23795488480.0,3980360000.0,113844000.0,78672806000.0,3294963000.0,0.17,0.03,4.19,5.49
8769,株式会社アドバンテッジリスクマネジメント,9409955600.0,557579000.0,13206000.0,8554077000.0,1022822000.0,0.06,0.02,11.96,22.23
5191,住友理工株式会社,189148356000.0,363000000.0,21788000000.0,213066000000.0,9838000000.0,0.0,60.02,4.62,5.85
4571,ＮＡＮＯ　ＭＲＮＡ株式会社,9816938662.0,222120000.0,0.0,108516000.0,0.0,0.02,0.0,0.0,-19.92
2924,イフジ産業株式会社,17541967740.0,175000000.0,3000000.0,25557000000.0,2998000000.0,0.01,0.02,11.73,4.3
9827,リリカラ株式会社,7913812500.0,318303000.0,17480000.0,33803196000.0,150622000.0,0.04,0.05,0.45,3.15
8894,株式会社ＲＥＶＯＬＵＴＩＯＮ,8747587446.0,786238000.0,6317000.0,5566290000.0,333324000.0,0.09,0.01,5.99,131.61
4114,株式会社日本触媒,259584000000.0,35167000000.0,3399000000.0,244193000000.0,12709000000.0,0.14,0.1,5.2,6.51
1724,シンクレイヤ株式会社,3277726140.0,529000000.0,10000000.0,11711000000.0,653000000.0,0.16,0.02,5.58,12.14
2597,株式会社ユニカフェ,12815140800.0,86637000.0,2217000.0,12935995000.0,538346000.0,0.01,0.03,4.16,4.68
5129,株式会社ＦＩＸＥＲ,8097357600.0,0.0,0.0,6468000000.0,260000000.0,0.0,0.0,4.02,-41.46
9678,株式会社カナモト,135209580000.0,11450000000.0,236000000.0,207218000000.0,14569000000.0,0.08,0.02,7.03,4.93
2692,伊藤忠食品株式会社,125800800000.0,36706000000.0,1053000000.0,699369000000.0,8505000000.0,0.29,0.03,1.22,4.0
7111,ＩＮＥＳＴ株式会社,6466192615.0,0.0,0.0,0.0,55000000.0,0.0,0.0,0.0,0.0
5590,株式会社ネットスターズ,15544720800.0,325995000.0,0.0,3902046000.0,0.0,0.02,0.0,0.0,4.87
4992,北興化学工業株式会社,42818580000.0,12259000000.0,424000000.0,46195000000.0,4540000000.0,0.29,0.03,9.83,2.14
3101,東洋紡株式会社,83081784000.0,12274000000.0,321000000.0,422032000000.0,16653000000.0,0.15,0.03,3.95,1.87
2784,アルフレッサホールディングス株式会社,401921300000.0,115315000000.0,1781000000.0,2961051000000.0,38080000000.0,0.29,0.02,1.29,3.59
6046,株式会社リンクバル,2418000000.0,0.0,0.0,968171000.0,0.0,0.0,0.0,0.0,8.64
3839,株式会社ＯＤＫソリューションズ,4838000000.0,1183723000.0,34132000.0,6472393000.0,516119000.0,0.24,0.03,7.97,10.32
8551,株式会社　北日本銀行,28093635000.0,0.0,0.0,0.0,0.0,0.0,0.0,0.0,0.0
2300,株式会社きょくとう,2781166230.0,624703000.0,11651000.0,5380624000.0,96050000.0,0.22,0.02,1.79,9.42
6103,オークマ株式会社,250799650000.0,34033000000.0,975000000.0,206822000000.0,14651000000.0,0.14,0.03,7.08,-9.29
7239,株式会社タチエス,62061162000.0,6459000000.0,512000000.0,285394000000.0,9625000000.0,0.1,0.08,3.37,-2.58
4421,株式会社ディ・アイ・システム,2846998000.0,0.0,0.0,6831167000.0,344307000.0,0.0,0.0,5.04,9.46
8424,芙蓉総合リース株式会社,121363254670.0,155675000000.0,2934000000.0,678395000000.0,64760000000.0,1.28,0.02,9.55,-4.25
4676,株式会社フジ・メディア・ホールディングス,881976487000.0,414896000000.0,4460000000.0,550761000000.0,18293000000.0,0.47,0.01,3.32,-2.77
5283,株式会社高見澤,5442248000.0,1043000000.0,24000000.0,71369000000.0,1803000000.0,0.19,0.02,2.53,3.51
5463,丸一鋼管株式会社,301476000000.0,66631000000.0,1824000000.0,261649000000.0,22918000000.0,0.22,0.03,8.76,-3.56
3802,株式会社エコミック,2238656400.0,0.0,69766000.0,2121744000.0,46811000.0,0.0,0.0,2.21,-1.59
3963,株式会社シンクロ・フード,17124324000.0,14952000.0,0.0,3951497000.0,1097201000.0,0.0,0.0,27.77,9.68
4498,サイバートラスト株式会社,20019254400.0,157975000.0,6664000.0,7442037000.0,1421397000.0,0.01,0.04,19.1,15.09
3064,株式会社ＭｏｎｏｔａＲＯ,1387990243500.0,1500000000.0,0.0,288119000000.0,37066000000.0,0.0,0.0,12.86,13.31
2293,滝沢ハム株式会社,5318060000.0,1728450000.0,33164000.0,28088795000.0,0.0,0.33,0.02,0.0,-0.43
7678,株式会社あさくま,23424837000.0,0.0,1826000.0,8350136000.0,179671000.0,0.0,0.0,2.15,43.79
2795,日本プリメックス株式会社,4921520472.0,1283670000.0,38159000.0,7093981000.0,549883000.0,0.26,0.03,7.75,2.21
5461,中部鋼鈑株式会社,58688000000.0,12325000000.0,167000000.0,51047000000.0,2704000000.0,0.21,0.01,5.3,-24.69
9760,株式会社　進学会ホールディングス,3204960000.0,534862000.0,13980000.0,6245958000.0,354165000.0,0.17,0.03,5.67,32.19
3863,日本製紙株式会社,127415361632.0,172984000000.0,1790000000.0,1182431000000.0,19706000000.0,1.36,0.01,1.67,1.3
6845,アズビル株式会社,788586203184.0,22791000000.0,851000000.0,300378000000.0,41486000000.0,0.03,0.04,13.81,3.24
9275,株式会社ナルミヤ・インターナショナル,15062771040.0,9947000.0,0.0,39152906000.0,1860912000.0,0.0,0.0,4.75,4.45
3758,株式会社アエリア,6811035264.0,923000000.0,29000000.0,19155000000.0,440000000.0,0.14,0.03,2.3,-15.51
7606,株式会社ユナイテッドアローズ,64868762372.0,0.0,0.0,150910000000.0,7984000000.0,0.0,0.0,5.29,12.39
3526,芦森工業株式会社,17135080431.0,1447000000.0,36000000.0,72604000000.0,4618000000.0,0.08,0.02,6.36,6.16
7451,三菱食品株式会社,274719732000.0,34237000000.0,774000000.0,2120847000000.0,31575000000.0,0.12,0.02,1.49,1.63
3469,株式会社デュアルタップ,2644528500.0,24473000.0,0.0,5172911000.0,41022000.0,0.01,0.0,0.79,-40.04
4934,プレミアアンチエイジング株式会社,7892083270.0,10000000.0,0.0,20359000000.0,139000000.0,0.0,0.0,0.68,-22.88
5574,株式会社ＡＢＥＪＡ,37645558500.0,0.0,0.0,2766251000.0,290341000.0,0.0,0.0,10.5,-0.33
6619,ダブル・スコープ株式会社,11928729600.0,38334000000.0,0.0,31047000000.0,0.0,3.21,0.0,0.0,-35.38
8104,クワザワホールディングス株式会社,8781044000.0,1497000000.0,36000000.0,64832000000.0,1303000000.0,0.17,0.02,2.01,0.81
6769,ザインエレクトロニクス株式会社,11130770200.0,415890000.0,16000000.0,4614116000.0,28022000.0,0.04,0.04,0.61,-8.06
5009,富士興産株式会社,10517829000.0,110000000.0,2000000.0,68344000000.0,800000000.0,0.01,0.02,1.17,10.39
6800,株式会社ヨコオ,34129175418.0,2813000000.0,79000000.0,82884000000.0,4226000000.0,0.08,0.03,5.1,7.79
4093,東邦アセチレン株式会社,12292020000.0,2210125000.0,29450000.0,34804369000.0,1914690000.0,0.18,0.01,5.5,-1.75
3891,ニッポン高度紙工業株式会社,18765137428.0,302683000.0,9586000.0,16033765000.0,2460650000.0,0.02,0.03,15.35,8.13
2117,ウェルネオシュガー株式会社,74554400000.0,3887000000.0,3053000000.0,40764000000.0,3649000000.0,0.05,0.79,8.95,0.0
4686,株式会社ジャストシステム,240521876000.0,14000000.0,166000000.0,44551000000.0,18034000000.0,0.0,11.86,40.48,8.7
2395,株式会社新日本科学,56911490800.0,19762231000.0,1630000.0,32413807000.0,2985215000.0,0.35,0.0,9.21,22.55
3132,マクニカホールディングス株式会社,349190400000.0,7958000000.0,295000000.0,1034180000000.0,39649000000.0,0.02,0.04,3.83,0.53
5695,パウダーテック株式会社,6147900000.0,0.0,0.0,9136295000.0,332237000.0,0.0,0.0,3.64,6.87
9258,株式会社ＣＳ－Ｃ,2646118800.0,0.0,0.0,2725676000.0,0.0,0.0,0.0,0.0,12.26
5142,アキレス株式会社,15902483688.0,6162000000.0,51000000.0,79093000000.0,222000000.0,0.39,0.01,0.28,0.62
9069,センコーグループホールディングス株式会社,355776300000.0,27045000000.0,322000000.0,0.0,34946000000.0,0.08,0.01,0.0,0.0
7203,トヨタ自動車株式会社,39811264733500.0,7626969000000.0,1769423000000.0,18277671000000.0,2966857000000.0,0.19,0.23,16.23,3.99
9832,株式会社オートバックスセブン,119136752460.0,9145000000.0,134000000.0,249525000000.0,12126000000.0,0.08,0.01,4.86,8.56
2138,クルーズ株式会社,7826390400.0,3656678000.0,0.0,14191649000.0,118917000.0,0.47,0.0,0.84,-0.55
5010,日本精蝋株式会社,4233600000.0,313000000.0,27000000.0,22045000000.0,2245000000.0,0.07,0.09,10.18,1.57
9145,株式会社ビーイングホールディングス,20786250000.0,67000000.0,4000000.0,0.0,2243000000.0,0.0,0.06,0.0,0.0
7389,株式会社あいちフィナンシャルグループ,131554072000.0,0.0,0.0,0.0,4927000000.0,0.0,0.0,0.0,0.0
3501,ＳＵＭＩＮＯＥ株式会社,8311924000.0,6396000000.0,117000000.0,103478000000.0,3300000000.0,0.77,0.02,3.19,9.12
7918,株式会社ヴィア・ホールディングス,5520988000.0,371000000.0,8000000.0,17373000000.0,198000000.0,0.07,0.02,1.14,2.31
9331,株式会社キャスター,1682074680.0,0.0,0.0,4440248000.0,852271000.0,0.0,0.0,19.19,6.24
3465,ケイアイスター不動産株式会社,75828964000.0,2704000000.0,118000000.0,342553000000.0,17255000000.0,0.04,0.04,5.04,21.01
6298,ワイエイシイホールディングス株式会社,15691668000.0,2313000000.0,5000000.0,23041000000.0,1354000000.0,0.15,0.0,5.88,-14.05
6870,日本フェンオール株式会社,9900240000.0,2883727000.0,65455000.0,12515938000.0,1181954000.0,0.29,0.02,9.44,-0.68
6834,株式会社　精工技研,53388500880.0,503746000.0,1936000.0,19982809000.0,2817252000.0,0.01,0.0,14.1,26.59
4479,株式会社マクアケ,11670383900.0,51346000.0,0.0,3652808000.0,0.0,0.0,0.0,0.0,-4.13
2763,株式会社エフティグループ,37078251496.0,8619000000.0,137000000.0,10632000000.0,3496000000.0,0.23,0.02,32.88,4.55
7043,アルー株式会社,1969442400.0,11884000.0,0.0,3089020000.0,0.0,0.01,0.0,0.0,1.99
9982,タキヒヨー株式会社,16179800000.0,3941000000.0,111000000.0,60633000000.0,1312000000.0,0.24,0.03,2.16,5.02
9776,札幌臨床検査センター株式会社,4363560000.0,234985000.0,6322000.0,20131372000.0,706078000.0,0.05,0.03,3.51,2.28
6336,株式会社石井表記,5412811224.0,124000000.0,7000000.0,14821000000.0,907000000.0,0.02,0.06,6.12,-11.41
5458,高砂鐵工株式会社,2797440000.0,22000000.0,23000000.0,12100000000.0,512000000.0,0.01,1.05,4.23,-0.66
6875,株式会社メガチップス,110077292000.0,101636005000.0,54510000.0,42326428000.0,2190012000.0,0.92,0.0,5.17,-26.95
4883,株式会社モダリス,6246359820.0,0.0,0.0,0.0,0.0,0.0,0.0,0.0,0.0
6986,双葉電子工業株式会社,25074202749.0,13343000000.0,335000000.0,48116000000.0,0.0,0.53,0.03,0.0,-14.63
2907,株式会社あじかん,9648100000.0,961655000.0,28003000.0,47000378000.0,1964452000.0,0.1,0.03,4.18,1.26
7183,あんしん保証株式会社,2984115600.0,0.0,0.0,0.0,58215000.0,0.0,0.0,0.0,0.0
4480,株式会社メドレー,105418292000.0,392000000.0,0.0,29302000000.0,2326000000.0,0.0,0.0,7.94,42.71
5368,日本インシュレーション株式会社,8698492800.0,662158000.0,22467000.0,12222902000.0,1027449000.0,0.08,0.03,8.41,-2.51
7177,ＧＭＯフィナンシャルホールディングス株式会社,98894441430.0,12390000000.0,20000000.0,0.0,8926000000.0,0.13,0.0,0.0,0.0
9799,旭情報サービス株式会社,17239747000.0,2285406000.0,8768000.0,15820459000.0,1585740000.0,0.13,0.0,10.02,6.99
9162,株式会社ブリーチ,8764844800.0,66267000.0,0.0,13806783000.0,0.0,0.01,0.0,0.0,-15.69
7867,株式会社タカラトミー,301164763050.0,3890000000.0,322000000.0,250235000000.0,24870000000.0,0.01,0.08,9.94,20.12
6952,カシオ計算機株式会社,277182585724.0,4866000000.0,213000000.0,261757000000.0,14236000000.0,0.02,0.04,5.44,-2.63
9908,日本電計株式会社,24581440000.0,1649038000.0,45229000.0,121235333000.0,4738147000.0,0.07,0.03,3.91,11.7
2157,株式会社コシダカホールディングス,105508600000.0,793586000.0,30627000.0,63263940000.0,10164157000.0,0.01,0.04,16.07,15.8
7925,前澤化成工業株式会社,28459188000.0,9629000000.0,177000000.0,24166000000.0,2164000000.0,0.34,0.02,8.95,1.01
9885,株式会社　シャルレ,5951820000.0,2325000000.0,15000000.0,11548000000.0,0.0,0.39,0.01,0.0,-12.3
9661,株式会社歌舞伎座,55860300000.0,5843345000.0,19400000.0,3106550000.0,218320000.0,0.1,0.0,7.03,1.76
8929,株式会社青山財産ネットワークス,45537674626.0,2845000000.0,15000000.0,45618000000.0,3506000000.0,0.06,0.01,7.69,26.37
6539,株式会社ＭＳ－Ｊａｐａｎ,23646783600.0,1457114000.0,8414000.0,7474012000.0,1604915000.0,0.06,0.01,21.47,63.38
5471,大同特殊鋼株式会社,216744186808.4024,39714000000.0,7405000000.0,385260000000.0,30488000000.0,0.18,0.19,7.91,-0.36
9423,株式会社フォーバル・リアルストレート,3350336400.0,0.0,0.0,3139777000.0,126414000.0,0.0,0.0,4.03,2.4
8747,豊トラスティ証券株式会社,13969031040.0,2012878000.0,54419000.0,0.0,2074265000.0,0.14,0.03,0.0,0.0
4750,株式会社ダイサン,4281316000.0,2173000.0,0.0,10407623000.0,56288000.0,0.0,0.0,0.54,-1.0
2818,株式会社ピエトロ,12274155740.0,15522000.0,1119000.0,11135028000.0,177177000.0,0.0,0.07,1.59,10.29
5246,株式会社ＥＬＥＭＥＮＴＳ,26069930096.0,176699000.0,0.0,2545724000.0,57916000.0,0.01,0.0,2.28,31.2
8563,株式会社大東銀行,9132019000.0,0.0,0.0,0.0,0.0,0.0,0.0,0.0,0.0
7939,株式会社研創,2151770000.0,28079000.0,1139000.0,5868794000.0,264054000.0,0.01,0.04,4.5,-0.33
4053,株式会社Ｓｕｎ　Ａｓｔｅｒｉｓｋ,18784279740.0,675000000.0,0.0,13568000000.0,1444000000.0,0.04,0.0,10.64,8.41
7515,株式会社マルヨシセンター,3782070955.0,289613000.0,8578000.0,39766797000.0,132821000.0,0.08,0.03,0.33,3.72
7682,株式会社浜木綿,8945531750.0,18070000.0,0.0,5774730000.0,219611000.0,0.0,0.0,3.8,9.54
4205,日本ゼオン株式会社,335899185500.0,71191000000.0,2759000000.0,420647000000.0,29321000000.0,0.21,0.04,6.97,10.04
9376,株式会社ユーラシア旅行社,1848690000.0,206339000.0,3706000.0,0.0,106885000.0,0.11,0.02,0.0,0.0
2694,株式会社焼肉坂井ホールディングス,17030486000.0,80554000.0,17069000.0,23533041000.0,468648000.0,0.0,0.21,1.99,3.14
7181,株式会社かんぽ生命保険,1321629208000.0,0.0,0.0,0.0,0.0,0.0,0.0,0.0,0.0
6171,株式会社土木管理総合試験所,5453152085.0,353829000.0,12148000.0,7346050000.0,581072000.0,0.06,0.03,7.91,0.27
7782,株式会社シンシア,4288875000.0,0.0,55000000.0,6539394000.0,484853000.0,0.0,0.0,7.41,9.69
6031,ＺＥＴＡ株式会社,10462051600.0,14317000.0,0.0,681642000.0,0.0,0.0,0.0,0.0,-51.91
8219,青山商事株式会社,111370740000.0,4729000000.0,168000000.0,194790000000.0,12573000000.0,0.04,0.04,6.45,0.57
4761,株式会社さくらケーシーエス,17012800000.0,6344000000.0,66000000.0,22537000000.0,1377000000.0,0.37,0.01,6.11,-1.02
9363,株式会社大運,2609548341.0,1668889000.0,59639000.0,9784808000.0,243572000.0,0.64,0.04,2.49,8.57
7059,株式会社コプロ・ホールディングス,44340000000.0,0.0,0.0,30015113000.0,2763955000.0,0.0,0.0,9.21,24.55
2462,ライク株式会社,28630255200.0,460061000.0,15286000.0,60469358000.0,3333438000.0,0.02,0.03,5.51,0.76
8020,兼松株式会社,237783000000.0,27214000000.0,12988000000.0,0.0,140000000.0,0.11,0.48,0.0,0.0
7217,株式会社テイン,3855000000.0,0.0,18493000.0,5316141000.0,317411000.0,0.0,0.0,5.97,9.25
8383,株式会社　鳥取銀行,12437367000.0,0.0,0.0,0.0,0.0,0.0,0.0,0.0,0.0
3778,さくらインターネット株式会社,154576683000.0,682270000.0,4320000.0,31412382000.0,4145586000.0,0.0,0.01,13.2,43.92
5449,大阪製鐵株式会社,121425288000.0,553000000.0,70000000.0,116424000000.0,5328000000.0,0.0,0.13,4.58,-0.6
3858,株式会社ユビキタスＡＩ,3953502000.0,265341000.0,2965000.0,4138789000.0,96498000.0,0.07,0.01,2.33,18.96
2432,株式会社ディー・エヌ・エー,295653291672.5,93552000000.0,1460000000.0,108915000000.0,31439000000.0,0.32,0.02,28.87,30.59
8097,三愛オブリ株式会社,128040000000.0,15516000000.0,534000000.0,654404000000.0,11808000000.0,0.12,0.03,1.8,-0.79
5851,リョービ株式会社,73257624000.0,19206000000.0,571000000.0,293314000000.0,9494000000.0,0.26,0.03,3.24,3.76
1888,若築建設株式会社,59439940000.0,6705000000.0,95000000.0,86462000000.0,5220000000.0,0.11,0.01,6.04,-8.91
4627,ナトコ株式会社,11508037200.0,523074000.0,19736000.0,20753062000.0,1232322000.0,0.05,0.04,5.94,2.92
6763,帝国通信工業株式会社,22244992000.0,2707875000.0,123341000.0,16790040000.0,1663027000.0,0.12,0.05,9.9,10.29
8928,穴吹興産株式会社,23208420000.0,3501261000.0,77484000.0,134499640000.0,5718808000.0,0.15,0.02,4.25,18.15
7013,株式会社ＩＨＩ,2424593325000.0,18604000000.0,41800000000.0,664985000000.0,83950000000.0,0.01,2.25,12.62,55.17
2437,Ｓｈｉｎｗａ　Ｗｉｓｅ　Ｈｏｌｄｉｎｇｓ株式会社,3059793630.0,52847000.0,0.0,2035999000.0,133163000.0,0.02,0.0,6.54,-41.6
6140,旭ダイヤモンド工業株式会社,37619235000.0,10778000000.0,142000000.0,41006000000.0,2311000000.0,0.29,0.01,5.64,6.09
4206,アイカ工業株式会社,246635910000.0,20750000000.0,537000000.0,248696000000.0,27408000000.0,0.08,0.03,11.02,5.1
3877,中越パルプ工業株式会社,22367950000.0,11651000000.0,214000000.0,111009000000.0,4843000000.0,0.52,0.02,4.36,2.95
8923,トーセイ株式会社,133831766200.0,8610046000.0,5752489000.0,45587536000.0,10358814000.0,0.06,0.67,22.72,-1.92
4633,サカタインクス株式会社,111269288000.0,32833000000.0,158000000.0,245570000000.0,13161000000.0,0.3,0.0,5.36,7.54
4597,ソレイジア・ファーマ株式会社,8738356400.0,0.0,0.0,316000000.0,0.0,0.0,0.0,0.0,-48.78
7670,オーウエル株式会社,10374000000.0,10419000000.0,262000000.0,69416000000.0,1239000000.0,1.0,0.03,1.78,-2.3
6757,株式会社ＯＳＧコーポレーション,4438500000.0,1144000.0,50334000.0,7929936000.0,133955000.0,0.0,44.0,1.69,0.43
4369,株式会社　トリケミカル研究所,110820362400.0,3923209000.0,391636000.0,18905888000.0,5256445000.0,0.04,0.1,27.8,68.11
4372,ユミルリンク株式会社,5870040800.0,0.0,0.0,2669470000.0,637593000.0,0.0,0.0,23.88,15.3
8157,都築電気株式会社,59018470000.0,4538000000.0,103000000.0,98263000000.0,6481000000.0,0.08,0.02,6.6,-21.3
9037,株式会社ハマキョウレックス,107683968000.0,3331000000.0,147000000.0,0.0,13213000000.0,0.03,0.04,0.0,0.0
5233,太平洋セメント株式会社,429746112000.0,135374000000.0,2216000000.0,896295000000.0,77750000000.0,0.32,0.02,8.67,1.13
7937,株式会社ツツミ,34979940000.0,52000000.0,9000000.0,24835000000.0,2410000000.0,0.0,0.17,9.7,24.76
4819,株式会社デジタルガレージ,200133780000.0,3257000000.0,8375000000.0,8833000000.0,0.0,0.02,2.57,0.0,8.86
3561,株式会社力の源ホールディングス,41734116000.0,149527000.0,2138000.0,34166110000.0,2809961000.0,0.0,0.01,8.22,7.52
5958,三洋工業株式会社,14484800000.0,1027000000.0,34000000.0,29516000000.0,2061000000.0,0.07,0.03,6.98,-3.18
9900,株式会社サガミホールディングス,51875312000.0,757896000.0,31375000.0,35034150000.0,2058508000.0,0.01,0.04,5.88,12.99
6306,日工株式会社,29200000000.0,5565000000.0,182000000.0,49162000000.0,2766000000.0,0.19,0.03,5.63,11.49
6395,株式会社タダノ,134680000000.0,11435000000.0,195000000.0,291500000000.0,23778000000.0,0.08,0.02,8.16,4.01
3569,セーレン株式会社,154345146648.0,10364000000.0,270000000.0,159653000000.0,17865000000.0,0.07,0.03,11.19,12.5
8079,正栄食品工業株式会社,71221500000.0,4489232000.0,100279000.0,115208856000.0,4844888000.0,0.06,0.02,4.21,5.12
9602,東宝株式会社,1715340842334.0,153764000000.0,2498000000.0,0.0,64684000000.0,0.09,0.02,0.0,0.0
6616,トレックス・セミコンダクター株式会社,17007782400.0,1232434000.0,682216000.0,23957700000.0,69630000.0,0.07,0.55,0.29,-6.97
5599,Ｓ＆Ｊ株式会社,6550060800.0,0.0,0.0,1942927000.0,420504000.0,0.0,0.0,21.64,20.62
9561,株式会社グラッドキューブ,6437265720.0,84085000.0,0.0,1559020000.0,507145000.0,0.01,0.0,32.53,2.36
1808,株式会社　長谷工コーポレーション,675283421265.0,102774000000.0,2805000000.0,1177353000000.0,84701000000.0,0.15,0.03,7.19,7.58
2815,アリアケジャパン株式会社,224406720000.0,32989117000.0,572842000.0,65400887000.0,11117439000.0,0.15,0.02,17.0,9.04
9532,大阪瓦斯株式会社,1504887020000.0,569252000000.0,6716000000.0,2069019000000.0,160731000000.0,0.38,0.01,7.77,-0.67
7512,イオン北海道株式会社,124780900000.0,40000000.0,1000000.0,354018000000.0,7892000000.0,0.0,0.03,2.23,6.26
5252,日本ナレッジ株式会社,1788800000.0,36357000.0,0.0,4154113000.0,99369000.0,0.02,0.0,2.39,1.9
3277,株式会社サンセイランディック,10233200800.0,100030000.0,0.0,25620399000.0,1882797000.0,0.01,0.0,7.35,10.11
3652,株式会社ディジタルメディアプロフェッショナル,6465572400.0,536318000.0,0.0,3077721000.0,265555000.0,0.08,0.0,8.63,2.04
2196,株式会社エスクリ,3432838500.0,0.0,2074000.0,26179324000.0,803519000.0,0.0,0.0,3.07,-1.73
5269,日本コンクリート工業株式会社,16697553000.0,15248883000.0,254322000.0,52652871000.0,990010000.0,0.91,0.02,1.88,-1.86
3441,株式会社山王,4980000000.0,358207000.0,6739000.0,8802115000.0,232991000.0,0.07,0.02,2.65,-7.96
3537,昭栄薬品株式会社,5898365040.0,5575689000.0,141702000.0,25012868000.0,559832000.0,0.95,0.03,2.24,10.7
7082,株式会社ジモティー,5628065000.0,2369000.0,0.0,1774017000.0,559693000.0,0.0,0.0,31.55,1.28
4179,株式会社ジーネクスト,1922544264.0,0.0,0.0,691648000.0,0.0,0.0,0.0,0.0,13.24
1662,石油資源開発株式会社,266766000000.0,180280000000.0,4610000000.0,389082000000.0,62012000000.0,0.68,0.03,15.94,19.4
7482,株式会社シモジマ,29228712936.0,515000000.0,10000000.0,60680000000.0,2986000000.0,0.02,0.02,4.92,4.99
4063,信越化学工業株式会社,9254046690000.0,134632000000.0,686565000000.0,2561249000000.0,742105000000.0,0.01,5.1,28.97,6.06
7279,株式会社ハイレックスコーポレーション,91032319938.0,45612000000.0,1040000000.0,308382000000.0,365000000.0,0.5,0.02,0.12,3.27
5757,株式会社ＣＫサンエツ,33472925000.0,1759000000.0,54000000.0,125108000000.0,10263000000.0,0.05,0.03,8.2,12.27
7818,株式会社トランザクション,79783586400.0,4150574000.0,0.0,25047146000.0,5233177000.0,0.05,0.0,20.89,9.1
6925,ウシオ電機株式会社,164326250000.0,37473000000.0,950000000.0,177616000000.0,8825000000.0,0.23,0.03,4.97,-1.01
2737,株式会社トーメンデバイス,41220120000.0,231000000.0,10000000.0,421671000000.0,10169000000.0,0.01,0.04,2.41,13.76
8209,株式会社フレンドリー,1256507560.0,9000000.0,0.0,2103166000.0,0.0,0.01,0.0,0.0,1.72
7011,三菱重工業株式会社,10920495339000.0,232145000000.0,58115000000.0,1947178000000.0,145072000000.0,0.02,0.25,7.45,12.58
9306,東陽倉庫株式会社,12653176000.0,8708425000.0,167967000.0,0.0,1241234000.0,0.69,0.02,0.0,0.0
7073,株式会社ジェイック,2321178000.0,44801000.0,4357000.0,4190221000.0,238197000.0,0.02,0.1,5.68,13.99
9959,アシードホールディングス株式会社,9149610000.0,1650000000.0,65000000.0,23969000000.0,765000000.0,0.18,0.04,3.19,3.05
5110,住友ゴム工業株式会社,443490498000.0,16252000000.0,28338000000.0,623735000000.0,26651000000.0,0.04,1.74,4.27,1.33
8898,株式会社センチュリー２１・ジャパン,12570750000.0,715500000.0,29750000.0,0.0,1071667000.0,0.06,0.04,0.0,0.0
4113,田岡化学工業株式会社,18555400000.0,88000000.0,15000000.0,29930000000.0,1887000000.0,0.0,0.17,6.3,4.86
7922,三光産業株式会社,3198792800.0,1262473000.0,23551000.0,9666593000.0,82932000.0,0.39,0.02,0.86,-6.67
4628,エスケー化研株式会社,136198370000.0,11369000000.0,1518000000.0,106142000000.0,12444000000.0,0.08,0.13,11.72,5.21
4443,Ｓａｎｓａｎ株式会社,251670832000.0,3799000000.0,0.0,33878000000.0,1337000000.0,0.02,0.0,3.95,32.8
8798,株式会社アドバンスクリエイト,5688475200.0,30390000.0,2017000.0,7856949000.0,115157000.0,0.01,0.07,1.47,-24.27
7815,東京ボード工業株式会社,2269428780.0,112001000.0,5063000.0,7733749000.0,0.0,0.05,0.05,0.0,8.38
8917,ファースト住建株式会社,17121624700.0,200491000.0,6243000.0,35985810000.0,1828096000.0,0.01,0.03,5.08,-17.03
4238,ミライアル株式会社,11233200000.0,330668000.0,9865000.0,14003488000.0,1434665000.0,0.03,0.03,10.25,5.63
9739,ＮＳＷ株式会社,38114200000.0,1001000000.0,0.0,50028000000.0,6116000000.0,0.03,0.0,12.23,-0.54
5332,ＴＯＴＯ株式会社,663147807000.0,67536000000.0,2272000000.0,724454000000.0,48479000000.0,0.1,0.03,6.69,3.16
9956,株式会社バローホールディングス,142526997360.0,11930000000.0,307000000.0,827543000000.0,23191000000.0,0.08,0.03,2.8,5.74
5254,株式会社Ａｒｅｎｔ,29847877800.0,0.0,0.0,2939525000.0,1236192000.0,0.0,0.0,42.05,45.37
6849,日本光電工業株式会社,286788687900.0,4117000000.0,144000000.0,225424000000.0,20713000000.0,0.01,0.03,9.19,1.55
5572,株式会社Ｒｉｄｇｅ－ｉ,9525481720.0,0.0,0.0,1071954000.0,152738000.0,0.0,0.0,14.25,35.62
6265,コンバム株式会社,3943660000.0,579744000.0,14499000.0,1850703000.0,303608000.0,0.15,0.03,16.41,-3.81
8267,イオン株式会社,4009978476000.0,326209000000.0,5936000000.0,8829564000000.0,237747000000.0,0.08,0.02,2.69,5.9
3553,共和レザー株式会社,19306000000.0,5595000000.0,78000000.0,56397000000.0,2140000000.0,0.29,0.01,3.79,8.38
6817,スミダコーポレーション株式会社,31937656405.0,0.0,0.0,0.0,638000000.0,0.0,0.0,0.0,0.0
9029,株式会社ヒガシホールディングス,23344640000.0,1307229000.0,27494000.0,48126040000.0,2739863000.0,0.06,0.02,5.69,18.43
9319,株式会社中央倉庫,26327384000.0,12008628000.0,282244000.0,0.0,2189902000.0,0.46,0.02,0.0,0.0
2778,パレモ・ホールディングス株式会社,1795656216.0,4800000.0,0.0,15040684000.0,214926000.0,0.0,0.0,1.43,-5.65
3970,株式会社イノベーション,2741338500.0,104358000.0,303250000.0,5343785000.0,351870000.0,0.04,2.91,6.58,11.03
2736,フェスタリアホールディングス株式会社,841464000.0,90535000.0,0.0,9305952000.0,270418000.0,0.11,0.0,2.91,7.46
6326,株式会社　クボタ,1846037184000.0,78584000000.0,112878000000.0,1189605000000.0,45500000000.0,0.04,1.44,3.82,-2.76
2802,味の素株式会社,1974066640208.0,23960000000.0,146706000000.0,313636000000.0,0.0,0.01,6.12,0.0,2.07
4951,エステー株式会社,36409000000.0,5948000000.0,129000000.0,48114000000.0,1658000000.0,0.16,0.02,3.45,8.19
7250,太平洋工業株式会社,84673109376.0,38290000000.0,736000000.0,206129000000.0,13676000000.0,0.45,0.02,6.63,-0.59
9206,株式会社スターフライヤー,7865440000.0,37000000.0,25000000.0,42900000000.0,1230000000.0,0.0,0.68,2.87,7.2
7510,株式会社たけびし,29755525800.0,5666000000.0,147000000.0,100965000000.0,3426000000.0,0.19,0.03,3.39,-0.38
1950,日本電設工業株式会社,170519027000.0,41318000000.0,987000000.0,0.0,17934000000.0,0.24,0.02,0.0,0.0
2120,株式会社ＬＩＦＵＬＬ,25371171.0,227000000.0,337000000.0,23487000000.0,2051000000.0,8.95,1.48,8.73,2.55
5208,株式会社有沢製作所,50198400000.0,1969043000.0,25702000.0,49815616000.0,4893205000.0,0.04,0.01,9.82,18.29
5715,古河機械金属株式会社,85062630000.0,19903000000.0,930000000.0,201216000000.0,9763000000.0,0.23,0.05,4.85,6.88
7477,ムラキ株式会社,2005080000.0,222936000.0,5523000.0,7543131000.0,143883000.0,0.11,0.02,1.91,1.81
4318,株式会社クイック,42545975732.0,1762665000.0,8062000.0,32501017000.0,4533486000.0,0.04,0.0,13.95,10.22
2156,セーラー広告株式会社,2206314000.0,235208000.0,4682000.0,0.0,37907000.0,0.11,0.02,0.0,0.0
4397,株式会社チームスピリット,8850960800.0,0.0,0.0,4421949000.0,0.0,0.0,0.0,0.0,16.08
3104,富士紡ホールディングス株式会社,65058420000.0,2923000000.0,83000000.0,42912000000.0,6476000000.0,0.04,0.03,15.09,18.84
8154,加賀電子株式会社,163200242948.0,12556000000.0,249000000.0,547779000000.0,23601000000.0,0.08,0.02,4.31,0.94
5287,株式会社イトーヨーギョー,2722384000.0,139045000.0,4356000.0,3402549000.0,201647000.0,0.05,0.03,5.93,8.63
1928,積水ハウス株式会社,2074517193714.0,205632000000.0,2163000000.0,4058583000000.0,331366000000.0,0.1,0.01,8.16,30.62
6258,平田機工株式会社,21802594430.0,2738741000.0,57755000.0,88483792000.0,6898151000.0,0.13,0.02,7.8,6.81
3082,株式会社きちりホールディングス,10146841600.0,117412000.0,0.0,13747050000.0,784946000.0,0.01,0.0,5.71,25.64
5929,三和ホールディングス株式会社,1054642000000.0,33426000000.0,523000000.0,662380000000.0,80515000000.0,0.03,0.02,12.16,8.39
8803,平和不動産株式会社,86269191120.0,37027000000.0,529000000.0,42075000000.0,13196000000.0,0.43,0.01,31.36,-5.31
3967,株式会社エルテス,4346750080.0,417970000.0,1048000.0,7317064000.0,93326000.0,0.1,0.0,1.28,11.96
3092,株式会社ＺＯＺＯ,459124548568.0,931000000.0,0.0,213131000000.0,64756000000.0,0.0,0.0,30.38,8.18
9401,株式会社ＴＢＳホールディングス,818185131000.0,756458000000.0,13059000000.0,406700000000.0,19465000000.0,0.92,0.02,4.79,3.14
6814,古野電気株式会社,132362399100.0,4548000000.0,193000000.0,126953000000.0,13181000000.0,0.03,0.04,10.38,10.54
6497,株式会社ハマイ,8322460940.0,3639251000.0,66630000.0,12092902000.0,1117647000.0,0.44,0.02,9.24,8.63
7872,エステールホールディングス株式会社,6566007000.0,226000000.0,2000000.0,31271000000.0,188000000.0,0.03,0.01,0.6,-1.35
5202,日本板硝子株式会社,44213337000.0,1643000000.0,13150000000.0,119967000000.0,3730000000.0,0.04,8.0,3.11,9.9
7932,株式会社ニッピ,30450060000.0,4789000000.0,134000000.0,49141000000.0,3627000000.0,0.16,0.03,7.38,0.19
8252,株式会社　丸井グループ,637248913518.0,46523000000.0,434000000.0,254392000000.0,44515000000.0,0.07,0.01,17.5,8.15
4777,株式会社ガーラ,6754000900.0,0.0,0.0,2350908000.0,227930000.0,0.0,0.0,9.7,56.94
6264,株式会社マルマエ,20232150000.0,7000000.0,0.0,4749003000.0,156519000.0,0.0,0.0,3.3,-30.86
4259,株式会社エクサウィザーズ,37925456400.0,40000000.0,2000000.0,9811000000.0,23000000.0,0.0,0.05,0.23,17.02
6562,株式会社ジーニー,27824912400.0,62328000.0,0.0,7902063000.0,993687000.0,0.0,0.0,12.58,33.28
6292,株式会社カワタ,5277720000.0,479421000.0,17645000.0,20766991000.0,984440000.0,0.09,0.04,4.74,-15.22
1827,株式会社ナカノフドー建設,24838629840.0,4402000000.0,92000000.0,110538000000.0,3280000000.0,0.18,0.02,2.97,2.91
3153,八洲電機株式会社,38053154000.0,3353000000.0,38000000.0,66075000000.0,5253000000.0,0.09,0.01,7.95,1.87
4665,株式会社ダスキン,188880000000.0,69509000000.0,529000000.0,188791000000.0,7268000000.0,0.37,0.01,3.85,5.6
3148,株式会社クリエイトＳＤホールディングス,237542760810.0,182000000.0,1000000.0,422330000000.0,20227000000.0,0.0,0.01,4.79,10.86
6155,高松機械工業株式会社,5366740000.0,1116000000.0,9000000.0,13893000000.0,31000000.0,0.21,0.01,0.22,-2.05
3946,株式会社トーモク,58313115000.0,11012000000.0,263000000.0,219613000000.0,9360000000.0,0.19,0.02,4.26,3.82
4967,小林製薬株式会社,406172200000.0,24617000000.0,608000000.0,165600000000.0,24860000000.0,0.06,0.02,15.01,-4.53
6092,株式会社エンバイオ・ホールディングス,5150376000.0,836741000.0,60260000.0,10668079000.0,839454000.0,0.16,0.07,7.87,11.41
3632,グリーホールディングス株式会社,87358354200.0,9230000000.0,15000000.0,61309000000.0,5981000000.0,0.11,0.0,9.76,-18.73
4107,伊勢化学工業株式会社,129508104700.0,0.0,0.0,33287000000.0,7659000000.0,0.0,0.0,23.01,26.03
3169,株式会社ミサワ,4480812000.0,0.0,0.0,12637840000.0,325650000.0,0.0,0.0,2.58,4.57
5801,古河電気工業株式会社,539541911295.0,98794000000.0,2171000000.0,1201762000000.0,47097000000.0,0.18,0.02,3.92,13.75
3513,イチカワ株式会社,8891200290.0,5682000000.0,143000000.0,13947000000.0,1072000000.0,0.64,0.03,7.69,2.53
3417,大木ヘルスケアホールディングス株式会社,15577814700.0,11670000000.0,195000000.0,349452000000.0,2768000000.0,0.75,0.02,0.79,4.42
8061,西華産業株式会社,60306400000.0,16922000000.0,287000000.0,93734000000.0,6487000000.0,0.28,0.02,6.92,8.01
4563,アンジェス株式会社,17469030550.0,441804000.0,160770000.0,0.0,0.0,0.03,0.36,0.0,0.0
4725,株式会社ＣＡＣ　Ｈｏｌｄｉｎｇｓ,41021175800.0,21820000000.0,98000000.0,52063000000.0,3394000000.0,0.53,0.0,6.52,3.02
3446,株式会社ジェイテックコーポレーション,6415080000.0,30833000.0,69001000.0,2010340000.0,285836000.0,0.0,2.24,14.22,5.34
2292,エスフーズ株式会社,81893646000.0,14433000000.0,603000000.0,444546000000.0,5143000000.0,0.18,0.04,1.16,4.6
2464,株式会社ＡｏｂａーＢＢＴ,4963906800.0,13487000.0,80357000.0,7700028000.0,440714000.0,0.0,5.96,5.72,3.01
6993,大黒屋ホールディングス株式会社,10451314828.0,66199000.0,1685000.0,10232047000.0,113059000.0,0.01,0.03,1.1,-6.7
8766,東京海上ホールディングス株式会社,11522772000000.0,0.0,0.0,0.0,716033000000.0,0.0,0.0,0.0,0.0
6493,株式会社ＮＩＴＴＡＮ,10982987940.0,7664081000.0,286241000.0,51446480000.0,1507640000.0,0.7,0.04,2.93,3.98
6333,株式会社帝国電機製作所,55535325020.0,1147726000.0,28383000.0,30546287000.0,6055735000.0,0.02,0.02,19.82,4.55
4750,株式会社ダイサン,4281316000.0,3203000.0,0.0,10837533000.0,370802000.0,0.0,0.0,3.42,4.13
2433,株式会社博報堂ＤＹホールディングス,452862844350.0,126834000000.0,2213000000.0,0.0,37581000000.0,0.28,0.02,0.0,0.0
8066,三谷商事株式会社,207025000000.0,13627000000.0,267000000.0,339005000000.0,31508000000.0,0.07,0.02,9.29,4.38
5108,株式会社ブリヂストン,4310735920000.0,50646000000.0,109211000000.0,967363000000.0,141528000000.0,0.01,2.16,14.63,-3.99
6357,三精テクノロジーズ株式会社,30892627086.0,8058452000.0,237469000.0,61861600000.0,4797324000.0,0.26,0.03,7.75,18.27
7090,株式会社リグア,1596460800.0,0.0,0.0,2872367000.0,0.0,0.0,0.0,0.0,-16.27
4486,ユナイトアンドグロウ株式会社,2483750000.0,10000000.0,16254000.0,2967183000.0,395353000.0,0.0,1.63,13.32,16.26
3198,ＳＦＰホールディングス株式会社,50555134824.0,0.0,0.0,30389199000.0,2186874000.0,0.0,0.0,7.2,4.5
7445,株式会社ライトオン,9245028000.0,0.0,5000000.0,38808000000.0,0.0,0.0,0.0,0.0,-17.3
4057,株式会社インターファクトリー,2004458400.0,0.0,0.0,2595333000.0,519612000.0,0.0,0.0,20.02,4.35
1801,大成建設株式会社,1573583160952.0,428326000000.0,6095000000.0,2154223000000.0,120160000000.0,0.27,0.01,5.58,22.05
7745,株式会社Ａ＆Ｄホロンホールディングス,55133100000.0,315000000.0,29000000.0,67083000000.0,8813000000.0,0.01,0.09,13.14,8.28
3241,株式会社ウィル,5312080000.0,0.0,0.0,13213000000.0,1120000000.0,0.0,0.0,8.48,14.38
9241,株式会社フューチャーリンクネットワーク,1322247150.0,53018000.0,0.0,1515249000.0,236081000.0,0.04,0.0,15.58,9.59
7875,竹田ｉＰホールディングス株式会社,8763438000.0,2872000000.0,82000000.0,34198000000.0,1375000000.0,0.33,0.03,4.02,7.99
7065,ユーピーアール株式会社,6028420000.0,120062000.0,8241000.0,15463106000.0,578253000.0,0.02,0.07,3.74,4.24
2379,ディップ株式会社,143854880000.0,5110230000.0,0.0,56386193000.0,13405747000.0,0.04,0.0,23.77,4.84
8746,ＵＮＢＡＮＫＥＤ株式会社,3488004000.0,397344000.0,26022000.0,9489720000.0,187221000.0,0.11,0.07,1.97,78.7
2750,石光商事株式会社,9080000000.0,1241387000.0,15397000.0,64953996000.0,1557458000.0,0.14,0.01,2.4,4.72
4680,株式会社ラウンドワン,441658351302.0,0.0,118000000.0,177057000000.0,8322000000.0,0.0,0.0,4.7,80.69
4463,日華化学株式会社,22721930000.0,1966000000.0,43000000.0,54099000000.0,3519000000.0,0.09,0.02,6.5,7.83
6526,株式会社ソシオネクスト,490465351042.5,0.0,1455000000.0,188535000000.0,25000000000.0,0.0,0.0,13.26,-14.78
3191,株式会社ジョイフル本田,133704112724.0,2740000000.0,71000000.0,126894000000.0,10568000000.0,0.02,0.03,8.33,2.86
3086,Ｊ．フロント　リテイリング株式会社,544919448696.0,2060000000.0,20000000.0,0.0,10878000000.0,0.0,0.01,0.0,0.0
6262,株式会社ＰＥＧＡＳＵＳ,13928844600.0,513463000.0,2369000.0,22040325000.0,1573460000.0,0.04,0.0,7.14,25.64
7902,株式会社ソノコム,4420000000.0,2162939000.0,3475000.0,2423115000.0,201962000.0,0.49,0.0,8.33,13.53
7976,三菱鉛筆株式会社,124526887680.0,26130000000.0,535000000.0,88820000000.0,12189000000.0,0.21,0.02,13.72,18.74
8025,株式会社ツカモトコーポレーション,5400554269.0,8066425000.0,243634000.0,9681223000.0,68274000.0,1.49,0.03,0.71,-1.2
3543,株式会社コメダホールディングス,139033837500.0,158000000.0,0.0,0.0,3327000000.0,0.0,0.0,0.0,0.0
3763,株式会社プロシップ,46745698100.0,584581000.0,62127000.0,7564803000.0,2309487000.0,0.01,0.11,30.53,11.04
2359,株式会社コア,28630739400.0,1921175000.0,54861000.0,24599166000.0,3175462000.0,0.07,0.03,12.91,2.5
5139,オープンワーク株式会社,21727784800.0,0.0,0.0,0.0,1026173000.0,0.0,0.0,0.0,0.0
1712,株式会社ダイセキ環境ソリューション,19502632080.0,728000000.0,16000000.0,19944000000.0,2253000000.0,0.04,0.02,11.3,-17.42
1768,株式会社ソネック,6697500000.0,762206000.0,21737000.0,15196596000.0,658749000.0,0.11,0.03,4.33,-6.08
4588,オンコリスバイオファーマ株式会社,15551076800.0,0.0,0.0,31384000.0,0.0,0.0,0.0,0.0,-50.21
7031,株式会社インバウンドテック,2083541900.0,0.0,0.0,2544543000.0,21387000.0,0.0,0.0,0.84,-23.31
3624,アクセルマーク株式会社,1213678200.0,37540000.0,0.0,1584443000.0,0.0,0.03,0.0,0.0,-26.13
1853,株式会社　森組,9905600000.0,623000000.0,8000000.0,29454000000.0,1081000000.0,0.06,0.01,3.67,6.79
8388,株式会社阿波銀行,123600000000.0,0.0,0.0,0.0,0.0,0.0,0.0,0.0,0.0
9720,株式会社ホテル、ニューグランド,7605640000.0,79675000.0,2375000.0,5856242000.0,254902000.0,0.01,0.03,4.35,9.0
3653,株式会社モルフォ,6648759500.0,316231000.0,0.0,3300850000.0,257073000.0,0.05,0.0,7.79,38.5
7368,表示灯株式会社,7675118370.0,84066000.0,1537000.0,10020947000.0,980140000.0,0.01,0.02,9.78,-1.2
6200,株式会社インソース,82429981000.0,169326000.0,0.0,12474662000.0,4937091000.0,0.0,0.0,39.58,15.68
4413,株式会社ボードルア,44671710244.0,2643000.0,0.0,7210318000.0,1796513000.0,0.0,0.0,24.92,18.95
7343,ブロードマインド株式会社,6410742624.0,0.0,0.0,6021968000.0,519610000.0,0.0,0.0,8.63,15.32
3954,昭和パックス株式会社,9233750000.0,5806011000.0,192835000.0,23316657000.0,1377754000.0,0.63,0.03,5.91,7.69
5257,ノバシステム株式会社,4235550000.0,362099000.0,7024000.0,6461829000.0,528186000.0,0.09,0.02,8.17,19.16
8410,株式会社セブン銀行,314049706004.1504,0.0,0.0,0.0,0.0,0.0,0.0,0.0,0.0
7353,ＫＩＹＯラーニング株式会社,4798942200.0,27758000.0,0.0,4467921000.0,212787000.0,0.01,0.0,4.76,17.62
6387,サムコ　株式会社,23847142165.0,369068000.0,5461000.0,8203159000.0,2017161000.0,0.02,0.01,24.59,4.76
6973,協栄産業株式会社,12486760950.0,4534062000.0,101454000.0,57709302000.0,974249000.0,0.36,0.02,1.69,-6.44
3186,株式会社ネクステージ,153215380800.0,67000000.0,47000000.0,552778000000.0,12943000000.0,0.0,0.7,2.34,19.27
2212,山崎製パン株式会社,697635817620.0,76726000000.0,1791000000.0,1244488000000.0,51873000000.0,0.11,0.02,4.17,5.86
1850,南海辰村建設株式会社,9169530000.0,866000000.0,9000000.0,52945000000.0,2381000000.0,0.09,0.01,4.5,21.36
2053,中部飼料株式会社,50446231000.0,6943000000.0,229000000.0,209837000000.0,4281000000.0,0.14,0.03,2.04,-10.41
9632,スバル興業株式会社,39078160000.0,262455000.0,5468000.0,30274035000.0,4808767000.0,0.01,0.02,15.88,3.52
6199,株式会社セラク,20888283000.0,3496000.0,1806000.0,22221595000.0,2273862000.0,0.0,0.52,10.23,6.53
9843,株式会社ニトリホールディングス,1514087452080.0,22986000000.0,526000000.0,29078000000.0,0.0,0.02,0.02,0.0,-3.68
8914,エリアリンク株式会社,61935147400.0,36591000.0,1514000.0,24695794000.0,4906750000.0,0.0,0.04,19.87,9.94
7442,中山福株式会社,8206884000.0,3582469000.0,78808000.0,40949509000.0,154573000.0,0.44,0.02,0.38,6.11
3271,株式会社　ＴＨＥグローバル社,33004796000.0,660714000.0,2013282000.0,27037074000.0,1757869000.0,0.02,3.05,6.5,-36.22
1961,三機工業株式会社,231216689880.0,31383000000.0,857000000.0,253136000000.0,21893000000.0,0.14,0.03,8.65,14.07
2894,石井食品株式会社,5738304000.0,777918000.0,20493000.0,10869656000.0,267758000.0,0.14,0.03,2.46,3.6
4382,ＨＥＲＯＺ株式会社,15376145344.0,375091000.0,0.0,4841640000.0,451351000.0,0.02,0.0,9.32,62.43
7042,株式会社アクセスグループ・ホールディングス,923795000.0,20869000.0,0.0,3594937000.0,230763000.0,0.02,0.0,6.42,4.14
7780,株式会社メニコン,88372708864.0,822000000.0,18000000.0,121491000000.0,10051000000.0,0.01,0.02,8.27,4.56
5985,サンコール株式会社,10489556000.0,5898000000.0,126000000.0,63940000000.0,3442000000.0,0.56,0.02,5.38,24.16
9759,株式会社ＮＳＤ,308654000000.0,1785000000.0,41000000.0,107791000000.0,16849000000.0,0.01,0.02,15.63,6.45
9218,株式会社メンタルヘルステクノロジーズ,6745032900.0,10026000.0,0.0,5134775000.0,109747000.0,0.0,0.0,2.14,96.84
9823,株式会社マミーマート,61217816310.0,346000000.0,12000000.0,158458000000.0,6434000000.0,0.01,0.03,4.06,11.08
6932,株式会社遠藤照明,34487184000.0,93000000.0,415000000.0,53735000000.0,4930000000.0,0.0,4.46,9.17,3.92
4771,株式会社エフアンドエム,41643160000.0,910444000.0,1164000.0,17066373000.0,2716893000.0,0.02,0.0,15.92,14.83
4975,株式会社ＪＣＵ,89800665000.0,1402110000.0,40695000.0,28356968000.0,10513763000.0,0.02,0.03,37.08,14.07
6373,大同工業株式会社,12606296000.0,16715000000.0,546000000.0,57515000000.0,1382000000.0,1.33,0.03,2.4,2.63
9684,株式会社スクウェア・エニックス・ホールディングス,1242464340000.0,5553000000.0,1335000000.0,324506000000.0,40580000000.0,0.0,0.24,12.51,-8.93
7245,大同メタル工業株式会社,31648488498.0,8034000000.0,201000000.0,136303000000.0,7091000000.0,0.25,0.03,5.2,5.88
6730,株式会社アクセル,10707449495.0,2179000000.0,54000000.0,15244000000.0,1461000000.0,0.2,0.02,9.58,-13.24
7278,株式会社エクセディ,207492110000.0,3427000000.0,7796000000.0,117575000000.0,7821000000.0,0.02,2.27,6.65,2.69
3426,アトムリビンテック株式会社,6145185000.0,2542839000.0,6540000.0,10162479000.0,333501000.0,0.41,0.0,3.28,-2.43
7131,のむら産業株式会社,2976578925.0,140350000.0,19776000.0,6612904000.0,505256000.0,0.05,0.14,7.64,10.71
7722,国際計測器株式会社,7710600000.0,712386000.0,194156000.0,13204277000.0,1211070000.0,0.09,0.27,9.17,28.96
9713,株式会社ロイヤルホテル,13497246000.0,197000000.0,25000000.0,25164000000.0,912000000.0,0.01,0.13,3.62,21.75
4599,株式会社ステムリム,18887622400.0,0.0,0.0,0.0,0.0,0.0,0.0,0.0,0.0
6325,株式会社タカキタ,5446000000.0,829267000.0,30048000.0,7007958000.0,344722000.0,0.15,0.04,4.92,-17.39
4559,ゼリア新薬工業株式会社,110700391960.0,8865571000.0,340650000.0,87311137000.0,12197585000.0,0.08,0.04,13.97,15.3
7413,株式会社創健社,1775038000.0,125828000.0,2675000.0,4950632000.0,65881000.0,0.07,0.02,1.33,1.37
3679,株式会社じげん,51717100000.0,181000000.0,1005000000.0,7505000000.0,748000000.0,0.0,5.55,9.97,-0.27
4492,株式会社ゼネテック,5282524000.0,0.0,180000000.0,8124549000.0,693618000.0,0.0,0.0,8.54,13.66
4890,株式会社坪田ラボ,9819851900.0,0.0,0.0,1357133000.0,235467000.0,0.0,0.0,17.35,101.49
3964,株式会社オークネット,40636411200.0,2491497000.0,60316000.0,55910315000.0,7005060000.0,0.06,0.02,12.53,29.11
9364,株式会社上組,444528496000.0,96863000000.0,1683000000.0,0.0,33095000000.0,0.22,0.02,0.0,0.0
4507,塩野義製薬株式会社,2237869786522.5,60461000000.0,2913000000.0,363309000000.0,114356000000.0,0.03,0.05,31.48,5.08
7524,マルシェ株式会社,1727180800.0,32523000.0,0.0,4581766000.0,44643000.0,0.02,0.0,0.97,-2.0
4893,ノイルイミューン・バイオテック株式会社,7534507110.0,0.0,0.0,0.0,0.0,0.0,0.0,0.0,0.0
9948,株式会社アークス,179000145000.0,10461000000.0,245000000.0,608284000000.0,15936000000.0,0.06,0.02,2.62,2.83
3937,株式会社Ｕｂｉｃｏｍホールディングス,12115170880.0,352449000.0,340000000.0,6340989000.0,1315569000.0,0.03,0.96,20.75,6.7
3167,株式会社ＴＯＫＡＩホールディングス,146942308000.0,16274000000.0,358000000.0,243482000000.0,16841000000.0,0.11,0.02,6.92,5.17
7806,株式会社ＭＴＧ,182872087680.0,3212000000.0,22000000.0,71865000000.0,3277000000.0,0.02,0.01,4.56,19.47
7175,今村証券株式会社,5889240000.0,2102043000.0,0.0,0.0,986395000.0,0.36,0.0,0.0,0.0
4914,高砂香料工業株式会社,147314022070.0,23204000000.0,559000000.0,229207000000.0,15341000000.0,0.16,0.02,6.69,16.98
9104,株式会社　商船三井,1730026016736.0,1779474000000.0,5677000000.0,1775470000000.0,150851000000.0,1.03,0.0,8.5,9.06
4494,バリオセキュア株式会社,3446496282.0,0.0,0.0,2667539000.0,217167000.0,0.0,0.0,8.14,1.03
3190,株式会社ホットマン,4321647000.0,345563000.0,8502000.0,21908697000.0,661608000.0,0.08,0.02,3.02,4.34
6675,サクサ株式会社,25698018630.0,2933000000.0,123000000.0,43971000000.0,3243000000.0,0.11,0.04,7.38,7.38
1377,株式会社　サカタのタネ,158826012500.0,19720000000.0,421000000.0,88677000000.0,10495000000.0,0.12,0.02,11.84,14.77
3993,株式会社ＰＫＳＨＡ　Ｔｅｃｈｎｏｌｏｇｙ,109421900000.0,2435733000.0,34669000.0,3328288000.0,0.0,0.02,0.01,0.0,47.22
7952,株式会社河合楽器製作所,23347501000.0,7232000000.0,97000000.0,72918000000.0,316000000.0,0.31,0.01,0.43,-9.07
4811,株式会社ドリーム・アーツ,15468299000.0,0.0,0.0,5033855000.0,773510000.0,0.0,0.0,15.37,13.37
9250,株式会社ＧＲＣＳ,1798309390.0,0.0,49977000.0,3288826000.0,44162000.0,0.0,0.0,1.34,18.14
6904,原田工業株式会社,9464730000.0,244473000.0,1101993000.0,44817176000.0,1729417000.0,0.03,4.51,3.86,-4.63
8076,株式会社カノークス,19552383000.0,12038450000.0,316800000.0,173013544000.0,2512098000.0,0.62,0.03,1.45,0.31
7337,株式会社ひろぎんホールディングス,384116100000.0,0.0,0.0,0.0,21784000000.0,0.0,0.0,0.0,0.0
8273,株式会社イズミ,217217221200.0,10540000000.0,214000000.0,415633000000.0,31425000000.0,0.05,0.02,7.56,2.16
1870,矢作建設工業株式会社,85467012000.0,5662000000.0,135000000.0,140699000000.0,8654000000.0,0.07,0.02,6.15,17.42
2139,株式会社中広,3240240000.0,171201000.0,1645000.0,11332980000.0,309792000.0,0.05,0.01,2.73,10.7
6866,日置電機株式会社,75871814650.0,741604000.0,33345000.0,39270659000.0,7525888000.0,0.01,0.04,19.16,0.3
2910,株式会社ロック・フィールド,40583820000.0,486000000.0,12000000.0,51357000000.0,1738000000.0,0.01,0.02,3.38,2.78
4684,株式会社オービック,2791290000000.0,221988000000.0,3961000000.0,121240000000.0,78378000000.0,0.08,0.02,64.65,8.65
7127,株式会社一家ホールディングス,4758911600.0,188799000.0,0.0,10089884000.0,55092000.0,0.04,0.0,0.55,9.28
9048,名古屋鉄道株式会社,321605631420.0,147074000000.0,1938000000.0,0.0,42076000000.0,0.46,0.01,0.0,0.0
3079,ディーブイエックス株式会社,9885260000.0,95230000.0,0.0,45851074000.0,653152000.0,0.01,0.0,1.42,-3.44
7809,株式会社壽屋,13215955500.0,0.0,0.0,16379234000.0,1656429000.0,0.0,0.0,10.11,-9.51
6135,株式会社　牧野フライス製作所,285034479450.0,25226000000.0,563000000.0,234216000000.0,18516000000.0,0.09,0.02,7.91,3.93
4979,ＯＡＴアグリオ株式会社,26085632000.0,484000000.0,7000000.0,29773000000.0,3114000000.0,0.02,0.01,10.46,2.71
2393,株式会社日本ケアサプライ,34099155300.0,459756000.0,0.0,32006970000.0,2459284000.0,0.01,0.0,7.68,11.94
1866,北野建設株式会社,25312320000.0,10954000000.0,223000000.0,80853000000.0,3640000000.0,0.43,0.02,4.5,-4.84
2743,ピクセルカンパニーズ株式会社,10187606000.0,0.0,24205000.0,887056000.0,53455000.0,0.0,0.0,6.03,45.56
2158,株式会社ＦＲＯＮＴＥＯ,21881936000.0,966614000.0,35839000.0,6099403000.0,527550000.0,0.04,0.04,8.65,-17.3
9476,株式会社中央経済社ホールディングス,2586296832.0,319348000.0,11281000.0,3100472000.0,119539000.0,0.12,0.04,3.86,2.28
2311,株式会社エプコ,6772732000.0,291390000.0,0.0,5607016000.0,334535000.0,0.04,0.0,5.97,10.82
6701,日本電気株式会社,1105315350000.0,103414000000.0,17442000000.0,1981159000000.0,250457000000.0,0.09,0.17,12.64,7.79
9386,日本コンセプト株式会社,42298925000.0,4519000.0,230846000.0,18229471000.0,2846188000.0,0.0,51.08,15.61,5.42
4045,東亞合成株式会社,162663500000.0,34023000000.0,1299000000.0,167594000000.0,14233000000.0,0.21,0.04,8.49,5.16
5702,株式会社大紀アルミニウム工業所,43891010410.0,5519000000.0,214000000.0,299795000000.0,4834000000.0,0.13,0.04,1.61,14.13
7318,セレンディップ・ホールディングス株式会社,15679504500.0,2421890000.0,78794000.0,25124596000.0,734596000.0,0.15,0.03,2.92,26.97
5261,リソルホールディングス株式会社,28933840000.0,0.0,0.0,28400000000.0,2681000000.0,0.0,0.0,9.44,10.43
2749,株式会社ＪＰホールディングス,47087278400.0,546995000.0,0.0,41147032000.0,5809002000.0,0.01,0.0,14.12,8.69
3850,株式会社エヌ・ティ・ティ・データ・イントラマート,18011425000.0,335094000.0,2143000.0,11829406000.0,551729000.0,0.02,0.01,4.66,27.78
1807,株式会社佐藤渡辺,10609724000.0,3895195000.0,72501000.0,40422787000.0,1177072000.0,0.37,0.02,2.91,5.27
2288,丸大食品株式会社,47869079286.0,16222000000.0,420000000.0,234970000000.0,5469000000.0,0.34,0.03,2.33,2.69
3776,株式会社ブロードバンドタワー,9249825000.0,2431614000.0,51771000.0,13423481000.0,668306000.0,0.26,0.02,4.98,1.36
2175,株式会社エス・エム・エス,124775280000.0,2875000000.0,1724000000.0,60952000000.0,6335000000.0,0.02,0.6,10.39,12.93
6548,株式会社旅工房,3187767800.0,0.0,0.0,3342348000.0,0.0,0.0,0.0,0.0,164.81
7254,株式会社ユニバンス,11674996713.0,4524190000.0,134186000.0,53915906000.0,4031239000.0,0.39,0.03,7.48,2.17
9007,小田急電鉄株式会社,593464418500.0,85605000000.0,1518000000.0,0.0,51431000000.0,0.14,0.02,0.0,0.0
3665,株式会社エニグモ,12195612000.0,3551874000.0,0.0,5928834000.0,739675000.0,0.29,0.0,12.48,-4.43
3447,信和株式会社,10690074000.0,52094000.0,10681000.0,13821713000.0,292141000.0,0.0,0.21,2.11,9.02
8041,ＯＵＧホールディングス株式会社,20079874120.0,7108000000.0,204000000.0,350092000000.0,5100000000.0,0.35,0.03,1.46,5.07
8037,カメイ株式会社,82774419000.0,21859000000.0,417000000.0,574281000000.0,15912000000.0,0.26,0.02,2.77,0.36
6503,三菱電機株式会社,6569941909000.0,156296000000.0,214695000000.0,2070072000000.0,66579000000.0,0.02,1.37,3.22,-22.83
4516,日本新薬株式会社,219746641952.0,36526000000.0,1139000000.0,152454000000.0,15610000000.0,0.17,0.03,10.24,8.56
3815,株式会社メディア工房,6678300000.0,0.0,0.0,2012763000.0,487485000.0,0.0,0.0,24.22,-2.95
2340,株式会社　極楽湯ホールディングス,15204666400.0,248499000.0,0.0,15164192000.0,1140258000.0,0.02,0.0,7.52,7.68
3865,北越コーポレーション株式会社,186172470000.0,30608000000.0,983000000.0,305718000000.0,19727000000.0,0.16,0.03,6.45,2.92
9045,京阪ホールディングス株式会社,343167824000.0,56000000000.0,567000000.0,0.0,42071000000.0,0.16,0.01,0.0,0.0
2211,株式会社不二家,63763832000.0,6858000000.0,67000000.0,109984000000.0,2298000000.0,0.11,0.01,2.09,4.22
8074,ユアサ商事株式会社,101770500000.0,13082000000.0,352000000.0,528387000000.0,15761000000.0,0.13,0.03,2.98,0.35
4881,株式会社ファンペップ,3532559200.0,29970000.0,0.0,0.0,0.0,0.01,0.0,0.0,0.0
3766,システムズ・デザイン株式会社,4042500000.0,171164000.0,4146000.0,9609075000.0,454455000.0,0.04,0.02,4.73,1.59
2461,株式会社ファンコミュニケーションズ,35618604816.0,1140546000.0,4150000.0,6961663000.0,1595822000.0,0.03,0.0,22.92,-5.88
7575,日本ライフライン株式会社,109849100000.0,7374000000.0,57000000.0,56610000000.0,12326000000.0,0.07,0.01,21.77,10.17
3497,株式会社ＬｅＴｅｃｈ,7272609034.0,0.0,0.0,14795227000.0,1530710000.0,0.0,0.0,10.35,-7.47
6091,株式会社ウエスコホールディングス,10632296000.0,2197692000.0,94388000.0,15725320000.0,942251000.0,0.21,0.04,5.99,0.85
2268,Ｂ－Ｒ　サーティワン　アイスクリーム株式会社,40844686190.0,105045000.0,0.0,30688195000.0,2363899000.0,0.0,0.0,7.7,23.94
3692,株式会社ＦＦＲＩセキュリティ,46928700000.0,372284000.0,0.0,3039446000.0,817002000.0,0.01,0.0,26.88,24.22
3944,古林紙工株式会社,3580292300.0,4658476000.0,120493000.0,18101971000.0,189162000.0,1.3,0.03,1.04,1.06
9416,株式会社ビジョン,54657448000.0,115026000.0,4024000.0,35528993000.0,5365056000.0,0.0,0.03,15.1,11.7
9882,株式会社イエローハット,74773944668.0,11341000000.0,303000000.0,154066000000.0,15450000000.0,0.15,0.03,10.03,5.06
3138,株式会社富士山マガジンサービス,3013898580.0,38294000.0,0.0,5618929000.0,308094000.0,0.01,0.0,5.48,-2.64
5304,ＳＥＣカーボン株式会社,43685751740.0,17724000000.0,891000000.0,31179000000.0,6823000000.0,0.41,0.05,21.88,-16.43
1968,太平電業株式会社,126230260000.0,17635000000.0,458000000.0,125670000000.0,13037000000.0,0.14,0.03,10.37,-2.85
2454,株式会社オールアバウト,5260642800.0,558510000.0,3000000.0,15954371000.0,10800000.0,0.11,0.01,0.07,1.6
3420,株式会社ケー・エフ・シー,12136892250.0,4208372000.0,64170000.0,26073037000.0,1358751000.0,0.35,0.02,5.21,4.0
8002,丸紅株式会社,4871003214000.0,159662000000.0,447742000000.0,0.0,0.0,0.03,2.8,0.0,0.0
4450,株式会社パワーソリューションズ,4902813320.0,387745000.0,0.0,6748255000.0,528434000.0,0.08,0.0,7.83,13.77
7494,株式会社コナカ,8548042580.0,4144000000.0,46000000.0,62217000000.0,81000000.0,0.48,0.01,0.13,-5.44
1965,株式会社テクノ菱和,77906760000.0,10231000000.0,269000000.0,84190000000.0,9629000000.0,0.13,0.03,11.44,14.25
4926,株式会社シーボン,4889130400.0,317142000.0,7587000.0,8838895000.0,171019000.0,0.06,0.02,1.93,4.0
2425,株式会社ケアサービス,3435600000.0,0.0,0.0,9862197000.0,520963000.0,0.0,0.0,5.28,2.33
6513,株式会社オリジン,6981385412.0,7711534000.0,195754000.0,28803206000.0,839607000.0,1.1,0.03,2.91,2.12
5408,株式会社中山製鋼所,39550533000.0,3193000000.0,94000000.0,169329000000.0,8436000000.0,0.08,0.03,4.98,-8.2
6930,日本アンテナ株式会社,11268400000.0,545000000.0,12000000.0,10691000000.0,490000000.0,0.05,0.02,4.58,-6.1
4028,石原産業株式会社,86904216000.0,11488000000.0,458000000.0,145196000000.0,10482000000.0,0.13,0.04,7.22,4.87
5820,株式会社三ッ星,2773974450.0,466748000.0,18272000.0,10876358000.0,118376000.0,0.17,0.04,1.09,5.29
3397,株式会社トリドールホールディングス,378590029512.0,161000000.0,429000000.0,96471000000.0,4563000000.0,0.0,2.66,4.73,11.7
6962,株式会社大真空,18190606646.0,2759028000.0,61480000.0,38620931000.0,915023000.0,0.15,0.02,2.37,-1.84
3001,片倉工業株式会社,90502550000.0,32887000000.0,1354000000.0,39424000000.0,4124000000.0,0.36,0.04,10.46,-1.37
8344,株式会社山形銀行,49097184000.0,0.0,0.0,0.0,0.0,0.0,0.0,0.0,0.0
6920,レーザーテック株式会社,1627383264000.0,1320000000.0,39000000.0,213506000000.0,81375000000.0,0.0,0.03,38.11,39.7
6033,株式会社エクストリーム,6895610352.0,1499078000.0,67261000.0,11336259000.0,1517847000.0,0.22,0.04,13.39,10.95
2226,株式会社湖池屋,51482750000.0,296000000.0,10000000.0,59383000000.0,4019000000.0,0.01,0.03,6.77,8.31
4736,日本ラッド株式会社,3973410000.0,483427000.0,64144000.0,4356055000.0,318253000.0,0.12,0.13,7.31,9.32
8995,株式会社誠建設工業,1277620000.0,474568000.0,12228000.0,3274673000.0,20213000.0,0.37,0.03,0.62,2.67
9766,コナミグループ株式会社,2930270000000.0,723000000.0,0.0,0.0,47458000000.0,0.0,0.0,0.0,0.0
7760,ＩＭＶ株式会社,27555151000.0,169681000.0,2153000.0,15340372000.0,1847799000.0,0.01,0.01,12.05,11.75
4931,新日本製薬株式会社,50179539200.0,324000000.0,1000000.0,40043000000.0,4176000000.0,0.01,0.0,10.43,6.35
9413,株式会社テレビ東京ホールディングス,101077035000.0,20661000000.0,249000000.0,155837000000.0,7789000000.0,0.2,0.01,5.0,4.88
5939,株式会社大谷工業,4243200000.0,137865000.0,4223000.0,4933352000.0,473257000.0,0.03,0.03,9.59,7.15
8940,株式会社インテリックス,7726266500.0,921438000.0,10023000.0,42702249000.0,931038000.0,0.12,0.01,2.18,3.55
1407,株式会社ウエストホールディングス,68028627264.0,1742000000.0,34000000.0,50390000000.0,10597000000.0,0.03,0.02,21.03,15.22
8707,岩井コスモホールディングス株式会社,57827744000.0,13871000000.0,0.0,0.0,8648000000.0,0.24,0.0,0.0,0.0
2493,イーサポートリンク株式会社,3991169600.0,454043000.0,13158000.0,5406867000.0,163833000.0,0.11,0.03,3.03,18.48
7731,株式会社ニコン,470523053000.0,67291000000.0,9240000000.0,452779000000.0,0.0,0.14,0.14,0.0,3.17
5074,テスホールディングス株式会社,28752160910.0,381000000.0,11000000.0,30643000000.0,2370000000.0,0.01,0.03,7.73,-10.96
3538,株式会社ウイルプラスホールディングス,10167142860.0,0.0,0.0,47745094000.0,1494471000.0,0.0,0.0,3.13,8.23
5928,アルメタックス株式会社,3430656000.0,1631631000.0,134696000.0,8296000000.0,0.0,0.48,0.08,0.0,-11.92
4017,株式会社クリーマ,1705245300.0,0.0,0.0,2507008000.0,103126000.0,0.0,0.0,4.11,-0.08
4351,株式会社山田再生系債権回収総合事務所,3614996000.0,370028000.0,8433000.0,2290206000.0,36036000.0,0.1,0.02,1.57,-7.77
2788,アップルインターナショナル株式会社,4754460200.0,1267002000.0,127672000.0,43795649000.0,1374722000.0,0.27,0.1,3.14,41.68
7709,クボテック株式会社,2724510000.0,0.0,0.0,1662057000.0,0.0,0.0,0.0,0.0,27.23
5243,ｎｏｔｅ株式会社,20469365000.0,0.0,0.0,3312248000.0,52844000.0,0.0,0.0,1.6,19.27
2201,森永製菓株式会社,208939628612.0,10251000000.0,409000000.0,228957000000.0,21266000000.0,0.05,0.04,9.29,7.31
4626,太陽ホールディングス株式会社,379401782500.0,4870000000.0,0.0,119010000000.0,22067000000.0,0.01,0.0,18.54,13.59
8515,アイフル株式会社,211294379296.0,8247000000.0,23000000.0,0.0,25302000000.0,0.04,0.0,0.0,0.0
6073,株式会社アサンテ,19942827500.0,20534000.0,3739000.0,14024081000.0,1226212000.0,0.0,0.18,8.74,2.42
9227,マイクロ波化学株式会社,8259256700.0,0.0,0.0,1608403000.0,187394000.0,0.0,0.0,11.65,-13.68
5817,ＪＭＡＣＳ株式会社,2675442000.0,213933000.0,6424000.0,5200678000.0,67536000.0,0.08,0.03,1.3,-2.67
6249,株式会社ゲームカード・ジョイコホールディングス,36512641800.0,7434000000.0,50000000.0,37946000000.0,9016000000.0,0.2,0.01,23.76,4.57
1833,株式会社奥村組,169159375000.0,60397000000.0,1361000000.0,298222000000.0,9731000000.0,0.36,0.02,3.26,3.5
4583,株式会社カイオム・バイオサイエンス,9978381000.0,0.0,0.0,780809000.0,309899000.0,0.0,0.0,39.69,14.41
8129,東邦ホールディングス株式会社,356366596960.0,64095000000.0,1068000000.0,1518495000000.0,18936000000.0,0.18,0.02,1.25,2.83
3252,地主株式会社,49135776600.0,3199000000.0,8000000.0,57068000000.0,8677000000.0,0.07,0.0,15.2,80.61
7421,カッパ・クリエイト株式会社,74121867000.0,861000000.0,75000000.0,73208000000.0,1433000000.0,0.01,0.09,1.96,1.4
4685,株式会社菱友システムズ,43552301760.0,2077000000.0,3000000.0,42763000000.0,4816000000.0,0.05,0.0,11.26,15.38
9846,株式会社天満屋ストア,10972500000.0,1263736000.0,77518000.0,55407788000.0,2283846000.0,0.12,0.06,4.12,0.16
2204,株式会社中村屋,18496354475.0,6529882000.0,196286000.0,37247627000.0,1070417000.0,0.35,0.03,2.87,-1.38
3139,株式会社ラクト・ジャパン,39936076000.0,1327000000.0,27000000.0,170907000000.0,4455000000.0,0.03,0.02,2.61,7.94
9031,西日本鉄道株式会社,161100800000.0,64666000000.0,1470000000.0,0.0,26655000000.0,0.4,0.02,0.0,0.0
4015,ペイクラウドホールディングス株式会社,12181378700.0,32682000.0,0.0,6853412000.0,337945000.0,0.0,0.0,4.93,53.1
5941,株式会社　中西製作所,15323580000.0,3448020000.0,33630000.0,39931993000.0,2631281000.0,0.23,0.01,6.59,9.1
7520,株式会社エコス,28982505496.0,527000000.0,8000000.0,133521000000.0,6020000000.0,0.02,0.02,4.51,5.65
8370,株式会社紀陽銀行,178412300000.0,0.0,0.0,0.0,0.0,0.0,0.0,0.0,0.0
3779,ジェイ・エスコムホールディングス株式会社,2313400000.0,0.0,0.0,1318779000.0,66968000.0,0.0,0.0,5.08,-16.94
6254,野村マイクロ・サイエンス株式会社,95713056000.0,846167000.0,27767000.0,96359952000.0,15372161000.0,0.01,0.03,15.95,31.96
4234,株式会社サンエー化研,6361840000.0,5601274000.0,158265000.0,29430148000.0,158988000.0,0.88,0.03,0.54,6.94
3708,特種東海製紙株式会社,50245000000.0,14006000000.0,269000000.0,94800000000.0,3928000000.0,0.28,0.02,4.14,9.57
4887,サワイグループホールディングス株式会社,258599523000.0,518000000.0,474000000.0,0.0,14825000000.0,0.0,0.92,0.0,0.0
1757,株式会社創建エース,4074776340.0,0.0,0.0,1580420000.0,65122000.0,0.0,0.0,4.12,-63.25
7810,株式会社クロスフォー,2902215000.0,0.0,0.0,3413982000.0,0.0,0.0,0.0,0.0,13.57
7614,株式会社オーエムツーネットワーク,10996115366.0,2335369000.0,1700000.0,32778259000.0,1474536000.0,0.21,0.0,4.5,2.08
7734,理研計器株式会社,147171420000.0,7119804000.0,224076000.0,49038948000.0,10642289000.0,0.05,0.03,21.7,7.59
1966,株式会社　高田工業所,11265024000.0,410662000.0,15363000.0,58067410000.0,2933801000.0,0.04,0.04,5.05,11.12
7831,株式会社ウイルコホールディングス,3032048400.0,947000000.0,30000000.0,8600000000.0,286000000.0,0.31,0.03,3.33,-2.45
2153,Ｅ・Ｊホールディングス株式会社,26401586640.0,3161000000.0,107000000.0,1903000000.0,4348000000.0,0.12,0.03,228.48,3.09
7871,フクビ化学工業株式会社,16633152000.0,5845000000.0,208000000.0,39973000000.0,1550000000.0,0.35,0.04,3.88,0.6
2999,ホームポジション株式会社,3375006880.0,0.0,0.0,19730322000.0,0.0,0.0,0.0,0.0,-0.6
4923,コタ株式会社,47294176068.0,191837000.0,2753000.0,9376748000.0,1831953000.0,0.0,0.01,19.54,2.62
7958,天馬株式会社,79545937690.0,4294204000.0,90769000.0,104834661000.0,2212563000.0,0.05,0.02,2.11,12.81
6210,ＴＯＹＯイノベックス株式会社,12732345000.0,976000000.0,31000000.0,27024000000.0,0.0,0.08,0.03,0.0,-6.3
2330,株式会社フォーサイド,7383221976.0,176469000.0,0.0,4113740000.0,50293000.0,0.02,0.0,1.22,30.75
9994,株式会社やまや,26770396000.0,910000000.0,26000000.0,160164000000.0,5425000000.0,0.03,0.03,3.39,-0.11
2579,コカ・コーラボトラーズジャパンホールディングス株式会社,424267735000.0,0.0,33000000.0,0.0,1524000000.0,0.0,0.0,0.0,0.0
9408,株式会社ＢＳＮメディアホールディングス,13710000000.0,6304074000.0,134487000.0,24375376000.0,1721459000.0,0.46,0.02,7.06,5.79
8604,野村ホールディングス株式会社,2951604279000.0,103586000000.0,0.0,0.0,127043000000.0,0.04,0.0,0.0,0.0
3387,株式会社クリエイト・レストランツ・ホールディングス,322200825976.0,0.0,1423000000.0,6400000000.0,1757000000.0,0.0,0.0,27.45,14.1
4577,ダイト株式会社,18052700000.0,3188000000.0,65000000.0,46895000000.0,3894000000.0,0.18,0.02,8.3,3.98
2830,アヲハタ株式会社,28856160000.0,198468000.0,3151000.0,20513627000.0,386061000.0,0.01,0.02,1.88,1.12
9143,ＳＧホールディングス株式会社,1047684584000.0,28009000000.0,348000000.0,0.0,87847000000.0,0.03,0.01,0.0,0.0
7795,株式会社ＫＹＯＲＩＴＳＵ,9059240000.0,3342501000.0,51864000.0,40353108000.0,1249421000.0,0.37,0.02,3.1,0.83
1491,中外鉱業株式会社,17674567000.0,110071000.0,17421000.0,162345165000.0,1417791000.0,0.01,0.16,0.87,42.71
2438,株式会社アスカネット,7125312000.0,571582000.0,1575000.0,7038347000.0,447451000.0,0.08,0.0,6.36,0.89
8368,株式会社　百五銀行,188048060000.0,0.0,0.0,0.0,0.0,0.0,0.0,0.0,0.0
3495,香陵住販株式会社,7636660000.0,200572000.0,7834000.0,10035834000.0,1001023000.0,0.03,0.04,9.97,7.62
8039,築地魚市場株式会社,7727790000.0,2291000000.0,57000000.0,62414000000.0,302000000.0,0.3,0.02,0.48,6.33
6568,神戸天然物化学株式会社,8557890000.0,232610000.0,5620000.0,8178920000.0,771859000.0,0.03,0.02,9.44,-10.66
6231,木村工機株式会社,38490000000.0,67400000.0,0.0,16042155000.0,3675846000.0,0.0,0.0,22.91,15.81
9450,株式会社ファイバーゲート,14086022400.0,11000000.0,0.0,12613000000.0,2387000000.0,0.0,0.0,18.92,-1.42
4116,大日精化工業株式会社,59863828550.0,18514000000.0,428000000.0,124760000000.0,7004000000.0,0.31,0.02,5.61,4.12
6454,マックス株式会社,228266074530.0,20448000000.0,208000000.0,91839000000.0,14468000000.0,0.09,0.01,15.75,6.0
7079,ＷＤＢココ株式会社,6986525000.0,0.0,0.0,5326810000.0,1306173000.0,0.0,0.0,24.52,15.91
5858,株式会社ＳＴＧ,1490055600.0,66306000.0,121495000.0,6426069000.0,485124000.0,0.04,1.83,7.55,22.57
3991,ウォンテッドリー株式会社,12394368000.0,0.0,0.0,0.0,1594370000.0,0.0,0.0,0.0,0.0
9107,川崎汽船株式会社,1311900530000.0,1230101000000.0,3035000000.0,322434000000.0,102855000000.0,0.94,0.0,31.9,9.82
6335,株式会社東京機械製作所,3360634200.0,255778000.0,5903000.0,7401882000.0,641394000.0,0.08,0.02,8.67,-20.54
8395,株式会社佐賀銀行,43302795000.0,0.0,0.0,0.0,0.0,0.0,0.0,0.0,0.0
6371,株式会社椿本チエイン,198512097000.0,39876000000.0,1657000000.0,279193000000.0,22854000000.0,0.2,0.04,8.19,4.64
5484,東北特殊鋼株式会社,15024500000.0,6389909000.0,42545000.0,21178080000.0,1249815000.0,0.43,0.01,5.9,-0.75
6217,津田駒工業株式会社,2396259360.0,349000000.0,26000000.0,36445000000.0,398000000.0,0.15,0.07,1.09,-7.21
4288,株式会社アズジェント,2068127828.0,29518000.0,0.0,2971173000.0,0.0,0.01,0.0,0.0,25.38
5870,株式会社ナルネットコミュニケーションズ,3716473700.0,13949000.0,0.0,8542662000.0,442129000.0,0.0,0.0,5.18,11.34
6743,大同信号株式会社,9099090000.0,5950234000.0,146740000.0,21914135000.0,1152499000.0,0.65,0.02,5.26,5.51
8105,堀田丸正株式会社,3220578792.0,51318000.0,1547000.0,3098781000.0,8844000.0,0.02,0.03,0.29,-16.11
4751,株式会社サイバーエージェント,799264635400.0,43467000000.0,381000000.0,802996000000.0,41843000000.0,0.05,0.01,5.21,11.5
2491,バリューコマース株式会社,27438916000.0,727000000.0,0.0,30410000000.0,4160000000.0,0.03,0.0,13.68,3.45
7157,ライフネット生命保険株式会社,168025967280.0,0.0,0.0,0.0,0.0,0.0,0.0,0.0,0.0
7399,株式会社ナンシン,4116072000.0,344932000.0,108036000.0,9818215000.0,122296000.0,0.08,0.31,1.25,10.12
3266,株式会社ファンドクリエーショングループ,3127968793.0,222000000.0,4000000.0,5669000000.0,434000000.0,0.07,0.02,7.66,37.06
5025,株式会社マーキュリー,1824760000.0,11200000.0,0.0,1763285000.0,170149000.0,0.01,0.0,9.65,22.7
3294,株式会社イーグランド,9619682800.0,0.0,0.0,30502712000.0,1487557000.0,0.0,0.0,4.88,11.64
9311,アサガミ株式会社,8309480000.0,2894090000.0,128338000.0,38943782000.0,1928700000.0,0.35,0.04,4.95,-1.74
1848,株式会社富士ピー・エス,9263917512.0,159000000.0,51000000.0,33771000000.0,885000000.0,0.02,0.32,2.62,18.22
9635,武蔵野興業株式会社,2230200000.0,447628000.0,2750000.0,1364313000.0,69300000.0,0.2,0.01,5.08,6.39
9434,ソフトバンク株式会社,10428925277428.031,38243000000.0,91094000000.0,0.0,485920000000.0,0.0,2.38,0.0,0.0
3103,ユニチカ株式会社,9933344000.0,2974000000.0,68000000.0,126411000000.0,5851000000.0,0.3,0.02,4.63,6.82
9418,株式会社Ｕ－ＮＥＸＴ　ＨＯＬＤＩＮＧＳ,123496977994.0,1128000000.0,0.0,326754000000.0,29110000000.0,0.01,0.0,8.91,18.24
4261,アジアクエスト株式会社,3779784000.0,0.0,0.0,4061428000.0,458782000.0,0.0,0.0,11.3,29.35
7012,川崎重工業株式会社,1693483285000.0,13995000000.0,25989000000.0,1043506000000.0,46885000000.0,0.01,1.86,4.49,24.55
9475,株式会社昭文社ホールディングス,7507585449.0,2885006000.0,65477000.0,6256953000.0,189351000.0,0.38,0.02,3.03,-2.39
4043,株式会社トクヤマ,224914560000.0,36050000000.0,610000000.0,343073000000.0,29968000000.0,0.16,0.02,8.74,0.32
7296,株式会社エフ・シー・シー,154555837570.0,4633000000.0,13998000000.0,43753000000.0,0.0,0.03,3.02,0.0,5.92
4996,クミアイ化学工業株式会社,106814058824.0,38691000000.0,248000000.0,161049000000.0,11350000000.0,0.36,0.01,7.05,0.03
6771,池上通信機株式会社,4473448044.0,403000000.0,7000000.0,20734000000.0,254000000.0,0.09,0.02,1.23,-4.02
7601,株式会社ポプラ,2157171426.0,61412000.0,2316000.0,8546768000.0,408348000.0,0.03,0.04,4.78,-6.64
7600,株式会社　日本エム・ディ・エム,14429354600.0,0.0,0.0,25114033000.0,1555934000.0,0.0,0.0,6.2,8.35
7376,ＢＣＣ株式会社,1989777980.0,32333000.0,0.0,1385337000.0,210296000.0,0.02,0.0,15.18,8.23
8247,株式会社大和,2329164000.0,3444715000.0,71180000.0,16434068000.0,195888000.0,1.48,0.02,1.19,-0.62
8159,株式会社立花エレテック,69569500000.0,25794000000.0,512000000.0,220112000000.0,8222000000.0,0.37,0.02,3.74,-4.73
1786,オリエンタル白石株式会社,52192334400.0,3955000000.0,98000000.0,54172000000.0,5434000000.0,0.08,0.02,10.03,-1.89
7434,株式会社オータケ,7609272000.0,3130097000.0,80120000.0,31253427000.0,916929000.0,0.41,0.03,2.93,6.59
2055,日和産業株式会社,6603371525.0,950000000.0,30000000.0,48577000000.0,906000000.0,0.14,0.03,1.87,-8.15
2374,セントケア・ホールディング株式会社,18752424750.0,149288000.0,2858000.0,56298350000.0,2429584000.0,0.01,0.02,4.32,4.15
4885,室町ケミカル株式会社,3010192500.0,277433000.0,3497000.0,6369097000.0,421837000.0,0.09,0.01,6.62,1.24
4378,株式会社ＣＩＮＣ,2010964480.0,0.0,0.0,1985268000.0,62979000.0,0.0,0.0,3.17,2.06
4075,ブレインズテクノロジー株式会社,4417485800.0,0.0,0.0,1004611000.0,73261000.0,0.0,0.0,7.29,-4.67
5189,櫻護謨株式会社,3908344000.0,559125000.0,12611000.0,12188471000.0,643732000.0,0.14,0.02,5.28,-8.73
4245,株式会社ダイキアクシス,9324372200.0,1347000000.0,7000000.0,46818000000.0,1048000000.0,0.14,0.01,2.24,9.69
5201,ＡＧＣ株式会社,929312916000.0,25974000000.0,61193000000.0,653726000000.0,29069000000.0,0.03,2.36,4.45,-1.99
6430,ダイコク電機株式会社,31592090320.0,296151000.0,7342000.0,57415710000.0,12212354000.0,0.01,0.02,21.27,6.6
8360,株式会社　山梨中央銀行,89104194000.0,0.0,0.0,0.0,0.0,0.0,0.0,0.0,0.0
2693,ＹＫＴ株式会社,2810023680.0,353010000.0,75013000.0,11930926000.0,136468000.0,0.13,0.21,1.14,-7.39
2883,株式会社大冷,11812317800.0,26685000.0,0.0,25732929000.0,840931000.0,0.0,0.0,3.27,-6.14
9876,株式会社コックス,5736182796.0,2890321000.0,78384000.0,15302247000.0,1263446000.0,0.5,0.03,8.26,2.8
4499,株式会社Ｓｐｅｅｅ,30426885000.0,202574000.0,40000000.0,15722196000.0,537072000.0,0.01,0.2,3.42,15.56
8001,伊藤忠商事株式会社,12018213287000.0,279879000000.0,403737000000.0,4543426000000.0,35457000000.0,0.02,1.44,0.78,6.53
4733,株式会社オービックビジネスコンサルタント,640179960000.0,31369252000.0,1182640000.0,46984282000.0,21744246000.0,0.05,0.04,46.28,11.99
3542,株式会社ベガコーポレーション,23416794000.0,93663000.0,0.0,15935215000.0,926595000.0,0.0,0.0,5.81,-0.8
2930,株式会社北の達人コーポレーション,19891152000.0,0.0,0.0,11826401000.0,1675335000.0,0.0,0.0,14.17,-19.36
7938,株式会社リーガルコーポレーション,7819500000.0,3815000000.0,132000000.0,23558000000.0,397000000.0,0.49,0.03,1.69,-0.73
3723,日本ファルコム株式会社,11873400000.0,0.0,0.0,2524519000.0,1240137000.0,0.0,0.0,49.12,2.06
2180,株式会社サニーサイドアップグループ,8282692000.0,304822000.0,0.0,17908253000.0,1465417000.0,0.04,0.0,8.18,-5.53
3360,シップヘルスケアホールディングス株式会社,208981451700.0,29381000000.0,271000000.0,678229000000.0,24779000000.0,0.14,0.01,3.65,7.49
7578,株式会社ニチリョク,1987720620.0,0.0,0.0,2242603000.0,113567000.0,0.0,0.0,5.06,-21.38
7326,ＳＢＩインシュアランスグループ株式会社,35319614190.0,7000000.0,0.0,0.0,604000000.0,0.0,0.0,0.0,0.0
4196,株式会社ネオマーケティング,3410979200.0,0.0,56835000.0,2098078000.0,15501000.0,0.0,0.0,0.74,-7.8
7226,極東開発工業株式会社,102422650000.0,15379000000.0,514000000.0,140449000000.0,6656000000.0,0.15,0.03,4.74,9.7
4167,株式会社ココペリ,3807706630.0,0.0,20000000.0,2007546000.0,197862000.0,0.0,0.0,9.86,10.24
6034,ＭＲＴ株式会社,4014457200.0,1873033000.0,0.0,2795936000.0,0.0,0.47,0.0,0.0,-25.27
3467,アグレ都市デザイン株式会社,11030418000.0,0.0,0.0,30743637000.0,2548774000.0,0.0,0.0,8.29,11.37
2871,株式会社ニチレイ,233484899407.5,45036000000.0,1116000000.0,702080000000.0,38315000000.0,0.19,0.02,5.46,3.23
9508,九州電力株式会社,601739496000.0,2120615000000.0,1100000000.0,0.0,199564000000.0,3.52,0.0,0.0,0.0
3800,株式会社ユニリタ,15144000000.0,2852585000.0,145505000.0,11687128000.0,840780000.0,0.19,0.05,7.19,-2.46
9074,日本石油輸送株式会社,10314810000.0,7309000000.0,202000000.0,37090000000.0,1554000000.0,0.71,0.03,4.19,6.02
6490,株式会社ＰＩＬＬＡＲ,94783970000.0,6262000000.0,177000000.0,57988000000.0,11335000000.0,0.07,0.03,19.55,-1.05
8367,株式会社南都銀行,148942750000.0,0.0,0.0,0.0,0.0,0.0,0.0,0.0,0.0
4425,Ｋｕｄａｎ株式会社,12321327564.0,500000000.0,0.0,517549000.0,8342000.0,0.04,0.0,1.61,5.42
5480,日本冶金工業株式会社,62452910000.0,6052000000.0,376000000.0,172097000000.0,16967000000.0,0.1,0.06,9.86,-4.57
7966,リンテック株式会社,215579312000.0,2109000000.0,288000000.0,315978000000.0,24562000000.0,0.01,0.14,7.77,14.35
8084,株式会社ＲＹＯＤＥＮ,61529364000.0,6850000000.0,207000000.0,215790000000.0,5483000000.0,0.11,0.03,2.54,-16.69
4572,カルナバイオサイエンス株式会社,5655820000.0,0.0,0.0,636235000.0,0.0,0.0,0.0,0.0,-60.87
9539,京葉瓦斯株式会社,11962890000.0,31078000000.0,377000000.0,115609000000.0,1339000000.0,2.6,0.01,1.16,-5.9
5027,ＡｎｙＭｉｎｄ　Ｇｒｏｕｐ株式会社,32800731800.0,0.0,0.0,0.0,0.0,0.0,0.0,0.0,0.0
6877,ＯＢＡＲＡ　ＧＲＯＵＰ株式会社,77842787400.0,1442000000.0,14000000.0,56391000000.0,9195000000.0,0.02,0.01,16.31,2.14
5955,株式会社ワイズホールディングス,12063324000.0,261983000.0,5938000.0,11802650000.0,446396000.0,0.02,0.02,3.78,-2.88
3246,株式会社コーセーアールイー,6604416000.0,0.0,0.0,7648834000.0,321826000.0,0.0,0.0,4.21,-24.74
6294,オカダアイヨン株式会社,15725506000.0,523395000.0,22279000.0,26582659000.0,2279268000.0,0.03,0.04,8.57,-1.89
9651,日本プロセス株式会社,15456569040.0,2644430000.0,23044000.0,9468657000.0,956410000.0,0.17,0.01,10.1,6.11
4177,株式会社ｉ－ｐｌｕｇ,5353450984.0,15393000.0,0.0,5084450000.0,578502000.0,0.0,0.0,11.38,10.47
6081,アライドアーキテクツ株式会社,3163118604.0,546347000.0,11658000.0,3463714000.0,115812000.0,0.17,0.02,3.34,-14.64
6418,日本金銭機械株式会社,27832946638.0,950992000.0,40596000.0,37815935000.0,4910593000.0,0.03,0.04,12.99,19.63
8119,株式会社三栄コーポレーション,8373662880.0,4370475000.0,54766000.0,39861723000.0,2096861000.0,0.52,0.01,5.26,8.65
6209,リケンＮＰＲ株式会社,69518106510.0,37109000000.0,1214000000.0,170340000000.0,11807000000.0,0.53,0.03,6.93,22.91
8708,アイザワ証券グループ株式会社,52449675000.0,25208000000.0,468000000.0,0.0,1886000000.0,0.48,0.02,0.0,0.0
6201,株式会社豊田自動織機,5288393587200.0,730709000000.0,162805000000.0,1267810000000.0,21585000000.0,0.14,0.22,1.7,3.61
1811,株式会社錢高組,31801725000.0,68058000000.0,1586000000.0,120660000000.0,3712000000.0,2.14,0.02,3.08,-0.26
3375,株式会社ＺＯＡ,2275510000.0,144519000.0,2877000.0,9274325000.0,428414000.0,0.06,0.02,4.62,7.86
2282,日本ハム株式会社,484871835000.0,18950000000.0,21903000000.0,848916000000.0,0.0,0.04,1.16,0.0,1.63
7643,株式会社ダイイチ,21127168080.0,66442000.0,2710000.0,51827537000.0,1914972000.0,0.0,0.04,3.69,7.87
7726,黒田精工株式会社,5376737960.0,2367790000.0,69979000.0,17284135000.0,311595000.0,0.44,0.03,1.8,-6.59
6518,三相電機株式会社,3963550000.0,974133000.0,23893000.0,16029586000.0,69703000.0,0.25,0.02,0.43,-9.27
1802,株式会社大林組,1595977908000.0,311557000000.0,8946000000.0,2620101000000.0,143442000000.0,0.2,0.03,5.47,12.68
6524,湖北工業株式会社,71550000000.0,856000000.0,6000000.0,15924000000.0,3939000000.0,0.01,0.01,24.74,18.2
4255,ＴＨＥＣＯＯ株式会社,1696385825.0,0.0,0.0,4331402000.0,57402000.0,0.0,0.0,1.33,13.79
4258,株式会社網屋,12761995200.0,277623000.0,1781000.0,4767519000.0,526391000.0,0.02,0.01,11.04,33.95
8511,日本証券金融株式会社,158664000000.0,544475000000.0,287000000.0,0.0,11329000000.0,3.43,0.0,0.0,0.0
5133,株式会社テリロジーホールディングス,6502461960.0,427625000.0,0.0,8653567000.0,273193000.0,0.07,0.0,3.16,25.76
2970,株式会社グッドライフカンパニー,13151268000.0,0.0,0.0,17126000000.0,1543000000.0,0.0,0.0,9.01,49.77
6061,株式会社ユニバーサル園芸社,27285750000.0,1201586000.0,0.0,16859109000.0,2373517000.0,0.04,0.0,14.08,22.02
2875,東洋水産株式会社,1059801018552.0,35123000000.0,754000000.0,507600000000.0,75488000000.0,0.03,0.02,14.87,3.8
3633,ＧＭＯペパボ株式会社,8520234600.0,664520000.0,4659000.0,10922830000.0,829146000.0,0.08,0.01,7.59,0.18
9890,株式会社マキヤ,11646700000.0,1420989000.0,27306000.0,88820567000.0,2266702000.0,0.12,0.02,2.55,15.78
7827,株式会社オービス,2604711296.0,188658000.0,4525000.0,11444108000.0,580015000.0,0.07,0.02,5.07,-1.31
3440,日創グループ株式会社,7051600000.0,196210000.0,1984000.0,17694365000.0,1275969000.0,0.03,0.01,7.21,41.0
4182,三菱瓦斯化学株式会社,535142208000.0,233519000000.0,3218000000.0,773591000000.0,50851000000.0,0.44,0.01,6.57,-4.9
5242,株式会社アイズ,1617569700.0,0.0,0.0,1036268000.0,32315000.0,0.0,0.0,3.12,1.67
7725,株式会社インターアクション,15147423200.0,130489000.0,25119000.0,7754732000.0,1577511000.0,0.01,0.19,20.34,13.09
1420,サンヨーホームズ株式会社,8594220000.0,30140000.0,0.0,45518339000.0,956034000.0,0.0,0.0,2.1,-0.75
9268,株式会社オプティマスグループ,28587240240.0,286000000.0,0.0,268825000000.0,7048000000.0,0.01,0.0,2.62,116.91
9006,京浜急行電鉄株式会社,427015207029.5,114136000000.0,409000000.0,0.0,35642000000.0,0.27,0.0,0.0,0.0
3107,ダイワボウホールディングス株式会社,258523148000.0,10409000000.0,270000000.0,1136817000000.0,34899000000.0,0.04,0.03,3.07,17.47
6036,ＫｅｅＰｅｒ技研株式会社,90922900600.0,22237000.0,0.0,20574582000.0,6101308000.0,0.0,0.0,29.65,20.72
4262,ニフティライフスタイル株式会社,7738547625.0,18550000.0,0.0,4938823000.0,1004031000.0,0.0,0.0,20.33,38.75
6323,ローツェ株式会社,334542600000.0,1446000000.0,10000000.0,124406000000.0,32024000000.0,0.0,0.01,25.74,33.42
2819,エバラ食品工業株式会社,25135390422.0,2224000000.0,49000000.0,47963000000.0,2031000000.0,0.09,0.02,4.23,6.08
7777,株式会社スリー・ディー・マトリックス,16899626763.0,8405000.0,0.0,4588818000.0,0.0,0.0,0.0,0.0,98.3
7102,日本車輌製造株式会社,30568025000.0,17511000000.0,408000000.0,96340000000.0,6935000000.0,0.57,0.02,7.2,9.41
1795,株式会社マサル,3667684570.0,121047000.0,1504000.0,8055407000.0,407517000.0,0.03,0.01,5.06,4.12
6923,スタンレー電気株式会社,437000000000.0,77828000000.0,3555000000.0,509565000000.0,49002000000.0,0.18,0.05,9.62,7.87
3655,株式会社ブレインパッド,28299456324.0,443171000.0,7520000.0,10561125000.0,1348933000.0,0.02,0.02,12.77,7.79
3968,セグエグループ株式会社,16312603086.0,235409000.0,3857000.0,18717665000.0,720213000.0,0.01,0.02,3.85,7.31
2602,日清オイリオグループ株式会社,168580000000.0,33725000000.0,447000000.0,530878000000.0,19278000000.0,0.2,0.01,3.63,3.38
6823,リオン株式会社,32655244900.0,1188399000.0,31246000.0,27877879000.0,4033989000.0,0.04,0.03,14.47,8.36
9983,株式会社ファーストリテイリング,14167197495360.0,143000000.0,0.0,0.0,323593000000.0,0.0,0.0,0.0,0.0
3656,ＫＬａｂ株式会社,5820276000.0,2031273000.0,68973000.0,8306355000.0,0.0,0.35,0.03,0.0,-22.49
1930,北陸電気工事株式会社,35865711000.0,1366000000.0,56000000.0,55607000000.0,4351000000.0,0.04,0.04,7.82,4.14
3110,日東紡績株式会社,250480720000.0,21020000000.0,628000000.0,109035000000.0,16445000000.0,0.08,0.03,15.08,16.92
6194,株式会社アトラエ,17987261468.0,1072294000.0,0.0,8598696000.0,1528663000.0,0.06,0.0,17.78,10.84
8628,松井証券株式会社,182781614910.0,7698000000.0,8000000.0,0.0,15636000000.0,0.04,0.0,0.0,0.0
7561,株式会社ハークスレイ,11715750000.0,3244000000.0,67000000.0,45175000000.0,1931000000.0,0.28,0.02,4.27,-3.39
6647,森尾電機株式会社,2671875000.0,1279784000.0,22345000.0,9212733000.0,735626000.0,0.48,0.02,7.98,23.69
7356,Ｒｅｔｔｙ株式会社,3026805922.0,0.0,0.0,1562139000.0,0.0,0.0,0.0,0.0,0.38
7953,菊水化学工業株式会社,4868228628.0,1750100000.0,55099000.0,21390614000.0,264907000.0,0.36,0.03,1.24,-4.47
9895,株式会社コンセック,2354232000.0,1460645000.0,37129000.0,10297303000.0,207267000.0,0.62,0.03,2.01,-0.79
5951,ダイニチ工業株式会社,13665006879.0,2896987000.0,62344000.0,19902665000.0,1381524000.0,0.21,0.02,6.94,1.28
7864,株式会社フジシールインターナショナル,166287646384.0,3530000000.0,100000000.0,212345000000.0,18844000000.0,0.02,0.03,8.87,8.0
5911,株式会社横河ブリッジホールディングス,113176008000.0,10468000000.0,306000000.0,159368000000.0,16677000000.0,0.09,0.03,10.46,-2.87
2683,株式会社魚喜,2683648800.0,175258000.0,3253000.0,9934090000.0,89186000.0,0.07,0.02,0.9,0.8
4776,サイボウズ株式会社,207338154000.0,2261000000.0,17000000.0,29675000000.0,4892000000.0,0.01,0.01,16.49,16.68
4629,大伸化学株式会社,7062496000.0,543913000.0,21485000.0,34711178000.0,799309000.0,0.08,0.04,2.3,6.93
9212,Ｇｒｅｅｎ　Ｅａｒｔｈ　Ｉｎｓｔｉｔｕｔｅ株式会社,4471196400.0,0.0,0.0,1002540000.0,0.0,0.0,0.0,0.0,11.71
3182,オイシックス・ラ・大地株式会社,63849166468.0,3841000000.0,19000000.0,256009000000.0,6864000000.0,0.06,0.0,2.68,72.5
7822,永大産業株式会社,11087571000.0,5957000000.0,154000000.0,71202000000.0,3919000000.0,0.54,0.03,5.5,-0.65
7322,株式会社三十三フィナンシャルグループ,86481935000.0,85000000.0,0.0,0.0,3048000000.0,0.0,0.0,0.0,0.0
7187,ジェイリース株式会社,25208736000.0,128680000.0,0.0,17267928000.0,3102498000.0,0.01,0.0,17.97,30.61
5842,インテグラル株式会社,117690875000.0,0.0,725000000.0,20174000000.0,16148000000.0,0.0,0.0,80.04,124.26
7057,株式会社エヌ・シー・エヌ,3081061500.0,573312000.0,0.0,8124229000.0,178517000.0,0.19,0.0,2.2,1.57
3834,株式会社朝日ネット,21952000000.0,401000000.0,7000000.0,13078000000.0,2345000000.0,0.02,0.02,17.93,7.05
1899,株式会社福田組,45389400000.0,6609000000.0,187000000.0,166589000000.0,7665000000.0,0.15,0.03,4.6,2.68
4376,株式会社くふうカンパニーホールディングス,10959429885.0,10000000.0,0.0,15544000000.0,631000000.0,0.0,0.0,4.06,-24.12
9656,グリーンランドリゾート株式会社,6383482000.0,341241000.0,12583000.0,6412347000.0,774686000.0,0.05,0.04,12.08,0.08
1780,株式会社　ヤマウラ,27349488000.0,2035130000.0,36475000.0,37546595000.0,4327974000.0,0.07,0.02,11.53,19.64
3945,スーパーバッグ株式会社,4240677310.0,1483000000.0,45000000.0,27579000000.0,901000000.0,0.35,0.03,3.27,2.76
3840,パス株式会社,8071473960.0,0.0,0.0,2253739000.0,42034000.0,0.0,0.0,1.87,-2.86
5542,新報国マテリアル株式会社,2857140000.0,75398000.0,7365000.0,6209236000.0,644592000.0,0.03,0.1,10.38,-4.24
7636,株式会社ハンズマン,11549800800.0,71000000.0,2000000.0,34121000000.0,869000000.0,0.01,0.03,2.55,10.55
2767,円谷フィールズホールディングス株式会社,138120935650.0,7831000000.0,129000000.0,140581000000.0,15295000000.0,0.06,0.02,10.88,-0.95
2670,株式会社エービーシー・マート,721933013739.0,18252000000.0,414000000.0,372202000000.0,62550000000.0,0.03,0.02,16.81,8.14
7417,株式会社南陽,17820998580.0,3052000000.0,44000000.0,36535000000.0,2851000000.0,0.17,0.01,7.8,-3.83
1813,株式会社不動テトラ,36871640000.0,3133000000.0,187000000.0,69557000000.0,3177000000.0,0.08,0.06,4.57,2.37
9005,東急株式会社,1042906361000.0,272657000000.0,1623000000.0,0.0,103485000000.0,0.26,0.01,0.0,0.0
6368,オルガノ株式会社,433920240000.0,2373000000.0,31000000.0,163269000000.0,31120000000.0,0.01,0.01,19.06,8.59
4286,株式会社ＣＬホールディングス,8860944677.0,29988000.0,0.0,0.0,5558543000.0,0.0,0.0,0.0,0.0
7476,アズワン株式会社,193838548470.0,14573000000.0,87000000.0,103751000000.0,11593000000.0,0.08,0.01,11.17,8.6
6694,株式会社ズーム,3083126904.0,1390000.0,50384000.0,18072018000.0,531518000.0,0.0,36.25,2.94,0.95
6721,ウインテスト株式会社,7029219600.0,0.0,0.0,417090000.0,0.0,0.0,0.0,0.0,2.37
3547,株式会社串カツ田中ホールディングス,16716340440.0,0.0,16866000.0,16864222000.0,847941000.0,0.0,0.0,5.03,19.84
4345,株式会社シーティーエス,34608000000.0,6206000000.0,141000000.0,11821000000.0,3077000000.0,0.18,0.02,26.03,6.59
5570,株式会社ジェノバ,9593610000.0,100443000.0,0.0,1265333000.0,694918000.0,0.01,0.0,54.92,4.9
3113,株式会社ＵＮＩＶＡ・Ｏａｋホールディングス,6615432000.0,181092000.0,9000000.0,2882052000.0,1525000.0,0.03,0.05,0.05,-42.77
4705,株式会社クリップコーポレーション,3674160000.0,1072558000.0,11935000.0,3038094000.0,1829000.0,0.29,0.01,0.06,0.05
6560,株式会社エル・ティー・エス,10404575750.0,560000000.0,1000000.0,16592000000.0,1107000000.0,0.05,0.0,6.67,35.53
9603,株式会社エイチ・アイ・エス,108850455768.0,3302000000.0,825000000.0,343334000000.0,10854000000.0,0.03,0.25,3.16,36.13
3075,株式会社銚子丸,22256094000.0,20000000.0,0.0,21360275000.0,1709008000.0,0.0,0.0,8.0,10.62
2991,株式会社ランドネット,7081086000.0,0.0,27123000.0,77790938000.0,2785754000.0,0.0,0.0,3.58,22.22
2370,株式会社メディネット,10316096934.0,101522000.0,0.0,768501000.0,0.0,0.01,0.0,0.0,16.17
4308,株式会社Ｊストリーム,10465410200.0,8698000.0,68969000.0,11800312000.0,916482000.0,0.0,7.93,7.77,4.74
4228,積水化成品工業株式会社,16116884000.0,12579000000.0,340000000.0,137072000000.0,641000000.0,0.78,0.03,0.47,5.23
2342,株式会社トランスジェニックグループ,3025847098.0,107693000.0,0.0,13005126000.0,438557000.0,0.04,0.0,3.37,-0.6
5192,三ツ星ベルト株式会社,106997760000.0,16189000000.0,485000000.0,90510000000.0,8928000000.0,0.15,0.03,9.86,7.73
8173,上新電機株式会社,67816000000.0,6032000000.0,139000000.0,403259000000.0,3688000000.0,0.09,0.02,0.91,-0.11
9063,岡山県貨物運送株式会社,7876000000.0,3786679000.0,72536000.0,0.0,907112000.0,0.48,0.02,0.0,0.0
3940,株式会社ノムラシステムコーポレーション,6256728000.0,0.0,0.0,3275015000.0,514507000.0,0.0,0.0,15.71,11.17
7283,愛三工業株式会社,109614932791.0,6443000000.0,193000000.0,337259000000.0,18338000000.0,0.06,0.03,5.44,7.29
9849,株式会社共同紙販ホールディングス,3414075000.0,582456000.0,24429000.0,16888324000.0,279961000.0,0.17,0.04,1.66,0.98
8835,太平洋興発株式会社,5409496360.0,1110000000.0,75000000.0,42076000000.0,857000000.0,0.21,0.07,2.04,2.36
7983,株式会社ミロク,3413680000.0,4308756000.0,52387000.0,10918396000.0,155079000.0,1.26,0.01,1.42,-8.15
2317,株式会社システナ,170777880000.0,3293000000.0,10000000.0,83621000000.0,12067000000.0,0.02,0.0,14.43,8.68
7460,株式会社ヤギ,27118380000.0,10858000000.0,217000000.0,83376000000.0,3572000000.0,0.4,0.02,4.28,0.64
8127,ヤマトインターナショナル株式会社,8414290000.0,5861536000.0,73444000.0,21139916000.0,262810000.0,0.7,0.01,1.24,1.62
7133,ＨＹＵＧＡ　ＰＲＩＭＡＲＹ　ＣＡＲＥ株式会社,9795111200.0,0.0,0.0,9984799000.0,1051676000.0,0.0,0.0,10.53,20.5
7068,フィードフォースグループ株式会社,14301605190.0,105000000.0,0.0,4229000000.0,1237000000.0,0.01,0.0,29.25,6.63
4187,大阪有機化学工業株式会社,64496089364.0,6197896000.0,150135000.0,32698809000.0,4608803000.0,0.1,0.02,14.09,13.12
2411,ゲンダイエージェンシー株式会社,5190600000.0,163000000.0,1000000.0,7679000000.0,418000000.0,0.03,0.01,5.44,3.5
3931,株式会社バリューゴルフ,3594123000.0,67979000.0,0.0,4127574000.0,90029000.0,0.02,0.0,2.18,12.89
3306,日本製麻株式会社,3102339000.0,151205000.0,4404000.0,4422391000.0,257935000.0,0.05,0.03,5.83,2.03
3409,株式会社北紡,4596488000.0,145436000.0,5554000.0,1307296000.0,21812000.0,0.03,0.04,1.67,10.23
6890,株式会社フェローテック,175255029240.0,8420000000.0,29000000.0,222430000000.0,24872000000.0,0.05,0.0,11.18,5.51
6448,ブラザー工業株式会社,651220357145.0,19243000000.0,47342000000.0,524018000000.0,38970000000.0,0.03,2.46,7.44,24.19
6627,株式会社テラプローブ,29843237500.0,0.0,1813306000.0,37108684000.0,6949276000.0,0.0,0.0,18.73,4.82
6907,ジオマテック株式会社,7486336000.0,2354521000.0,15918000.0,5280866000.0,323760000.0,0.31,0.01,6.13,14.66
5938,株式会社ＬＩＸＩＬ,485604600000.0,37201000000.0,12756000000.0,833790000000.0,6346000000.0,0.08,0.34,0.76,1.04
3443,川田テクノロジーズ株式会社,67188337450.0,4074000000.0,150000000.0,132905000000.0,9684000000.0,0.06,0.04,7.29,2.93
2415,ヒューマンホールディングス株式会社,17061430356.0,409201000.0,0.0,100328796000.0,3404820000.0,0.02,0.0,3.39,4.62
6369,トーヨーカネツ株式会社,31971949890.0,6497000000.0,197000000.0,60474000000.0,4131000000.0,0.2,0.03,6.83,12.43
6347,株式会社プラコー,2109564240.0,22653000.0,1090000.0,2227703000.0,0.0,0.01,0.05,0.0,-34.69
4673,川崎地質株式会社,4152571500.0,615316000.0,19579000.0,9559436000.0,431112000.0,0.15,0.03,4.51,2.88
5742,エヌアイシ・オートテック株式会社,4119500000.0,245453000.0,8159000.0,6647358000.0,231618000.0,0.06,0.03,3.48,36.98
1788,株式会社三東工業社,2647960000.0,251498000.0,5142000.0,7400143000.0,199295000.0,0.09,0.02,2.69,6.94
7481,尾家産業株式会社,19861230000.0,811000000.0,14000000.0,119256000000.0,3565000000.0,0.04,0.02,2.99,7.08
9511,沖縄電力株式会社,52486694000.0,11256000000.0,246000000.0,224043000000.0,7322000000.0,0.21,0.02,3.27,-0.69
4825,株式会社ウェザーニューズ,48382740000.0,199960000.0,0.0,22242915000.0,3270555000.0,0.0,0.0,14.7,5.34
5032,ＡＮＹＣＯＬＯＲ株式会社,306979416700.0,0.0,0.0,31995554000.0,12361867000.0,0.0,0.0,38.64,26.26
9845,株式会社パーカーコーポレーション,25273769236.0,5400000000.0,136000000.0,70014000000.0,4910000000.0,0.21,0.03,7.01,3.37
9778,株式会社昴,5083912080.0,143700000.0,3394000.0,3450884000.0,93944000.0,0.03,0.02,2.72,-2.27
1861,株式会社　熊谷組,195648200000.0,50372000000.0,953000000.0,105107000000.0,14299000000.0,0.26,0.02,13.6,4.97
1770,藤田エンジニアリング株式会社,15473400000.0,5750729000.0,35075000.0,32646679000.0,2951708000.0,0.37,0.01,9.04,1.16
3353,株式会社メディカル一光グループ,14448500000.0,2405444000.0,65017000.0,48393487000.0,1692028000.0,0.17,0.03,3.5,21.28
6537,ＷＡＳＨハウス株式会社,2867115600.0,1000000.0,5000000.0,2083000000.0,22000000.0,0.0,5.0,1.06,8.83
6316,株式会社丸山製作所,10133435000.0,3887000000.0,106000000.0,40006000000.0,1168000000.0,0.38,0.03,2.92,-3.43
1904,大成温調株式会社,27289060955.0,3878822000.0,349326000.0,62502203000.0,3115397000.0,0.14,0.09,4.98,2.37
4415,株式会社ブロードエンタープライズ,4611087000.0,0.0,4016000.0,4697147000.0,738692000.0,0.0,0.0,15.73,18.68
5341,ＡＳＡＨＩ　ＥＩＴＯホールディングス株式会社,1946722000.0,5092000.0,9086000.0,3967802000.0,20378000.0,0.0,1.78,0.51,12.79
3969,株式会社エイトレッド,10721956800.0,0.0,2668000.0,2766310000.0,1058199000.0,0.0,0.0,38.25,10.6
6597,ＨＰＣシステムズ株式会社,7896865500.0,51200000.0,0.0,6945329000.0,425979000.0,0.01,0.0,6.13,-21.56
7989,立川ブラインド工業株式会社,36107900400.0,3626611000.0,100573000.0,41407715000.0,4361312000.0,0.1,0.03,10.53,0.25
7879,株式会社ノダ,11513228800.0,9302231000.0,200621000.0,67039445000.0,444654000.0,0.81,0.02,0.66,-8.45
9468,株式会社ＫＡＤＯＫＡＷＡ,564672100000.0,38397000000.0,485000000.0,277915000000.0,16651000000.0,0.07,0.01,5.99,7.67
8421,信金中央金庫,792400000000.0,0.0,0.0,0.0,0.0,0.0,0.0,0.0,0.0
7514,株式会社　ヒマラヤ,10632839181.0,1201000000.0,32000000.0,58512000000.0,307000000.0,0.11,0.03,0.52,-2.79
8260,株式会社井筒屋,5028456810.0,1399000000.0,0.0,22158000000.0,1040000000.0,0.28,0.0,4.69,-1.61
5984,兼房株式会社,9516150000.0,658013000.0,17231000.0,20231590000.0,747674000.0,0.07,0.03,3.7,0.75
8138,三京化成株式会社,3848880000.0,3424920000.0,105470000.0,27117644000.0,464075000.0,0.89,0.03,1.71,3.4
9444,株式会社トーシンホールディングス,4072426400.0,90283000.0,2526000.0,17411142000.0,624469000.0,0.02,0.03,3.59,2.77
5714,ＤＯＷＡホールディングス株式会社,295254588178.0,76709000000.0,1074000000.0,678672000000.0,32226000000.0,0.26,0.01,4.75,-5.37
6346,キクカワエンタープライズ株式会社,7656000000.0,1520989000.0,35178000.0,5533700000.0,1024214000.0,0.2,0.02,18.51,0.85
8331,株式会社千葉銀行,1093897518000.0,0.0,0.0,0.0,0.0,0.0,0.0,0.0,0.0
6400,不二精機株式会社,2489850000.0,212882000.0,59819000.0,8251311000.0,404873000.0,0.09,0.28,4.91,-0.15
5214,日本電気硝子株式会社,360274150520.0,43132000000.0,1344000000.0,299237000000.0,6120000000.0,0.12,0.03,2.05,6.88
7453,株式会社　良品計画,1861290620000.0,2425000000.0,78000000.0,0.0,56135000000.0,0.0,0.03,0.0,0.0
7711,助川電気工業株式会社,12878780000.0,803005000.0,8827000.0,4964940000.0,916444000.0,0.06,0.01,18.46,8.47
7527,株式会社システムソフト,6108058080.0,347762000.0,8788000.0,2310898000.0,0.0,0.06,0.03,0.0,-31.84
4060,ｒａｋｕｍｏ株式会社,6030364800.0,21525000.0,0.0,1443455000.0,383468000.0,0.0,0.0,26.57,11.42
3172,ティーライフ株式会社,4999326000.0,172000000.0,175000000.0,13001000000.0,551000000.0,0.03,1.02,4.24,-3.39
9769,株式会社学究社,25293028936.0,493094000.0,54132000.0,13289916000.0,2621206000.0,0.02,0.11,19.72,0.69
4922,株式会社コーセー,339678752000.0,16750000000.0,171000000.0,322758000000.0,17364000000.0,0.05,0.01,5.38,7.44
5940,不二サッシ株式会社,9015522348.0,3799000000.0,153000000.0,104754000000.0,2475000000.0,0.42,0.04,2.36,3.45
4558,株式会社中京医薬品,2343660000.0,76430000.0,1721000.0,6306646000.0,106030000.0,0.03,0.02,1.68,2.97
7721,東京計器株式会社,70269546485.0,4577000000.0,113000000.0,57650000000.0,4856000000.0,0.07,0.02,8.42,22.23
6718,アイホン株式会社,50323640000.0,9059000000.0,215000000.0,63316000000.0,3814000000.0,0.18,0.02,6.02,3.23
6898,トミタ電機株式会社,2450937000.0,51974000.0,2581000.0,1421929000.0,46248000.0,0.02,0.05,3.25,-4.72
6138,ダイジェット工業株式会社,2623984000.0,1632637000.0,45086000.0,8793113000.0,219183000.0,0.62,0.03,2.49,5.38
7352,株式会社ＴＷＯＳＴＯＮＥ＆Ｓｏｎｓ,38489219440.0,24846000.0,0.0,14290882000.0,474873000.0,0.0,0.0,3.32,42.1
8848,株式会社レオパレス２１,225631465000.0,4616000000.0,95000000.0,431831000000.0,29231000000.0,0.02,0.02,6.77,2.17
1787,株式会社ナカボーテック,13897350000.0,394880000.0,15717000.0,14725604000.0,1457456000.0,0.03,0.04,9.9,6.86
7074,株式会社トゥエンティーフォーセブンホールディングス,1990855800.0,0.0,0.0,2527254000.0,0.0,0.0,0.0,0.0,-21.34
8202,ラオックスホールディングス株式会社,14840281377.0,295000000.0,0.0,61517000000.0,142000000.0,0.02,0.0,0.23,2.21
5959,岡部株式会社,41896500000.0,8344000000.0,222000000.0,67806000000.0,4194000000.0,0.2,0.03,6.19,-13.24
6085,アーキテクツ・スタジオ・ジャパン株式会社,988985070.0,10000000.0,0.0,897496000.0,67400000.0,0.01,0.0,7.51,51.38
7625,株式会社グローバルダイニング,3536272000.0,43389000.0,0.0,11788633000.0,753057000.0,0.01,0.0,6.39,6.29
6666,リバーエレテック株式会社,4302540000.0,165443000.0,3361000.0,5698619000.0,0.0,0.04,0.02,0.0,4.48
8306,株式会社三菱ＵＦＪフィナンシャル・グループ,23791492078780.0,0.0,0.0,0.0,1293624000000.0,0.0,0.0,0.0,0.0
6315,ＴＯＷＡ株式会社,145472116416.0,4446381000.0,131849000.0,53479205000.0,8880404000.0,0.03,0.03,16.61,5.96
4971,メック株式会社,53810600333.0,1627553000.0,15259000.0,18234377000.0,4562467000.0,0.03,0.01,25.02,30.06
7359,株式会社東京通信グループ,4452827340.0,259170000.0,0.0,5861558000.0,199659000.0,0.06,0.0,3.41,-5.75
7723,愛知時計電機株式会社,36684180000.0,9145000000.0,284000000.0,54286000000.0,3940000000.0,0.25,0.03,7.26,5.98
8609,株式会社岡三証券グループ,160464598000.0,75520000000.0,2027000000.0,0.0,12838000000.0,0.47,0.03,0.0,0.0
6752,パナソニックホールディングス株式会社,3549128916000.0,38394000000.0,11241000000.0,0.0,157140000000.0,0.01,0.29,0.0,0.0
3917,株式会社アイリッジ,4178899344.0,97988000.0,0.0,6708400000.0,219066000.0,0.02,0.0,3.27,17.44
4612,日本ペイントホールディングス株式会社,2846984912000.0,7940000000.0,337000000.0,53541000000.0,50412000000.0,0.0,0.04,94.16,155.26
3928,株式会社マイネット,2151452498.0,245759000.0,0.0,8846312000.0,428355000.0,0.11,0.0,4.84,1.47
2440,株式会社ぐるなび,14282853800.0,367422000.0,5000000.0,13458275000.0,262473000.0,0.03,0.01,1.95,3.66
3280,株式会社エストラスト,7258559000.0,62000000.0,4000000.0,19218000000.0,1998000000.0,0.01,0.06,10.4,6.51
5580,株式会社プロディライト,2755986000.0,0.0,0.0,2196897000.0,190748000.0,0.0,0.0,8.68,9.39
4247,ポバール興業株式会社,3267152000.0,681271000.0,24222000.0,3378056000.0,238593000.0,0.21,0.04,7.06,-5.9
7635,杉田エース株式会社,6405808000.0,883000000.0,17000000.0,75661000000.0,830000000.0,0.14,0.02,1.1,2.6
1721,コムシスホールディングス株式会社,460313000000.0,31261000000.0,858000000.0,614631000000.0,45998000000.0,0.07,0.03,7.48,7.61
6626,ＳＥＭＩＴＥＣ株式会社,24301109200.0,198782000.0,3831050000.0,25334323000.0,3915972000.0,0.01,19.27,15.46,11.73
7946,株式会社光陽社,1105980100.0,113349000.0,0.0,4726835000.0,60476000.0,0.1,0.0,1.28,5.17
4385,株式会社メルカリ,397104525030.0,1543000000.0,0.0,107891000000.0,22611000000.0,0.0,0.0,20.96,6.12
6614,株式会社シキノハイテック,3585060000.0,96584000.0,2616000.0,6516011000.0,56300000.0,0.03,0.03,0.86,-8.12
7915,ＮＩＳＳＨＡ株式会社,66670905000.0,6417000000.0,1824000000.0,84907000000.0,0.0,0.1,0.28,0.0,23.29
8203,株式会社ミスターマックス・ホールディングス,33471295000.0,572000000.0,18000000.0,131331000000.0,3823000000.0,0.02,0.03,2.91,5.47
5933,アルインコ株式会社,22196488930.0,1654079000.0,56214000.0,61601118000.0,2196071000.0,0.07,0.03,3.56,6.44
2659,株式会社サンエー,193488075000.0,439000000.0,26000000.0,218592000000.0,16923000000.0,0.0,0.06,7.74,4.0
6113,株式会社アマダ,528850789500.0,16603000000.0,20801000000.0,189498000000.0,16740000000.0,0.03,1.25,8.83,-1.52
1939,株式会社四電工,63250033770.0,12133000000.0,245000000.0,105877000000.0,8073000000.0,0.19,0.02,7.62,14.94
9519,株式会社レノバ,64122106300.0,0.0,551000000.0,6061000000.0,0.0,0.0,0.0,0.0,105.81
6853,株式会社共和電業,14499019800.0,1711584000.0,52790000.0,15350156000.0,1356680000.0,0.12,0.03,8.84,3.01
7126,グローバルスタイル株式会社,5653428816.0,8430000.0,0.0,11167786000.0,629967000.0,0.0,0.0,5.64,7.31
4800,オリコン株式会社,11644864000.0,684608000.0,3115000.0,4916037000.0,1402219000.0,0.06,0.0,28.52,2.42
5660,神鋼鋼線工業株式会社,8071243635.0,1883000000.0,59000000.0,34293000000.0,1167000000.0,0.23,0.03,3.4,4.79
4650,ＳＤエンターテイメント株式会社,2510163000.0,14904000.0,0.0,4201829000.0,98111000.0,0.01,0.0,2.33,12.5
8944,株式会社ランドビジネス,5356160000.0,15767000.0,2596000.0,9975173000.0,1335403000.0,0.0,0.16,13.39,122.15
9346,株式会社ココルポート,5546623950.0,0.0,0.0,5750811000.0,704041000.0,0.0,0.0,12.24,13.12
3034,クオールホールディングス株式会社,75665916825.0,143000000.0,4000000.0,263972000000.0,13465000000.0,0.0,0.03,5.1,46.61
3329,東和フードサービス株式会社,17150508000.0,67639000.0,0.0,12382521000.0,997164000.0,0.0,0.0,8.05,14.16
9941,太洋物産株式会社,2021030000.0,0.0,0.0,18758310000.0,266377000.0,0.0,0.0,1.42,-6.32
7412,株式会社アトム,128910491802.0,199000000.0,2000000.0,35477000000.0,1223000000.0,0.0,0.01,3.45,-3.98
7284,盟和産業株式会社,4231453672.0,683850000.0,23668000.0,23250412000.0,505158000.0,0.16,0.03,2.17,3.82
3221,株式会社ヨシックスホールディングス,26669214000.0,100454000.0,2516000.0,22905077000.0,2328817000.0,0.0,0.03,10.17,8.47
6183,株式会社ベルシステム２４ホールディングス,94625496730.0,1587000000.0,93000000.0,0.0,868000000.0,0.02,0.06,0.0,0.0
6406,フジテック株式会社,465667800000.0,7844000000.0,290000000.0,241253000000.0,16171000000.0,0.02,0.04,6.7,5.17
9325,ファイズホールディングス株式会社,12240586800.0,70787000.0,0.0,31614988000.0,1465098000.0,0.01,0.0,4.63,14.84
3988,株式会社ＳＹＳホールディングス,2944527040.0,235053000.0,15995000.0,12397057000.0,684902000.0,0.08,0.07,5.52,17.86
9816,株式会社　ストライダーズ,2317143140.0,10000000.0,62450000.0,7788787000.0,47621000.0,0.0,6.25,0.61,1.41
9837,モリト株式会社,44190000000.0,6386750000.0,113565000.0,48537182000.0,2868983000.0,0.14,0.02,5.91,0.02
5595,株式会社ＱＰＳ研究所,77508527400.0,0.0,0.0,1653963000.0,341256000.0,0.0,0.0,20.63,344.53
8570,イオンフィナンシャルサービス株式会社,278977080312.0,51741000000.0,175000000.0,0.0,61485000000.0,0.19,0.0,0.0,0.0
8150,三信電気株式会社,38814793232.0,2242000000.0,41000000.0,157342000000.0,5791000000.0,0.06,0.02,3.68,12.23
9682,株式会社ＤＴＳ,203755337120.0,7447000000.0,112000000.0,125908000000.0,14489000000.0,0.04,0.02,11.51,8.8
6905,コーセル株式会社,39604608000.0,3741258000.0,44529000.0,41437250000.0,6912609000.0,0.09,0.01,16.68,17.5
6779,日本電波工業株式会社,17785897245.0,919000000.0,1215000000.0,44426000000.0,843000000.0,0.05,1.32,1.9,7.43
3837,アドソル日進株式会社,11662976000.0,1764280000.0,43037000.0,15463041000.0,1710917000.0,0.15,0.02,11.06,9.84
2121,株式会社ＭＩＸＩ,256214703750.0,6023000000.0,39000000.0,154847000000.0,26600000000.0,0.02,0.01,17.18,5.43
3635,株式会社コーエーテクモホールディングス,703955007318.0,99409000000.0,649000000.0,83150000000.0,32119000000.0,0.14,0.01,38.63,-1.7
6561,株式会社ＨＡＮＡＴＯＵＲ　ＪＡＰＡＮ,13931170000.0,0.0,0.0,6662439000.0,1732358000.0,0.0,0.0,26.0,29.26
4641,株式会社アルプス技研,59279596000.0,952609000.0,31145000.0,49858533000.0,5159508000.0,0.02,0.03,10.35,7.88
2998,クリアル株式会社,28006950000.0,1036000.0,0.0,41823444000.0,1968257000.0,0.0,0.0,4.71,98.73
6564,株式会社ミダックホールディングス,56630166500.0,255064000.0,0.0,10905457000.0,4534483000.0,0.0,0.0,41.58,14.23
3524,日東製網株式会社,3683470000.0,430757000.0,11273000.0,20899648000.0,431354000.0,0.12,0.03,2.06,8.29
3529,アツギ株式会社,20956677280.0,3702000000.0,149000000.0,21880000000.0,485000000.0,0.18,0.04,2.22,3.16
4634,ａｒｔｉｅｎｃｅ株式会社,163856122800.0,57610000000.0,1346000000.0,351064000000.0,20414000000.0,0.35,0.02,5.81,8.98
7502,株式会社プラザホールディングス,4349509039.0,46183000.0,9018000.0,18644069000.0,336434000.0,0.01,0.2,1.8,5.7
9337,株式会社トリドリ,6975711080.0,0.0,31618000.0,4273709000.0,454579000.0,0.0,0.0,10.64,32.64
8136,株式会社サンリオ,1596046485447.0,7558000000.0,116000000.0,144904000000.0,51806000000.0,0.0,0.02,35.75,44.93
2922,株式会社なとり,30244804508.0,2094121000.0,44899000.0,48892510000.0,1968760000.0,0.07,0.02,4.03,2.76
9304,澁澤倉庫株式会社,64367910000.0,27822000000.0,691000000.0,0.0,4668000000.0,0.43,0.02,0.0,0.0
7965,象印マホービン株式会社,135181200000.0,9272000000.0,142000000.0,87221000000.0,5955000000.0,0.07,0.02,6.83,4.46
6999,ＫＯＡ株式会社,31183130368.0,4942000000.0,84000000.0,64120000000.0,1176000000.0,0.16,0.02,1.83,-1.1
2789,株式会社カルラ,2733584848.0,0.0,0.0,7263713000.0,365960000.0,0.0,0.0,5.04,6.19
6989,北陸電気工業株式会社,17922450000.0,1431000000.0,39000000.0,43185000000.0,2600000000.0,0.08,0.03,6.02,5.82
7461,株式会社キムラ,7468560000.0,1033398000.0,30960000.0,36249862000.0,1948522000.0,0.14,0.03,5.38,6.64
7185,ヒロセ通商株式会社,29114332500.0,0.0,0.0,0.0,3064917000.0,0.0,0.0,0.0,0.0
5071,株式会社ヴィス,10707007600.0,329796000.0,0.0,16253198000.0,1915894000.0,0.03,0.0,11.79,12.87
2917,株式会社大森屋,4832995008.0,566665000.0,10157000.0,16305293000.0,269700000.0,0.12,0.02,1.65,14.51
2897,日清食品ホールディングス株式会社,882941571000.0,46522000000.0,1258000000.0,60187000000.0,14146000000.0,0.05,0.03,23.5,5.94
4553,東和薬品株式会社,164851200000.0,871000000.0,11000000.0,259594000000.0,23242000000.0,0.01,0.01,8.95,13.89
8078,阪和興業株式会社,250185902400.0,116299000000.0,3987000000.0,2554514000000.0,61532000000.0,0.46,0.03,2.41,5.04
7422,東邦レマック株式会社,279590220.0,705039000.0,13389000.0,4757089000.0,6430000.0,2.52,0.02,0.14,-6.65
7624,株式会社ＮａＩＴＯ,7177425810.0,284000000.0,3000000.0,43555000000.0,464000000.0,0.04,0.01,1.07,-1.16
1717,明豊ファシリティワークス株式会社,12826100000.0,470000000.0,0.0,5716853000.0,1226694000.0,0.04,0.0,21.46,8.56
8007,高島株式会社,26635266000.0,2567000000.0,119000000.0,94503000000.0,2129000000.0,0.1,0.05,2.25,4.86
6424,株式会社高見沢サイバネティックス,4398300000.0,929234000.0,18623000.0,15391532000.0,1374309000.0,0.21,0.02,8.93,17.94
6741,日本信号株式会社,74763636176.0,28282000000.0,717000000.0,106859000000.0,9906000000.0,0.38,0.03,9.27,8.45
7716,株式会社ナカニシ,180483962400.0,5847139000.0,78138000.0,77041446000.0,14596193000.0,0.03,0.01,18.95,29.06
3668,株式会社コロプラ,66634055680.0,7588000000.0,0.0,25975000000.0,91000000.0,0.11,0.0,0.35,-15.68
8934,サンフロンティア不動産株式会社,99753753000.0,0.0,67000000.0,103174000000.0,21279000000.0,0.0,0.0,20.62,29.18
5015,ビーピー・カストロール株式会社,19207258004.0,65955000.0,0.0,13652991000.0,1354494000.0,0.0,0.0,9.92,13.42
9647,株式会社協和コンサルタンツ,3739318000.0,111807000.0,2024000.0,8061713000.0,762679000.0,0.03,0.02,9.46,4.97
8876,株式会社リログループ,263723420700.0,0.0,0.0,9074000000.0,5336000000.0,0.0,0.0,58.81,-74.8
7466,ＳＰＫ株式会社,24000088000.0,430178000.0,16171000.0,68720867000.0,3311340000.0,0.02,0.04,4.82,8.56
9716,株式会社乃村工藝社,104549824736.0,2502000000.0,64000000.0,150256000000.0,8897000000.0,0.02,0.03,5.92,12.02
8012,長瀬産業株式会社,329786777950.0,72028000000.0,1941000000.0,944961000000.0,39078000000.0,0.22,0.03,4.14,4.98
3958,笹徳印刷株式会社,3278050000.0,3863421000.0,88569000.0,12953184000.0,378640000.0,1.18,0.02,2.92,-0.67
7097,株式会社さくらさくプラス,12377950400.0,0.0,0.0,17212000000.0,775000000.0,0.0,0.0,4.5,24.33
1333,マルハニチロ株式会社,154212322000.0,44671000000.0,1557000000.0,1078631000000.0,30381000000.0,0.29,0.03,2.82,4.65
7134,株式会社アップガレージグループ,8706047400.0,18849000.0,2551000.0,13981821000.0,1044571000.0,0.0,0.14,7.47,11.34
3319,株式会社ゴルフダイジェスト・オンライン,7802998000.0,5760000.0,0.0,57006589000.0,1724811000.0,0.0,0.0,3.03,7.73
8123,川辺株式会社,2391385000.0,1154883000.0,17359000.0,12769226000.0,307646000.0,0.48,0.02,2.41,-2.29
8750,第一生命ホールディングス株式会社,1031023504200.0,8433000000.0,0.0,0.0,198865000000.0,0.01,0.0,0.0,0.0
1878,大東建託株式会社,1064783100000.0,44160000000.0,515000000.0,1842357000000.0,118875000000.0,0.04,0.01,6.45,6.4
3174,株式会社ハピネス・アンド・ディ,1843262400.0,29013000.0,1367000.0,10780967000.0,0.0,0.02,0.05,0.0,-15.39
7739,キヤノン電子株式会社,105558556540.0,2468000000.0,144000000.0,100656000000.0,10397000000.0,0.02,0.06,10.33,4.5
7990,グローブライド株式会社,53112000000.0,6692000000.0,141000000.0,123983000000.0,6508000000.0,0.13,0.02,5.25,-1.61
3562,株式会社Ｎｏ．１,14380906500.0,218304000.0,343417000.0,14209460000.0,1039018000.0,0.02,1.57,7.31,5.63
9338,株式会社ＩＮＦＯＲＩＣＨ,23747684625.0,0.0,21491000.0,10701124000.0,1662265000.0,0.0,0.0,15.53,39.31
4198,株式会社テンダ,1575392400.0,0.0,0.0,5175491000.0,545981000.0,0.0,0.0,10.55,22.2
7115,株式会社アルファパーチェス,28428102500.0,0.0,34980000.0,55952804000.0,1242400000.0,0.0,0.0,2.22,7.7
2932,株式会社ＳＴＩフードホールディングス,7876052700.0,118144000.0,10503000.0,35580529000.0,2901186000.0,0.02,0.09,8.15,11.94
8035,東京エレクトロン株式会社,13097220640000.0,200013000000.0,1386000000.0,2431568000000.0,697319000000.0,0.02,0.01,28.68,32.83
7836,アビックス株式会社,3512956600.0,56098000.0,0.0,4347136000.0,268807000.0,0.02,0.0,6.18,16.63
4170,株式会社Ｋａｉｚｅｎ　Ｐｌａｔｆｏｒｍ,3613594203.0,94539000.0,0.0,4523816000.0,58487000.0,0.03,0.0,1.29,4.16
4549,栄研化学株式会社,80937019800.0,408000000.0,3000000.0,40539000000.0,2999000000.0,0.01,0.01,7.4,1.22
7247,株式会社ミクニ,9704085555.0,8740000000.0,253000000.0,101428000000.0,3031000000.0,0.9,0.03,2.99,1.49
6031,ＺＥＴＡ株式会社,5225638992.0,0.0,0.0,1739748000.0,498583000.0,0.0,0.0,28.66,-28.63
1719,株式会社安藤・間,279496424000.0,28048000000.0,613000000.0,425160000000.0,35243000000.0,0.1,0.02,8.29,7.87
3760,株式会社ケイブ,6552936500.0,1035029000.0,300000000.0,12274200000.0,1870464000.0,0.16,0.29,15.24,76.27
2809,キユーピー株式会社,552274500000.0,51178000000.0,564000000.0,483985000000.0,34329000000.0,0.09,0.01,7.09,6.35
7122,近畿車輛株式会社,14017060411.0,6329000000.0,154000000.0,30257000000.0,232000000.0,0.45,0.02,0.77,-29.89
3143,オーウイル株式会社,5607000000.0,429126000.0,6092000.0,39156014000.0,1162943000.0,0.08,0.01,2.97,23.23
7435,株式会社ナ・デックス,8854746400.0,2261103000.0,19434000.0,34436334000.0,959240000.0,0.26,0.01,2.79,-4.86
4027,テイカ株式会社,30131640000.0,12235000000.0,324000000.0,55737000000.0,3525000000.0,0.41,0.03,6.32,5.18
7868,株式会社広済堂ホールディングス,65930313765.0,1758000000.0,32000000.0,38302000000.0,8302000000.0,0.03,0.02,21.68,8.02
5076,インフロニア・ホールディングス株式会社,339708420000.0,20116000000.0,0.0,0.0,15858000000.0,0.06,0.0,0.0,0.0
7562,株式会社安楽亭,16781010840.0,185860000.0,3764000.0,30353499000.0,1459945000.0,0.01,0.02,4.81,0.31
4218,ニチバン株式会社,39837698000.0,2889000000.0,33000000.0,49457000000.0,2586000000.0,0.07,0.01,5.23,5.54
4524,森下仁丹株式会社,9030400000.0,3856000000.0,72000000.0,12766000000.0,804000000.0,0.43,0.02,6.3,2.9
3987,エコモット株式会社,2846135600.0,144245000.0,0.0,2692638000.0,7440000.0,0.05,0.0,0.28,-0.84
9347,日本管財ホールディングス株式会社,112997920000.0,11951000000.0,170000000.0,139868000000.0,8678000000.0,0.11,0.01,6.2,14.02
3076,あいホールディングス株式会社,134344660000.0,3550000000.0,44000000.0,49812000000.0,9853000000.0,0.03,0.01,19.78,7.36
3175,株式会社エー・ピーホールディングス,11878264300.0,176324000.0,3474000.0,21072470000.0,263106000.0,0.01,0.02,1.25,2.3
7094,株式会社ＮｅｘＴｏｎｅ,17992848000.0,0.0,1000000.0,19412000000.0,1005000000.0,0.0,0.0,5.18,44.51
7325,株式会社アイリックコーポレーション,6443920000.0,133481000.0,0.0,7921787000.0,495426000.0,0.02,0.0,6.25,31.93
9663,株式会社ナガワ,100433293960.0,17199000000.0,496000000.0,35294000000.0,4299000000.0,0.17,0.03,12.18,8.34
8059,第一実業株式会社,82290608000.0,12709000000.0,644000000.0,221755000000.0,13103000000.0,0.15,0.05,5.91,18.09
7621,株式会社うかい,20211576700.0,114439000.0,1998000.0,13326031000.0,890199000.0,0.01,0.02,6.68,5.32
9409,株式会社テレビ朝日ホールディングス,307679715000.0,209180000000.0,1391000000.0,324056000000.0,19704000000.0,0.68,0.01,6.08,5.25
6778,株式会社アルチザネットワークス,6339606000.0,190431000.0,15928000.0,2819632000.0,32555000.0,0.03,0.08,1.15,-31.45
1436,株式会社グリーンエナジー＆カンパニー,9468082000.0,69950000.0,0.0,9676010000.0,512204000.0,0.01,0.0,5.29,9.28
3770,株式会社ザッパラス,5023568000.0,424611000.0,0.0,4373725000.0,280400000.0,0.08,0.0,6.41,-0.05
1711,株式会社ＳＤＳホールディングス,2384236109.0,21930000.0,0.0,4035492000.0,51051000.0,0.01,0.0,1.27,-2.43
8144,株式会社デンキョーグループホールディングス,8017995000.0,4497000000.0,148000000.0,54326000000.0,108000000.0,0.56,0.03,0.2,-0.51
2805,ヱスビー食品株式会社,42568750000.0,15585000000.0,388000000.0,123520000000.0,9442000000.0,0.37,0.02,7.64,-2.31
3634,株式会社ソケッツ,1493872200.0,12290000.0,0.0,1039861000.0,0.0,0.01,0.0,0.0,2.07
7381,株式会社北國フィナンシャルホールディングス,124062400000.0,0.0,0.0,0.0,4947000000.0,0.0,0.0,0.0,0.0
6286,靜甲株式会社,5698840917.0,2736492000.0,86990000.0,40099518000.0,1429134000.0,0.48,0.03,3.56,11.07
4690,日本パレットプール株式会社,3180060000.0,322318000.0,8461000.0,6935205000.0,368864000.0,0.1,0.03,5.32,-8.54
6964,株式会社サンコー,5040000000.0,1277957000.0,16323000.0,16838185000.0,546070000.0,0.25,0.01,3.24,-0.58
7420,佐鳥電機株式会社,31477284000.0,4344000000.0,82000000.0,148113000000.0,4755000000.0,0.14,0.02,3.21,1.21
3548,株式会社バロックジャパンリミテッド,28827571800.0,0.0,0.0,58180000000.0,812000000.0,0.0,0.0,1.4,-3.5
2927,株式会社ＡＦＣ－ＨＤアムスライフサイエンス,12689950518.0,588827000.0,7977000.0,30185451000.0,1916188000.0,0.05,0.01,6.35,18.01
7446,東北化学薬品株式会社,3835200000.0,1789876000.0,49479000.0,32155676000.0,353257000.0,0.47,0.03,1.1,-8.37
4368,扶桑化学工業株式会社,143819550000.0,714487000.0,13592000.0,69501527000.0,16230508000.0,0.0,0.02,23.35,17.86
8005,株式会社スクロール,36583145000.0,2368000000.0,81000000.0,84030000000.0,6052000000.0,0.06,0.03,7.2,5.27
7911,ＴＯＰＰＡＮホールディングス株式会社,1231479984000.0,310633000000.0,4212000000.0,1717960000000.0,84086000000.0,0.25,0.01,4.89,2.37
6470,大豊工業株式会社,16511352000.0,5063000000.0,148000000.0,112789000000.0,610000000.0,0.31,0.03,0.54,0.66
5945,天龍製鋸株式会社,21347719110.0,9227377000.0,173612000.0,13131261000.0,1826991000.0,0.43,0.02,13.91,10.02
3924,株式会社ランドコンピュータ,13673571900.0,136850000.0,1748000.0,13730729000.0,1433806000.0,0.01,0.01,10.44,-0.01
9366,株式会社サンリツ,4907206741.0,516829000.0,14194000.0,20122036000.0,1034881000.0,0.11,0.03,5.14,3.73
8065,佐藤商事株式会社,33788450000.0,17927000000.0,641000000.0,284552000000.0,6817000000.0,0.53,0.04,2.4,3.86
4178,株式会社Ｓｈａｒｉｎｇ　Ｉｎｎｏｖａｔｉｏｎｓ,3072573000.0,0.0,0.0,5169035000.0,239086000.0,0.0,0.0,4.63,2.2
9787,イオンディライト株式会社,,4558000000.0,107000000.0,337929000000.0,16429000000.0,0.0,0.02,4.86,4.04
9989,株式会社サンドラッグ,554651343232.0,34013000000.0,9000000.0,801811000000.0,44496000000.0,0.06,0.0,5.55,6.66
9380,東海運株式会社,9342129000.0,3756655000.0,132421000.0,29981402000.0,688107000.0,0.4,0.04,2.3,0.38
5445,東京鐵鋼株式会社,51790136650.0,8378000000.0,136000000.0,82593000000.0,14676000000.0,0.16,0.02,17.77,3.74
7808,株式会社シー・エス・ランバー,5548449900.0,307329000.0,6996000.0,21132906000.0,2174056000.0,0.06,0.02,10.29,-13.91
5184,株式会社ニチリン,50873340000.0,3923000000.0,70000000.0,71356000000.0,9184000000.0,0.08,0.02,12.87,1.03
6349,株式会社小森コーポレーション,81983061720.0,13749000000.0,383000000.0,111050000000.0,7118000000.0,0.17,0.03,6.41,6.49
7041,ＣＲＧホールディングス株式会社,1812921600.0,592300000.0,0.0,17090086000.0,90128000.0,0.33,0.0,0.53,-17.9
6273,ＳＭＣ株式会社,3398092360000.0,145267000000.0,120211000000.0,792108000000.0,190244000000.0,0.04,0.83,24.02,1.96
2004,昭和産業株式会社,95521740900.0,47221000000.0,711000000.0,334425000000.0,11126000000.0,0.49,0.02,3.33,-3.45
6820,アイコム株式会社,42901650000.0,8447000000.0,110000000.0,37468000000.0,3721000000.0,0.2,0.01,9.93,0.95
8425,みずほリース株式会社,315738257100.0,377214000000.0,1024000000.0,695423000000.0,48966000000.0,1.19,0.0,7.04,5.99
7607,株式会社進和,46489403775.0,2857237000.0,75203000.0,77845803000.0,3559062000.0,0.06,0.03,4.57,2.28
7630,株式会社壱番屋,149094420000.0,531443000.0,48038000.0,61006655000.0,4925666000.0,0.0,0.09,8.07,10.64
2436,共同ピーアール株式会社,8061142680.0,116194000.0,1310000.0,7323625000.0,1074736000.0,0.01,0.01,14.67,6.2
2267,株式会社ヤクルト本社,894567536140.0,68019000000.0,2208000000.0,499683000000.0,55391000000.0,0.08,0.03,11.09,-0.68
9986,蔵王産業株式会社,15169986000.0,78200000.0,4283000.0,8449787000.0,911595000.0,0.01,0.05,10.79,-10.35
7544,株式会社スリーエフ,3822719120.0,38000000.0,0.0,3869000000.0,997000000.0,0.01,0.0,25.77,-6.48
7267,本田技研工業株式会社,7888320000000.0,180512000000.0,989856000000.0,4596209000000.0,0.0,0.02,5.48,0.0,1.13
3712,株式会社情報企画,20613600000.0,5586000.0,0.0,3612525000.0,1428402000.0,0.0,0.0,39.54,2.38
4088,エア・ウォーター株式会社,498223717500.0,42001000000.0,27093000000.0,145299000000.0,0.0,0.08,0.65,0.0,-0.15
5591,株式会社ＡＶＩＬＥＮ,9771988800.0,0.0,0.0,1241485000.0,189353000.0,0.0,0.0,15.25,33.55
7370,株式会社Ｅｎｊｉｎ,6039874200.0,383632000.0,0.0,3267043000.0,1045419000.0,0.06,0.0,32.0,-6.15
9449,ＧＭＯインターネットグループ株式会社,406027608045.0,62811000000.0,626000000.0,277407000000.0,46653000000.0,0.15,0.01,16.82,7.25
2209,井村屋グループ株式会社,31956500400.0,2435806000.0,69322000.0,51121689000.0,3005704000.0,0.08,0.03,5.88,6.01
7729,株式会社東京精密,402766443631.0,3246000000.0,258000000.0,150534000000.0,29703000000.0,0.01,0.08,19.73,11.77
4054,日本情報クリエイト株式会社,10694057800.0,16159000.0,0.0,4436894000.0,709517000.0,0.0,0.0,15.99,17.68
5844,株式会社京都フィナンシャルグループ,814581486000.0,0.0,0.0,0.0,30044000000.0,0.0,0.0,0.0,0.0
9223,株式会社ＡＳＮＯＶＡ,7537670400.0,0.0,0.0,4266335000.0,48769000.0,0.0,0.0,1.14,12.7
4595,株式会社ミズホメディー,26747604000.0,8000000.0,75000000.0,11429000000.0,4917000000.0,0.0,9.38,43.02,4.0
6965,浜松ホトニクス株式会社,301442964020.0,4386000000.0,59000000.0,203961000000.0,32118000000.0,0.01,0.01,15.75,-7.9
6471,日本精工株式会社,346799987792.96875,31453000000.0,35067000000.0,383802000000.0,2286000000.0,0.09,1.11,0.6,-0.85
1812,鹿島建設株式会社,1953383920000.0,397478000000.0,6986000000.0,2911816000000.0,151882000000.0,0.2,0.02,5.22,9.25
6356,日本ギア工業株式会社,7525560000.0,1060316000.0,31549000.0,9555548000.0,2105777000.0,0.14,0.03,22.04,-0.69
6463,ＴＰＲ株式会社,70795200000.0,35651000000.0,1080000000.0,192494000000.0,11214000000.0,0.5,0.03,5.83,-0.69
7681,株式会社レオクラン,1959928800.0,105735000.0,4291000.0,19804248000.0,178107000.0,0.05,0.04,0.9,-25.64
5575,株式会社Ｇｌｏｂｅｅ,4648573380.0,0.0,0.0,1288764000.0,319983000.0,0.0,0.0,24.83,35.99
3762,テクマトリックス株式会社,95091302400.0,1720584000.0,5646000.0,36996498000.0,3810565000.0,0.02,0.0,10.3,19.67
8181,株式会社東天紅,2336166868.0,254317000.0,7299000.0,4710603000.0,490042000.0,0.11,0.03,10.4,0.67
5132,株式会社ｐｌｕｓｚｅｒｏ,24080722800.0,3152000.0,0.0,1218501000.0,250680000.0,0.0,0.0,20.57,36.29
5988,株式会社パイオラックス,63955204000.0,4546000000.0,84000000.0,63351000000.0,2382000000.0,0.07,0.02,3.76,-1.86
3068,株式会社ＷＤＩ,18993000000.0,318096000.0,0.0,31952794000.0,749248000.0,0.02,0.0,2.34,3.24
7085,株式会社カーブスホールディングス,64480097691.0,0.0,0.0,35465349000.0,5458197000.0,0.0,0.0,15.39,18.13
9256,株式会社サクシード,2834330400.0,24320000.0,0.0,3469824000.0,380685000.0,0.01,0.0,10.97,7.49
5845,全保連株式会社,22077063800.0,60000000.0,0.0,25658000000.0,2548000000.0,0.0,0.0,9.93,4.68
9765,株式会社オオバ,17425000000.0,1632186000.0,51278000.0,16485974000.0,1842500000.0,0.09,0.03,11.18,5.36
9722,藤田観光株式会社,141239895680.0,10472000000.0,257000000.0,76211000000.0,12309000000.0,0.07,0.02,16.15,18.07
4439,株式会社東名,13411440000.0,23652000.0,72077000.0,23918591000.0,2314273000.0,0.0,3.05,9.68,16.5
8093,極東貿易株式会社,18657866656.0,9405000000.0,342000000.0,52982000000.0,2038000000.0,0.5,0.04,3.85,21.35
5884,株式会社クラダシ,4496048128.0,0.0,0.0,2862197000.0,21192000.0,0.0,0.0,0.74,-1.65
4316,株式会社ビーマップ,1977620000.0,38303000.0,0.0,1494314000.0,2334000.0,0.02,0.0,0.16,-6.55
9238,バリュークリエーション株式会社,3911360000.0,0.0,0.0,3431976000.0,121616000.0,0.0,0.0,3.54,16.4
6590,芝浦メカトロニクス株式会社,148651440000.0,0.0,80000000.0,80915000000.0,14135000000.0,0.0,0.0,17.47,19.77
6728,株式会社　アルバック,266028505820.0,10307000000.0,574000000.0,261115000000.0,29771000000.0,0.04,0.06,11.4,14.76
5973,株式会社トーアミ,3430400000.0,622914000.0,19628000.0,18104665000.0,331054000.0,0.18,0.03,1.83,2.7
5136,ｔｒｉｐｌａ株式会社,12930914612.0,0.0,0.0,0.0,270127000.0,0.0,0.0,0.0,0.0
4151,協和キリン株式会社,1333009092000.0,4568000000.0,78770000000.0,286510000000.0,0.0,0.0,17.24,0.0,3.37
7927,ムトー精工株式会社,12034997140.0,303414000.0,8641000.0,27574022000.0,2047505000.0,0.03,0.03,7.43,4.78
7749,メディキット株式会社,40891000000.0,778786000.0,16949000.0,22553238000.0,4486793000.0,0.02,0.02,19.89,3.22
7820,ニホンフラッシュ株式会社,20173300000.0,2405901000.0,90922000.0,23976557000.0,774868000.0,0.12,0.04,3.23,-7.42
3733,株式会社ソフトウェア・サービス,73978240000.0,393000000.0,36000000.0,38425000000.0,7274000000.0,0.01,0.09,18.93,13.95
3094,株式会社スーパーバリュー,9277185000.0,0.0,0.0,65781290000.0,0.0,0.0,0.0,0.0,-6.03
9685,ＫＹＣＯＭホールディングス株式会社,3263683896.0,1373206000.0,44796000.0,6770632000.0,590547000.0,0.42,0.03,8.72,11.15
6026,ＧＭＯ　ＴＥＣＨ株式会社,7528240800.0,20000000.0,0.0,6868000000.0,899000000.0,0.0,0.0,13.09,9.78
5194,相模ゴム工業株式会社,10302654000.0,969539000.0,25836000.0,5687899000.0,611231000.0,0.09,0.03,10.75,-6.95
2108,日本甜菜製糖株式会社,36183840762.0,25456000000.0,767000000.0,64796000000.0,535000000.0,0.7,0.03,0.83,-6.5
4651,株式会社サニックスホールディングス,12278669000.0,161000000.0,5000000.0,45352000000.0,2227000000.0,0.01,0.03,4.91,-3.85
3480,株式会社ジェイ・エス・ビー,84586496000.0,1262525000.0,844597000.0,69529664000.0,8106702000.0,0.01,0.67,11.66,9.01
3803,イメージ情報開発株式会社,1736800000.0,16219000.0,0.0,646058000.0,124017000.0,0.01,0.0,19.2,22.38
9504,中国電力株式会社,293385820871.5906,1077941000000.0,1498000000.0,0.0,129148000000.0,3.67,0.0,0.0,0.0
7003,株式会社三井Ｅ＆Ｓ,301870944000.0,29674000000.0,275000000.0,315112000000.0,23130000000.0,0.1,0.01,7.34,4.38
9360,鈴与シンワート株式会社,9060000000.0,308000000.0,12000000.0,19116000000.0,1395000000.0,0.03,0.04,7.3,11.4
3402,東レ株式会社,1598851380000.0,98318000000.0,79460000000.0,651714000000.0,19313000000.0,0.06,0.81,2.96,7.38
6481,ＴＨＫ株式会社,501247645580.0,4923000000.0,11688000000.0,144737000000.0,4121000000.0,0.01,2.37,2.85,0.35
7358,株式会社ポピンズ,12823398000.0,0.0,0.0,31690000000.0,1574000000.0,0.0,0.0,4.97,9.68
5533,株式会社エリッツホールディングス,5964858000.0,110179000.0,2465000.0,5835613000.0,968304000.0,0.02,0.02,16.59,4.91
3900,株式会社クラウドワークス,16556990509.0,1952023000.0,0.0,17113505000.0,1340620000.0,0.12,0.0,7.83,29.54
6635,株式会社大日光・エンジニアリング,3230285000.0,896929000.0,17181000.0,38960122000.0,643425000.0,0.28,0.02,1.65,-0.62
4554,富士製薬工業株式会社,33417630000.0,7092000000.0,0.0,46138000000.0,3880000000.0,0.21,0.0,8.41,12.84
6745,ホーチキ株式会社,79728000000.0,5280000000.0,148000000.0,100900000000.0,9553000000.0,0.07,0.03,9.47,7.93
8996,株式会社ハウスフリーダム,3370200000.0,47808000.0,243324000.0,14488455000.0,882979000.0,0.01,5.09,6.09,22.91
2475,ＷＤＢホールディングス株式会社,33640620000.0,127731000.0,13465000.0,51136663000.0,5068340000.0,0.0,0.11,9.91,3.73
9270,バリュエンスホールディングス株式会社,12098457300.0,0.0,0.0,81468085000.0,549636000.0,0.0,0.0,0.67,7.01
3289,東急不動産ホールディングス株式会社,747184551012.0,354714000000.0,508000000.0,348841000000.0,140763000000.0,0.47,0.0,40.35,-4.54
5204,石塚硝子株式会社,10602347000.0,6463000000.0,206000000.0,55994000000.0,3849000000.0,0.61,0.03,6.87,-3.26
7819,粧美堂株式会社,9172440000.0,1176241000.0,3994000.0,20919562000.0,1010056000.0,0.13,0.0,4.83,2.33
9888,株式会社ＵＥＸ,10188000000.0,2882646000.0,102735000.0,50280989000.0,1771819000.0,0.28,0.04,3.52,-3.52
8541,株式会社　愛媛銀行,40766484000.0,0.0,0.0,0.0,0.0,0.0,0.0,0.0,0.0
3435,サンコーテクノ株式会社,11788809984.0,1454927000.0,42174000.0,21250387000.0,1282162000.0,0.12,0.03,6.03,0.51
5659,日本精線株式会社,33641140000.0,68000000.0,2000000.0,46749000000.0,4576000000.0,0.0,0.03,9.79,4.52
7173,株式会社東京きらぼしフィナンシャルグループ,204435500000.0,524000000.0,3000000.0,0.0,9691000000.0,0.0,0.01,0.0,0.0
2429,株式会社ワールドホールディングス,40208067900.0,1437000000.0,3097000000.0,242226000000.0,8593000000.0,0.04,2.16,3.55,13.33
3676,株式会社デジタルハーツホールディングス,22433461200.0,1340609000.0,0.0,39748901000.0,2430067000.0,0.06,0.0,6.11,2.47
8253,株式会社クレディセゾン,730837846452.0,53724000000.0,0.0,0.0,47181000000.0,0.07,0.0,0.0,0.0
8207,テンアライド株式会社,11165263241.0,504658000.0,11246000.0,11887480000.0,232372000.0,0.05,0.02,1.95,6.65
4623,株式会社アサヒペン,7722000000.0,2877120000.0,61108000.0,17151706000.0,865253000.0,0.37,0.02,5.04,0.26
7747,朝日インテック株式会社,625843814400.0,15185000000.0,91000000.0,107547000000.0,22135000000.0,0.02,0.01,20.58,19.36
4374,株式会社ＲＯＢＯＴ　ＰＡＹＭＥＮＴ,9279783322.0,188480000.0,0.0,2762014000.0,479696000.0,0.02,0.0,17.37,24.77
6248,株式会社横田製作所,2838352500.0,0.0,0.0,2276777000.0,455932000.0,0.0,0.0,20.03,11.07
5950,日本パワーファスニング株式会社,3438691360.0,176791000.0,5529000.0,5040565000.0,0.0,0.05,0.03,0.0,-1.33
3359,株式会社ｃｏｔｔａ,4781216538.0,0.0,1130000.0,8951833000.0,477832000.0,0.0,0.0,5.34,3.9
6198,株式会社キャリア,2621793280.0,0.0,0.0,16709494000.0,428855000.0,0.0,0.0,2.57,-6.09
8070,東京産業株式会社,22283183622.0,6713000000.0,439000000.0,65029000000.0,1258000000.0,0.3,0.07,1.93,-0.64
2341,株式会社アルバイトタイムス,4761685342.0,14477000.0,0.0,4160588000.0,68536000.0,0.0,0.0,1.65,-3.65
7695,株式会社交換できるくん,5569609500.0,16188000.0,0.0,10292863000.0,163296000.0,0.0,0.0,1.59,36.06
6070,キャリアリンク株式会社,27557730900.0,222709000.0,1427000.0,40397672000.0,2693450000.0,0.01,0.01,6.67,-7.75
5956,トーソー株式会社,5340000000.0,1000493000.0,29782000.0,22789773000.0,746750000.0,0.19,0.03,3.28,5.48
4707,株式会社キタック,2071251328.0,236146000.0,6147000.0,3342957000.0,362706000.0,0.11,0.03,10.85,16.01
4365,松本油脂製薬株式会社,85863360000.0,20707000000.0,302000000.0,43131000000.0,9281000000.0,0.24,0.01,21.52,3.87
1828,田辺工業株式会社,27463680000.0,330657000.0,9410000.0,50832166000.0,3837544000.0,0.01,0.03,7.55,-1.95
2146,ＵＴグループ株式会社,97618077967.0,6000000.0,0.0,194748000000.0,8074000000.0,0.0,0.0,4.15,16.59
6742,株式会社京三製作所,30982092000.0,11991000000.0,180000000.0,85367000000.0,6112000000.0,0.39,0.02,7.16,21.05
5333,日本碍子株式会社,549730657620.0,68892000000.0,1943000000.0,619513000000.0,81241000000.0,0.13,0.03,13.11,7.01
4933,株式会社Ｉ－ｎｅ,29432966850.0,0.0,2000000.0,45006000000.0,4583000000.0,0.0,0.0,10.18,8.08
4619,日本特殊塗料株式会社,48780739200.0,22055000000.0,301000000.0,66060000000.0,4456000000.0,0.45,0.01,6.75,2.11
5697,株式会社サンユウ,3057682000.0,536076000.0,15845000.0,24444766000.0,668622000.0,0.18,0.03,2.74,1.8
9073,京極運輸商事株式会社,4048000000.0,1797449000.0,65017000.0,8421594000.0,16919000.0,0.44,0.04,0.2,0.09
9312,ケイヒン株式会社,17883713520.0,8303000000.0,246000000.0,50452000000.0,2898000000.0,0.46,0.03,5.74,8.45
5033,株式会社ヌーラボ,5660620173.0,0.0,0.0,4112318000.0,640363000.0,0.0,0.0,15.57,12.27
3540,株式会社歯愛メディカル,48900000000.0,6021000000.0,47000000.0,67493000000.0,2493000000.0,0.12,0.01,3.69,47.92
5582,株式会社グリッド,11679622878.0,0.0,0.0,1652097000.0,365654000.0,0.0,0.0,22.13,22.03
6366,千代田化工建設株式会社,140609652000.0,4272000000.0,1001000000.0,505981000000.0,4680000000.0,0.03,0.23,0.92,17.63
7555,株式会社大田花き,4075500000.0,825629000.0,13331000.0,3857541000.0,276113000.0,0.2,0.02,7.16,-6.93
7366,株式会社ＬＩＴＡＬＩＣＯ,44675226612.0,242000000.0,1397000000.0,7787000000.0,286000000.0,0.01,5.77,3.67,10.28
6580,株式会社ライトアップ,15409124000.0,51159000.0,0.0,4003770000.0,720719000.0,0.0,0.0,18.0,44.22
3844,コムチュア株式会社,57228840000.0,88000000.0,1000000.0,36341000000.0,4630000000.0,0.0,0.01,12.74,6.31
6458,新晃工業株式会社,97954218000.0,13212000000.0,348000000.0,57005000000.0,9986000000.0,0.13,0.03,17.52,9.75
6144,西部電機株式会社,28864640000.0,5571000000.0,107000000.0,33352000000.0,3192000000.0,0.19,0.02,9.57,4.4
9012,秩父鉄道株式会社,3006000000.0,111793000.0,1935000.0,0.0,304969000.0,0.04,0.02,0.0,0.0
7034,株式会社プロレド・パートナーズ,7075619200.0,6324438000.0,0.0,3205046000.0,0.0,0.89,0.0,0.0,18.04
1952,新日本空調株式会社,120341592000.0,22443000000.0,532000000.0,0.0,11346000000.0,0.19,0.02,0.0,0.0
3953,大村紙業株式会社,2892080912.0,237097000.0,6042000.0,5939115000.0,274135000.0,0.08,0.03,4.62,3.53
6492,岡野バルブ製造株式会社,11349690000.0,1352000000.0,8000000.0,8169000000.0,1185000000.0,0.12,0.01,14.51,10.29
9709,ＮＣＳ＆Ａ株式会社,20286000000.0,1100280000.0,39425000.0,20493251000.0,1993825000.0,0.05,0.04,9.73,8.39
2674,株式会社ハードオフコーポレーション,23540398000.0,3639795000.0,74200000.0,33531023000.0,3218216000.0,0.15,0.02,9.6,11.38
7120,株式会社ＳＨＩＮＫＯ,4392430000.0,0.0,0.0,16904476000.0,687690000.0,0.0,0.0,4.07,4.7
3437,特殊電極株式会社,3988980000.0,200812000.0,5627000.0,10539874000.0,635829000.0,0.05,0.03,6.03,9.93
7408,株式会社ジャムコ,,1059766000.0,5057000.0,78996147000.0,7414604000.0,0.0,0.0,9.39,23.43
2303,株式会社ドーン,7507500000.0,548501000.0,0.0,1500658000.0,533114000.0,0.07,0.0,35.53,9.67
5706,三井金属鉱業株式会社,300160011000.0,64220000000.0,607000000.0,712344000000.0,74743000000.0,0.21,0.01,10.49,10.15
6143,株式会社ソディック,53696394220.0,6657000000.0,263000000.0,73668000000.0,2231000000.0,0.12,0.04,3.03,9.67
3768,リスクモンスター株式会社,3795550234.0,1387142000.0,23894000.0,3728251000.0,263991000.0,0.37,0.02,7.08,1.68
8399,株式会社琉球銀行,51902032000.0,0.0,0.0,0.0,0.0,0.0,0.0,0.0,0.0
7962,株式会社キングジム,26017165284.0,3116368000.0,104980000.0,39553069000.0,148327000.0,0.12,0.03,0.38,0.4
4275,株式会社カーリット,28547350000.0,8631000000.0,256000000.0,36914000000.0,3046000000.0,0.3,0.03,8.25,0.92
9558,ジャパニアス株式会社,8539596000.0,20000000.0,0.0,11211465000.0,945885000.0,0.0,0.0,8.44,13.41
7058,共栄セキュリティーサービス株式会社,3889783000.0,85465000.0,129256000.0,10113415000.0,484862000.0,0.02,1.51,4.79,8.11
4109,ステラケミファ株式会社,52994705000.0,3163000000.0,2000000.0,36288000000.0,4338000000.0,0.06,0.0,11.95,19.19
9517,イーレックス株式会社,57457133888.0,3615000000.0,3630000000.0,123355000000.0,769000000.0,0.06,1.0,0.62,-41.96
9930,北沢産業株式会社,9003204000.0,2687007000.0,57580000.0,15561539000.0,841882000.0,0.3,0.02,5.41,-5.53
3067,株式会社東京一番フーズ,4135785800.0,0.0,0.0,7452170000.0,217971000.0,0.0,0.0,2.92,2.69
4445,リビン・テクノロジーズ株式会社,4265891900.0,686918000.0,0.0,0.0,207037000.0,0.16,0.0,0.0,0.0
4220,リケンテクノス株式会社,58069770710.0,6194352000.0,230686000.0,128141144000.0,10488509000.0,0.11,0.04,8.19,1.91
5237,株式会社ノザワ,11362575000.0,3614424000.0,118308000.0,21954062000.0,1680092000.0,0.32,0.03,7.65,-4.86
6850,株式会社チノー,21483469120.0,1390000000.0,57000000.0,29329000000.0,2879000000.0,0.06,0.04,9.82,6.94
5356,美濃窯業株式会社,12999363000.0,2177854000.0,65289000.0,15058799000.0,1576275000.0,0.17,0.03,10.47,6.35
4434,株式会社サーバーワークス,16423153125.0,3806775000.0,32900000.0,35717021000.0,1072076000.0,0.23,0.01,3.0,29.83
4430,東海ソフト株式会社,7488696600.0,194016000.0,4260000.0,8738542000.0,1004514000.0,0.03,0.02,11.5,13.22
6182,株式会社メタリアル,6805037500.0,53030000.0,0.0,4084762000.0,117319000.0,0.01,0.0,2.87,-2.23
5253,カバー株式会社,141672915800.0,0.0,0.0,43401000000.0,8001000000.0,0.0,0.0,18.44,43.87
6396,株式会社宇野澤組鐵工所,3333120000.0,478689000.0,17667000.0,4954532000.0,594305000.0,0.14,0.04,12.0,-10.2
9726,ＫＮＴ－ＣＴホールディングス株式会社,28806887702.0,4481000000.0,91000000.0,274516000000.0,6040000000.0,0.16,0.02,2.2,7.47
9934,因幡電機産業株式会社,229171192000.0,19974000000.0,694000000.0,384012000000.0,25556000000.0,0.09,0.03,6.66,11.19
7180,株式会社九州フィナンシャルグループ,352489368156.4331,56000000.0,3000000.0,0.0,8232000000.0,0.0,0.05,0.0,0.0
5423,東京製鐵株式会社,182706653340.0,25392000000.0,681000000.0,326775000000.0,30105000000.0,0.14,0.03,9.21,-11.02
8918,株式会社ランド,13906260000.0,45000000.0,23232000.0,5092112000.0,977019000.0,0.0,0.52,19.19,142.3
6089,株式会社ウィルグループ,21686486700.0,234000000.0,0.0,3325000000.0,612000000.0,0.01,0.0,18.41,-11.33
7956,ピジョン株式会社,207480020373.0,553000000.0,13000000.0,104171000000.0,12139000000.0,0.0,0.02,11.65,10.28
4617,中国塗料株式会社,155375000000.0,8229000000.0,344000000.0,131152000000.0,15381000000.0,0.05,0.04,11.73,12.89
4044,セントラル硝子株式会社,78910000000.0,17835000000.0,536000000.0,144233000000.0,10629000000.0,0.23,0.03,7.37,-10.04
3563,株式会社ＦＯＯＤ　＆　ＬＩＦＥ　ＣＯＭＰＡＮＩＥＳ,862277967936.0,962000000.0,1000000.0,0.0,2563000000.0,0.0,0.0,0.0,0.0
7490,日新商事株式会社,8002800000.0,8148730000.0,300659000.0,39034644000.0,384866000.0,1.02,0.04,0.99,0.78
7844,株式会社マーベラス,32103662400.0,2908000000.0,0.0,27963000000.0,1817000000.0,0.09,0.0,6.5,-5.19
9735,セコム株式会社,2479511315944.0,435635000000.0,1012000000.0,1199942000000.0,144297000000.0,0.18,0.0,12.03,3.91
9502,中部電力株式会社,1381834000000.0,3015980000000.0,1143000000.0,0.0,242045000000.0,2.18,0.0,0.0,0.0
4849,エン・ジャパン株式会社,83870892000.0,4661000000.0,2000000.0,65678000000.0,5892000000.0,0.06,0.0,8.97,-2.93
7462,株式会社ＣＡＰＩＴＡ,1755397000.0,3545000.0,0.0,3369499000.0,79449000.0,0.0,0.0,2.36,10.68
6257,株式会社藤商事,24154752500.0,9719000000.0,150000000.0,34597000000.0,3192000000.0,0.4,0.02,9.23,-6.45
5284,ヤマウホールディングス株式会社,13179540000.0,499110000.0,19493000.0,22837611000.0,3565808000.0,0.04,0.04,15.61,15.66
4326,株式会社インテージホールディングス,76768974000.0,5920277000.0,59716000.0,63279218000.0,3289989000.0,0.08,0.01,5.2,3.08
4221,大倉工業株式会社,52262940000.0,10341000000.0,344000000.0,81192000000.0,4564000000.0,0.2,0.03,5.62,2.95
5440,共英製鋼株式会社,99271092030.0,17526000000.0,334000000.0,322849000000.0,15332000000.0,0.18,0.02,4.75,0.58
6361,株式会社荏原製作所,1313853392500.0,2078000000.0,25424000000.0,358668000000.0,28998000000.0,0.0,12.23,8.08,9.06
1884,日本道路株式会社,110260514000.0,1947000000.0,37000000.0,164294000000.0,9895000000.0,0.02,0.02,6.02,2.35
7414,小野建株式会社,35096831000.0,3032000000.0,53000000.0,271942000000.0,6810000000.0,0.09,0.02,2.5,-3.54
7088,株式会社フォーラムエンジニアリング,63996201600.0,10000000.0,0.0,34688000000.0,4201000000.0,0.0,0.0,12.11,10.9
4360,株式会社マナック・ケミカル・パートナーズ,4321125000.0,1520000000.0,50000000.0,9304000000.0,603000000.0,0.35,0.03,6.48,-3.94
3399,株式会社丸千代山岡家,60841220000.0,62953000.0,0.0,34585110000.0,3708375000.0,0.0,0.0,10.72,30.54
4973,日本高純度化学株式会社,19597056000.0,5974602000.0,188064000.0,12611218000.0,502648000.0,0.3,0.03,3.99,10.43
6054,株式会社リブセンス,4167680000.0,66166000.0,0.0,6320314000.0,109445000.0,0.02,0.0,1.73,11.78
3286,トラストホールディングス株式会社,4632005000.0,69847000.0,1869000.0,13694050000.0,675671000.0,0.02,0.03,4.93,2.05
1893,五洋建設株式会社,268537612682.73926,22475000000.0,342000000.0,727491000000.0,21697000000.0,0.08,0.02,2.98,17.77
3156,株式会社レスター,79480296000.0,3477000000.0,45000000.0,561001000000.0,14174000000.0,0.04,0.01,2.53,9.47
2668,タビオ株式会社,8169842120.0,387450000.0,6843000.0,16852068000.0,739778000.0,0.05,0.02,4.39,3.89
8343,株式会社秋田銀行,57083415000.0,0.0,0.0,0.0,0.0,0.0,0.0,0.0,0.0
6918,株式会社アバールデータ,15979555290.0,2677284000.0,105195000.0,10980379000.0,1420666000.0,0.17,0.04,12.94,-12.72
3079,ディーブイエックス株式会社,9885260000.0,323874000.0,3392000.0,50321644000.0,537458000.0,0.03,0.01,1.07,9.75
7791,ドリームベッド株式会社,3367937020.0,172628000.0,4331000.0,11509308000.0,595148000.0,0.05,0.03,5.17,18.55
7885,タカノ株式会社,11539214000.0,3607813000.0,52672000.0,23969636000.0,451224000.0,0.31,0.01,1.88,-4.78
2798,株式会社ワイズテーブルコーポレーション,9733578400.0,208355000.0,0.0,12120830000.0,118970000.0,0.02,0.0,0.98,7.41
9264,ポエック株式会社,8068662610.0,273311000.0,230463000.0,8371947000.0,555232000.0,0.03,0.84,6.63,18.71
2483,株式会社翻訳センター,6434790000.0,346316000.0,0.0,11210147000.0,890488000.0,0.05,0.0,7.94,-0.83
4356,応用技術株式会社,9009676800.0,0.0,0.0,7837811000.0,937663000.0,0.0,0.0,11.96,5.64
7505,扶桑電通株式会社,20374788460.0,7217184000.0,145386000.0,46778454000.0,1865543000.0,0.35,0.02,3.99,13.71
6612,バルミューダ株式会社,7281104000.0,0.0,0.0,12462000000.0,12000000.0,0.0,0.0,0.1,-4.22
7416,株式会社はるやまホールディングス,12116475000.0,567654000.0,12049000.0,36135998000.0,625676000.0,0.05,0.02,1.73,0.61
7936,株式会社アシックス,2758438624000.0,3513000000.0,167000000.0,678526000000.0,100111000000.0,0.0,0.05,14.75,18.94
6023,ダイハツインフィニアース株式会社,71471400000.0,1472000000.0,54000000.0,88781000000.0,7634000000.0,0.02,0.04,8.6,8.57
7214,ＧＭＢ株式会社,4396672548.0,997123000.0,241871000.0,103712142000.0,1943063000.0,0.23,0.24,1.87,7.71
2408,株式会社ＫＧ情報,4579362000.0,57420000.0,2070000.0,0.0,304708000.0,0.01,0.04,0.0,0.0
6810,マクセル株式会社,86915556000.0,9667000000.0,219000000.0,129806000000.0,9318000000.0,0.11,0.02,7.18,0.52
9639,三協フロンテア株式会社,47062340000.0,87000000.0,9000000.0,56092000000.0,8021000000.0,0.0,0.1,14.3,7.11
8089,ナイス株式会社,20682351462.0,10514000000.0,209000000.0,243054000000.0,4628000000.0,0.51,0.02,1.9,7.61
6141,ＤＭＧ森精機株式会社,472426240000.0,1916000000.0,20367000000.0,106045000000.0,0.0,0.0,10.63,0.0,-22.38
7740,株式会社タムロン,40940000000.0,6699000000.0,130000000.0,88475000000.0,19201000000.0,0.16,0.02,21.7,23.87
4565,ネクセラファーマ株式会社,78035680744.0,0.0,0.0,6581000000.0,0.0,0.0,0.0,0.0,31.23
6998,日本タングステン株式会社,6351600640.0,1730000000.0,28000000.0,12392000000.0,689000000.0,0.27,0.02,5.56,8.09
7259,株式会社アイシン,1528650662829.0,121975000000.0,83072000000.0,2431018000000.0,25491000000.0,0.08,0.68,1.05,-2.14
3521,エコナックホールディングス株式会社,4181628000.0,0.0,0.0,1980519000.0,341468000.0,0.0,0.0,17.24,4.64
5476,日本高周波鋼業株式会社,5830983949.0,861000000.0,82000000.0,36774000000.0,62000000.0,0.15,0.1,0.17,0.44
3461,株式会社パルマ,3565412703.0,5448000.0,0.0,2810817000.0,123693000.0,0.0,0.0,4.4,19.4
7083,ＡＨＣグループ株式会社,2008316352.0,89177000.0,0.0,6268694000.0,144933000.0,0.04,0.0,2.31,5.98
5280,ヨシコン株式会社,17899422792.0,2985654000.0,148465000.0,27474927000.0,4678515000.0,0.17,0.05,17.03,14.89
9828,株式会社Ｇｅｎｋｉ　Ｇｌｏｂａｌ　Ｄｉｎｉｎｇ　Ｃｏｎｃｅｐｔｓ,69461150000.0,37000000.0,73000000.0,67472000000.0,6792000000.0,0.0,1.97,10.07,9.11
2811,カゴメ株式会社,266260696000.0,11501000000.0,3702000000.0,157724000000.0,10237000000.0,0.04,0.32,6.49,9.57
4337,ぴあ株式会社,45686288534.0,1125000000.0,8000000.0,45362000000.0,2636000000.0,0.02,0.01,5.81,14.59
6707,サンケン電気株式会社,208514682480.0,15632000000.0,33000000.0,121619000000.0,0.0,0.07,0.0,0.0,-48.3
3941,レンゴー株式会社,234707397017.57812,156961000000.0,2568000000.0,993251000000.0,37408000000.0,0.67,0.02,3.77,10.26
9057,遠州トラック株式会社,23807630000.0,357000000.0,9000000.0,0.0,3239000000.0,0.01,0.03,0.0,0.0
3323,レカム株式会社,7023571675.0,26199000.0,0.0,0.0,74008000.0,0.0,0.0,0.0,0.0
4047,関東電化工業株式会社,49259418800.0,8181000000.0,445000000.0,62351000000.0,4272000000.0,0.17,0.05,6.85,-3.73
5018,株式会社ＭＯＲＥＳＣＯ,12101856000.0,654000000.0,25000000.0,34374000000.0,1391000000.0,0.05,0.04,4.05,7.8
5892,株式会社ｙｕｔｏｒｉ,21183921000.0,0.0,0.0,8306109000.0,671475000.0,0.0,0.0,8.08,92.26
7694,株式会社いつも,6870210464.0,158055000.0,0.0,13940858000.0,74434000.0,0.02,0.0,0.53,0.57
5983,イワブチ株式会社,7150000000.0,2872489000.0,62296000.0,12642063000.0,878618000.0,0.4,0.02,6.95,7.42
6310,井関農機株式会社,31282575473.0,9864000000.0,351000000.0,168425000000.0,1920000000.0,0.32,0.04,1.14,-0.88
3300,株式会社アンビションＤＸホールディングス,16003964400.0,18103000.0,253370000.0,42065394000.0,2726317000.0,0.0,14.0,6.48,16.08
2980,ＳＲＥホールディングス株式会社,50162395650.0,45000000.0,0.0,26690860000.0,3107982000.0,0.0,0.0,11.64,10.21
5357,株式会社　ヨータイ,33309800000.0,3085052000.0,100887000.0,29305404000.0,3484446000.0,0.09,0.03,11.89,0.61
7841,株式会社遠藤製作所,10526715000.0,791004000.0,4594000.0,17416558000.0,1546863000.0,0.08,0.01,8.88,10.87
3105,日清紡ホールディングス株式会社,158972765734.0088,69917000000.0,1251000000.0,494746000000.0,16581000000.0,0.44,0.02,3.35,-8.59
4442,バルテス・ホールディングス株式会社,9009000000.0,213612000.0,0.0,10795074000.0,940888000.0,0.02,0.0,8.72,4.18
5901,東洋製罐グループホールディングス株式会社,489322838000.0,167035000000.0,3075000000.0,922516000000.0,34204000000.0,0.34,0.02,3.71,-2.96
8877,エスリード株式会社,71992368000.0,499971000.0,20270000.0,94765891000.0,14548226000.0,0.01,0.04,15.35,18.03
3577,東海染工株式会社,3148013492.0,2696944000.0,77161000.0,14347362000.0,419711000.0,0.86,0.03,2.93,8.57
3911,株式会社Ａｉｍｉｎｇ,11396093200.0,0.0,0.0,17086858000.0,0.0,0.0,0.0,0.0,-6.11
9348,株式会社ｉｓｐａｃｅ,60234865710.0,0.0,0.0,4743238000.0,0.0,0.0,0.0,0.0,101.24
2792,株式会社ハニーズホールディングス,40399200000.0,940299000.0,4470000.0,56571603000.0,6970823000.0,0.02,0.0,12.32,3.07
4570,株式会社免疫生物研究所,4601407460.0,95058000.0,0.0,969533000.0,209345000.0,0.02,0.0,21.59,18.71
6196,株式会社ストライク,72868563000.0,808702000.0,3530000.0,18138469000.0,6772460000.0,0.01,0.0,37.34,31.19
3071,株式会社ストリーム,3194800000.0,10318000.0,0.0,30296973000.0,260666000.0,0.0,0.0,0.86,10.37
9242,メディア総研株式会社,1637529300.0,110000000.0,0.0,1155112000.0,189706000.0,0.07,0.0,16.42,20.92
3168,株式会社ＭＥＲＦ,7942808800.0,481238000.0,9827000.0,82070144000.0,1450302000.0,0.06,0.02,1.77,-2.98
9278,ブックオフグループホールディングス株式会社,29115099000.0,305000000.0,5000000.0,111657000000.0,3051000000.0,0.01,0.02,2.73,9.64
8386,株式会社百十四銀行,135849350000.0,0.0,0.0,0.0,0.0,0.0,0.0,0.0,0.0
4530,久光製薬株式会社,342277713005.0,60222000000.0,1245000000.0,156006000000.0,18895000000.0,0.18,0.02,12.11,10.09
4765,ＳＢＩグローバルアセットマネジメント株式会社,56942736000.0,7702904000.0,123188000.0,11568990000.0,2269274000.0,0.14,0.02,19.62,14.12
4416,株式会社Ｔｒｕｅ　Ｄａｔａ,4466431200.0,7485000.0,0.0,1554285000.0,48468000.0,0.0,0.0,3.12,-2.43
3753,株式会社フライトソリューションズ,2809803500.0,0.0,0.0,3063284000.0,144668000.0,0.0,0.0,4.72,80.88
6706,電気興業株式会社,23162500000.0,2988000000.0,113000000.0,32582000000.0,935000000.0,0.13,0.04,2.87,12.88
9404,日本テレビホールディングス株式会社,830775729920.0,567732000000.0,2395000000.0,461915000000.0,54917000000.0,0.68,0.0,11.89,9.06
6197,株式会社ソラスト,39696811267.0,409000000.0,0.0,137435000000.0,7017000000.0,0.01,0.0,5.11,1.7
3315,日本コークス工業株式会社,26304363000.0,1292000000.0,30000000.0,99045000000.0,2775000000.0,0.05,0.02,2.8,-26.72
5101,横浜ゴム株式会社,707867075000.0,23828000000.0,43814000000.0,458857000000.0,61565000000.0,0.03,1.84,13.42,9.81
4165,株式会社プレイド,46766216544.0,49914000.0,0.0,10992713000.0,260915000.0,0.0,0.0,2.37,27.32
6317,株式会社北川鉄工所,13442450000.0,4323000000.0,120000000.0,57280000000.0,1872000000.0,0.32,0.03,3.27,-6.96
9978,株式会社文教堂グループホールディングス,2255825000.0,69313000.0,0.0,14925191000.0,31516000.0,0.03,0.0,0.21,-3.53
3133,株式会社海帆,36783267949.0,0.0,5797000.0,2791353000.0,113201000.0,0.0,0.0,4.06,14.27
5990,株式会社スーパーツール,4696510000.0,421109000.0,14311000.0,5241224000.0,377003000.0,0.09,0.03,7.19,-10.46
2371,株式会社カカクコム,523791857750.0,4669000000.0,13000000.0,70776000000.0,27551000000.0,0.01,0.0,38.93,18.51
6788,株式会社日本トリム,38609238800.0,1306584000.0,104923000.0,22463830000.0,3285636000.0,0.03,0.08,14.63,10.04
1948,株式会社弘電社,21169200000.0,1440000000.0,40000000.0,39264000000.0,3081000000.0,0.07,0.03,7.85,12.61
6731,株式会社ピクセラ,1864238768.0,0.0,0.0,1163136000.0,0.0,0.0,0.0,0.0,-19.85
6195,株式会社ホープ,3556612800.0,5792000.0,0.0,3140691000.0,291628000.0,0.0,0.0,9.29,22.99
6060,こころネット株式会社,3939177500.0,315026000.0,0.0,10117968000.0,746951000.0,0.08,0.0,7.38,0.82
6455,株式会社モリタホールディングス,104908648000.0,14298000000.0,310000000.0,111743000000.0,13733000000.0,0.14,0.02,12.29,17.37
9936,株式会社王将フードサービス,257426730000.0,4894000000.0,87000000.0,111033000000.0,10904000000.0,0.02,0.02,9.82,9.5
6775,株式会社ＴＢグループ,1805484000.0,232446000.0,0.0,2329863000.0,3168000.0,0.13,0.0,0.14,1.09
4901,富士フイルムホールディングス株式会社,3760240171000.0,45276000000.0,1388000000.0,0.0,1180000000.0,0.01,0.03,0.0,0.0
2445,株式会社タカミヤ,15186710000.0,532000000.0,15000000.0,43827000000.0,2061000000.0,0.04,0.03,4.7,-0.68
4384,ラクスル株式会社,73008011948.0,7524000000.0,1000000.0,51121000000.0,2523000000.0,0.1,0.0,4.94,24.63
9960,東テク株式会社,117457236000.0,15055000000.0,400000000.0,155958000000.0,14691000000.0,0.13,0.03,9.42,10.82
8142,株式会社トーホー,34522620000.0,2369000000.0,49000000.0,246465000000.0,7496000000.0,0.07,0.02,3.04,0.63
4331,株式会社テイクアンドギヴ・ニーズ,13245112980.0,15000000.0,200000000.0,47668000000.0,4104000000.0,0.0,13.33,8.61,1.38
4574,大幸薬品株式会社,14026421300.0,461000000.0,401000000.0,6292000000.0,629000000.0,0.03,0.87,10.0,2.81
5949,ユニプレス株式会社,47030196785.0,8309000000.0,145000000.0,330045000000.0,12198000000.0,0.18,0.02,3.7,-1.5
8706,極東証券株式会社,46644517000.0,28903000000.0,918000000.0,0.0,2691000000.0,0.62,0.03,0.0,0.0
4394,株式会社エクスモーション,2560329300.0,0.0,0.0,1284756000.0,155544000.0,0.0,0.0,12.11,16.22
3020,アプライド株式会社,9393620000.0,33000000.0,0.0,47288000000.0,2667000000.0,0.0,0.0,5.64,10.44
3486,株式会社グローバル・リンク・マネジメント,17493127480.0,424400000.0,1790000.0,64482059000.0,5732390000.0,0.02,0.0,8.89,56.29
7774,株式会社ジャパン・ティッシュエンジニアリング,27046393200.0,150000000.0,0.0,2455474000.0,218639000.0,0.01,0.0,8.9,-2.34
3910,株式会社エムケイシステム,1698964000.0,0.0,97435000.0,3290195000.0,30266000.0,0.0,0.0,0.92,24.63
4380,株式会社Ｍマート,6015684000.0,0.0,0.0,0.0,521644000.0,0.0,0.0,0.0,0.0
2329,株式会社東北新社,92816373324.0,8854000000.0,158000000.0,45686000000.0,2682000000.0,0.1,0.02,5.87,-13.5
3948,光ビジネスフォーム株式会社,6937645742.0,1227487000.0,26114000.0,7915177000.0,178547000.0,0.18,0.02,2.26,-19.86
9119,飯野海運株式会社,113800500000.0,25660000000.0,1827000000.0,141866000000.0,17100000000.0,0.23,0.07,12.05,2.84
6977,株式会社日本抵抗器製作所,1054000000.0,308521000.0,7929000.0,6454650000.0,1943000.0,0.29,0.03,0.03,-9.94
6062,株式会社チャーム・ケア・コーポレーション,42656448000.0,10000000.0,100000000.0,47829000000.0,5386000000.0,0.0,10.0,11.26,26.24
3943,大石産業株式会社,11258896000.0,1528000000.0,46000000.0,23485000000.0,904000000.0,0.14,0.03,3.85,6.92
5869,株式会社早稲田学習研究会,10874981250.0,524590000.0,0.0,6986676000.0,1492867000.0,0.05,0.0,21.37,8.1
6630,ヤーマン株式会社,49304060000.0,300000000.0,12000000.0,32023828000.0,416279000.0,0.01,0.04,1.3,-25.52
3179,シュッピン株式会社,28406580984.0,0.0,6755000.0,52658393000.0,3396866000.0,0.0,0.0,6.45,7.81
7018,内海造船株式会社,12346440000.0,1014000000.0,24000000.0,44648000000.0,1415000000.0,0.08,0.02,3.17,-3.74
1301,株式会社　極洋,55619190000.0,14053000000.0,257000000.0,302681000000.0,11079000000.0,0.25,0.02,3.66,15.7
1969,高砂熱学工業株式会社,519420377790.0,43220000000.0,926000000.0,381661000000.0,32415000000.0,0.08,0.02,8.49,5.03
3909,株式会社ショーケース,3452918400.0,42091000.0,0.0,6211422000.0,343635000.0,0.01,0.0,5.53,9.29
7686,株式会社カクヤスグループ,13841919900.0,380000000.0,0.0,134514000000.0,1781000000.0,0.03,0.0,1.32,3.95
3042,株式会社セキュアヴェイル,2376210000.0,59397000.0,0.0,1149075000.0,35121000.0,0.02,0.0,3.06,4.56
8022,美津濃株式会社,70644324000.0,9569000000.0,282000000.0,240335000000.0,20777000000.0,0.14,0.03,8.65,4.62
3231,野村不動産ホールディングス株式会社,157294829860.29053,189916000000.0,137000000.0,368456000000.0,118958000000.0,1.21,0.0,32.29,2.58
4410,ハリマ化成グループ株式会社,21072640000.0,9292000000.0,151000000.0,101006000000.0,2083000000.0,0.44,0.02,2.06,9.4
6419,株式会社マースグループホールディングス,65479040000.0,16113027000.0,753528000.0,42250771000.0,12331581000.0,0.25,0.05,29.19,15.52
7128,フルサト・マルカホールディングス株式会社,58231188000.0,3116000000.0,176000000.0,161716000000.0,3860000000.0,0.05,0.06,2.39,-6.51
6379,レイズネクスト株式会社,98748360619.0,4711000000.0,203000000.0,0.0,10858000000.0,0.05,0.04,0.0,0.0
7539,株式会社アイナボホールディングス,8141826180.0,2222055000.0,42679000.0,89782840000.0,2171260000.0,0.27,0.02,2.42,4.29
6822,大井電気株式会社,4637850000.0,664452000.0,12020000.0,29046192000.0,1484454000.0,0.14,0.02,5.11,3.3
7846,株式会社パイロットコーポレーション,172988090800.0,8937000000.0,602000000.0,126168000000.0,17805000000.0,0.05,0.07,14.11,6.39
4169,ＥＮＥＣＨＡＮＧＥ株式会社,9280705200.0,1018705000.0,0.0,4379001000.0,359435000.0,0.11,0.0,8.21,17.27
3288,株式会社オープンハウスグループ,797331192000.0,33371000000.0,1594000000.0,1295862000000.0,119088000000.0,0.04,0.05,9.19,12.83
1605,株式会社ＩＮＰＥＸ,2579340233249.5,26545000000.0,109662000000.0,0.0,56017000000.0,0.01,4.13,0.0,0.0
6960,フクダ電子株式会社,258189480000.0,14740000000.0,252000000.0,139007000000.0,25874000000.0,0.06,0.02,18.61,-0.94
3556,リネットジャパングループ株式会社,8863778200.0,104361000.0,0.0,10725189000.0,862718000.0,0.01,0.0,8.04,9.8
4552,ＪＣＲファーマ株式会社,87408364000.0,9629000000.0,34000000.0,33072000000.0,0.0,0.11,0.0,0.0,-22.86
3817,株式会社ＳＲＡホールディングス,71475600000.0,9323000000.0,262000000.0,51617000000.0,7940000000.0,0.13,0.03,15.38,9.53
8011,株式会社三陽商会,34170282338.0,6298000000.0,259000000.0,60526000000.0,2715000000.0,0.18,0.04,4.49,-1.35
1726,株式会社ビーアールホールディングス,15066555000.0,476000000.0,4000000.0,40770000000.0,1953000000.0,0.03,0.01,4.79,1.27
8860,フジ住宅株式会社,25020471000.0,872711000.0,23818000.0,123927013000.0,7894203000.0,0.03,0.03,6.37,2.94
6946,日本アビオニクス株式会社,69319140000.0,19000000.0,1000000.0,20122000000.0,2796000000.0,0.0,0.05,13.9,11.45
4760,株式会社アルファ,2570566752.0,65810000.0,0.0,6124357000.0,114310000.0,0.03,0.0,1.87,13.84
9692,株式会社シーイーシー,79222941200.0,2231000000.0,26000000.0,56208000000.0,6696000000.0,0.03,0.01,11.91,5.81
3996,サインポスト株式会社,3901863475.0,7193000.0,0.0,3023515000.0,200016000.0,0.0,0.0,6.62,3.2
6408,小倉クラッチ株式会社,5778361560.0,1010000000.0,31000000.0,43907000000.0,464000000.0,0.17,0.03,1.06,0.96
9984,ソフトバンクグループ株式会社,15721598984850.0,512128000000.0,2490000000.0,0.0,304715000000.0,0.03,0.0,0.0,0.0
1980,ダイダン株式会社,208212390000.0,17116000000.0,391000000.0,262732000000.0,23037000000.0,0.08,0.02,8.77,33.08
4371,株式会社コアコンセプト・テクノロジー,21229946400.0,196091000.0,23286000.0,19166906000.0,2007379000.0,0.01,0.12,10.47,20.39
1380,株式会社秋川牧園,4237506000.0,118784000.0,1998000.0,7957457000.0,412092000.0,0.03,0.02,5.18,7.64
3710,ジョルダン株式会社,3032135000.0,402261000.0,1479000.0,2928239000.0,174955000.0,0.13,0.0,5.97,-2.55
1375,ユキグニファクトリー株式会社,44380698400.0,88000000.0,0.0,34486000000.0,2427000000.0,0.0,0.0,7.04,6.43
8908,株式会社毎日コムネット,13860000000.0,178362000.0,2993000.0,20772217000.0,2292011000.0,0.01,0.02,11.03,-2.24
9262,株式会社シルバーライフ,8123579200.0,0.0,0.0,13555288000.0,768408000.0,0.0,0.0,5.67,10.5
3955,株式会社イムラ,10418218270.0,960000000.0,40000000.0,20904000000.0,1307000000.0,0.09,0.04,6.25,0.17
4069,株式会社ＢｌｕｅＭｅｍｅ,5110395428.0,117043000.0,0.0,2349515000.0,31254000.0,0.02,0.0,1.33,-6.27
3077,ホリイフードサービス株式会社,1814400000.0,147923000.0,4541000.0,4770191000.0,199677000.0,0.08,0.03,4.19,2.45
7571,株式会社ヤマノホールディングス,3547170000.0,121975000.0,3933000.0,13964604000.0,256048000.0,0.03,0.03,1.83,0.92
7851,カワセコンピュータサプライ株式会社,1295160000.0,589732000.0,5878000.0,2831271000.0,79111000.0,0.46,0.01,2.79,9.17
4888,ステラファーマ株式会社,14226253800.0,0.0,0.0,961058000.0,0.0,0.0,0.0,0.0,256.62
4586,株式会社メドレックス,3562132500.0,31191000.0,0.0,257915000.0,0.0,0.01,0.0,0.0,773.28
9432,日本電信電話株式会社,13618767033884.729,769083000000.0,0.0,0.0,1164192000000.0,0.06,0.0,0.0,0.0
5285,株式会社ヤマックス,20461860000.0,378924000.0,11711000.0,23469480000.0,2738306000.0,0.02,0.03,11.67,12.8
9171,栗林商船株式会社,14051884688.0,18893177000.0,525323000.0,53071602000.0,2705868000.0,1.34,0.03,5.1,8.56
3680,株式会社ホットリンク,4789740000.0,339241000.0,0.0,2315412000.0,0.0,0.07,0.0,0.0,5.99
5831,株式会社しずおかフィナンシャルグループ,999272202500.0,0.0,0.0,0.0,39870000000.0,0.0,0.0,0.0,0.0
6919,ケル株式会社,10553709000.0,1225958000.0,46180000.0,11871771000.0,596527000.0,0.12,0.04,5.02,-2.94
2769,株式会社ヴィレッジヴァンガードコーポレーション,8011072300.0,0.0,0.0,24799000000.0,0.0,0.0,0.0,0.0,-1.91
7071,株式会社アンビスホールディングス,48369216000.0,0.0,0.0,42475000000.0,10612000000.0,0.0,0.0,24.98,32.8
7388,株式会社ＦＰパートナー,45788040400.0,1007000.0,103932000.0,35617526000.0,5330005000.0,0.0,103.21,14.96,16.55
4334,株式会社ユークス,4593744000.0,119709000.0,2861000.0,3255738000.0,87858000.0,0.03,0.02,2.7,-20.34
2876,株式会社デルソーレ,3778695350.0,194829000.0,22432000.0,15403734000.0,561162000.0,0.05,0.12,3.64,-13.39
6088,株式会社シグマクシス・ホールディングス,104130000000.0,3024643000.0,0.0,26293590000.0,5638918000.0,0.03,0.0,21.45,17.33
5609,日本鋳造株式会社,4188143400.0,112000000.0,2000000.0,14311000000.0,408000000.0,0.03,0.02,2.85,-10.51
3878,株式会社巴川コーポレーション,7334920636.0,6318000000.0,92000000.0,34432000000.0,1282000000.0,0.86,0.01,3.72,2.2
5867,株式会社エスネットワークス,3554084600.0,127606000.0,0.0,2950803000.0,302095000.0,0.04,0.0,10.24,8.84
3696,株式会社セレス,31081591200.0,1143278000.0,0.0,27706531000.0,2228082000.0,0.04,0.0,8.04,15.11
8111,株式会社ゴールドウイン,375266232000.0,33014000000.0,105000000.0,132305000000.0,21905000000.0,0.09,0.0,16.56,4.25
4642,オリジナル設計株式会社,11656216000.0,767611000.0,9713000.0,7122236000.0,845912000.0,0.07,0.01,11.88,7.37
3063,株式会社ジェイグループホールディングス,9348619800.0,7330000.0,0.0,10742457000.0,377105000.0,0.0,0.0,3.51,2.96
2612,かどや製油株式会社,34169000000.0,2213000000.0,55000000.0,39450000000.0,3166000000.0,0.06,0.02,8.03,10.57
1414,ショーボンドホールディングス株式会社,269653095360.0,11511000000.0,270000000.0,85419000000.0,19666000000.0,0.04,0.02,23.02,1.78
8098,稲畑産業株式会社,179735907195.0,36230000000.0,1051000000.0,837838000000.0,25824000000.0,0.2,0.03,3.08,9.38
5721,株式会社エス・サイエンス,16708062382.0,1377000.0,0.0,634428000.0,30837000.0,0.0,0.0,4.86,-11.73
6190,株式会社フェニックスバイオ,1586378103.0,9397000.0,0.0,1541388000.0,0.0,0.01,0.0,0.0,-10.14
6071,株式会社ＩＢＪ,36036000000.0,1604165000.0,816219000.0,17739874000.0,2579086000.0,0.04,0.51,14.54,0.51
1946,株式会社トーエネック,123035386350.0,25958000000.0,392000000.0,270966000000.0,16041000000.0,0.21,0.02,5.92,7.16
3915,株式会社テラスカイ,29105110140.0,4269158000.0,17151000.0,24709987000.0,1452172000.0,0.15,0.0,5.88,29.12
3490,株式会社アズ企画設計,3344952000.0,30145000.0,0.0,12430301000.0,975125000.0,0.01,0.0,7.84,8.03
7898,株式会社ウッドワン,8129466394.0,3276000000.0,111000000.0,65157000000.0,1310000000.0,0.4,0.03,2.01,0.58
2903,シノブフーズ株式会社,20735000000.0,0.0,37000000.0,57651000000.0,2332000000.0,0.0,0.0,4.05,5.15
1764,工藤建設株式会社,3539713980.0,289480000.0,13238000.0,20521369000.0,471897000.0,0.08,0.05,2.3,4.81
9696,株式会社ウィザス,32752200000.0,2558850000.0,15923000.0,21992729000.0,1678438000.0,0.08,0.01,7.63,6.29
6282,オイレス工業株式会社,69164100000.0,7545000000.0,237000000.0,67604000000.0,6942000000.0,0.11,0.03,10.27,-1.69
8418,株式会社山口フィナンシャルグループ,385840576896.0,9958000000.0,16000000.0,0.0,17368000000.0,0.03,0.0,0.0,0.0
7794,株式会社イーディーピー,8166476800.0,0.0,0.0,902729000.0,0.0,0.0,0.0,0.0,19.16
8416,株式会社高知銀行,8225932000.0,0.0,0.0,0.0,0.0,0.0,0.0,0.0,0.0
9791,株式会社ビケンテクノ,7416998000.0,1791651000.0,37897000.0,34669302000.0,1424888000.0,0.24,0.02,4.11,-9.65
8801,三井不動産株式会社,3779603756500.0,1334510000000.0,8743000000.0,896705000000.0,372732000000.0,0.35,0.01,41.57,6.84
7256,河西工業株式会社,3753614160.0,2730000000.0,33000000.0,214315000000.0,2248000000.0,0.73,0.01,1.05,22.16
7707,プレシジョン・システム・サイエンス株式会社,5312044800.0,55172000.0,75116000.0,3979954000.0,0.0,0.01,1.36,0.0,-24.6
5103,昭和ホールディングス株式会社,4272431856.0,2302207000.0,2974000.0,8619822000.0,25837000.0,0.54,0.0,0.3,-2.81
6366,千代田化工建設株式会社,140609652000.0,3976000000.0,248000000.0,456969000000.0,24421000000.0,0.03,0.06,5.34,-9.69
5446,北越メタル株式会社,4940578000.0,2199120000.0,69233000.0,28729754000.0,668152000.0,0.45,0.03,2.33,-9.72
7715,長野計器株式会社,38049782672.0,9320227000.0,212200000.0,69544777000.0,7653272000.0,0.24,0.02,11.0,2.37
2978,株式会社ツクルバ,6695848800.0,32421000.0,0.0,5483091000.0,155256000.0,0.0,0.0,2.83,32.04
7906,ヨネックス株式会社,280469816000.0,276000000.0,9454000000.0,138276000000.0,14176000000.0,0.0,34.25,10.25,18.75
4714,株式会社　リソー教育,37797354980.0,82650000.0,2819000.0,33394944000.0,2933747000.0,0.0,0.03,8.79,3.66
1663,Ｋ＆Ｏエナジーグループ株式会社,79000938068.0,15837000000.0,518000000.0,92421000000.0,8820000000.0,0.2,0.03,9.54,-4.03
7092,株式会社Ｆａｓｔ　Ｆｉｔｎｅｓｓ　Ｊａｐａｎ,27458754720.0,2000000.0,42000000.0,18009000000.0,3339000000.0,0.0,21.0,18.54,13.8
4099,四国化成ホールディングス株式会社,105442150000.0,24023000000.0,422000000.0,69493000000.0,9741000000.0,0.23,0.02,14.02,10.1
3727,株式会社アプリックス,3392350150.0,39535000.0,0.0,586302000.0,0.0,0.01,0.0,0.0,-9.15
4307,株式会社野村総合研究所,3134632713000.0,47165000000.0,27838000000.0,560141000000.0,114501000000.0,0.02,0.59,20.44,5.35
7917,ＺＡＣＲＯＳ株式会社,73410165600.0,2667000000.0,65000000.0,150735000000.0,10116000000.0,0.04,0.02,6.71,10.71
8841,株式会社テーオーシー,66257394000.0,23027000000.0,406000000.0,13152000000.0,1418000000.0,0.35,0.02,10.78,-4.1
8015,豊田通商株式会社,3458422264000.0,298520000000.0,265702000000.0,2051204000000.0,26363000000.0,0.09,0.89,1.29,-0.53
3134,Ｈａｍｅｅ株式会社,19787976000.0,643592000.0,268150000.0,17612068000.0,1917193000.0,0.03,0.42,10.89,25.46
5386,株式会社鶴弥,3114887800.0,874527000.0,25102000.0,6815170000.0,185679000.0,0.28,0.03,2.72,7.0
3798,ＵＬＳグループ株式会社,45158800000.0,461000000.0,8000000.0,13203000000.0,2623000000.0,0.01,0.02,19.87,27.17
7581,株式会社サイゼリヤ,262405440000.0,0.0,11014000000.0,224542000000.0,14863000000.0,0.0,0.0,6.62,22.54
7504,株式会社高速,58564666800.0,5931900000.0,43882000.0,115915464000.0,4532461000.0,0.1,0.01,3.91,9.13
8871,株式会社ゴールドクレスト,121665600000.0,15078000000.0,1000000.0,29294000000.0,7518000000.0,0.12,0.0,25.66,17.91
2307,株式会社クロスキャット,17209742088.0,1255126000.0,24325000.0,16194800000.0,1836712000.0,0.07,0.02,11.34,8.46
3159,丸善ＣＨＩホールディングス株式会社,30357712000.0,4476000000.0,85000000.0,165557000000.0,3395000000.0,0.15,0.02,2.05,1.61
4120,スガイ化学工業株式会社,2884673000.0,1763585000.0,57730000.0,6622426000.0,541308000.0,0.61,0.03,8.17,-13.06
5161,西川ゴム工業株式会社,54266430000.0,26041000000.0,683000000.0,117904000000.0,6555000000.0,0.48,0.03,5.56,20.11
7039,ブリッジインターナショナル株式会社,6911612400.0,343156000.0,0.0,8615418000.0,950458000.0,0.05,0.0,11.03,22.72
4495,株式会社アイキューブドシステムズ,9594483750.0,271938000.0,0.0,2949083000.0,692162000.0,0.03,0.0,23.47,10.66
6867,リーダー電子株式会社,2338407918.0,155508000.0,5643000.0,4117038000.0,0.0,0.07,0.04,0.0,-9.4
2404,株式会社鉄人化ホールディングス,7778996340.0,0.0,200000000.0,7069182000.0,69256000.0,0.0,0.0,0.98,7.24
3557,ユナイテッド＆コレクティブ株式会社,4327685200.0,0.0,0.0,6492053000.0,115594000.0,0.0,0.0,1.78,5.24
9613,株式会社ＮＴＴデータグループ,5558107500000.0,3287000000.0,230000000.0,0.0,47235000000.0,0.0,0.07,0.0,0.0
6250,株式会社やまびこ,94524361204.0,3908000000.0,128000000.0,164838000000.0,19637000000.0,0.04,0.03,11.91,8.88
3024,クリエイト株式会社,4262706000.0,150115000.0,5063000.0,36550093000.0,758786000.0,0.04,0.03,2.08,1.92
6937,古河電池株式会社,45165600000.0,1655000000.0,74000000.0,84818000000.0,5500000000.0,0.04,0.04,6.48,12.41
8052,椿本興業株式会社,48910212663.0,15459000000.0,471000000.0,124323000000.0,6021000000.0,0.32,0.03,4.84,9.53
6570,株式会社共和コーポレーション,6086210130.0,330733000.0,3319000.0,16705339000.0,1294984000.0,0.05,0.01,7.75,14.58
3097,株式会社物語コーポレーション,140511108750.0,188000000.0,28000000.0,107156000000.0,8165000000.0,0.0,0.15,7.62,16.13
3409,株式会社北紡,5835149000.0,140784000.0,4293000.0,1631369000.0,2195000.0,0.02,0.03,0.13,24.79
4813,株式会社ＡＣＣＥＳＳ,29611916100.0,675971000.0,0.0,15930903000.0,156299000.0,0.02,0.0,0.98,5.38
8057,株式会社内田洋行,104085810000.0,20264000000.0,471000000.0,277940000000.0,9345000000.0,0.19,0.02,3.36,12.73
4293,株式会社セプテーニ・ホールディングス,90686161566.0,4701920000.0,1213639000.0,0.0,2096525000.0,0.05,0.26,0.0,0.0
4012,株式会社アクシス,7186124400.0,0.0,22396000.0,7434787000.0,790052000.0,0.0,0.0,10.63,12.97
5588,ファーストアカウンティング株式会社,17295506440.0,0.0,0.0,1707072000.0,181753000.0,0.0,0.0,10.65,38.52
1381,株式会社アクシーズ,16508363000.0,1122000000.0,16000000.0,25836000000.0,1570000000.0,0.07,0.01,6.08,7.2
6118,アイダエンジニアリング株式会社,60013726553.0,9979000000.0,279000000.0,76006000000.0,5529000000.0,0.17,0.03,7.27,4.49
1992,神田通信機株式会社,7261092336.0,2018540000.0,35629000.0,7179706000.0,625590000.0,0.28,0.02,8.71,0.38
4578,大塚ホールディングス株式会社,3677036639937.0,11689000000.0,3083000000.0,0.0,102907000000.0,0.0,0.26,0.0,0.0
9990,株式会社サックスバーホールディングス,24037219500.0,4376931000.0,2134000.0,52289541000.0,4044542000.0,0.18,0.0,7.73,0.38
7602,株式会社レダックス,3230205206.0,62908000.0,1843000.0,20034349000.0,28445000.0,0.02,0.03,0.14,5.04
8601,株式会社大和証券グループ本社,1599196182000.0,618456000000.0,5258000000.0,0.0,166742000000.0,0.39,0.01,0.0,0.0
4658,日本空調サービス株式会社,39290832000.0,6094000000.0,159000000.0,64438000000.0,4191000000.0,0.16,0.03,6.5,10.66
4231,タイガースポリマー株式会社,16812796000.0,4916875000.0,133797000.0,49336406000.0,2833493000.0,0.29,0.03,5.74,3.08
9237,株式会社笑美面,4627559150.0,0.0,0.0,0.0,216807000.0,0.0,0.0,0.0,0.0
3845,株式会社アイフリークモバイル,2454058715.0,0.0,0.0,2004586000.0,227229000.0,0.0,0.0,11.34,32.71
8737,株式会社あかつき本社,17116587000.0,3772268000.0,74672000.0,0.0,3725140000.0,0.22,0.02,0.0,0.0
4644,イマジニア株式会社,10638351000.0,746086000.0,0.0,6486155000.0,458511000.0,0.07,0.0,7.07,8.82
2304,株式会社ＣＳＳホールディングス,4809896000.0,538668000.0,12713000.0,17631382000.0,595967000.0,0.11,0.02,3.38,18.87
6867,リーダー電子株式会社,2329601918.0,168671000.0,5057000.0,4544279000.0,216395000.0,0.07,0.03,4.76,11.84
3641,株式会社パピレス,9138510000.0,66000000.0,0.0,15768000000.0,128000000.0,0.01,0.0,0.81,-8.19
7508,株式会社Ｇ‐７ホールディングス,59407708000.0,123000000.0,3000000.0,214129000000.0,7122000000.0,0.0,0.02,3.33,10.95
1898,世紀東急工業株式会社,53740864000.0,415000000.0,9000000.0,99358000000.0,5842000000.0,0.01,0.02,5.88,12.86
4980,デクセリアルズ株式会社,376828848000.0,845000000.0,9285000000.0,104394000000.0,34877000000.0,0.0,10.99,33.41,11.48
7064,株式会社ハウテレビジョン,3468555830.0,0.0,0.0,2166937000.0,402369000.0,0.0,0.0,18.57,17.64
4476,ＡＩ　ＣＲＯＳＳ株式会社,6758523900.0,74498000.0,0.0,3705853000.0,335072000.0,0.01,0.0,9.04,13.87
6498,株式会社キッツ,105954389310.0,5512000000.0,203000000.0,172042000000.0,14220000000.0,0.05,0.04,8.27,3.06
5602,株式会社栗本鐵工所,84850740000.0,20151000000.0,826000000.0,126669000000.0,7930000000.0,0.24,0.04,6.26,0.59
8309,三井住友トラストグループ株式会社,2780102170000.0,642000000.0,0.0,0.0,150244000000.0,0.0,0.0,0.0,0.0
4189,ＫＨネオケム株式会社,99708989600.0,7370000000.0,186000000.0,119758000000.0,12195000000.0,0.07,0.03,10.18,3.94
9067,株式会社丸運,12947555703.0,2639000000.0,74000000.0,0.0,1266000000.0,0.2,0.03,0.0,0.0
3317,株式会社フライングガーデン,3651903360.0,0.0,0.0,8265549000.0,558738000.0,0.0,0.0,6.76,6.17
3690,株式会社イルグルム,3402869610.0,56828000.0,31609000.0,3636133000.0,164441000.0,0.02,0.56,4.52,0.27
2338,クオンタムソリューションズ株式会社,22034192826.0,0.0,0.0,698089000.0,6825000.0,0.0,0.0,0.98,240.13
9417,株式会社スマートバリュー,4133082600.0,1593000.0,210026000.0,3814719000.0,245114000.0,0.0,131.84,6.43,-1.51
2753,株式会社　あみやき亭,30716868000.0,0.0,0.0,35332000000.0,2638000000.0,0.0,0.0,7.47,6.21
8291,日産東京販売ホールディングス株式会社,33450770000.0,6216000000.0,173000000.0,141605000000.0,7412000000.0,0.19,0.03,5.23,-4.95
8316,株式会社三井住友フィナンシャルグループ,14018963657922.0,107820000000.0,4320000000.0,0.0,986127000000.0,0.01,0.04,0.0,0.0
4755,楽天グループ株式会社,1690838702980.1514,78225000000.0,59591000000.0,897686000000.0,12958000000.0,0.05,0.76,1.44,4.31
6343,フリージア・マクロス株式会社,4735395000.0,6383065000.0,199840000.0,6971719000.0,1348704000.0,1.35,0.03,19.35,3.73
7857,セキ株式会社,6099324000.0,4804270000.0,149461000.0,12302163000.0,224342000.0,0.79,0.03,1.82,2.61
7048,ベルトラ株式会社,10943095020.0,38860000.0,0.0,0.0,0.0,0.0,0.0,0.0,0.0
3566,ユニフォームネクスト株式会社,5986658016.0,5000000.0,0.0,8393669000.0,447264000.0,0.0,0.0,5.33,12.62
3377,株式会社バイク王＆カンパニー,6310027200.0,580481000.0,1207000.0,33965971000.0,286470000.0,0.09,0.0,0.84,2.72
6425,株式会社ユニバーサルエンターテインメント,77147590000.0,10250000000.0,27000000.0,126328000000.0,3024000000.0,0.13,0.0,2.39,-29.42
3054,株式会社ハイパー,2977871000.0,44291000.0,0.0,12409590000.0,262129000.0,0.01,0.0,2.11,8.88
8130,株式会社サンゲツ,174048000000.0,8203000000.0,193000000.0,200378000000.0,18174000000.0,0.05,0.02,9.07,5.54
6538,株式会社ディスラプターズ,4430240400.0,2000000.0,0.0,4294000000.0,352000000.0,0.0,0.0,8.2,13.99
1963,日揮ホールディングス株式会社,334777411000.0,80386000000.0,4132000000.0,858082000000.0,8197000000.0,0.24,0.05,0.96,3.06
6080,Ｍ＆Ａキャピタルパートナーズ株式会社,91688233000.0,2819955000.0,0.0,19166533000.0,6375107000.0,0.03,0.0,33.26,-8.08
8179,ロイヤルホールディングス株式会社,130787664026.0,8817000000.0,80000000.0,152150000000.0,7366000000.0,0.07,0.01,4.84,9.51
4569,杏林製薬株式会社,96976511936.0,20042000000.0,496000000.0,130087000000.0,12567000000.0,0.21,0.02,9.66,8.83
4809,パラカ株式会社,19256347200.0,24000000.0,0.0,16380000000.0,3021000000.0,0.0,0.0,18.44,10.87
4437,ｇｏｏｄｄａｙｓホールディングス株式会社,4918147200.0,103501000.0,0.0,8805273000.0,605132000.0,0.02,0.0,6.87,18.2
9110,ＮＳユナイテッド海運株式会社,92647915000.0,5506000000.0,225000000.0,216152000000.0,20224000000.0,0.06,0.04,9.36,5.78
4112,保土谷化学工業株式会社,12232502000.0,10223000000.0,324000000.0,48578000000.0,4875000000.0,0.84,0.03,10.04,9.75
3840,パス株式会社,6194046760.0,0.0,0.0,2320056000.0,35758000.0,0.0,0.0,1.54,16.47
6862,ミナトホールディングス株式会社,5960136928.0,725003000.0,4248000.0,24540461000.0,767203000.0,0.12,0.01,3.13,29.04
3137,株式会社ファンデリー,2600980200.0,0.0,0.0,2464162000.0,290495000.0,0.0,0.0,11.79,-6.9
6390,株式会社加藤製作所,15395073000.0,2823000000.0,15000000.0,52932000000.0,903000000.0,0.18,0.01,1.71,-7.94
6058,株式会社ベクトル,51652356939.0,1326000000.0,2256000000.0,59254000000.0,8029000000.0,0.03,1.7,13.55,0.07
3904,株式会社カヤック,7039545600.0,638757000.0,1627000.0,16727784000.0,358022000.0,0.09,0.0,2.14,-4.23
8014,蝶理株式会社,100452910000.0,10382000000.0,291000000.0,311546000000.0,14492000000.0,0.1,0.03,4.65,1.25
7856,萩原工業株式会社,22778430400.0,157235000.0,4546000.0,33118244000.0,2097562000.0,0.01,0.03,6.33,5.99
9220,エフビー介護サービス株式会社,2820504000.0,48765000.0,1328000.0,10967723000.0,659678000.0,0.02,0.03,6.01,5.85
7674,株式会社ＮＡＴＴＹ　ＳＷＡＮＫＹホールディングス,8099437600.0,0.0,0.0,7196461000.0,2462000.0,0.0,0.0,0.03,1.92
6459,大和冷機工業株式会社,86522541000.0,546569000.0,17293000.0,47938578000.0,8076560000.0,0.01,0.03,16.85,4.28
4440,株式会社ヴィッツ,5721120000.0,196730000.0,0.0,3477560000.0,281874000.0,0.03,0.0,8.11,39.02
8891,ＡＭＧホールディングス株式会社,6314842304.0,84718000.0,4533000.0,30417651000.0,1551094000.0,0.01,0.05,5.1,4.57
6928,株式会社エノモト,9357485680.0,523139000.0,2847000.0,26880395000.0,618625000.0,0.06,0.01,2.3,6.48
4446,Ｌｉｎｋ－Ｕグループ株式会社,4705402800.0,176457000.0,0.0,3662056000.0,353677000.0,0.04,0.0,9.66,17.0
7096,株式会社ステムセル研究所,10605231000.0,647856000.0,0.0,2679175000.0,418509000.0,0.06,0.0,15.62,7.98
3688,株式会社ＣＡＲＴＡ　ＨＯＬＤＩＮＧＳ,52651320651.0,5596000000.0,200000000.0,24275000000.0,2139000000.0,0.11,0.04,8.81,0.68
3979,株式会社うるる,11073714600.0,515150000.0,0.0,6701255000.0,762923000.0,0.05,0.0,11.38,12.86
9932,杉本商事株式会社,42062310000.0,4280783000.0,95007000.0,49465116000.0,2395762000.0,0.1,0.02,4.84,6.07
7621,株式会社うかい,20229601700.0,136230000.0,2901000.0,13462859000.0,721717000.0,0.01,0.02,5.36,1.03
1743,コーアツ工業株式会社,3584160000.0,1047754000.0,13841000.0,12061118000.0,530694000.0,0.29,0.01,4.4,22.52
4073,株式会社ジィ・シィ企画,1488659040.0,0.0,0.0,1740431000.0,58558000.0,0.0,0.0,3.36,12.33
4392,ＦＩＧ株式会社,9221974295.0,829000000.0,16000000.0,12016000000.0,363000000.0,0.09,0.02,3.02,-11.22
3673,株式会社ブロードリーフ,76555297600.0,550642000.0,5324000.0,16077207000.0,643081000.0,0.01,0.01,4.0,17.03
8279,株式会社ヤオコー,416973848464.0,909000000.0,16000000.0,708290000000.0,33402000000.0,0.0,0.02,4.72,18.97
4055,ティアンドエスグループ株式会社,9007176000.0,30400000.0,0.0,2980491000.0,519799000.0,0.0,0.0,17.44,-13.43
4718,株式会社早稲田アカデミー,49887488000.0,669317000.0,26281000.0,35069991000.0,3549344000.0,0.01,0.04,10.12,6.7
2185,株式会社シイエム・シイ,21531636000.0,1366951000.0,138218000.0,19523921000.0,2975450000.0,0.06,0.1,15.24,5.81
2734,株式会社サーラコーポレーション,61352089000.0,10374000000.0,121000000.0,240498000000.0,6308000000.0,0.17,0.01,2.62,-0.64
2315,株式会社ＣＡＩＣＡ　ＤＩＧＩＴＡＬ,9013012404.0,621483000.0,0.0,5606650000.0,636554000.0,0.07,0.0,11.35,-1.28
6208,株式会社石川製作所,9251865000.0,1414462000.0,35743000.0,16203896000.0,692601000.0,0.15,0.03,4.27,19.16
4540,株式会社ツムラ,278479337336.0,10276000000.0,386000000.0,181093000000.0,40125000000.0,0.04,0.04,22.16,20.05
6417,株式会社三共,716430000000.0,5349000000.0,405000000.0,191821000000.0,73605000000.0,0.01,0.08,38.37,-3.66
5259,ＢＢＤイニシアティブ株式会社,6669143344.0,0.0,0.0,318800000.0,4397000.0,0.0,0.0,1.38,66.56
6632,株式会社ＪＶＣケンウッド,186304000000.0,4357000000.0,8753000000.0,160803000000.0,6937000000.0,0.02,2.01,4.31,-2.28
3836,株式会社アバントグループ,56431130649.0,1037000000.0,12296000.0,24419760000.0,4099123000.0,0.02,0.01,16.79,13.98
7273,株式会社イクヨ,1480995600.0,349818000.0,11055000.0,17736188000.0,39279000.0,0.24,0.03,0.22,2.22
9024,株式会社西武ホールディングス,1359191189840.0,86672000000.0,1323000000.0,0.0,292735000000.0,0.06,0.02,0.0,0.0
3662,株式会社エイチームホールディングス,25132284000.0,2356000000.0,0.0,23917000000.0,562000000.0,0.09,0.0,2.35,-13.19
9731,株式会社白洋舍,14820000000.0,2544000000.0,45000000.0,43580000000.0,2295000000.0,0.17,0.02,5.27,0.71
9322,川西倉庫株式会社,9471926000.0,1638208000.0,50098000.0,0.0,1027449000.0,0.17,0.03,0.0,0.0
5699,株式会社イボキン,4904323200.0,438308000.0,9724000.0,9656672000.0,798551000.0,0.09,0.02,8.27,11.5
1807,株式会社佐藤渡辺,5304862000.0,3466299000.0,39644000.0,38400251000.0,1650957000.0,0.65,0.01,4.3,10.8
6405,鈴茂器工株式会社,22809600000.0,47229000.0,56121000.0,15568092000.0,1890109000.0,0.0,1.19,12.14,7.26
7603,株式会社マックハウス,6285591000.0,0.0,0.0,13119000000.0,0.0,0.0,0.0,0.0,-14.86
6049,株式会社イトクロ,6531840000.0,1488936000.0,0.0,3949880000.0,0.0,0.23,0.0,0.0,0.21
9221,フルハシＥＰＯ株式会社,13181372400.0,282406000.0,8419000.0,9383585000.0,1152772000.0,0.02,0.03,12.28,7.2
5034,株式会社ｕｎｅｒｒｙ,8636023800.0,0.0,0.0,2834907000.0,179061000.0,0.0,0.0,6.32,36.51
3184,ＩＣＤＡホールディングス株式会社,8095500000.0,460831000.0,15143000.0,38181309000.0,1812551000.0,0.06,0.03,4.75,15.34
4175,株式会社ｃｏｌｙ,12265964100.0,1740664000.0,1968000.0,6500875000.0,0.0,0.14,0.0,0.0,28.36
9164,株式会社トライト,87900000000.0,0.0,0.0,24120000000.0,5268000000.0,0.0,0.0,21.84,36.3
4544,Ｈ．Ｕ．グループホールディングス株式会社,184778337730.0,1801000000.0,88000000.0,243025000000.0,2640000000.0,0.01,0.05,1.09,2.56
7163,住信ＳＢＩネット銀行株式会社,735869840000.0,0.0,0.0,0.0,0.0,0.0,0.0,0.0,0.0
2804,ブルドックソース株式会社,26235174400.0,9475969000.0,248547000.0,14617674000.0,223072000.0,0.36,0.03,1.53,0.93
7081,コーユーレンティア株式会社,5969173900.0,263829000.0,39175000.0,31861162000.0,2081897000.0,0.04,0.15,6.53,2.91
2001,株式会社ニップン,167343352000.0,85530000000.0,2353000000.0,410878000000.0,21486000000.0,0.51,0.03,5.23,2.59
6976,太陽誘電株式会社,339935344650.5,20000000.0,15168000000.0,341438000000.0,10459000000.0,0.0,758.4,3.06,5.82
8622,水戸証券株式会社,35274993000.0,12602000000.0,320000000.0,0.0,1858000000.0,0.36,0.03,0.0,0.0
9033,広島電鉄株式会社,18937101000.0,9329000000.0,261000000.0,0.0,4000000.0,0.49,0.03,0.0,0.0
1976,明星工業株式会社,83777840000.0,6297000000.0,206000000.0,58955000000.0,10613000000.0,0.08,0.03,18.0,10.25
2903,シノブフーズ株式会社,20735000000.0,0.0,38000000.0,54825000000.0,2369000000.0,0.0,0.0,4.32,7.4
8141,新光商事株式会社,36109500000.0,6103000000.0,120000000.0,116008000000.0,637000000.0,0.17,0.02,0.55,-34.03
5903,シンポ株式会社,7412005950.0,442811000.0,6469000.0,7211164000.0,1014837000.0,0.06,0.01,14.07,12.85
7997,株式会社くろがね工作所,1541310000.0,1313701000.0,25950000.0,7203796000.0,336371000.0,0.85,0.02,4.67,0.32
3449,株式会社テクノフレックス,30138960000.0,431274000.0,12317000.0,22041238000.0,2196620000.0,0.01,0.03,9.97,3.76
4997,日本農薬株式会社,70983493012.0,11883000000.0,163000000.0,99966000000.0,8576000000.0,0.17,0.01,8.58,-2.98
9534,北海道瓦斯株式会社,52681266000.0,9435000000.0,180000000.0,170295000000.0,14328000000.0,0.18,0.02,8.41,-2.06
4169,ＥＮＥＣＨＡＮＧＥ株式会社,12777336000.0,1419994000.0,0.0,6715556000.0,659029000.0,0.11,0.0,9.81,53.36
3771,株式会社システムリサーチ,32704320000.0,12879000.0,0.0,25931487000.0,2997558000.0,0.0,0.0,11.56,11.2
6226,守谷輸送機工業株式会社,70709533000.0,488131000.0,11569000.0,19435433000.0,4092941000.0,0.01,0.02,21.06,10.88
3059,ヒラキ株式会社,4320392800.0,126497000.0,2849000.0,12960074000.0,203678000.0,0.03,0.02,1.57,-2.66
5331,ノリタケ株式会社,113524496180.0,42879000000.0,1088000000.0,138182000000.0,10213000000.0,0.38,0.03,7.39,0.2
9362,兵機海運株式会社,4694040000.0,2078000000.0,87000000.0,13726000000.0,548000000.0,0.44,0.04,3.99,-6.22
6412,株式会社平和,204109405000.0,8520000000.0,65000000.0,145867000000.0,27690000000.0,0.04,0.01,18.98,6.96
6737,ＥＩＺＯ株式会社,94474338000.0,50716000000.0,1279000000.0,80493000000.0,3706000000.0,0.54,0.03,4.6,0.03
6013,株式会社タクマ,169608816000.0,22102000000.0,691000000.0,151161000000.0,13532000000.0,0.13,0.03,8.95,1.34
3649,株式会社ファインデックス,19717120800.0,2315050000.0,0.0,5841379000.0,1525418000.0,0.12,0.0,26.11,12.51
8836,株式会社ＲＩＳＥ,4499333696.0,6000000.0,0.0,383000000.0,34000000.0,0.0,0.0,8.88,9.74
2590,ダイドーグループホールディングス株式会社,44269696000.0,18070000000.0,301000000.0,213370000000.0,3732000000.0,0.41,0.02,1.75,33.25
6958,日本シイエムケイ株式会社,24155945364.0,4041000000.0,127000000.0,95486000000.0,3807000000.0,0.17,0.03,3.99,5.43
2801,キッコーマン株式会社,1258786676000.0,60098000000.0,1174000000.0,69345000000.0,47556000000.0,0.05,0.02,68.58,42.88
7509,アイエーグループ株式会社,5857481600.0,109948000.0,252077000.0,37289572000.0,1797357000.0,0.02,2.29,4.82,4.56
7229,株式会社ユタカ技研,39154440000.0,0.0,3132000000.0,40298000000.0,1317000000.0,0.0,0.0,3.27,0.3
1384,株式会社　ホクリヨウ,13365220000.0,530000000.0,12000000.0,19397000000.0,1925000000.0,0.04,0.02,9.92,2.62
4202,株式会社ダイセル,345346674000.0,56652000000.0,2546000000.0,586531000000.0,61011000000.0,0.16,0.04,10.4,5.1
1430,ファーストコーポレーション株式会社,11893550600.0,32033000.0,0.0,28485091000.0,1453677000.0,0.0,0.0,5.1,11.52
3796,株式会社いい生活,3545700900.0,0.0,0.0,3028187000.0,0.0,0.0,0.0,0.0,7.84
7849,スターツ出版株式会社,16300800000.0,180375000.0,87091000.0,8581520000.0,2338258000.0,0.01,0.48,27.25,2.87
4019,株式会社スタメン,9392130000.0,33151000.0,0.0,2692572000.0,224666000.0,0.0,0.0,8.34,43.29
9733,株式会社ナガセ,58241719251.0,19360000000.0,179000000.0,27356000000.0,4864000000.0,0.33,0.01,17.78,1.26
6055,ジャパンマテリアル株式会社,148050524160.0,413000000.0,6000000.0,52678000000.0,11188000000.0,0.0,0.01,21.24,8.41
2170,株式会社リンクアンドモチベーション,53410000000.0,498000000.0,4277000000.0,11579000000.0,2304000000.0,0.01,8.59,19.9,18.95
7164,全国保証株式会社,218805676830.0,285124000000.0,140000000.0,0.0,41974000000.0,1.3,0.0,0.0,0.0
3140,ＢＲＵＮＯ株式会社,14702632650.0,0.0,40000000.0,12940000000.0,146000000.0,0.0,0.0,1.13,14.53
4346,株式会社ＮＥＸＹＺ．Ｇｒｏｕｐ,12460897000.0,2746000000.0,0.0,24497000000.0,1189000000.0,0.22,0.0,4.85,11.59
2479,株式会社ジェイテック,2151672400.0,5031000.0,0.0,3393007000.0,329228000.0,0.0,0.0,9.7,4.63
5586,株式会社Ｌａｂｏｒｏ．ＡＩ,17396919810.0,0.0,0.0,1515258000.0,183389000.0,0.0,0.0,12.1,10.67
2984,ヤマイチエステート株式会社,5741836800.0,320695000.0,12193000.0,20909686000.0,1753774000.0,0.06,0.04,8.39,4.11
2229,カルビー株式会社,358195250100.0,3263000000.0,43000000.0,322564000000.0,29066000000.0,0.01,0.01,9.01,6.45
9193,東京汽船株式会社,9219210000.0,2877037000.0,76828000.0,12041210000.0,13481000.0,0.31,0.03,0.11,-3.79
8218,株式会社コメリ,164043135000.0,1699000000.0,149000000.0,365074000000.0,22396000000.0,0.01,0.09,6.13,2.28
2914,日本たばこ産業株式会社,8676000000000.0,21707000000.0,423513000000.0,530247000000.0,0.0,0.0,19.51,0.0,-1.31
6391,株式会社加地テック,5652220000.0,0.0,0.0,7003943000.0,620076000.0,0.0,0.0,8.85,-3.54
6457,グローリー株式会社,215713848600.0,11011000000.0,212000000.0,369017000000.0,35173000000.0,0.05,0.02,9.53,-0.93
9307,株式会社杉村倉庫,12790401000.0,865679000.0,36475000.0,0.0,1366271000.0,0.07,0.04,0.0,0.0
8008,株式会社ヨンドシーホールディングス,42238616000.0,21475000000.0,249000000.0,45902000000.0,1960000000.0,0.51,0.01,4.27,16.33
2747,北雄ラッキー株式会社,3876121600.0,280686000.0,10302000.0,36912687000.0,243143000.0,0.07,0.04,0.66,-2.66
2206,江崎グリコ株式会社,308585276000.0,46694000000.0,737000000.0,331129000000.0,11065000000.0,0.15,0.02,3.34,-0.44
2877,日東ベスト株式会社,9258534900.0,3524705000.0,38061000.0,55860401000.0,574430000.0,0.38,0.01,1.03,2.93
7525,リックス株式会社,27475200000.0,3836028000.0,108640000.0,54727738000.0,3882139000.0,0.14,0.03,7.09,10.0
2351,株式会社ＡＳＪ,2711325100.0,34212000.0,21549000.0,832648000.0,51666000.0,0.01,0.63,6.21,6.06
7649,スギホールディングス株式会社,709052062248.0,13936000000.0,37000000.0,878021000000.0,42563000000.0,0.02,0.0,4.85,17.94
9560,株式会社プログリット,13204347840.0,11267000.0,0.0,4453271000.0,824257000.0,0.0,0.0,18.51,47.28
3611,株式会社マツオカコーポレーション,19200929800.0,528000000.0,153000000.0,70579000000.0,433000000.0,0.03,0.29,0.61,17.29
6484,株式会社ＫＶＫ,16145025320.0,1686605000.0,16022000.0,29648936000.0,2660920000.0,0.1,0.01,8.97,-0.51
6516,山洋電気株式会社,127776041950.0,7673000000.0,2369000000.0,78503000000.0,2525000000.0,0.06,0.31,3.22,-15.91
9219,株式会社ギックス,5023416600.0,2500000.0,0.0,2117723000.0,133830000.0,0.0,0.0,6.32,25.6
7161,株式会社じもとホールディングス,9340320000.0,0.0,0.0,0.0,37000000.0,0.0,0.0,0.0,0.0
9330,株式会社揚羽,1110842100.0,0.0,0.0,1560997000.0,1959000.0,0.0,0.0,0.13,-10.13
6798,ＳＭＫ株式会社,16192800000.0,4205000000.0,52000000.0,48051000000.0,1534000000.0,0.26,0.01,3.19,3.29
4465,株式会社ニイタカ,12070233000.0,441364000.0,11921000.0,22739125000.0,1476143000.0,0.04,0.03,6.49,16.59
7634,株式会社星医療酸器,15578100000.0,2966992000.0,39364000.0,15102329000.0,1982289000.0,0.19,0.01,13.13,2.19
6844,新電元工業株式会社,24348071820.0,14913000000.0,639000000.0,105830000000.0,128000000.0,0.61,0.04,0.12,3.49
7762,シチズン時計株式会社,212544000000.0,36993000000.0,1154000000.0,316885000000.0,20592000000.0,0.17,0.03,6.5,1.3
3591,株式会社ワコールホールディングス,279165000000.0,233000000.0,0.0,0.0,9174000000.0,0.0,0.0,0.0,0.0
8725,ＭＳ＆ＡＤインシュアランスグループホールディングス株式会社,5016593362000.0,162311000000.0,15252000000.0,1679248000000.0,412401000000.0,0.03,0.09,24.56,3.45
3374,内外テック株式会社,7177257960.0,649945000.0,16053000.0,35337699000.0,1552057000.0,0.09,0.02,4.39,-9.42
9972,アルテック株式会社,3621567000.0,232103000.0,10646000.0,18233202000.0,628756000.0,0.06,0.05,3.45,2.25
5122,オカモト株式会社,86810150000.0,30979000000.0,1133000000.0,109107000000.0,8701000000.0,0.36,0.04,7.97,2.81
2667,株式会社イメージワン,2657685600.0,213491000.0,0.0,1563081000.0,0.0,0.08,0.0,0.0,-47.36
6267,ゼネラルパッカー株式会社,5612256000.0,89091000.0,2500000.0,9853840000.0,1000222000.0,0.02,0.03,10.15,8.83
8023,ＤＡＩＫＯ　ＸＴＥＣＨ株式会社,14672775664.0,2359370000.0,77374000.0,42690259000.0,2410285000.0,0.16,0.03,5.65,-1.59
3160,株式会社大光,8334648000.0,1080054000.0,8781000.0,70505597000.0,1084164000.0,0.13,0.01,1.54,8.76
2531,宝ホールディングス株式会社,237491408000.0,34467000000.0,944000000.0,362693000000.0,20597000000.0,0.15,0.03,5.68,6.87
3825,株式会社リミックスポイント,71073903600.0,350000000.0,1408000000.0,21129000000.0,1394000000.0,0.0,4.02,6.6,3.13
3166,ＯＣＨＩホールディングス株式会社,19164245760.0,1954000000.0,56000000.0,117084000000.0,1471000000.0,0.1,0.03,1.26,3.28
3193,株式会社エターナルホスピタリティグループ,36494022000.0,161375000.0,0.0,41914070000.0,3248880000.0,0.0,0.0,7.75,25.31
6339,新東工業株式会社,47484600000.0,32985000000.0,606000000.0,150224000000.0,3004000000.0,0.69,0.02,2.0,30.07
7887,南海プライウッド株式会社,6154900000.0,876922000.0,27074000.0,24921443000.0,961735000.0,0.14,0.03,3.86,4.82
5187,クリエートメディック株式会社,9181110650.0,619533000.0,8309000.0,13030322000.0,692456000.0,0.07,0.01,5.31,3.53
8999,グランディハウス株式会社,16829467200.0,377850000.0,6611000.0,53960131000.0,1212438000.0,0.02,0.02,2.25,4.73
4845,株式会社スカラ,7456452780.0,641175000.0,20946000.0,0.0,56681000.0,0.09,0.03,0.0,0.0
6836,ぷらっとホーム株式会社,2657270000.0,1400000.0,0.0,1167385000.0,0.0,0.0,0.0,0.0,16.86
4528,小野薬品工業株式会社,810125154000.0,77923000000.0,2410000000.0,451756000000.0,114709000000.0,0.1,0.03,25.39,-9.43
6971,京セラ株式会社,2434129366680.0,1661193000000.0,98609000000.0,802448000000.0,0.0,0.68,0.06,0.0,0.42
4892,株式会社サイフューズ,5541109600.0,0.0,0.0,54446000.0,0.0,0.0,0.0,0.0,-10.91
8006,ユアサ・フナショク株式会社,23015900000.0,11927000000.0,306000000.0,123092000000.0,2730000000.0,0.52,0.03,2.22,2.94
4694,株式会社ビー・エム・エル,144223992660.0,3127000000.0,290000000.0,143191000000.0,9364000000.0,0.02,0.09,6.54,3.79
3028,株式会社アルペン,89442400000.0,4309000000.0,0.0,252936000000.0,3330000000.0,0.05,0.0,1.32,3.43
3851,株式会社日本一ソフトウェア,4337226200.0,1174718000.0,79334000.0,5299892000.0,207376000.0,0.27,0.07,3.91,-0.75
9081,神奈川中央交通株式会社,44163000000.0,17864000000.0,458000000.0,118149000000.0,7388000000.0,0.4,0.03,6.25,0.92
2764,株式会社ひらまつ,10089954000.0,56371000.0,0.0,10662788000.0,249769000.0,0.01,0.0,2.34,-23.06
8158,ソーダニッカ株式会社,24828408000.0,13794000000.0,442000000.0,65146000000.0,2109000000.0,0.56,0.03,3.24,1.58
7500,西川計測株式会社,31853368000.0,6316841000.0,117192000.0,36417933000.0,3465162000.0,0.2,0.02,9.51,14.08
4624,イサム塗料株式会社,6950000000.0,7218571000.0,33523000.0,8156880000.0,627555000.0,1.04,0.0,7.69,2.02
5363,東京窯業株式会社,26058321000.0,12379783000.0,365776000.0,31933430000.0,4503565000.0,0.48,0.03,14.1,6.4
6571,キュービーネットホールディングス株式会社,15879556000.0,0.0,0.0,0.0,0.0,0.0,0.0,0.0,0.0
8558,株式会社東和銀行,27810640000.0,0.0,0.0,0.0,0.0,0.0,0.0,0.0,0.0
9087,タカセ株式会社,2454876000.0,497270000.0,19047000.0,0.0,79422000.0,0.2,0.04,0.0,0.0
5218,株式会社オハラ,27867750000.0,7839288000.0,124194000.0,27909188000.0,2177599000.0,0.28,0.02,7.8,-0.76
3947,ダイナパック株式会社,20758730501.0,21481996000.0,368697000.0,62530539000.0,1734848000.0,1.03,0.02,2.77,7.76
7775,大研医器株式会社,14009600000.0,0.0,0.0,9951701000.0,1512073000.0,0.0,0.0,15.19,2.07
6982,株式会社リード,1548180480.0,936557000.0,34564000.0,4186015000.0,0.0,0.6,0.04,0.0,-17.26
4539,日本ケミファ株式会社,6391500000.0,1923000000.0,43000000.0,32570000000.0,606000000.0,0.3,0.02,1.86,5.93
9160,株式会社ノバレーゼ,7800000000.0,0.0,300600000.0,16654945000.0,348690000.0,0.0,0.0,2.09,4.24
4920,株式会社日本色材工業研究所,2193847920.0,259060000.0,7286000.0,17632212000.0,489251000.0,0.12,0.03,2.77,17.16
8850,スターツコーポレーション株式会社,247041787875.0,16822000000.0,486000000.0,232978000000.0,32622000000.0,0.07,0.03,14.0,-0.18
2217,モロゾフ株式会社,11206842612.0,1274819000.0,30771000.0,36017735000.0,2058795000.0,0.11,0.02,5.72,3.1
2321,株式会社ソフトフロントホールディングス,5160050286.0,41568000.0,0.0,823600000.0,28670000.0,0.01,0.0,3.48,-7.41
6488,株式会社ヨシタケ,10479079392.0,3827805000.0,4974000.0,9843323000.0,1068873000.0,0.37,0.0,10.86,9.95
4020,ビートレンド株式会社,1436861200.0,0.0,0.0,1155773000.0,80142000.0,0.0,0.0,6.93,5.92
3031,株式会社ラクーンホールディングス,14719664666.0,461733000.0,1963000.0,5808066000.0,566962000.0,0.03,0.0,9.76,9.15
6794,フォスター電機株式会社,42950000000.0,2328000000.0,88000000.0,137607000000.0,6796000000.0,0.05,0.04,4.94,12.38
9101,日本郵船株式会社,2381987000000.0,1987760000000.0,8161000000.0,2588700000000.0,210820000000.0,0.83,0.0,8.14,8.44
5698,株式会社エンビプロ・ホールディングス,15679530798.0,3500444000.0,4417000.0,52214192000.0,1409988000.0,0.22,0.0,2.7,6.15
2983,株式会社アールプランナー,9605876840.0,0.0,200268000.0,40185916000.0,2163157000.0,0.0,0.0,5.38,25.3
9633,東京テアトル株式会社,8998599000.0,3378265000.0,115587000.0,18387146000.0,267537000.0,0.38,0.03,1.46,7.61
7814,株式会社日本創発グループ,28356000000.0,5745000000.0,32000000.0,80100000000.0,4351000000.0,0.2,0.01,5.43,7.02
4496,株式会社コマースＯｎｅホールディングス,5682786000.0,443689000.0,24305000.0,3693315000.0,638411000.0,0.08,0.05,17.29,3.82
3628,株式会社データホライゾン,7538216000.0,59996000.0,0.0,3853230000.0,2578000.0,0.01,0.0,0.07,-23.04
3439,株式会社三ツ知,3219552280.0,264572000.0,6866000.0,13147879000.0,466176000.0,0.08,0.03,3.55,4.72
7080,株式会社スポーツフィールド,5141703360.0,0.0,0.0,3845234000.0,874068000.0,0.0,0.0,22.73,12.49
2708,株式会社久世,7614934242.0,1731000000.0,14000000.0,68568000000.0,1847000000.0,0.23,0.01,2.69,6.35
3661,株式会社エムアップホールディングス,75948983428.0,1977000000.0,2000000.0,25782000000.0,4065000000.0,0.03,0.0,15.77,38.81
1997,暁飯島工業株式会社,6085200000.0,529218000.0,7568000.0,8825161000.0,751077000.0,0.09,0.01,8.51,32.96
2344,平安レイサービス株式会社,11223797040.0,5308282000.0,100004000.0,10597522000.0,1742738000.0,0.47,0.02,16.44,5.11
9369,株式会社キユーソー流通システム,81138560000.0,4107000000.0,48000000.0,133476000000.0,5562000000.0,0.05,0.01,4.17,4.49
9159,株式会社Ｗ　ＴＯＫＹＯ,4466979000.0,14000000.0,0.0,3957772000.0,508042000.0,0.0,0.0,12.84,9.45
6464,株式会社ツバキ・ナカシマ,14351862000.0,183000000.0,3007000000.0,15311000000.0,0.0,0.01,16.43,0.0,19.47
2872,株式会社セイヒョー,3582394530.0,115667000.0,3964000.0,4484618000.0,96300000.0,0.03,0.03,2.15,5.37
3392,デリカフーズホールディングス株式会社,9806828000.0,699354000.0,7046000.0,58762579000.0,805633000.0,0.07,0.01,1.37,11.24
9327,株式会社イー・ロジット,2841879000.0,149520000.0,1313000.0,10259178000.0,0.0,0.05,0.01,0.0,-20.28
6328,荏原実業株式会社,47194500000.0,6437000000.0,124000000.0,37503000000.0,4251000000.0,0.14,0.02,11.34,3.37
6235,株式会社オプトラン,70396146000.0,430562000.0,5995000.0,32405837000.0,6570315000.0,0.01,0.01,20.28,-11.96
2391,株式会社プラネット,8576210400.0,1099584000.0,10383000.0,3172551000.0,642297000.0,0.13,0.01,20.25,1.3
4936,株式会社アクシージア,12004659000.0,0.0,42877000.0,12192379000.0,918344000.0,0.0,0.0,7.53,7.51
3141,ウエルシアホールディングス株式会社,568322230000.0,956000000.0,10000000.0,1285005000000.0,36409000000.0,0.0,0.01,2.83,5.56
8237,株式会社松屋,59790976080.0,9233000000.0,176000000.0,48120000000.0,4485000000.0,0.15,0.02,9.32,16.65
7550,株式会社ゼンショーホールディングス,1273328608450.0,1528000000.0,6000000.0,1136684000000.0,75128000000.0,0.0,0.0,6.61,17.7
6407,ＣＫＤ株式会社,182812236708.0,8599000000.0,281000000.0,155634000000.0,19018000000.0,0.05,0.03,12.22,15.78
2926,株式会社　篠崎屋,1616899200.0,0.0,0.0,2785774000.0,129688000.0,0.0,0.0,4.66,3.93
1803,清水建設株式会社,1192212838525.5,299507000000.0,6057000000.0,1944360000000.0,71030000000.0,0.25,0.02,3.65,-3.05
4432,ウイングアーク１ｓｔ株式会社,126980982450.0,4321085000.0,105045000.0,26905245000.0,5770362000.0,0.03,0.02,21.45,7.81
7172,株式会社ジャパンインベストメントアドバイザー,111976017755.0,10443000000.0,1000000.0,31129000000.0,12110000000.0,0.09,0.0,38.9,42.68
7447,ナガイレーベン株式会社,78226104000.0,193559000.0,5811000.0,16412661000.0,4004783000.0,0.0,0.03,24.4,-4.48
1945,株式会社東京エネシス,50467124136.0,15427000000.0,210000000.0,64283000000.0,2665000000.0,0.31,0.01,4.15,-24.9
4769,株式会社ＩＣ,7817324970.0,1759874000.0,60301000.0,9290040000.0,443085000.0,0.23,0.03,4.77,8.5
4418,株式会社ＪＤＳＣ,15216812200.0,396904000.0,0.0,16457876000.0,50684000.0,0.03,0.0,0.31,748.49
6218,エンシュウ株式会社,2719084000.0,13000000.0,890000000.0,21886000000.0,371000000.0,0.0,68.46,1.7,-9.15
8624,いちよし証券株式会社,30079283000.0,731000000.0,0.0,0.0,2285000000.0,0.02,0.0,0.0,0.0
6485,前澤給装工業株式会社,26595500000.0,5612000000.0,132000000.0,31957000000.0,3046000000.0,0.21,0.02,9.53,-0.16
3861,王子ホールディングス株式会社,758047519461.5095,197835000000.0,4134000000.0,1849264000000.0,67686000000.0,0.26,0.02,3.66,9.02
9830,トラスコ中山株式会社,141720773368.0,2616000000.0,70000000.0,295024000000.0,19978000000.0,0.02,0.03,6.77,10.02
3648,ＡＧＳ株式会社,18107688940.0,2100214000.0,69035000.0,24862456000.0,1849963000.0,0.12,0.03,7.44,12.54
5857,ＡＲＥホールディングス株式会社,157265241424.0,0.0,0.0,0.0,10345000000.0,0.0,0.0,0.0,0.0
8242,エイチ・ツー・オー　リテイリング株式会社,243015141000.0,97048000000.0,1504000000.0,681759000000.0,34830000000.0,0.4,0.02,5.11,3.71
6521,株式会社オキサイド,21581797806.0,68171000.0,0.0,8394851000.0,126320000.0,0.0,0.0,1.5,27.06
8013,株式会社ナイガイ,2399446052.0,2921000000.0,64000000.0,13162000000.0,57000000.0,1.22,0.02,0.43,1.08
4493,株式会社サイバーセキュリティクラウド,15574661312.0,0.0,0.0,3857729000.0,773602000.0,0.0,0.0,20.05,26.04
4395,株式会社アクリート,5361817500.0,97553000.0,0.0,6347970000.0,331881000.0,0.02,0.0,5.23,16.83
7220,武蔵精密工業株式会社,215023680000.0,13135000000.0,495000000.0,347196000000.0,19720000000.0,0.06,0.04,5.68,-0.78
7923,トーイン株式会社,4241037500.0,3159502000.0,51867000.0,14582228000.0,891460000.0,0.74,0.02,6.11,7.96
2780,株式会社コメ兵ホールディングス,31204404000.0,152446000.0,20818000.0,158994692000.0,6176645000.0,0.0,0.14,3.88,33.09
4526,理研ビタミン株式会社,84377340000.0,15078000000.0,640000000.0,95582000000.0,8724000000.0,0.18,0.04,9.13,4.48
6050,イー・ガーディアン株式会社,26182134104.0,2000000.0,305676000.0,11391768000.0,1705852000.0,0.0,152.84,14.97,-4.34
7638,株式会社ＮＥＷ　ＡＲＴ　ＨＯＬＤＩＮＧＳ,22894518375.0,17131000.0,7085000.0,21099879000.0,2864356000.0,0.0,0.41,13.58,-1.69
9341,株式会社ＧＥＮＯＶＡ,12571459600.0,50192000.0,0.0,10006101000.0,2026131000.0,0.0,0.0,20.25,15.23
5612,日本鋳鉄管株式会社,4929731778.0,135000000.0,2000000.0,16933000000.0,260000000.0,0.03,0.01,1.54,0.44
9857,英和株式会社,15443890000.0,1426989000.0,26978000.0,47136291000.0,2786226000.0,0.09,0.02,5.91,8.88
5830,株式会社いよぎんホールディングス,533107008000.0,0.0,0.0,0.0,23029000000.0,0.0,0.0,0.0,0.0
7732,株式会社　トプコン,353219030278.0,6912000000.0,53000000.0,216000000000.0,8826000000.0,0.02,0.01,4.09,-0.23
7972,株式会社イトーキ,118721568000.0,6548000000.0,116000000.0,138460000000.0,10077000000.0,0.06,0.02,7.28,4.12
6158,株式会社和井田製作所,6240864000.0,410023000.0,13574000.0,7554307000.0,709372000.0,0.07,0.03,9.39,0.2
2884,株式会社ヨシムラ・フード・ホールディングス,21111646090.0,0.0,8033000.0,58110107000.0,4161280000.0,0.0,0.0,7.16,16.73
8630,ＳＯＭＰＯホールディングス株式会社,4252139226000.0,294424000000.0,16000000.0,0.0,119448000000.0,0.07,0.0,0.0,0.0
7564,株式会社ワークマン,534459708480.0,1000000.0,0.0,99670000000.0,24394000000.0,0.0,0.0,24.47,3.13
5035,ＨＯＵＳＥＩ株式会社,3504534800.0,0.0,0.0,4918699000.0,78655000.0,0.0,0.0,1.6,6.02
7427,エコートレーディング株式会社,5291800566.0,727563000.0,14889000.0,106388553000.0,1359735000.0,0.14,0.02,1.28,-0.95
9906,藤井産業株式会社,30180150000.0,4061644000.0,108092000.0,96100124000.0,5360013000.0,0.13,0.03,5.58,5.54
4042,東ソー株式会社,715990805590.0,70132000000.0,1484000000.0,1063382000000.0,98906000000.0,0.1,0.02,9.3,5.74
6301,株式会社小松製作所,4620680627000.0,3481000000.0,114267000000.0,1143406000000.0,149744000000.0,0.0,32.83,13.1,-1.6
8254,株式会社さいか屋,2201849102.0,221110000.0,3415000.0,4950143000.0,110544000.0,0.1,0.02,2.23,-4.89
2323,株式会社ｆｏｎｆｕｎ,3179921920.0,0.0,0.0,1268700000.0,149634000.0,0.0,0.0,11.79,81.31
4059,株式会社まぐまぐ,1494658800.0,11182000.0,0.0,454935000.0,5606000.0,0.01,0.0,1.23,-4.31
9245,株式会社リベロ,9246962450.0,1650000.0,0.0,3586529000.0,455340000.0,0.0,0.0,12.7,23.64
7984,コクヨ株式会社,106598382000.0,22362000000.0,906000000.0,338227000000.0,22028000000.0,0.21,0.04,6.51,2.88
3069,株式会社　ＪＦＬＡホールディングス,8106023484.0,1249611000.0,7852000.0,65207679000.0,1310522000.0,0.15,0.01,2.01,-3.97
4431,株式会社スマレジ,68164866000.0,42281000.0,0.0,8385501000.0,1735200000.0,0.0,0.0,20.69,41.78
8387,株式会社四国銀行,51473600000.0,0.0,0.0,0.0,0.0,0.0,0.0,0.0,0.0
4998,フマキラー株式会社,18073040000.0,5177000000.0,152000000.0,73854000000.0,2646000000.0,0.29,0.03,3.58,9.14
5868,株式会社ロココ,3455222400.0,48379000.0,0.0,7803013000.0,426984000.0,0.01,0.0,5.47,8.75
3674,株式会社オークファン,4001069000.0,0.0,0.0,4840369000.0,356357000.0,0.0,0.0,7.36,-5.94
9679,ホウライ株式会社,2430324000.0,741300000.0,35181000.0,0.0,571354000.0,0.31,0.05,0.0,0.0
7047,ポート株式会社,25284582000.0,2034000000.0,600000000.0,10206000000.0,0.0,0.08,0.29,0.0,19.82
6278,ユニオンツール株式会社,111559200000.0,10788000000.0,179000000.0,32606000000.0,6878000000.0,0.1,0.02,21.09,28.68
4829,日本エンタープライズ株式会社,4624188000.0,65180000.0,7299000.0,4696350000.0,264636000.0,0.01,0.11,5.63,11.55
3791,株式会社ＩＧポート,8118972400.0,261845000.0,190960000.0,11841359000.0,1225736000.0,0.03,0.73,10.35,6.07
9889,ＪＢＣＣホールディングス株式会社,22519332381.0,2226000000.0,70000000.0,69868000000.0,6155000000.0,0.1,0.03,8.81,7.17
8704,トレイダーズホールディングス株式会社,34766987519.0,316000000.0,1000000.0,0.0,6634000000.0,0.01,0.0,0.0,0.0
7035,ａｎｄ　ｆａｃｔｏｒｙ株式会社,3412376910.0,23419000.0,0.0,5024345000.0,303746000.0,0.01,0.0,6.05,68.66
2986,株式会社ＬＡホールディングス,40187533750.0,655808000.0,5347000.0,44707290000.0,7700990000.0,0.02,0.01,17.23,41.93
9537,北陸瓦斯株式会社,17304000000.0,3852248000.0,118023000.0,61766221000.0,1410126000.0,0.22,0.03,2.28,0.59
9340,株式会社アソインターナショナル,2915927100.0,144039000.0,0.0,3544750000.0,545318000.0,0.05,0.0,15.38,11.12
8739,スパークス・グループ株式会社,59930774760.0,19468000000.0,26000000.0,0.0,7717000000.0,0.32,0.0,0.0,0.0
7901,株式会社マツモト,926559000.0,123510000.0,3427000.0,2214439000.0,0.0,0.13,0.03,0.0,-1.26
8151,株式会社東陽テクニカ,39466605000.0,2414795000.0,18236000.0,35042582000.0,3366080000.0,0.06,0.01,9.61,24.39
2669,カネ美食品株式会社,32650000000.0,594647000.0,23553000.0,90481370000.0,3077551000.0,0.02,0.04,3.4,3.87
5020,ＥＮＥＯＳホールディングス株式会社,2233694761500.0,34755000000.0,3619000000.0,0.0,158268000000.0,0.02,0.1,0.0,0.0
4274,細谷火工株式会社,4088448000.0,486734000.0,8636000.0,2038992000.0,290729000.0,0.12,0.02,14.26,11.25
5974,中国工業株式会社,1870740000.0,2235000000.0,66000000.0,13843000000.0,415000000.0,1.19,0.03,3.0,3.83
7733,オリンパス株式会社,1958140404000.0,1294000000.0,58640000000.0,389797000000.0,12485000000.0,0.0,45.32,3.2,2.75
2689,オルバヘルスケアホールディングス株式会社,12881250000.0,358472000.0,2362000.0,118564924000.0,2226710000.0,0.03,0.01,1.88,7.33
9535,広島ガス株式会社,24354197060.0,14473000000.0,231000000.0,91595000000.0,1252000000.0,0.59,0.02,1.37,1.02
3686,株式会社ディー・エル・イー,7482499200.0,1329253000.0,126669000.0,1978904000.0,0.0,0.18,0.1,0.0,16.03
2698,株式会社キャンドゥ,60205018000.0,0.0,0.0,83380000000.0,849000000.0,0.0,0.0,1.02,3.76
7077,株式会社ＡＬｉＮＫインターネット,2269387800.0,0.0,0.0,888430000.0,43396000.0,0.0,0.0,4.88,45.65
9240,株式会社デリバリーコンサルティング,2444536600.0,0.0,0.0,2703725000.0,211779000.0,0.0,0.0,7.83,23.4
6736,サン電子株式会社,130842117600.0,10774890000.0,275962000.0,10837189000.0,1332000.0,0.08,0.03,0.01,7.88
1382,株式会社ホーブ,1432560000.0,0.0,0.0,2519019000.0,32703000.0,0.0,0.0,1.3,1.19
2904,一正蒲鉾株式会社,13775190000.0,2103756000.0,24900000.0,34487406000.0,1271246000.0,0.15,0.01,3.69,5.1
2485,株式会社ティア,13393509500.0,1000000.0,9000000.0,18839000000.0,1438000000.0,0.0,9.0,7.63,33.91
4611,大日本塗料株式会社,35800550000.0,9447000000.0,276000000.0,72511000000.0,4716000000.0,0.26,0.03,6.5,0.79
7551,株式会社ウェッズ,9848199426.0,635005000.0,17053000.0,35138284000.0,2246935000.0,0.06,0.03,6.39,1.02
6858,株式会社小野測器,7283400000.0,2102000000.0,77000000.0,11804000000.0,144000000.0,0.29,0.04,1.22,2.3
2384,ＳＢＳホールディングス株式会社,121140510000.0,15689000000.0,117000000.0,448145000000.0,17704000000.0,0.13,0.01,3.95,3.76
3291,飯田グループホールディングス株式会社,578842445500.0,0.0,0.0,0.0,39165000000.0,0.0,0.0,0.0,0.0
6888,アクモス株式会社,5700193200.0,50364000.0,37843000.0,6230020000.0,660347000.0,0.01,0.75,10.6,6.18
3895,ハビックス株式会社,3662525440.0,149601000.0,4293000.0,13403100000.0,695010000.0,0.04,0.03,5.19,1.5
8045,横浜丸魚株式会社,7770025420.0,13675446000.0,346698000.0,39841896000.0,354726000.0,1.76,0.03,0.89,3.18
6358,酒井重工業株式会社,18194165000.0,5661936000.0,192372000.0,27854055000.0,1583765000.0,0.31,0.03,5.69,-15.65
3636,株式会社三菱総合研究所,76043120000.0,18130000000.0,223000000.0,115362000000.0,7060000000.0,0.24,0.01,6.12,-5.54
6533,株式会社Ｏｒｃｈｅｓｔｒａ　Ｈｏｌｄｉｎｇｓ,7124282000.0,970629000.0,0.0,14036930000.0,801189000.0,0.14,0.0,5.71,15.92
7863,株式会社平賀,4132036965.0,687355000.0,18882000.0,9792084000.0,365288000.0,0.17,0.03,3.73,-1.64
7196,株式会社Ｃａｓａ,9805647500.0,167152000.0,2046000.0,12157323000.0,1303171000.0,0.02,0.01,10.72,8.31
6161,株式会社エスティック,11426728000.0,188960000.0,5544000.0,7881304000.0,1637411000.0,0.02,0.03,20.78,10.57
7186,株式会社コンコルディア・フィナンシャルグループ,1087614137172.3633,25000000.0,0.0,0.0,113586000000.0,0.0,0.0,0.0,0.0
6505,東洋電機製造株式会社,18340740000.0,15009000000.0,204000000.0,32140000000.0,927000000.0,0.82,0.01,2.88,3.59
3762,テクマトリックス株式会社,95091302400.0,1723512000.0,2664000.0,46321664000.0,4912708000.0,0.02,0.0,10.61,25.21
9740,セントラル警備保障株式会社,33841324528.0,3743492000.0,107620000.0,71417635000.0,4331425000.0,0.11,0.03,6.06,5.01
3177,株式会社ありがとうサービス,3189792000.0,175574000.0,3473000.0,10608307000.0,880257000.0,0.06,0.02,8.3,9.02
7218,田中精密工業株式会社,9783127200.0,3113889000.0,135537000.0,40474435000.0,2704628000.0,0.32,0.04,6.68,-4.87
9556,ＩＮＴＬＯＯＰ株式会社,31283011200.0,620303000.0,0.0,27077592000.0,1506819000.0,0.02,0.0,5.56,51.92
6804,ホシデン株式会社,135248672000.0,7228000000.0,164000000.0,247571000000.0,13573000000.0,0.05,0.02,5.48,13.09
2760,東京エレクトロンデバイス株式会社,80503468500.0,0.0,245000000.0,216379000000.0,12457000000.0,0.0,0.0,5.76,-10.91
3580,小松マテーレ株式会社,31923600000.0,16185000000.0,194000000.0,39526000000.0,2181000000.0,0.51,0.01,5.52,7.79
7545,株式会社西松屋チェーン,149198507264.0,11203000000.0,165000000.0,185974000000.0,12180000000.0,0.08,0.01,6.55,4.96
6474,株式会社不二越,78370255000.0,27102000000.0,983000000.0,239892000000.0,6636000000.0,0.35,0.04,2.77,-9.63
4242,株式会社タカギセイコー,3748242816.0,1479000000.0,37000000.0,44293000000.0,1163000000.0,0.39,0.03,2.63,-13.26
6563,株式会社みらいワークス,3287175000.0,0.0,0.0,10608091000.0,573401000.0,0.0,0.0,5.41,26.91
4068,ベイシス株式会社,3715509945.0,0.0,0.0,6822403000.0,79274000.0,0.0,0.0,1.16,-0.6
3238,セントラル総合開発株式会社,4017615000.0,232198000.0,7759000.0,30883220000.0,1245489000.0,0.06,0.03,4.03,-3.26
7860,エイベックス株式会社,56462152500.0,9839000000.0,19000000.0,131691000000.0,299000000.0,0.17,0.0,0.23,-1.27
4704,トレンドマイクロ株式会社,1337860729980.0,4520000000.0,22177000000.0,272638000000.0,48105000000.0,0.0,4.91,17.64,9.63
7119,株式会社ハルメクホールディングス,11868536030.0,0.0,35000000.0,2195000000.0,24000000.0,0.0,0.0,1.09,8.18
9927,株式会社ワットマン,7011474000.0,2374000.0,2569000.0,8383058000.0,583772000.0,0.0,1.08,6.96,6.77
1822,大豊建設株式会社,14972724000.0,11491000000.0,189000000.0,143394000000.0,5533000000.0,0.77,0.02,3.86,-12.15
1820,西松建設株式会社,207868434000.0,86058000000.0,732000000.0,366811000000.0,21098000000.0,0.41,0.01,5.75,-8.67
1783,株式会社ｆａｎｔａｓｉｓｔａ,9862485358.0,0.0,0.0,8806039000.0,701995000.0,0.0,0.0,7.97,-16.81
9790,福井コンピュータホールディングス株式会社,64584000000.0,4698000000.0,55000000.0,14717000000.0,6085000000.0,0.07,0.01,41.35,6.48
8359,株式会社八十二銀行,637206313500.0,0.0,0.0,0.0,0.0,0.0,0.0,0.0,0.0
3541,株式会社農業総合研究所,11123079500.0,196201000.0,0.0,7223458000.0,93630000.0,0.02,0.0,1.3,25.95
6222,株式会社島精機製作所,35442000000.0,6115000000.0,214000000.0,32520000000.0,113000000.0,0.17,0.03,0.35,-9.44
4681,リゾートトラスト株式会社,200763478150.0,33818000000.0,115000000.0,249333000000.0,26365000000.0,0.17,0.0,10.57,23.55
7062,株式会社フレアス,1821296400.0,0.0,0.0,7582581000.0,1227860000.0,0.0,0.0,16.19,32.79
7771,日本精密株式会社,1979208611.0,27840000.0,30733000.0,7158415000.0,275644000.0,0.01,1.1,3.85,6.39
6402,兼松エンジニアリング株式会社,6760260000.0,20935000.0,0.0,13300759000.0,954440000.0,0.0,0.0,7.18,7.23
5821,平河ヒューテック株式会社,26546262000.0,2183000000.0,45000000.0,30802000000.0,2267000000.0,0.08,0.02,7.36,5.03
7980,株式会社　重松製作所,5911200000.0,1931600000.0,32742000.0,14112597000.0,1069333000.0,0.33,0.02,7.58,8.6
3777,株式会社環境フレンドリーホールディングス,16516147860.0,0.0,0.0,17237007000.0,54451000.0,0.0,0.0,0.32,1.4
2353,日本駐車場開発株式会社,91280433200.0,3415695000.0,27870000.0,32693336000.0,6461346000.0,0.04,0.01,19.76,2.63
3856,Ａｂａｌａｎｃｅ株式会社,14523861330.0,1434000000.0,0.0,72417000000.0,3602000000.0,0.1,0.0,4.97,-65.35
4766,株式会社ピーエイ,3189263200.0,0.0,50230000.0,1877190000.0,67163000.0,0.0,0.0,3.58,5.08
3496,株式会社アズーム,50142976000.0,0.0,0.0,10541614000.0,1828184000.0,0.0,0.0,17.34,27.41
3787,株式会社テクノマセマティカル,1395087800.0,784220000.0,0.0,416588000.0,0.0,0.56,0.0,0.0,-21.07
2892,日本食品化工株式会社,21024000000.0,4934000000.0,12000000.0,62697000000.0,1200000000.0,0.23,0.0,1.91,-5.97
9235,売れるネット広告社グループ株式会社,5464800000.0,100000000.0,0.0,756715000.0,2764000.0,0.02,0.0,0.37,-21.13
2413,エムスリー株式会社,1294999839000.0,9506000000.0,8139000000.0,45249000000.0,19119000000.0,0.01,0.86,42.25,-12.17
4199,ワンダープラネット株式会社,3206693232.0,0.0,0.0,2449916000.0,121002000.0,0.0,0.0,4.94,-29.28
3111,オーミケンシ株式会社,1927784000.0,73000000.0,2000000.0,3407000000.0,235000000.0,0.04,0.03,6.9,12.55
1840,株式会社土屋ホールディングス,6031377612.0,790826000.0,14787000.0,33278708000.0,152990000.0,0.13,0.02,0.46,-3.27
3075,株式会社銚子丸,22256094000.0,20000000.0,0.0,17388182000.0,1052302000.0,0.0,0.0,6.05,-18.6
3276,株式会社ＪＰＭＣ,22278977600.0,1099000.0,0.0,58987859000.0,2722193000.0,0.0,0.0,4.61,2.85
3892,株式会社岡山製紙,7804500000.0,3564893000.0,81390000.0,11511853000.0,1681990000.0,0.46,0.02,14.61,5.9
6545,株式会社インターネットインフィニティー,3506340066.0,0.0,217271000.0,5161692000.0,401034000.0,0.0,0.0,7.77,4.08
6592,マブチモーター株式会社,277657250582.0,12415000000.0,327000000.0,196212000000.0,21644000000.0,0.04,0.03,11.03,9.82
6413,理想科学工業株式会社,80928000000.0,4288000000.0,119000000.0,78723000000.0,6183000000.0,0.05,0.03,7.85,5.52
4481,ベース株式会社,65118438000.0,1084471000.0,1610000.0,20230185000.0,5226749000.0,0.02,0.0,25.84,8.13
2337,いちご株式会社,170244075076.0,24300000000.0,16000000.0,83576000000.0,16309000000.0,0.14,0.0,19.51,1.0
9812,株式会社テーオーホールディングス,2838752928.0,99324000.0,11896000.0,25605236000.0,306026000.0,0.03,0.12,1.2,-3.35
1841,サンユー建設株式会社,4336000000.0,485386000.0,15894000.0,10411413000.0,689170000.0,0.11,0.03,6.62,-9.83
9064,ヤマトホールディングス株式会社,697019016000.0,48689000000.0,1367000000.0,0.0,14206000000.0,0.07,0.03,0.0,0.0
6648,株式会社かわでん,18654400000.0,697038000.0,19398000.0,24218746000.0,2589559000.0,0.04,0.03,10.69,13.52
3905,データセクション株式会社,70916864735.0,49326000.0,1160000.0,2942635000.0,92972000.0,0.0,0.02,3.16,32.0
5838,楽天銀行株式会社,1138495050000.0,0.0,0.0,0.0,0.0,0.0,0.0,0.0,0.0
6613,株式会社ＱＤレーザ,10064495472.0,0.0,0.0,1308870000.0,141249000.0,0.0,0.0,10.79,4.92
8085,ナラサキ産業株式会社,16988664000.0,3952000000.0,113000000.0,112512000000.0,3062000000.0,0.23,0.03,2.72,4.71
1959,株式会社九電工,439923712000.0,80153000000.0,1239000000.0,473954000000.0,41388000000.0,0.18,0.02,8.73,1.04
4176,株式会社ココナラ,9688126500.0,1063721000.0,0.0,6588712000.0,304776000.0,0.11,0.0,4.63,40.81
1431,株式会社Ｌｉｂ　Ｗｏｒｋ,16592107980.0,10030000.0,0.0,15435172000.0,495802000.0,0.0,0.0,3.21,8.83
7826,株式会社フルヤ金属,20997228972.0,44000000.0,102000000.0,47527000000.0,9813000000.0,0.0,2.32,20.65,-1.22
6579,ログリー株式会社,1555427000.0,102403000.0,0.0,2054553000.0,0.0,0.07,0.0,0.0,-23.64
2291,福留ハム株式会社,3624400000.0,2059000000.0,43000000.0,24621000000.0,128000000.0,0.57,0.02,0.52,-2.27
3222,ユナイテッド・スーパーマーケット・ホールディングス株式会社,186159146085.0,6034000000.0,91000000.0,793986000000.0,5978000000.0,0.03,0.02,0.75,14.99
4848,株式会社フルキャストホールディングス,60952886400.0,2740000000.0,6000000.0,68556000000.0,7133000000.0,0.04,0.0,10.4,-0.61
3765,ガンホー・オンライン・エンターテイメント株式会社,234390450996.0,0.0,0.0,103600000000.0,17491000000.0,0.0,0.0,16.88,-17.33
2676,高千穂交易株式会社,20068961400.0,3193046000.0,57386000.0,28098418000.0,2079798000.0,0.16,0.02,7.4,11.39
7743,株式会社シード,14224983340.0,1031648000.0,18687000.0,33231633000.0,1562007000.0,0.07,0.02,4.7,2.58
8572,アコム株式会社,669884155961.853,1454000000.0,5000000.0,0.0,58561000000.0,0.0,0.0,0.0,0.0
3242,株式会社アーバネットコーポレーション,15862664400.0,0.0,8073000.0,27965910000.0,2726363000.0,0.0,0.0,9.75,38.0
7222,日産車体株式会社,147100872000.0,324000000.0,3000000.0,350508000000.0,5147000000.0,0.0,0.01,1.47,16.42
7347,株式会社マーキュリアホールディングス,17390769300.0,272461000.0,19071000.0,0.0,975316000.0,0.02,0.07,0.0,0.0
7189,株式会社西日本フィナンシャルホールディングス,338163210000.0,17000000.0,0.0,0.0,18791000000.0,0.0,0.0,0.0,0.0
9344,アクシスコンサルティング株式会社,3774405600.0,0.0,0.0,4665926000.0,833755000.0,0.0,0.0,17.87,7.45
6574,株式会社コンヴァノ,36977208800.0,0.0,0.0,3084911000.0,0.0,0.0,0.0,0.0,19.35
8591,オリックス株式会社,3827308745004.0,185290000000.0,526000000.0,554076000000.0,168591000000.0,0.05,0.0,30.43,21.83
3769,ＧＭＯペイメントゲートウェイ株式会社,664978835870.0,2704088000.0,1434096000.0,37558561000.0,17660760000.0,0.0,0.53,47.02,17.08
6702,富士通株式会社,6758026872350.0,68881000000.0,84265000000.0,1817036000000.0,101672000000.0,0.01,1.22,5.6,-1.86
3939,株式会社カナミックネットワーク,20744892000.0,0.0,0.0,5007468000.0,1439155000.0,0.0,0.0,28.74,33.66
3623,ビリングシステム株式会社,7017343600.0,4000000.0,10700000.0,4218230000.0,626111000.0,0.0,2.67,14.84,11.52
9436,沖縄セルラー電話株式会社,248822157300.0,981000000.0,5000000.0,0.0,17761000000.0,0.0,0.01,0.0,0.0
7608,株式会社エスケイジャパン,9525895566.0,161466000.0,1565000.0,13274754000.0,1229071000.0,0.02,0.01,9.26,25.08
4119,株式会社日本ピグメントホールディングス,5161069225.0,9069841000.0,122669000.0,37921166000.0,176563000.0,1.76,0.01,0.47,42.12
7475,アルビス株式会社,27740010222.0,1035000000.0,20000000.0,97165000000.0,2063000000.0,0.04,0.02,2.12,0.46
7955,クリナップ株式会社,26209661800.0,4811000000.0,126000000.0,129987000000.0,2070000000.0,0.18,0.03,1.59,1.57
4424,株式会社Ａｍａｚｉａ,2040855600.0,103125000.0,0.0,3586956000.0,0.0,0.05,0.0,0.0,-22.87
5962,浅香工業株式会社,1661402160.0,1437093000.0,26304000.0,8448238000.0,304722000.0,0.86,0.02,3.61,-1.56
2915,ケンコーマヨネーズ株式会社,30480600000.0,5631000000.0,37000000.0,91703000000.0,4845000000.0,0.18,0.01,5.28,3.36
6291,日本エアーテック株式会社,11170725200.0,516895000.0,397562000.0,13517774000.0,1098232000.0,0.05,0.77,8.12,-0.94
9204,スカイマーク株式会社,28535806200.0,0.0,0.0,0.0,1826000000.0,0.0,0.0,0.0,0.0
6184,株式会社鎌倉新書,21406852800.0,324521000.0,0.0,7061312000.0,910916000.0,0.02,0.0,12.9,20.5
3625,テックファームホールディングス株式会社,6395265000.0,128161000.0,1998000.0,5072509000.0,239255000.0,0.02,0.02,4.72,-12.09
7897,ホクシン株式会社,3404760000.0,407337000.0,20003000.0,10224606000.0,0.0,0.12,0.05,0.0,-6.88
6044,株式会社三機サービス,9216879000.0,270184000.0,4581000.0,19430983000.0,736613000.0,0.03,0.02,3.79,31.88
5380,新東株式会社,1346493158.0,116916000.0,3983000.0,4521499000.0,0.0,0.09,0.03,0.0,-10.34
7270,株式会社ＳＵＢＡＲＵ,1856833381000.0,8692000000.0,113603000000.0,2726000000000.0,279086000000.0,0.0,13.07,10.24,5.91
3187,株式会社ミラタップ,6557020800.0,328347000.0,0.0,16123140000.0,830177000.0,0.05,0.0,5.15,4.05
4958,長谷川香料株式会社,130686951240.0,11997000000.0,256000000.0,71645000000.0,9371000000.0,0.09,0.02,13.08,10.44
3907,シリコンスタジオ株式会社,2908474200.0,138000000.0,8000000.0,4414000000.0,143000000.0,0.05,0.06,3.24,-3.07
4438,株式会社Ｗｅｌｂｙ,3012311848.0,30000000.0,0.0,528043000.0,0.0,0.01,0.0,0.0,-8.25
4894,クオリプス株式会社,49546698760.0,0.0,0.0,175205000.0,0.0,0.0,0.0,0.0,658.4
7458,株式会社第一興商,174602098000.0,7044000000.0,176000000.0,153020000000.0,17945000000.0,0.04,0.02,11.73,4.28
7685,株式会社ＢｕｙＳｅｌｌ　Ｔｅｃｈｎｏｌｏｇｉｅｓ,42279776420.0,15180000.0,7279000.0,59973669000.0,4733796000.0,0.0,0.48,7.89,40.87
6750,エレコム株式会社,176695436000.0,2639000000.0,58000000.0,118007000000.0,13531000000.0,0.01,0.02,11.47,7.11
2981,株式会社ランディックス,5139479709.0,0.0,0.0,20267874000.0,2258830000.0,0.0,0.0,11.14,18.93
5998,株式会社　アドバネクス,3339309480.0,119478000.0,1372533000.0,28532758000.0,1109298000.0,0.04,11.49,3.89,7.47
4972,綜研化学株式会社,12856700000.0,76578000.0,88278000.0,47633842000.0,6347465000.0,0.01,1.15,13.33,15.29
6696,株式会社トラース・オン・プロダクト,2566895212.0,0.0,0.0,411492000.0,5269000.0,0.0,0.0,1.28,32.33
9003,相鉄ホールディングス株式会社,225930938698.0,23387000000.0,287000000.0,0.0,37820000000.0,0.1,0.01,0.0,0.0
7371,Ｚｅｎｋｅｎ株式会社,8322225600.0,1013334000.0,18904000.0,5627103000.0,349699000.0,0.12,0.02,6.21,-20.28
2224,株式会社コモ,11380050000.0,216457000.0,7043000.0,7111216000.0,66184000.0,0.02,0.03,0.93,-2.72
6517,デンヨー株式会社,65811061000.0,10758000000.0,281000000.0,70753000000.0,7393000000.0,0.16,0.03,10.45,-3.26
5994,株式会社ファインシンター,3726060000.0,3900952000.0,98304000.0,42390968000.0,413224000.0,1.05,0.03,0.97,6.85
5334,日本特殊陶業株式会社,1009189701800.0,88787000000.0,32056000000.0,358004000000.0,72078000000.0,0.09,0.36,20.13,5.55
3848,株式会社データ・アプリケーション,5968270000.0,1313660000.0,27321000.0,2607070000.0,329200000.0,0.22,0.02,12.63,-10.69
3683,株式会社サイバーリンクス,14817233411.0,14000000.0,370000000.0,15870000000.0,1255000000.0,0.0,26.43,7.91,5.64
7213,レシップホールディングス株式会社,6976368500.0,750496000.0,18186000.0,25931893000.0,3531888000.0,0.11,0.02,13.62,14.31
6082,株式会社ライドオンエクスプレスホールディングス,10885773413.0,2497131000.0,900000000.0,23393750000.0,781702000.0,0.23,0.36,3.34,-2.51
9600,株式会社アイネット,29248740360.0,3674565000.0,55335000.0,38987494000.0,2640677000.0,0.13,0.02,6.77,3.24
6629,テクノホライゾン株式会社,8088284160.0,457291000.0,9190000.0,50624704000.0,373645000.0,0.06,0.02,0.74,4.12
5162,株式会社朝日ラバー,2840389800.0,198256000.0,5037000.0,7639596000.0,2282000.0,0.07,0.03,0.03,6.39
4631,ＤＩＣ株式会社,277430233500.0,60085000000.0,627000000.0,1071127000000.0,44521000000.0,0.22,0.01,4.16,3.12
8699,ＨＳホールディングス株式会社,44393594000.0,4567000000.0,410000000.0,34857000000.0,40000000.0,0.1,0.09,0.11,19.61
4071,株式会社プラスアルファ・コンサルティング,94837233600.0,0.0,0.0,13914489000.0,4540535000.0,0.0,0.0,32.63,24.55
1941,株式会社中電工,202902028330.0,102681000000.0,824000000.0,221885000000.0,21698000000.0,0.51,0.01,9.78,10.38
5915,株式会社駒井ハルテック,7741404000.0,9872000000.0,244000000.0,20478000000.0,722000000.0,1.28,0.02,3.53,41.24
7282,豊田合成株式会社,386415192000.0,10452000000.0,33012000000.0,436090000000.0,9308000000.0,0.03,3.16,2.13,-0.85
5576,株式会社オービーシステム,7266690000.0,2011747000.0,13890000.0,7684716000.0,562699000.0,0.28,0.01,7.32,11.42
4551,鳥居薬品株式会社,182016000000.0,33197000000.0,106000000.0,60426000000.0,6798000000.0,0.18,0.0,11.25,10.59
5986,モリテックスチール株式会社,4421380348.0,2637164000.0,85595000.0,50498662000.0,396727000.0,0.6,0.03,0.79,-0.54
9719,ＳＣＳＫ株式会社,1397300504754.0,6723000000.0,3639000000.0,407726000000.0,48339000000.0,0.0,0.54,11.86,6.76
6030,株式会社アドベンチャー,25811741500.0,0.0,0.0,0.0,1814615000.0,0.0,0.0,0.0,0.0
5571,エキサイトホールディングス株式会社,6278102330.0,634992000.0,8486000.0,7713952000.0,643680000.0,0.1,0.01,8.34,2.4
9326,株式会社関通,3834631800.0,2676000.0,5004000.0,15270075000.0,333852000.0,0.0,1.87,2.19,27.91
3454,ファーストブラザーズ株式会社,15239475000.0,98771000.0,2931000.0,16865791000.0,2838147000.0,0.01,0.03,16.83,-24.26
8377,株式会社ほくほくフィナンシャルグループ,385312418000.0,0.0,0.0,0.0,10551000000.0,0.0,0.0,0.0,0.0
8927,株式会社明豊エンタープライズ,12490451000.0,17850000.0,682384000.0,20562348000.0,2341620000.0,0.0,38.23,11.39,34.85
4379,株式会社Ｐｈｏｔｏｓｙｎｔｈ,5786504000.0,47918000.0,0.0,2961529000.0,76336000.0,0.01,0.0,2.58,18.77
9686,東洋テック株式会社,16473600000.0,4166451000.0,81830000.0,34925058000.0,1049132000.0,0.25,0.02,3.0,11.76
6927,ヘリオス　テクノ　ホールディング株式会社,19066568400.0,1079200000.0,45100000.0,9869997000.0,900376000.0,0.06,0.04,9.12,-9.21
3201,日本毛織株式会社,105950142000.0,26701000000.0,695000000.0,115438000000.0,11640000000.0,0.25,0.03,10.08,1.71
9746,株式会社　ＴＫＣ,238451304000.0,21700000000.0,231000000.0,75219000000.0,15505000000.0,0.09,0.01,20.61,4.59
3293,アズマハウス株式会社,5966916000.0,13846000.0,0.0,13279293000.0,1230474000.0,0.0,0.0,9.27,1.46
7570,橋本総業ホールディングス株式会社,27446744028.0,9575000000.0,310000000.0,165339000000.0,2444000000.0,0.35,0.03,1.48,6.24
8152,ソマール株式会社,10005380000.0,2388151000.0,73621000.0,30363512000.0,2570297000.0,0.24,0.03,8.47,13.93
6035,株式会社アイ・アールジャパンホールディングス,12131002800.0,133715000.0,0.0,5783745000.0,1005306000.0,0.01,0.0,17.38,2.11
2820,株式会社やまみ,32886600000.0,12801000.0,0.0,19001012000.0,2079244000.0,0.0,0.0,10.94,17.45
9991,ジェコス株式会社,40892852660.0,5447000000.0,118000000.0,111550000000.0,6851000000.0,0.13,0.02,6.14,-12.98
6096,株式会社レアジョブ,3534570400.0,2524000.0,0.0,9715742000.0,442192000.0,0.0,0.0,4.55,-4.52
5302,日本カーボン株式会社,47505480000.0,10431000000.0,256000000.0,37956000000.0,6319000000.0,0.22,0.02,16.65,0.24
7467,萩原電気ホールディングス株式会社,32883500000.0,1284000000.0,27000000.0,258742000000.0,7112000000.0,0.04,0.02,2.75,14.92
7372,株式会社デコルテ・ホールディングス,1842750000.0,0.0,150009000.0,529923000.0,50070000.0,0.0,0.0,9.45,-12.08
2179,株式会社成学社,4442256000.0,10620000.0,0.0,14287096000.0,778287000.0,0.0,0.0,5.45,9.04
2656,株式会社ベクターホールディングス,2646204000.0,0.0,0.0,162103000.0,0.0,0.0,0.0,0.0,2.09
6494,株式会社ＮＦＫホールディングス,4316998000.0,1490738000.0,2182000.0,2082243000.0,137108000.0,0.35,0.0,6.58,-2.13
1885,東亜建設工業株式会社,153961500000.0,13822000000.0,379000000.0,330472000000.0,20621000000.0,0.09,0.03,6.24,16.42
3671,ソフトマックス株式会社,1919796480.0,45848000.0,0.0,5428986000.0,662531000.0,0.02,0.0,12.2,3.2
9780,株式会社ハリマビステム,8277061400.0,1065121000.0,24127000.0,28025552000.0,1136091000.0,0.13,0.02,4.05,5.29
4880,セルソース株式会社,13547372400.0,176571000.0,0.0,4355063000.0,129158000.0,0.01,0.0,2.97,-3.45
6914,オプテックスグループ株式会社,61245177432.0,1264000000.0,16000000.0,63269000000.0,7121000000.0,0.02,0.01,11.26,12.23
4687,ＴＤＣソフト株式会社,63286272000.0,3077253000.0,86692000.0,44417991000.0,4772529000.0,0.05,0.03,10.74,11.89
4792,山田コンサルティンググループ株式会社,32907984000.0,562609000.0,0.0,22761078000.0,4132677000.0,0.02,0.0,18.16,2.63
1964,中外炉工業株式会社,26442000000.0,6533000000.0,243000000.0,18590000000.0,2735000000.0,0.25,0.04,14.71,33.63
7531,清和中央ホールディングス株式会社,6745950000.0,1752950000.0,49517000.0,51471676000.0,289811000.0,0.26,0.03,0.56,-17.75
5210,日本山村硝子株式会社,28252575000.0,2865000000.0,59000000.0,73337000000.0,3108000000.0,0.1,0.02,4.24,0.64
9551,メタウォーター株式会社,104184509000.0,2319000000.0,92000000.0,179094000000.0,10626000000.0,0.02,0.04,5.93,8.17
3922,株式会社ＰＲ　ＴＩＭＥＳ,39750588672.0,70799000.0,0.0,8003435000.0,1877328000.0,0.0,0.0,23.46,17.06
5946,株式会社長府製作所,67553547000.0,85623000000.0,401000000.0,46123000000.0,1745000000.0,1.27,0.0,3.78,-4.91
2695,くら寿司株式会社,150901542000.0,0.0,219000000.0,234950000000.0,5699000000.0,0.0,0.0,2.43,11.14
9621,株式会社建設技術研究所,41882576388.0,5029000000.0,126000000.0,97678000000.0,9396000000.0,0.12,0.03,9.62,4.97
6634,株式会社ネクスグループ,5374106007.0,795509000.0,0.0,2130262000.0,86457000.0,0.15,0.0,4.06,145.79
4188,三菱ケミカルグループ株式会社,1169331356012.6953,1549000000.0,31000000.0,0.0,55574000000.0,0.0,0.02,0.0,0.0
8362,株式会社福井銀行,44376672000.0,0.0,0.0,0.0,0.0,0.0,0.0,0.0,0.0
1949,住友電設株式会社,238754500000.0,23712000000.0,561000000.0,196596000000.0,17886000000.0,0.1,0.02,9.1,10.63
1444,株式会社ニッソウ,3026586000.0,33090000.0,11280000.0,4678961000.0,56392000.0,0.01,0.34,1.21,12.3
5905,日本製罐株式会社,1898688000.0,1663686000.0,66882000.0,11259429000.0,83578000.0,0.88,0.04,0.74,-8.07
7238,曙ブレーキ工業株式会社,28470520000.0,85000000.0,162000000.0,161672000000.0,3124000000.0,0.0,1.91,1.93,-2.78
8562,株式会社　福島銀行,8027000000.0,0.0,0.0,0.0,0.0,0.0,0.0,0.0,0.0
5337,ダントーホールディングス株式会社,29423520000.0,4296000000.0,0.0,5315000000.0,54000000.0,0.15,0.0,1.02,-4.3
3750,株式会社サイトリ細胞研究所,8197206642.0,0.0,0.0,122204000.0,0.0,0.0,0.0,0.0,-92.17
4957,ヤスハラケミカル株式会社,8725395000.0,1460000000.0,14000000.0,14661000000.0,1820000000.0,0.17,0.01,12.41,11.14
5401,日本製鉄株式会社,3007083348000.0,223331000000.0,104353000000.0,4712292000000.0,253378000000.0,0.07,0.47,5.38,-3.37
6897,株式会社ツインバード,4471460000.0,238610000.0,3555000.0,10056718000.0,4825000.0,0.05,0.01,0.05,-2.39
4491,コンピューターマネージメント株式会社,5334844000.0,293471000.0,2612000.0,7902467000.0,514121000.0,0.06,0.01,6.51,9.85
7522,ワタミ株式会社,43752002000.0,686000000.0,0.0,88713000000.0,4568000000.0,0.02,0.0,5.15,7.79
7995,株式会社バルカー,58869508950.0,3949000000.0,75000000.0,60113000000.0,5669000000.0,0.07,0.02,9.43,-2.64
4272,日本化薬株式会社,222424044000.0,35393000000.0,1023000000.0,222584000000.0,20401000000.0,0.16,0.03,9.17,10.3
9644,株式会社タナベコンサルティンググループ,13243000000.0,17746000.0,2662000.0,14543581000.0,1500308000.0,0.0,0.15,10.32,14.16
3741,株式会社セック,26112000000.0,1179059000.0,1619000.0,10295370000.0,1793256000.0,0.05,0.0,17.42,20.63
2162,ｎｍｓホールディングス株式会社,10611001000.0,17411000.0,0.0,75707594000.0,1650184000.0,0.0,0.0,2.18,3.89
5852,株式会社アーレスティ,19159500000.0,1460000000.0,46000000.0,162929000000.0,3371000000.0,0.08,0.03,2.07,2.95
3799,キーウェアソリューションズ株式会社,8472300000.0,361600000.0,4754000.0,21101196000.0,921038000.0,0.04,0.01,4.36,2.87
5125,株式会社ファインズ,2771692800.0,0.0,0.0,2761203000.0,329301000.0,0.0,0.0,11.93,-5.21
6246,株式会社テクノスマート,20636428800.0,1908069000.0,52526000.0,21578662000.0,3512488000.0,0.09,0.03,16.28,12.14
2264,森永乳業株式会社,292335017338.0,19703000000.0,1316000000.0,561173000000.0,29658000000.0,0.07,0.07,5.29,2.58
4490,株式会社ビザスク,6519487500.0,0.0,0.0,0.0,1227328000.0,0.0,0.0,0.0,0.0
8887,株式会社シーラホールディングス,3873538200.0,634578000.0,0.0,4765281000.0,295451000.0,0.16,0.0,6.2,-35.99
4593,株式会社ヘリオス,62612124800.0,102000000.0,0.0,571000000.0,0.0,0.0,0.0,0.0,371.9
6460,セガサミーホールディングス株式会社,765662356824.0,51185000000.0,157000000.0,428948000000.0,48124000000.0,0.07,0.0,11.22,-8.53
9367,大東港運株式会社,7389143000.0,1455081000.0,41829000.0,0.0,660701000.0,0.2,0.03,0.0,0.0
4014,株式会社カラダノート,3164926400.0,0.0,0.0,2193966000.0,100676000.0,0.0,0.0,4.59,6.69
7271,株式会社安永,6792450000.0,750000000.0,30000000.0,31470000000.0,758000000.0,0.11,0.04,2.41,-1.49
9355,株式会社リンコーコーポレーション,4808700000.0,5667692000.0,190340000.0,13542957000.0,473652000.0,1.18,0.03,3.5,3.3
9425,ＲｅＹｕｕ　Ｊａｐａｎ株式会社,3818097500.0,0.0,0.0,4731991000.0,0.0,0.0,0.0,0.0,15.72
4168,株式会社ヤプリ,10377280000.0,0.0,0.0,5511193000.0,550903000.0,0.0,0.0,10.0,13.29
6332,月島ホールディングス株式会社,96457250000.0,24363000000.0,842000000.0,139235000000.0,8915000000.0,0.25,0.03,6.4,12.1
2160,株式会社ジーエヌアイグループ,155270712085.0,24412000.0,0.0,24397000.0,0.0,0.0,0.0,0.0,8.51
9115,明海グループ株式会社,23940000000.0,26692735000.0,120019000.0,67544205000.0,11014378000.0,1.11,0.0,16.31,3.89
2776,新都ホールディングス株式会社,6016179400.0,3979000.0,0.0,12296801000.0,42892000.0,0.0,0.0,0.35,95.4
5029,サークレイス株式会社,5604256650.0,107702000.0,0.0,3804013000.0,203634000.0,0.02,0.0,5.35,31.14
6266,タツモ株式会社,33291400022.0,26271000.0,163529000.0,35865084000.0,5917267000.0,0.0,6.22,16.5,27.36
4664,株式会社アール・エス・シー,1705200000.0,155140000.0,4674000.0,8844777000.0,301110000.0,0.09,0.03,3.4,9.24
9824,泉州電業株式会社,81217500000.0,3139000000.0,100000000.0,136153000000.0,10349000000.0,0.04,0.03,7.6,8.95
1914,日本基礎技術株式会社,19837896000.0,5452850000.0,213747000.0,30279000000.0,1891300000.0,0.27,0.04,6.25,28.44
9201,日本航空株式会社,1301811854000.0,62533000000.0,13681000000.0,0.0,121305000000.0,0.05,0.22,0.0,0.0
4735,株式会社京進,2594364000.0,171083000.0,4093000.0,26099498000.0,873021000.0,0.07,0.02,3.34,2.67
9468,株式会社ＫＡＤＯＫＡＷＡ,537361360000.0,29224000000.0,658000000.0,258109000000.0,18454000000.0,0.05,0.02,7.15,1.05
5250,プライム・ストラテジー株式会社,3774532000.0,0.0,0.0,857213000.0,212273000.0,0.0,0.0,24.76,-2.28
7357,株式会社ジオコード,3111505800.0,277268000.0,25202000.0,1582072000.0,348244000.0,0.09,0.09,22.01,4.05
9850,株式会社グルメ杵屋,21672860000.0,914834000.0,50798000.0,42072804000.0,947369000.0,0.04,0.06,2.25,13.61
4461,第一工業製薬株式会社,47224698820.0,5694000000.0,156000000.0,73255000000.0,5351000000.0,0.12,0.03,7.3,16.06
4011,株式会社ヘッドウォータース,7403643000.0,95042000.0,0.0,2905981000.0,307954000.0,0.01,0.0,10.6,25.52
5885,株式会社ジーデップ・アドバンス,4122272000.0,0.0,0.0,4421640000.0,662852000.0,0.0,0.0,14.99,17.01
2375,ギグワークス株式会社,5194788975.0,45530000.0,0.0,25369014000.0,271088000.0,0.01,0.0,1.07,-4.02
8115,ムーンバット株式会社,6278755485.0,253880000.0,4848000.0,11946371000.0,702772000.0,0.04,0.02,5.88,12.6
9225,ブリッジコンサルティンググループ株式会社,2703085000.0,18716000.0,0.0,2017730000.0,231210000.0,0.01,0.0,11.46,21.94
5444,大和工業株式会社,588705000000.0,74427000000.0,613000000.0,168268000000.0,11493000000.0,0.13,0.01,6.83,2.93
1776,三井住建道路株式会社,14361570000.0,7000000.0,2000000.0,30157000000.0,224000000.0,0.0,0.29,0.74,-2.45
9303,株式会社住友倉庫,243737832525.0,155645000000.0,4181000000.0,0.0,13275000000.0,0.64,0.03,0.0,0.0
5240,ｍｏｎｏＡＩ　ｔｅｃｈｎｏｌｏｇｙ株式会社,4021358720.0,0.0,1411000.0,1429196000.0,0.0,0.0,0.0,0.0,14.84
9068,丸全昭和運輸株式会社,143088920000.0,27186000000.0,938000000.0,0.0,14648000000.0,0.19,0.03,0.0,0.0
4051,ＧＭＯフィナンシャルゲート株式会社,41697400000.0,99994000.0,150000000.0,18025581000.0,1080222000.0,0.0,1.5,5.99,17.96
2497,ユナイテッド株式会社,23116058680.0,1364021000.0,0.0,12035735000.0,2646466000.0,0.06,0.0,21.99,-4.28
1897,金下建設株式会社,10660606000.0,7542000000.0,142000000.0,9743000000.0,273000000.0,0.71,0.02,2.8,-8.59
5992,中央発條株式会社,51289131168.0,31720071000.0,1052960000.0,110157232000.0,4384469000.0,0.62,0.03,3.98,9.09
8334,株式会社　群馬銀行,532525056000.0,0.0,0.0,0.0,0.0,0.0,0.0,0.0,0.0
5834,ＳＢＩリーシングサービス株式会社,33524294000.0,0.0,7000000.0,41916000000.0,6728000000.0,0.0,0.0,16.05,-22.59
2813,和弘食品株式会社,10793757030.0,807248000.0,3333000.0,16249157000.0,1591734000.0,0.07,0.0,9.8,5.4
2503,キリンホールディングス株式会社,1818860000000.0,2223000000.0,12424000000.0,194601000000.0,114471000000.0,0.0,5.59,58.82,39.97
2752,株式会社フジオフードグループ本社,57647161125.0,343000000.0,7000000.0,31324000000.0,1217000000.0,0.01,0.02,3.89,5.27
7513,株式会社コジマ,102299396108.0,0.0,0.0,269868000000.0,6359000000.0,0.0,0.0,2.36,0.74
9854,愛眼株式会社,3983364000.0,604000000.0,15000000.0,14863000000.0,0.0,0.15,0.02,0.0,1.4
4512,わかもと製薬株式会社,10172696000.0,1847919000.0,48301000.0,7789462000.0,331730000.0,0.18,0.03,4.26,0.66
5889,Ｊａｐａｎ　Ｅｙｅｗｅａｒ　Ｈｏｌｄｉｎｇｓ株式会社,51693469440.0,0.0,569000000.0,723000000.0,261000000.0,0.0,0.0,36.1,30.74
4193,株式会社ファブリカホールディングス,11005554000.0,371538000.0,0.0,9206653000.0,1106417000.0,0.03,0.0,12.02,12.79
4420,イーソル株式会社,10440000000.0,690630000.0,33008000.0,11908042000.0,1113422000.0,0.07,0.05,9.35,23.68
9788,株式会社ナック,25777265500.0,1096000000.0,17000000.0,59791000000.0,3007000000.0,0.04,0.02,5.03,9.84
3415,株式会社ＴＯＫＹＯ　ＢＡＳＥ,20382497058.0,0.0,0.0,20207670000.0,1472944000.0,0.0,0.0,7.29,1.11
7919,野崎印刷紙業株式会社,3991560000.0,263666000.0,5908000.0,14570564000.0,690032000.0,0.07,0.02,4.74,2.92
2594,キーコーヒー株式会社,45128421000.0,3782000000.0,34000000.0,77783000000.0,607000000.0,0.08,0.01,0.78,5.4
9768,いであ株式会社,24484316625.0,1802699000.0,60962000.0,24310486000.0,3254353000.0,0.07,0.03,13.39,7.1
9701,株式会社東京會舘,13370819980.0,4419745000.0,87762000.0,15273384000.0,1275487000.0,0.33,0.02,8.35,2.62
9166,株式会社ＧＥＮＤＡ,70552669850.0,769000000.0,0.0,111786000000.0,7965000000.0,0.01,0.0,7.13,100.7
4582,シンバイオ製薬株式会社,7945692088.0,0.0,0.0,2452912000.0,0.0,0.0,0.0,0.0,-56.12
3021,株式会社パシフィックネット,6904461900.0,0.0,0.0,6921313000.0,658025000.0,0.0,0.0,9.51,8.07
3853,アステリア株式会社,11036988215.0,548117000.0,10474000.0,3227547000.0,791185000.0,0.05,0.02,24.51,7.85
5577,株式会社アイデミー,2911896000.0,0.0,0.0,2119697000.0,294494000.0,0.0,0.0,13.89,27.19
2935,株式会社ピックルスホールディングス,12549408000.0,726000000.0,10000000.0,41518000000.0,1279000000.0,0.06,0.01,3.08,-3.51
5352,黒崎播磨株式会社,125051324160.0,3966000000.0,191000000.0,177921000000.0,14082000000.0,0.03,0.05,7.91,0.5
4847,株式会社インテリジェント　ウェイブ,28420860000.0,1314398000.0,50603000.0,14518293000.0,2030956000.0,0.05,0.04,13.99,8.55
4186,東京応化工業株式会社,518101200000.0,22146000000.0,580000000.0,200966000000.0,33090000000.0,0.04,0.03,16.47,23.85
7677,株式会社ヤシマキザイ,7315200000.0,2128210000.0,43583000.0,29046781000.0,92347000.0,0.29,0.02,0.32,4.75
1960,株式会社サンテック,14496000000.0,2866000000.0,82000000.0,67859000000.0,2123000000.0,0.2,0.03,3.13,33.76
9254,株式会社ラバブルマーケティンググループ,2074675350.0,44510000.0,0.0,2161867000.0,137215000.0,0.02,0.0,6.35,110.84
4092,日本化学工業株式会社,18058128000.0,4548000000.0,145000000.0,38843000000.0,3342000000.0,0.25,0.03,8.6,0.79
2810,ハウス食品グループ本社株式会社,285447204000.0,48344000000.0,982000000.0,315418000000.0,20004000000.0,0.17,0.02,6.34,5.28
7444,ハリマ共和物産株式会社,10268238816.0,3010399000.0,136227000.0,61824355000.0,1911793000.0,0.29,0.05,3.09,0.39
3694,株式会社オプティム,28261646336.0,647188000.0,0.0,10580636000.0,1954346000.0,0.02,0.0,18.47,3.29
9553,株式会社マイクロアド,14115864000.0,604685000.0,2518000.0,13712977000.0,307485000.0,0.04,0.0,2.24,6.56
7908,株式会社きもと,12488144592.0,1185000000.0,29000000.0,11294000000.0,1340000000.0,0.09,0.02,11.86,13.97
1905,株式会社テノックス,9051504000.0,572862000.0,16320000.0,23717112000.0,1115412000.0,0.06,0.03,4.7,17.37
8938,グローム・ホールディングス株式会社,5946507000.0,0.0,0.0,2043000000.0,285000000.0,0.0,0.0,13.95,65.02
6806,ヒロセ電機株式会社,628570794090.0,16566000000.0,7086000000.0,139528000000.0,14810000000.0,0.03,0.43,10.61,17.28
3647,株式会社ジー・スリーホールディングス,3037749040.0,0.0,0.0,259129000.0,36191000.0,0.0,0.0,13.97,-78.17
5410,合同製鐵株式会社,64893825000.0,26730000000.0,736000000.0,205199000000.0,13749000000.0,0.41,0.03,6.7,-7.92
2345,株式会社クシム,3673573731.0,895027000.0,0.0,1613430000.0,0.0,0.24,0.0,0.0,67.58
9979,株式会社大庄,24929979312.0,381000000.0,2000000.0,50586000000.0,1000000000.0,0.02,0.01,1.98,11.19
9343,株式会社アイビス,12242847180.0,0.0,0.0,4625427000.0,1155358000.0,0.0,0.0,24.98,13.18
1847,株式会社イチケン,22325460000.0,2504000000.0,40000000.0,98999000000.0,6866000000.0,0.11,0.02,6.94,2.72
5079,株式会社ノバック,13267140000.0,71266000.0,1711000.0,34431032000.0,810600000.0,0.01,0.02,2.35,7.77
7128,フルサト・マルカホールディングス株式会社,59203908000.0,4074000000.0,69000000.0,74292000000.0,1465000000.0,0.07,0.02,1.97,0.0
3482,ロードスターキャピタル株式会社,60772296000.0,266000000.0,0.0,34421000000.0,11447000000.0,0.0,0.0,33.26,19.83
4732,株式会社ユー・エス・エス,864291000000.0,511000000.0,688000000.0,104021000000.0,54206000000.0,0.0,1.35,52.11,6.57
9028,株式会社ゼロ,55928600000.0,1035000000.0,577000000.0,63500000000.0,2336000000.0,0.02,0.56,3.68,7.69
3698,株式会社ＣＲＩ・ミドルウェア,8305865350.0,139075000.0,7846000.0,3167285000.0,368358000.0,0.02,0.06,11.63,5.89
9158,株式会社シーユーシー,33679219200.0,1738000000.0,0.0,7945000000.0,2151000000.0,0.05,0.0,27.07,2.52
9744,株式会社メイテックグループホールディングス,247962000000.0,27000000.0,0.0,133068000000.0,18830000000.0,0.0,0.0,14.15,4.8
3788,ＧＭＯグローバルサイン・ホールディングス株式会社,24181124000.0,302255000.0,31407000.0,19166085000.0,1246620000.0,0.01,0.1,6.5,9.52
1873,株式会社日本ハウスホールディングス,11680000000.0,248000000.0,3000000.0,12890000000.0,53000000.0,0.02,0.01,0.41,-67.04
8346,株式会社東邦銀行,87870000000.0,0.0,0.0,0.0,0.0,0.0,0.0,0.0,0.0
3774,株式会社インターネットイニシアティブ,501010657740.0,15226000000.0,1989000000.0,259314000000.0,22669000000.0,0.03,0.13,8.74,13.61
6961,株式会社エンプラス,39369568365.0,746000000.0,20000000.0,38069000000.0,5287000000.0,0.02,0.03,13.89,0.7
3237,株式会社イントランス,3444906016.0,0.0,0.0,825023000.0,41056000.0,0.0,0.0,4.98,-36.15
6440,ＪＵＫＩ株式会社,11860049063.0,5853000000.0,124000000.0,95185000000.0,0.0,0.49,0.02,0.0,0.46
9552,株式会社Ｍ＆Ａ総研ホールディングス,80250208929.0,0.0,0.0,16549607000.0,8408673000.0,0.0,0.0,50.81,91.49
3479,株式会社ティーケーピー,73033438170.0,6618000000.0,32000000.0,59208000000.0,5915000000.0,0.09,0.0,9.99,62.01
6287,株式会社サトー,70366390664.0,163000000.0,8000000.0,154807000000.0,12341000000.0,0.0,0.05,7.97,7.92
4977,新田ゼラチン株式会社,16352836860.0,3073000000.0,59000000.0,38745000000.0,3930000000.0,0.19,0.02,10.14,-4.14
7276,株式会社小糸製作所,560871726000.0,100620000000.0,1819000000.0,916709000000.0,44873000000.0,0.18,0.02,4.9,-3.53
6617,株式会社東光高岳,38997296000.0,1359000000.0,48000000.0,106624000000.0,6094000000.0,0.03,0.04,5.72,-0.7
7593,ＶＴホールディングス株式会社,56509856674.0,18741000000.0,560000000.0,4682000000.0,3257000000.0,0.33,0.03,69.56,3.26
8793,ＮＥＣキャピタルソリューション株式会社,84883360000.0,85090000000.0,54000000.0,254879000000.0,7782000000.0,1.0,0.0,3.05,-0.38
1433,ベステラ株式会社,10015082800.0,3403448000.0,97053000.0,10897474000.0,373633000.0,0.34,0.03,3.43,15.99
7373,株式会社アイドマ・ホールディングス,38609724500.0,1068500000.0,0.0,10618472000.0,2468161000.0,0.03,0.0,23.24,17.23
3236,株式会社プロパスト,6748399680.0,251000000.0,14000000.0,23301000000.0,3056000000.0,0.04,0.06,13.12,16.42
3670,協立情報通信株式会社,2364181600.0,11650000.0,0.0,4476026000.0,298729000.0,0.0,0.0,6.67,-18.16
7360,株式会社オンデック,2588604000.0,102725000.0,0.0,1665082000.0,367009000.0,0.04,0.0,22.04,101.42
7235,東京ラヂエーター製造株式会社,9672000000.0,1806728000.0,78469000.0,34060230000.0,1714975000.0,0.19,0.04,5.04,1.97
8135,ゼット株式会社,8563452000.0,3622000000.0,75000000.0,55309000000.0,1072000000.0,0.42,0.02,1.94,6.45
9313,丸八倉庫株式会社,6256100000.0,1904744000.0,36473000.0,4991423000.0,619412000.0,0.3,0.02,12.41,0.39
6664,株式会社オプトエレクトロニクス,1881308000.0,14000000.0,0.0,6342509000.0,96327000.0,0.01,0.0,1.52,-7.79
1429,株式会社日本アクア,27808000000.0,3380000.0,0.0,30265345000.0,2575689000.0,0.0,0.0,8.51,6.79
6309,巴工業株式会社,15599669200.0,1522972000.0,50638000.0,52119436000.0,4703198000.0,0.1,0.03,9.02,5.02
5393,ニチアス株式会社,373909854000.0,13834000000.0,660000000.0,256512000000.0,39732000000.0,0.04,0.05,15.49,2.86
4023,株式会社クレハ,183483230000.0,18608000000.0,6192000000.0,86608000000.0,830000000.0,0.1,0.33,0.96,-9.88
3494,株式会社マリオン,3396664000.0,66005000.0,1976000.0,2876595000.0,695626000.0,0.02,0.03,24.18,2.44
6549,ディーエムソリューションズ株式会社,4413101000.0,65500000.0,0.0,21155962000.0,678861000.0,0.01,0.0,3.21,16.19
8361,株式会社　大垣共立銀行,115704546000.0,0.0,0.0,0.0,0.0,0.0,0.0,0.0,0.0
3626,ＴＩＳ株式会社,1102499411000.0,57041000000.0,775000000.0,571687000000.0,69047000000.0,0.05,0.01,12.08,4.13
7552,株式会社ハピネット,131553500000.0,9136000000.0,149000000.0,364418000000.0,11677000000.0,0.07,0.02,3.2,3.98
6947,株式会社図研,129493859280.0,3410311000.0,43241000.0,40736294000.0,5392252000.0,0.03,0.01,13.24,5.9
7637,白銅株式会社,26429889000.0,1244509000.0,45284000.0,66410187000.0,2983391000.0,0.05,0.04,4.49,15.99
9698,株式会社クレオ,9340480000.0,133000000.0,429000000.0,14521000000.0,1130000000.0,0.01,3.23,7.78,1.18
4743,株式会社アイティフォー,42091145200.0,2997342000.0,77054000.0,20552254000.0,3532875000.0,0.07,0.03,17.19,-0.49
4264,株式会社セキュア,7601193420.0,209923000.0,0.0,6247242000.0,305889000.0,0.03,0.0,4.9,20.35
6703,沖電気工業株式会社,135100065498.0,38380000000.0,1438000000.0,452457000000.0,18627000000.0,0.28,0.04,4.12,7.25
6095,メドピア株式会社,16643712370.0,128122000.0,0.0,14948380000.0,1291459000.0,0.01,0.0,8.64,2.8
9259,株式会社タカヨシホールディングス,3961013000.0,28201000.0,15478000.0,7612521000.0,906551000.0,0.01,0.55,11.91,9.36
7719,株式会社東京衡機,1640771930.0,73740000.0,0.0,3483885000.0,25149000.0,0.04,0.0,0.72,3.52
8117,中央自動車工業株式会社,38918880000.0,17769678000.0,215721000.0,41558245000.0,11040082000.0,0.46,0.01,26.57,5.66
7991,マミヤ・オーピー株式会社,15395201550.0,5991783000.0,111854000.0,33707297000.0,6399608000.0,0.39,0.02,18.99,23.04
5902,ホッカンホールディングス株式会社,26426937294.0,11920000000.0,296000000.0,92419000000.0,4503000000.0,0.45,0.02,4.87,1.63
1514,住石ホールディングス株式会社,40737048918.0,2806000000.0,4634000000.0,10264000000.0,48000000.0,0.07,1.65,0.47,-28.8
2112,塩水港精糖株式会社,13160000000.0,8375000000.0,178000000.0,32519000000.0,2880000000.0,0.64,0.02,8.86,3.07
8046,丸藤シートパイル株式会社,12120000000.0,1290000000.0,58000000.0,35585000000.0,1579000000.0,0.11,0.04,4.44,3.02
6966,株式会社三井ハイテック,143856722925.0,1548000000.0,49000000.0,214890000000.0,16017000000.0,0.01,0.03,7.45,9.7
3457,株式会社Ａｎｄ　Ｄｏホールディングス,21479437200.0,4838000000.0,1000000.0,67579000000.0,3587000000.0,0.23,0.0,5.31,36.38
4763,株式会社クリーク・アンド・リバー社,34766599000.0,1257173000.0,7310000.0,50275801000.0,3614589000.0,0.04,0.01,7.19,0.96
6392,株式会社　ヤマダコーポレーション,12048000000.0,349903000.0,10655000.0,14628739000.0,1962773000.0,0.03,0.03,13.42,-0.84
7455,株式会社パリミキホールディングス,16108449000.0,2763000000.0,7000000.0,50782000000.0,1383000000.0,0.17,0.0,2.72,1.74
9066,株式会社日新,125032918140.0,10505000000.0,474000000.0,190806000000.0,9638000000.0,0.08,0.05,5.05,12.28
3096,株式会社オーシャンシステム,14169564000.0,579274000.0,4528000.0,91061864000.0,1752109000.0,0.04,0.01,1.92,6.01
6466,株式会社ＴＶＥ,5661680000.0,1859965000.0,41634000.0,11220614000.0,1027603000.0,0.33,0.02,9.16,19.41
4422,ＶＡＬＵＥＮＥＸ株式会社,1614461400.0,0.0,0.0,786381000.0,4915000.0,0.0,0.0,0.63,11.63
2588,株式会社プレミアムウォーターホールディングス,93000253185.0,8862000000.0,0.0,0.0,4275000000.0,0.1,0.0,0.0,0.0
3183,ウイン・パートナーズ株式会社,39867826170.0,1078023000.0,7345000.0,81410300000.0,2808404000.0,0.03,0.01,3.45,5.64
3593,株式会社ホギメディカル,86874209865.0,5982000000.0,71000000.0,39138000000.0,3810000000.0,0.07,0.01,9.73,0.1
6523,ＰＨＣホールディングス株式会社,111999323792.0,8405000000.0,0.0,0.0,8029000000.0,0.08,0.0,0.0,0.0
3347,株式会社トラスト,10995600000.0,243277000.0,6128000.0,50264931000.0,3490224000.0,0.02,0.03,6.94,22.33
9244,株式会社デジタリフト,1358418000.0,56449000.0,0.0,3326038000.0,33861000.0,0.04,0.0,1.02,-6.6
3930,株式会社はてな,4304420400.0,193940000.0,4473000.0,3309422000.0,68169000.0,0.05,0.02,2.06,5.05
6086,シンメンテホールディングス株式会社,12230457000.0,343512000.0,4980000.0,25707509000.0,1534311000.0,0.03,0.01,5.97,15.0
9247,ＴＲＥホールディングス株式会社,70602620000.0,7301000000.0,9000000.0,118678000000.0,22983000000.0,0.1,0.0,19.37,27.8
8165,株式会社千趣会,12649608000.0,1096000000.0,6000000.0,45600000000.0,161000000.0,0.09,0.01,0.35,-7.37
8103,明和産業株式会社,27950076000.0,14453000000.0,240000000.0,156727000000.0,3568000000.0,0.52,0.02,2.28,-0.98
7718,スター精密株式会社,70334157800.0,903529000.0,626620000.0,64994694000.0,4021245000.0,0.01,0.69,6.19,-16.88
2152,幼児活動研究会株式会社,16085160000.0,2505930000.0,31818000.0,7073691000.0,1164427000.0,0.16,0.01,16.46,1.76
3663,株式会社セルシス,57671176200.0,663486000.0,37932000.0,8204959000.0,2146236000.0,0.01,0.06,26.16,1.41
5532,株式会社リアルゲイト,5730284000.0,0.0,0.0,7948486000.0,766773000.0,0.0,0.0,9.65,14.0
6723,ルネサスエレクトロニクス株式会社,3564456882500.0,3507000000.0,9340000000.0,973959000000.0,242001000000.0,0.0,2.66,24.85,-8.62
9610,ウィルソン・ラーニング　ワールドワイド株式会社,984440340.0,50000000.0,1000000.0,1688892000.0,0.0,0.05,0.02,0.0,-3.54
3106,倉敷紡績株式会社,129780000000.0,55994000000.0,1572000000.0,150660000000.0,10311000000.0,0.43,0.03,6.84,-0.43
9928,株式会社ミロク情報サービス,59217422238.0,2023000000.0,19000000.0,46160000000.0,6287000000.0,0.03,0.01,13.62,4.98
1434,ＪＥＳＣＯホールディングス株式会社,6434844800.0,239694000.0,30334000.0,14804607000.0,1143651000.0,0.04,0.13,7.72,33.32
2127,株式会社日本Ｍ＆Ａセンターホールディングス,237370566600.0,13945317000.0,46015000.0,44077707000.0,16715661000.0,0.06,0.0,37.92,-0.13
6768,株式会社タムラ製作所,40061392932.0,6922000000.0,98000000.0,114051000000.0,5195000000.0,0.17,0.01,4.55,6.97
3858,株式会社ユビキタスＡＩ,3953502000.0,321876000.0,3140000.0,3478999000.0,71568000.0,0.08,0.01,2.06,79.49
2916,仙波糖化工業株式会社,8527200000.0,2789526000.0,62616000.0,18701074000.0,755538000.0,0.33,0.02,4.04,-2.28
5981,東京製綱株式会社,21197519326.0,7177000000.0,300000000.0,62867000000.0,3585000000.0,0.34,0.04,5.7,-2.12
6901,澤藤電機株式会社,4019460000.0,4116000000.0,221000000.0,23601000000.0,76000000.0,1.02,0.05,0.32,-11.75
6552,株式会社ＧａｍｅＷｉｔｈ,3816425600.0,224195000.0,0.0,3497848000.0,67107000.0,0.06,0.0,1.92,-0.41
8281,ゼビオホールディングス株式会社,52893769392.0,2733000000.0,24000000.0,250603000000.0,7006000000.0,0.05,0.01,2.8,3.37
3302,帝国繊維株式会社,78912454800.0,29767694000.0,1072593000.0,31481564000.0,3459752000.0,0.38,0.04,10.99,12.3
5351,品川リフラクトリーズ株式会社,78026630000.0,9222000000.0,341000000.0,144072000000.0,13278000000.0,0.12,0.04,9.22,-0.07
4502,武田薬品工業株式会社,7019271400000.0,99274000000.0,195321000000.0,580360000000.0,36897000000.0,0.01,1.97,6.36,-2.55
2477,手間いらず株式会社,20283639480.0,0.0,0.0,2023990000.0,1476791000.0,0.0,0.0,72.96,11.85
4428,株式会社シノプス,5476625000.0,99180000.0,0.0,1776478000.0,154914000.0,0.02,0.0,8.72,2.76
7646,株式会社ＰＬＡＮＴ,11554855000.0,32000000.0,3000000.0,98585000000.0,2128000000.0,0.0,0.09,2.16,1.06
6540,株式会社船場,19237991952.0,265486000.0,2459000.0,28956961000.0,1918287000.0,0.01,0.01,6.62,16.36
8595,ジャフコ　グループ株式会社,138804560000.0,3377000000.0,571000000.0,29685000000.0,12520000000.0,0.02,0.17,42.18,21.45
7014,株式会社名村造船所,207672298000.0,32552000000.0,1161000000.0,159227000000.0,29466000000.0,0.16,0.04,18.51,17.94
2326,デジタルアーツ株式会社,111085380000.0,0.0,0.0,9982000000.0,4558000000.0,0.0,0.0,45.66,-13.29
6748,星和電機株式会社,7890265200.0,3232511000.0,89963000.0,25215213000.0,1772185000.0,0.41,0.03,7.03,6.12
4801,セントラルスポーツ株式会社,28080234000.0,168000000.0,0.0,46595000000.0,1946000000.0,0.01,0.0,4.18,2.68
6776,天昇電気工業株式会社,4525724000.0,3983000000.0,15000000.0,27885000000.0,914000000.0,0.88,0.0,3.28,3.64
2730,株式会社エディオン,227370150000.0,5401000000.0,1419000000.0,768129000000.0,23394000000.0,0.02,0.26,3.05,6.52
4662,株式会社フォーカスシステムズ,22678464000.0,2883564000.0,22322000.0,32555008000.0,2171902000.0,0.13,0.01,6.67,3.32
4674,株式会社クレスコ,68208000000.0,8103753000.0,79189000.0,58760592000.0,5983822000.0,0.12,0.01,10.18,11.38
5105,ＴＯＹＯ　ＴＩＲＥ株式会社,478822877000.0,6710000000.0,632000000.0,565358000000.0,93981000000.0,0.01,0.09,16.62,2.27
9082,大和自動車交通株式会社,4504500000.0,1114000000.0,27000000.0,19042000000.0,582000000.0,0.25,0.02,3.06,3.62
9377,株式会社　エージーピー,21268390000.0,251333000.0,4210000.0,14443610000.0,1340750000.0,0.01,0.02,9.28,11.22
5367,株式会社ニッカトー,6237390000.0,1942568000.0,74971000.0,10076578000.0,637832000.0,0.31,0.04,6.33,-1.59
6633,株式会社ＣＧＳホールディングス,3018877092.0,320212000.0,74863000.0,3927559000.0,158497000.0,0.11,0.23,4.04,2.65
3321,ミタチ産業株式会社,9789477829.0,106408000.0,1974000.0,38899784000.0,1591688000.0,0.01,0.02,4.09,-10.1
8053,住友商事株式会社,4490756452836.0,237437000000.0,541159000000.0,0.0,0.0,0.05,2.28,0.0,0.0
5078,株式会社セレコーポレーション,20881562000.0,29550000.0,2460000.0,23922327000.0,2018234000.0,0.0,0.08,8.44,3.55
9955,株式会社ヨンキュウ,28705964000.0,11902726000.0,240375000.0,44887777000.0,1546291000.0,0.41,0.02,3.44,-0.54
7215,株式会社ファルテック,3385674600.0,256000000.0,4000000.0,79114000000.0,2359000000.0,0.08,0.02,2.98,-3.39
3333,株式会社あさひ,34322966400.0,0.0,0.0,81593454000.0,5485972000.0,0.0,0.0,6.72,4.5
6074,株式会社ジェイエスエス,2182122352.0,27055000.0,0.0,8381933000.0,252190000.0,0.01,0.0,3.01,3.08
4403,日油株式会社,697272752000.0,41864000000.0,1193000000.0,238310000000.0,45308000000.0,0.06,0.03,19.01,7.23
6072,地盤ネットホールディングス株式会社,3958308000.0,0.0,0.0,1877959000.0,109442000.0,0.0,0.0,5.83,0.03
3628,株式会社データホライゾン,7538216000.0,0.0,0.0,5007033000.0,101804000.0,0.0,0.0,2.03,13.53
4436,株式会社ミンカブ・ジ・インフォノイド,7777630200.0,438832000.0,5091000.0,10548910000.0,99668000.0,0.06,0.01,0.94,6.34
8308,株式会社　りそなホールディングス,2984280416000.0,27448000000.0,307000000.0,0.0,109683000000.0,0.01,0.01,0.0,0.0
6145,ＮＩＴＴＯＫＵ株式会社,35184306312.0,2999000000.0,57000000.0,33268000000.0,1119000000.0,0.09,0.02,3.36,8.0
7595,株式会社アルゴグラフィックス,116911420000.0,21185887000.0,398408000.0,69541642000.0,10199639000.0,0.18,0.02,14.67,16.85
9412,株式会社スカパーＪＳＡＴホールディングス,420623626032.0,37769000000.0,17000000.0,0.0,27488000000.0,0.09,0.0,0.0,0.0
4166,かっこ株式会社,2063772490.0,66981000.0,0.0,734021000.0,0.0,0.03,0.0,0.0,-22.95
7886,ヤマト　モビリティ　＆　Ｍｆｇ．株式会社,1399706000.0,45304000.0,28603000.0,16072189000.0,202769000.0,0.03,0.63,1.26,4.61
3561,株式会社力の源ホールディングス,41658381000.0,154447000.0,1564000.0,31776930000.0,3296697000.0,0.0,0.01,10.37,21.68
7044,株式会社ピアラ,4219380880.0,267704000.0,0.0,13488568000.0,23027000.0,0.06,0.0,0.17,48.8
7095,株式会社Ｍａｃｂｅｅ　Ｐｌａｎｅｔ,9726773040.0,954000000.0,1000000.0,39405000000.0,3670000000.0,0.1,0.0,9.31,101.16
8030,中央魚類株式会社,15038820500.0,12514000000.0,382000000.0,149902000000.0,3229000000.0,0.83,0.03,2.15,8.95
4886,あすか製薬ホールディングス株式会社,69606941580.0,12327000000.0,286000000.0,64139000000.0,5331000000.0,0.18,0.02,8.31,2.06
8276,株式会社　平和堂,150359682000.0,3871000000.0,108000000.0,408323000000.0,13360000000.0,0.03,0.03,3.27,4.57
4310,株式会社ドリームインキュベータ,22586794604.0,65000000.0,0.0,6183000000.0,257000000.0,0.0,0.0,4.16,14.97
7369,株式会社メイホーホールディングス,1197301500.0,6630000.0,0.0,10347883000.0,146669000.0,0.01,0.0,1.42,40.39
2586,株式会社フルッタフルッタ,27077453460.0,0.0,0.0,2549465000.0,229643000.0,0.0,0.0,9.01,124.26
8366,株式会社滋賀銀行,319601800000.0,0.0,0.0,0.0,0.0,0.0,0.0,0.0,0.0
3989,シェアリングテクノロジー株式会社,26102787400.0,0.0,0.0,7036171000.0,1323118000.0,0.0,0.0,18.8,16.31
9248,人・夢・技術グループ株式会社,15875376000.0,1833000000.0,16000000.0,39814000000.0,1790000000.0,0.12,0.01,4.5,0.01
7988,株式会社ニフコ,361727256000.0,684000000.0,14414000000.0,353038000000.0,49200000000.0,0.0,21.07,13.94,-5.01
6307,サンセイ株式会社,3595080000.0,0.0,1836000.0,5781584000.0,454982000.0,0.0,0.0,7.87,2.56
5310,東洋炭素株式会社,99189978300.0,533000000.0,54000000.0,53093000000.0,12238000000.0,0.01,0.1,23.05,7.8
7224,新明和工業株式会社,118440000000.0,14483000000.0,272000000.0,266441000000.0,13970000000.0,0.12,0.02,5.24,3.65
9265,ヤマシタヘルスケアホールディングス株式会社,6829275000.0,1267000000.0,10000000.0,61555000000.0,967000000.0,0.19,0.01,1.57,5.77
7877,永大化工株式会社,2283440000.0,234512000.0,3682000.0,8857662000.0,290779000.0,0.1,0.02,3.28,-2.54
2882,株式会社イートアンドホールディングス,23279878440.0,21000000.0,0.0,37335000000.0,1090000000.0,0.0,0.0,2.92,3.93
2435,株式会社シダー,2432912000.0,0.0,0.0,17829000000.0,892000000.0,0.0,0.0,5.0,3.03
3823,ＴＨＥ　ＷＨＹ　ＨＯＷ　ＤＯ　ＣＯＭＰＡＮＹ株式会社,6814143063.0,0.0,0.0,747636000.0,13680000.0,0.0,0.0,1.83,-20.56
8697,株式会社日本取引所グループ,1533441041288.0,1122000000.0,294000000.0,0.0,51686000000.0,0.0,0.26,0.0,0.0
6151,日東工器株式会社,34880335395.0,4123000000.0,83000000.0,27256000000.0,2342000000.0,0.12,0.02,8.59,0.68
8844,株式会社コスモスイニシア,46254604000.0,1543000000.0,6000000.0,129528000000.0,9452000000.0,0.03,0.0,7.3,3.97
4216,旭有機材株式会社,80685000000.0,2404000000.0,103000000.0,85162000000.0,11121000000.0,0.03,0.04,13.06,-2.59
5268,旭コンクリート工業株式会社,8429421000.0,1201738000.0,107967000.0,7221671000.0,555478000.0,0.14,0.09,7.69,2.12
7350,株式会社おきなわフィナンシャルグループ,75147240000.0,0.0,0.0,0.0,1004000000.0,0.0,0.0,0.0,0.0
7240,ＮＯＫ株式会社,377787116000.0,162144000000.0,3387000000.0,766859000000.0,37264000000.0,0.43,0.02,4.86,2.18
9601,松竹株式会社,179937733870.0,41992000000.0,805000000.0,83974000000.0,1664000000.0,0.23,0.02,1.98,-1.7
9009,京成電鉄株式会社,653523895500.0,236626000000.0,390000000.0,0.0,36008000000.0,0.36,0.0,0.0,0.0
6137,小池酸素工業株式会社,5946430000.0,11019000000.0,170000000.0,55206000000.0,5448000000.0,1.85,0.02,9.87,7.43
7893,株式会社プロネクサス,30737806992.0,4721912000.0,389291000.0,26828383000.0,1751328000.0,0.15,0.08,6.53,3.62
4994,大成ラミックグループ株式会社,17800722000.0,943751000.0,14891000.0,30849520000.0,2372949000.0,0.05,0.02,7.69,10.06
8016,株式会社オンワードホールディングス,93647153000.0,13789000000.0,281000000.0,208393000000.0,10153000000.0,0.15,0.02,4.87,9.9
4208,ＵＢＥ株式会社,241658100000.0,225502000000.0,528000000.0,486802000000.0,18045000000.0,0.93,0.0,3.71,3.96
6807,日本航空電子工業株式会社,172030481776.0,3748000000.0,547000000.0,221644000000.0,15615000000.0,0.02,0.15,7.05,-1.83
6279,株式会社瑞光,27388800000.0,651675000.0,16642000.0,19950779000.0,0.0,0.02,0.03,0.0,-8.22
7687,株式会社ミクリード,2960706000.0,0.0,0.0,6776000000.0,372000000.0,0.0,0.0,5.49,14.15
6255,株式会社エヌ・ピー・シー,14289972048.0,0.0,0.0,10797611000.0,2436275000.0,0.0,0.0,22.56,15.85
6969,松尾電機株式会社,2561580000.0,15000000.0,0.0,4545178000.0,491164000.0,0.01,0.0,10.81,7.96
3245,株式会社ディア・ライフ,56839348800.0,1062000000.0,1000000.0,46880000000.0,4619000000.0,0.02,0.0,9.85,7.76
6908,イリソ電子工業株式会社,68857374385.0,276000000.0,6000000.0,56332000000.0,5307000000.0,0.0,0.02,9.42,1.92
9163,株式会社ナレルグループ,19693519570.0,0.0,0.0,0.0,2054672000.0,0.0,0.0,0.0,0.0
9479,株式会社インプレスホールディングス,7773272000.0,829322000.0,1404000.0,14387055000.0,307139000.0,0.11,0.0,2.13,-0.55
9950,株式会社ハチバン,10492939620.0,452154000.0,92795000.0,7377689000.0,264435000.0,0.04,0.21,3.58,7.84
9501,東京電力ホールディングス株式会社,827613755000.0,2869820000000.0,701000000.0,796224000000.0,234452000000.0,3.47,0.0,29.45,12.37
7921,株式会社ＴＡＫＡＲＡ　＆　ＣＯＭＰＡＮＹ,43668932760.0,3332550000.0,60375000.0,29278256000.0,4231606000.0,0.08,0.02,14.45,6.2
6420,ガリレイ株式会社,135485240000.0,11752000000.0,141000000.0,130639000000.0,16572000000.0,0.09,0.01,12.69,12.8
6579,ログリー株式会社,1555427000.0,94966000.0,0.0,1605189000.0,0.0,0.06,0.0,0.0,-21.87
8508,Ｊトラスト株式会社,63047364000.0,2245000000.0,5000000.0,0.0,319000000.0,0.04,0.0,0.0,0.0
7483,株式会社ドウシシャ,91045500000.0,2404000000.0,371000000.0,113939000000.0,8995000000.0,0.03,0.15,7.89,7.67
5989,株式会社エイチワン,36910679000.0,740000000.0,663000000.0,58028000000.0,5815000000.0,0.02,0.9,10.02,-0.62
4623,株式会社アサヒペン,7933068000.0,2902197000.0,57058000.0,17106404000.0,844452000.0,0.37,0.02,4.94,-0.14
2726,株式会社パルグループホールディングス,403954560000.0,267000000.0,0.0,207825000000.0,23656000000.0,0.0,0.0,11.38,7.94
7425,初穂商事株式会社,6668944560.0,180599000.0,8797000.0,34827884000.0,1288985000.0,0.03,0.05,3.7,1.18
6101,株式会社ツガミ,92016000000.0,4352000000.0,4235000000.0,27215000000.0,0.0,0.05,0.97,0.0,-5.0
3445,株式会社ＲＳ　Ｔｅｃｈｎｏｌｏｇｉｅｓ,80982725050.0,8416908000.0,485770000.0,59200997000.0,13108929000.0,0.1,0.06,22.14,14.08
5741,株式会社ＵＡＣＪ,246464960000.0,5934000000.0,2727000000.0,348089000000.0,10071000000.0,0.02,0.46,2.89,18.75
9793,株式会社ダイセキ,174420000000.0,7169000000.0,28000000.0,67304000000.0,14318000000.0,0.04,0.0,21.27,-2.76
6238,フリュー株式会社,28494072000.0,14477000.0,0.0,44305986000.0,2239490000.0,0.0,0.0,5.05,3.59
3697,株式会社ＳＨＩＦＴ,28997072628.0,1145000000.0,67000000.0,110627000000.0,10537000000.0,0.04,0.06,9.52,25.67
8522,株式会社　名古屋銀行,144145800000.0,0.0,0.0,0.0,0.0,0.0,0.0,0.0,0.0
2378,株式会社ルネサンス,22341055000.0,42198000.0,29795000.0,63737043000.0,1946858000.0,0.0,0.71,3.05,46.09
9441,株式会社ベルパーク,43041511800.0,4076371000.0,45765000.0,116038727000.0,4263735000.0,0.09,0.01,3.67,0.48
6762,ＴＤＫ株式会社,3226807600000.0,3549000000.0,90737000000.0,495235000000.0,0.0,0.0,25.57,0.0,3.64
5121,藤倉コンポジット株式会社,35333436963.0,1810453000.0,165617000.0,41325231000.0,4807956000.0,0.05,0.09,11.63,9.37
7037,株式会社テノ．ホールディングス,2284831800.0,10000000.0,0.0,16017000000.0,196000000.0,0.0,0.0,1.22,10.03
2156,セーラー広告株式会社,2206314000.0,263868000.0,4839000.0,0.0,9742000.0,0.12,0.02,0.0,0.0
6644,大崎電気工業株式会社,49473859500.0,8344000000.0,283000000.0,97102000000.0,5701000000.0,0.17,0.03,5.87,2.05
7022,サノヤスホールディングス株式会社,9464796000.0,4805000000.0,171000000.0,25006000000.0,1065000000.0,0.51,0.04,4.26,7.08
6915,千代田インテグレ株式会社,34351856266.0,2996000000.0,89000000.0,41214000000.0,3856000000.0,0.09,0.03,9.36,4.56
4373,シンプレクス・ホールディングス株式会社,228374022750.0,355000000.0,3000000.0,7373000000.0,2720000000.0,0.0,0.01,36.89,2.3
4667,アイサンテクノロジー株式会社,7563258377.0,818876000.0,1354000.0,6220625000.0,449401000.0,0.11,0.0,7.22,13.55
6951,日本電子株式会社,220660024000.0,14769000000.0,228000000.0,196695000000.0,35501000000.0,0.07,0.02,18.05,12.83
1821,三井住友建設株式会社,96953108000.0,3749000000.0,125000000.0,462982000000.0,7587000000.0,0.04,0.03,1.64,-3.44
5942,日本フイルコン株式会社,11083605500.0,2866104000.0,37568000.0,28639102000.0,924941000.0,0.26,0.01,3.23,2.33
7030,株式会社スプリックス,19342627200.0,276000000.0,302000000.0,31860000000.0,1093000000.0,0.01,1.09,3.43,4.93
9763,丸紅建材リース株式会社,10511233600.0,5179000000.0,50000000.0,22807000000.0,1514000000.0,0.49,0.01,6.64,6.95
1929,日特建設株式会社,47932444000.0,4288000000.0,125000000.0,67216000000.0,3679000000.0,0.09,0.03,5.47,-6.49
4784,ＧＭＯインターネット株式会社,35206877200.0,673485000.0,0.0,12997730000.0,139843000.0,0.02,0.0,1.08,-12.79
4720,株式会社城南進学研究社,2082516720.0,136139000.0,3588000.0,5623999000.0,70018000.0,0.07,0.03,1.24,-3.89
2269,明治ホールディングス株式会社,873126800000.0,78354000000.0,991000000.0,1154074000000.0,84702000000.0,0.09,0.01,7.34,4.39
6572,オープングループ株式会社,23831169000.0,1746585000.0,0.0,7224445000.0,653673000.0,0.07,0.0,9.05,17.17
7837,株式会社アールシーコア,1800950800.0,0.0,3448000.0,10990391000.0,412405000.0,0.0,0.0,3.75,-9.49
2653,イオン九州株式会社,99101472510.0,399000000.0,10000000.0,505530000000.0,10537000000.0,0.0,0.03,2.08,4.29
6018,阪神内燃機工業株式会社,9955120000.0,1943997000.0,49754000.0,13337098000.0,611955000.0,0.2,0.03,4.59,38.4
7162,アストマックス株式会社,3513800100.0,447223000.0,2200000.0,0.0,0.0,0.13,0.0,0.0,0.0
4335,株式会社アイ・ピー・エス,2860560000.0,4945000.0,0.0,3129163000.0,328440000.0,0.0,0.0,10.5,10.51
9072,ニッコンホールディングス株式会社,424592634888.0,28031000000.0,1202000000.0,247890000000.0,23155000000.0,0.07,0.04,9.34,11.5
6365,株式会社電業社機械製作所,21782664000.0,3765000000.0,110000000.0,28077000000.0,3235000000.0,0.17,0.03,11.52,16.52
7974,任天堂株式会社,16863489650000.0,369373000000.0,54613000000.0,1164922000000.0,282553000000.0,0.02,0.15,24.26,-30.32
9987,株式会社スズケン,396557665000.0,84399000000.0,1386000000.0,2399952000000.0,37125000000.0,0.21,0.02,1.55,0.56
9835,株式会社ジュンテンドー,4098932688.0,396884000.0,14169000.0,43482525000.0,472680000.0,0.1,0.04,1.09,-0.64
6176,株式会社ブランジスタ,11354158700.0,1597540000.0,0.0,4822452000.0,951385000.0,0.14,0.0,19.73,5.78
2266,六甲バター株式会社,26965321125.0,2870928000.0,78109000.0,42924075000.0,1865109000.0,0.11,0.03,4.35,-3.1
3088,株式会社マツキヨココカラ＆カンパニー,1328081625000.0,27786000000.0,431000000.0,1061626000000.0,82082000000.0,0.02,0.02,7.73,3.82
3192,株式会社白鳩,1780809900.0,0.0,0.0,6274053000.0,35647000.0,0.0,0.0,0.57,-1.55
3431,宮地エンジニアリンググループ株式会社,52724685000.0,6887000000.0,234000000.0,44894000000.0,9168000000.0,0.13,0.03,20.42,10.63
7746,岡本硝子株式会社,4008460000.0,34914000.0,0.0,4583458000.0,61872000.0,0.01,0.0,1.35,-6.21
5975,東プレ株式会社,106585058752.0,19610000000.0,571000000.0,373568000000.0,28648000000.0,0.18,0.03,7.67,5.25
6378,木村化工機株式会社,19549400000.0,2024000000.0,80000000.0,26431000000.0,3012000000.0,0.1,0.04,11.4,7.14
5388,クニミネ工業株式会社,15519300000.0,1631810000.0,234558000.0,15707623000.0,1280704000.0,0.11,0.14,8.15,0.21
3161,アゼアス株式会社,3888571239.0,170215000.0,5929000.0,8242294000.0,291830000.0,0.04,0.03,3.54,-9.24
3646,株式会社駅探,2299181600.0,29506000.0,1197000.0,3499578000.0,116880000.0,0.01,0.04,3.34,-13.34
4396,株式会社システムサポート,26614320000.0,0.0,7855000.0,22029880000.0,1670963000.0,0.0,0.0,7.58,14.34
4816,東映アニメーション株式会社,710850000000.0,20703000000.0,276000000.0,100836000000.0,32432000000.0,0.03,0.01,32.16,13.74
7456,松田産業株式会社,98079660000.0,7894000000.0,38000000.0,468841000000.0,12676000000.0,0.08,0.0,2.7,30.04
2923,サトウ食品株式会社,36543600000.0,2305079000.0,56657000.0,42581386000.0,2656719000.0,0.06,0.02,6.24,7.35
7438,コンドーテック株式会社,39647720000.0,280000000.0,5000000.0,79175000000.0,4465000000.0,0.01,0.02,5.64,2.99
8174,日本瓦斯株式会社,312417963000.0,2130000000.0,2000000.0,200057000000.0,18546000000.0,0.01,0.0,9.27,2.93
4100,戸田工業株式会社,8233650000.0,3374000000.0,74000000.0,31667000000.0,1009000000.0,0.41,0.02,3.19,20.71
6724,セイコーエプソン株式会社,702691098912.0,6972000000.0,52893000000.0,981016000000.0,48917000000.0,0.01,7.59,4.99,14.37
7538,株式会社大水,4600516000.0,3735000000.0,97000000.0,99302000000.0,680000000.0,0.81,0.03,0.68,0.86
9869,加藤産業株式会社,200900000000.0,58082000000.0,978000000.0,1135778000000.0,16856000000.0,0.29,0.02,1.48,6.54
7351,株式会社グッドパッチ,8130434760.0,202017000.0,0.0,3942967000.0,34526000.0,0.02,0.0,0.88,0.37
7487,小津産業株式会社,13918121250.0,6548029000.0,94878000.0,10125691000.0,528241000.0,0.47,0.01,5.22,-2.34
4046,株式会社大阪ソーダ,242860220000.0,28510000000.0,784000000.0,96434000000.0,13246000000.0,0.12,0.03,13.74,1.99
3080,株式会社ジェーソン,8712160000.0,0.0,0.0,28297699000.0,538544000.0,0.0,0.0,1.9,-1.54
3640,株式会社電算,18066134000.0,581190000.0,11348000.0,18740930000.0,2517577000.0,0.03,0.02,13.43,17.32
9142,九州旅客鉄道株式会社,576036262000.0,53217000000.0,951000000.0,169337000000.0,58976000000.0,0.09,0.02,34.83,3.39
5596,アウトルックコンサルティング株式会社,4775469208.0,0.0,0.0,1654860000.0,500845000.0,0.0,0.0,30.27,-0.78
4689,ＬＩＮＥヤフー株式会社,3848949916000.0,14056000000.0,44482000000.0,763188000000.0,26698000000.0,0.0,3.16,3.5,102.61
2181,パーソルホールディングス株式会社,661658090893.5242,925000000.0,3000000.0,58718000000.0,39471000000.0,0.0,0.0,67.22,-9.4
2286,林兼産業株式会社,4811400000.0,4286000000.0,125000000.0,49267000000.0,1076000000.0,0.89,0.03,2.18,3.99
3326,株式会社ランシステム,2694253500.0,0.0,15215000.0,5408416000.0,125771000.0,0.0,0.0,2.33,-26.58
6803,ティアック株式会社,2603880000.0,0.0,52000000.0,11616000000.0,402000000.0,0.0,0.0,3.46,9.38
1798,株式会社守谷商会,8949600000.0,1154986000.0,21051000.0,50266770000.0,2293448000.0,0.13,0.02,4.56,15.97
5384,株式会社フジミインコーポレーテッド,171891381000.0,3511000000.0,95000000.0,62503000000.0,11780000000.0,0.02,0.03,18.85,21.55
6674,株式会社　ジーエス・ユアサ　コーポレーション,263017851000.0,78432000000.0,736000000.0,580340000000.0,50028000000.0,0.3,0.01,8.62,3.1
7384,株式会社プロクレアホールディングス,41840680000.0,0.0,0.0,0.0,1145000000.0,0.0,0.0,0.0,0.0
7182,株式会社ゆうちょ銀行,5911109400000.0,0.0,0.0,0.0,0.0,0.0,0.0,0.0,0.0
9914,株式会社　植松商会,2208960000.0,1555681000.0,50178000.0,6306303000.0,44211000.0,0.7,0.03,0.7,-13.07
3814,株式会社アルファクス・フード・システム,1321061200.0,0.0,0.0,1659676000.0,72981000.0,0.0,0.0,4.4,-6.8
7713,シグマ光機株式会社,9953536000.0,1140928000.0,4254000.0,11213162000.0,1178502000.0,0.11,0.0,10.51,-1.36
2305,株式会社スタジオアリス,36208795000.0,1779666000.0,32944000.0,35598139000.0,3021322000.0,0.05,0.02,8.49,-2.19
5727,東邦チタニウム株式会社,90514055700.0,0.0,1066000000.0,88974000000.0,5880000000.0,0.0,0.0,6.61,13.48
1446,株式会社キャンディル,6011152000.0,106500000.0,0.0,13224257000.0,359202000.0,0.02,0.0,2.72,7.43
2685,株式会社アダストリア,140251200000.0,691000000.0,3000000.0,293110000000.0,15510000000.0,0.0,0.0,5.29,6.35
4917,株式会社マンダム,68493711000.0,6872000000.0,97000000.0,76183000000.0,1028000000.0,0.1,0.01,1.35,4.03
3204,株式会社トーア紡コーポレーション,3567060000.0,2408000000.0,72000000.0,18419000000.0,687000000.0,0.68,0.03,3.73,-3.27
2751,株式会社テンポスホールディングス,47668284000.0,236000000.0,0.0,37074000000.0,2824000000.0,0.0,0.0,7.62,18.51
7590,株式会社タカショー,7423028108.0,180245000.0,6334000.0,19890018000.0,549008000.0,0.02,0.04,2.76,2.47
5991,日本発條株式会社,378948476160.0,64962000000.0,3189000000.0,801698000000.0,52160000000.0,0.17,0.05,6.51,4.53
1799,第一建設工業株式会社,62992642820.0,7455064000.0,344907000.0,58005615000.0,7193895000.0,0.12,0.05,12.4,7.43
6772,東京コスモス電機株式会社,14753062500.0,703799000.0,14950000.0,10506474000.0,1040448000.0,0.05,0.02,9.9,0.69
4932,株式会社アルマード,11121580000.0,0.0,0.0,8477456000.0,946454000.0,0.0,0.0,11.16,12.45
5891,株式会社魁力屋,11331783900.0,0.0,0.0,12272583000.0,860265000.0,0.0,0.0,7.01,15.96
3116,トヨタ紡織株式会社,396068540049.0,8471000000.0,33468000000.0,900450000000.0,0.0,0.02,3.95,0.0,2.52
6340,澁谷工業株式会社,96973305000.0,3087000000.0,62000000.0,115434000000.0,13382000000.0,0.03,0.02,11.59,17.98
2424,株式会社ブラス,4036475100.0,0.0,0.0,12726515000.0,454319000.0,0.0,0.0,3.57,-4.03
5541,大平洋金属株式会社,34318605463.0,24873000000.0,121000000.0,13175000000.0,9000000.0,0.72,0.0,0.07,-15.12
5922,那須電機鉄工株式会社,15864000000.0,5294896000.0,108963000.0,22939871000.0,2784705000.0,0.33,0.02,12.14,-1.69
7367,株式会社セルム,9120814000.0,109636000.0,243250000.0,8184641000.0,1074747000.0,0.01,2.22,13.13,9.06
4487,株式会社スペースマーケット,4921622400.0,5100000.0,0.0,1970070000.0,176894000.0,0.0,0.0,8.98,25.96
7979,株式会社松風,71683364000.0,8709000000.0,187000000.0,38698000000.0,5392000000.0,0.12,0.02,13.93,10.31
1938,日本リーテック株式会社,48262428000.0,16185080000.0,171545000.0,68669728000.0,5199694000.0,0.34,0.01,7.57,17.3
7698,株式会社アイスコ,6905631200.0,19562000.0,10695000.0,54717434000.0,627979000.0,0.0,0.55,1.15,8.35
3539,株式会社ＪＭホールディングス,72141368000.0,1201000000.0,14000000.0,172331000000.0,9149000000.0,0.02,0.01,5.31,11.31
3512,日本フエルト株式会社,8529030000.0,8232581000.0,238381000.0,9699437000.0,200285000.0,0.97,0.03,2.06,-3.8
6370,栗田工業株式会社,640843000000.0,7165000000.0,6444000000.0,140150000000.0,8915000000.0,0.01,0.9,6.36,-4.96
4521,科研製薬株式会社,176819211000.0,18875000000.0,536000000.0,94035000000.0,21034000000.0,0.11,0.03,22.37,30.52
4596,窪田製薬ホールディングス株式会社,2838279400.0,0.0,0.0,0.0,0.0,0.0,0.0,0.0,0.0
8550,株式会社　栃木銀行,47131440000.0,0.0,0.0,0.0,0.0,0.0,0.0,0.0,0.0
3864,三菱製紙株式会社,27829171326.0,24813000000.0,502000000.0,175942000000.0,4567000000.0,0.89,0.02,2.6,-9.06
3386,コスモ・バイオ株式会社,7142688000.0,3288000000.0,66000000.0,10037000000.0,318000000.0,0.46,0.02,3.17,7.46
5703,日本軽金属ホールディングス株式会社,102103706250.0,38369000000.0,429000000.0,550180000000.0,21744000000.0,0.38,0.01,3.95,5.05
9381,株式会社エーアイテイー,43546665600.0,2492000000.0,4000000.0,0.0,4073000000.0,0.06,0.0,0.0,0.0
9753,アイエックス・ナレッジ株式会社,12150000000.0,2905513000.0,52546000.0,22828117000.0,1867757000.0,0.24,0.02,8.18,4.97
4429,リックソフト株式会社,3676642400.0,0.0,0.0,9043848000.0,458671000.0,0.0,0.0,5.07,20.72
7604,株式会社　梅の花,6739753200.0,1068601000.0,0.0,29816869000.0,819774000.0,0.16,0.0,2.75,8.6
2198,アイ・ケイ・ケイホールディングス株式会社,23665872000.0,17991000.0,0.0,23263539000.0,2490989000.0,0.0,0.0,10.71,5.79
2502,アサヒグループホールディングス株式会社,2838965165000.0,2709000000.0,4560000000.0,0.0,105848000000.0,0.0,1.68,0.0,0.0
3418,株式会社バルニバービ,10882799280.0,171008000.0,13000000.0,13452987000.0,647933000.0,0.02,0.08,4.82,0.67
4367,広栄化学株式会社,11167100000.0,0.0,0.0,20018256000.0,566258000.0,0.0,0.0,2.83,3.04
6360,株式会社　東京自働機械製作所,4428600000.0,2891296000.0,72787000.0,12890103000.0,1564948000.0,0.65,0.03,12.14,-4.23
4625,アトミクス株式会社,4757994000.0,565252000.0,12395000.0,12348499000.0,350770000.0,0.12,0.02,2.84,1.87
5805,ＳＷＣＣ株式会社,254622760000.0,6207000000.0,214000000.0,237862000000.0,20935000000.0,0.02,0.03,8.8,11.2
6093,株式会社エスクロー・エージェント・ジャパン,5927580702.0,57905000.0,0.0,4741362000.0,482405000.0,0.01,0.0,10.17,14.57
1716,第一カッター興業株式会社,15420000000.0,976289000.0,10784000.0,20918336000.0,2455559000.0,0.06,0.01,11.74,-5.62
9233,アジア航測株式会社,21815608000.0,4851933000.0,117664000.0,40270804000.0,2850108000.0,0.22,0.02,7.08,7.95
4224,ロンシール工業株式会社,7955000000.0,1329000000.0,47000000.0,21433000000.0,870000000.0,0.17,0.04,4.06,1.96
9246,株式会社プロジェクトホールディングス,7211368600.0,18050000.0,0.0,5279803000.0,371749000.0,0.0,0.0,7.04,-15.98
8225,株式会社タカチホ,2639010000.0,54477000.0,3747000.0,8536884000.0,437102000.0,0.02,0.07,5.12,6.5
4246,ダイキョーニシカワ株式会社,50988516000.0,1480000000.0,43000000.0,168561000000.0,10004000000.0,0.03,0.03,5.93,6.0
7087,株式会社ウイルテック,5588765000.0,41000000.0,188000000.0,44578000000.0,1048000000.0,0.01,4.59,2.35,24.88
3038,株式会社神戸物産,1196452800000.0,424000000.0,6000000.0,507883000000.0,34350000000.0,0.0,0.01,6.76,10.04
7779,ＣＹＢＥＲＤＹＮＥ株式会社,25152583047.0,3910000000.0,0.0,2088000000.0,0.0,0.16,0.0,0.0,13.79
2270,雪印メグミルク株式会社,194850608670.0,56370000000.0,952000000.0,615819000000.0,19125000000.0,0.29,0.02,3.11,1.72
3433,トーカロ株式会社,120870000000.0,2344000000.0,40000000.0,54231000000.0,12271000000.0,0.02,0.02,22.63,16.04
7689,株式会社コパ・コーポレーション,1511130000.0,0.0,0.0,2052289000.0,0.0,0.0,0.0,0.0,-6.94
8086,ニプロ株式会社,231469650000.0,15287000000.0,783000000.0,644586000000.0,26598000000.0,0.07,0.05,4.13,9.85
8537,株式会社大光銀行,15657349000.0,0.0,0.0,0.0,0.0,0.0,0.0,0.0,0.0
6874,協立電機株式会社,9808405000.0,1994043000.0,45504000.0,34361619000.0,2451665000.0,0.2,0.02,7.13,2.22
5406,株式会社　神戸製鋼所,635540811000.0,214144000000.0,5155000000.0,2555031000000.0,158721000000.0,0.34,0.02,6.21,0.47
6988,日東電工株式会社,2000837560000.0,2844000000.0,15892000000.0,598416000000.0,122014000000.0,0.0,5.59,20.39,15.38
7752,株式会社リコー,750623359250.0,14319000000.0,36310000000.0,556967000000.0,0.0,0.02,2.54,0.0,2.66
7212,株式会社エフテック,12780462652.0,9242000000.0,103000000.0,300831000000.0,5481000000.0,0.72,0.01,1.82,0.69
6861,株式会社キーエンス,13604999580000.0,1527669000000.0,0.0,1059145000000.0,549775000000.0,0.11,0.0,51.91,9.5
6902,株式会社デンソー,5706976290000.0,457549000000.0,261520000000.0,3732966000000.0,102755000000.0,0.08,0.57,2.75,1.97
4324,株式会社電通グループ,767098800000.0,92134000000.0,2635000000.0,0.0,64485000000.0,0.12,0.03,0.0,0.0
7265,エイケン工業株式会社,4625200000.0,401077000.0,9330000.0,7284910000.0,279762000.0,0.09,0.02,3.84,7.18
6670,株式会社ＭＣＪ,135156801600.0,920000000.0,0.0,207171000000.0,19378000000.0,0.01,0.0,9.35,10.52
6994,株式会社指月電機製作所,13720315000.0,1745251000.0,41985000.0,27346541000.0,1990786000.0,0.13,0.02,7.28,3.96
7850,総合商研株式会社,2738798450.0,932358000.0,28757000.0,15796169000.0,253418000.0,0.34,0.03,1.6,-0.42
5013,株式会社ユシロ,29912939880.0,5584000000.0,155000000.0,55512000000.0,5068000000.0,0.19,0.03,9.13,4.77
4912,ライオン株式会社,415698458279.0,18894000000.0,7005000000.0,224430000000.0,9789000000.0,0.05,0.37,4.36,-2.76
9861,株式会社吉野家ホールディングス,215188059632.0,2878000000.0,1000000.0,204983000000.0,7306000000.0,0.01,0.0,3.56,9.34
3912,株式会社モバイルファクトリー,8265008370.0,104552000.0,0.0,3317532000.0,1058348000.0,0.01,0.0,31.9,-1.56
1438,株式会社岐阜造園,6125271400.0,163466000.0,5628000.0,5198677000.0,447218000.0,0.03,0.03,8.6,3.93
7297,株式会社カーメイト,6691978940.0,2073787000.0,57762000.0,15523458000.0,300979000.0,0.31,0.03,1.94,-2.71
7943,ニチハ株式会社,114211440000.0,10210000000.0,319000000.0,148478000000.0,6951000000.0,0.09,0.03,4.68,3.98
9622,株式会社スペース,31680979929.0,927262000.0,18503000.0,64182558000.0,3477315000.0,0.03,0.02,5.42,21.57
3405,株式会社クラレ,601646276000.0,29890000000.0,731000000.0,826895000000.0,85081000000.0,0.05,0.02,10.29,5.88
8931,和田興産株式会社,16872000000.0,266881000.0,3288000.0,40130553000.0,5285803000.0,0.02,0.01,13.17,3.36
1723,日本電技株式会社,75908850000.0,15262000000.0,94000000.0,43061000000.0,9120000000.0,0.2,0.01,21.18,10.71
3976,株式会社シャノン,1189581800.0,0.0,0.0,3206743000.0,266042000.0,0.0,0.0,8.3,9.28
4259,株式会社エクサウィザーズ,37623747200.0,181000000.0,0.0,8384000000.0,1609000000.0,0.0,0.0,19.19,49.96
8364,株式会社清水銀行,16600066000.0,0.0,0.0,0.0,0.0,0.0,0.0,0.0,0.0
6134,株式会社ＦＵＪＩ,263488265238.0,20962000000.0,535000000.0,127387000000.0,13781000000.0,0.08,0.03,10.82,0.26
7150,株式会社島根銀行,3955520000.0,0.0,0.0,0.0,0.0,0.0,0.0,0.0,0.0
6677,株式会社エスケーエレクトロニクス,31308573600.0,855611000.0,19949000.0,25727018000.0,3059315000.0,0.03,0.02,11.89,-8.49
3444,株式会社菊池製作所,3750660800.0,3005985000.0,45375000.0,5209839000.0,0.0,0.8,0.02,0.0,2.23
3491,株式会社ＧＡ　ｔｅｃｈｎｏｌｏｇｉｅｓ,69846084220.0,348000000.0,0.0,139849000000.0,41000000.0,0.0,0.0,0.03,20.48
9629,ピー・シー・エー株式会社,40106000000.0,3115000000.0,19000000.0,16237000000.0,2637000000.0,0.08,0.01,16.24,8.12
9636,株式会社きんえい,11523785000.0,23831000.0,0.0,3571956000.0,282628000.0,0.0,0.0,7.91,0.04
4477,ＢＡＳＥ株式会社,46438249410.0,32000000.0,0.0,15981000000.0,772000000.0,0.0,0.0,4.83,36.82
7130,ヤマエグループホールディングス株式会社,70839930000.0,20238000000.0,367000000.0,1006914000000.0,15781000000.0,0.29,0.02,1.57,41.28
5923,高田機工株式会社,7356352000.0,4816013000.0,130788000.0,13025931000.0,235330000.0,0.65,0.03,1.81,-16.6
8616,東海東京フィナンシャル・ホールディングス株式会社,134460371340.0,56226000000.0,1033000000.0,0.0,11739000000.0,0.42,0.02,0.0,0.0
2962,株式会社テクニスコ,2765080290.0,3921000.0,0.0,4683182000.0,0.0,0.0,0.0,0.0,-12.42
2484,株式会社出前館,25689718620.0,3000000.0,47000000.0,50411000000.0,0.0,0.0,15.67,0.0,-1.95
9339,株式会社コーチ・エィ,2260198875.0,34800000.0,0.0,3642692000.0,155242000.0,0.02,0.0,4.26,-0.17
6239,株式会社ナガオカ,9846054400.0,120600000.0,387060000.0,9505480000.0,1682452000.0,0.01,3.21,17.7,16.66
4319,ＴＡＣ株式会社,4107888000.0,502678000.0,47322000.0,19196936000.0,725940000.0,0.12,0.09,3.78,1.03
6678,株式会社テクノメディカ,16100880000.0,0.0,1540000.0,9905864000.0,1300389000.0,0.0,0.0,13.13,-3.68
6433,ヒーハイスト株式会社,2646404000.0,1620000.0,2193000.0,2245026000.0,0.0,0.0,1.35,0.0,-2.83
5411,ＪＦＥホールディングス株式会社,1113261558000.0,0.0,0.0,0.0,60005000000.0,0.0,0.0,0.0,0.0
2666,株式会社　オートウェーブ,2138748000.0,0.0,0.0,8871344000.0,274463000.0,0.0,0.0,3.09,5.32
7813,株式会社プラッツ,2462886000.0,1057946000.0,1518000.0,6387477000.0,37488000.0,0.43,0.0,0.59,1.19
1979,株式会社大気社,89193792000.0,26324000000.0,677000000.0,169443000000.0,17971000000.0,0.3,0.03,10.61,-21.75
7266,株式会社今仙電機製作所,15986714712.0,2246000000.0,173000000.0,94341000000.0,393000000.0,0.14,0.08,0.42,-5.4
9896,ＪＫホールディングス株式会社,37185920000.0,4454000000.0,148000000.0,393258000000.0,7358000000.0,0.12,0.03,1.87,1.12
4401,株式会社ＡＤＥＫＡ,301913409149.0,42803000000.0,1076000000.0,407145000000.0,41010000000.0,0.14,0.03,10.07,1.84
6599,エブレン株式会社,3311616000.0,14281000.0,0.0,4025988000.0,464597000.0,0.0,0.0,11.54,0.96
3498,霞ヶ関キャピタル株式会社,165548510130.0,2196142000.0,363000000.0,65685513000.0,8537301000.0,0.01,0.17,13.0,76.18
9929,平和紙業株式会社,4461156000.0,3073949000.0,84133000.0,16032057000.0,142679000.0,0.69,0.03,0.89,-0.57
7091,株式会社リビングプラットフォーム,4116079782.0,70373000.0,0.0,19204574000.0,341271000.0,0.02,0.0,1.78,15.25
6436,アマノ株式会社,347183307541.0,17097000000.0,343000000.0,175423000000.0,23040000000.0,0.05,0.02,13.13,14.76
6622,株式会社ダイヘン,171130345890.0,15980000000.0,586000000.0,226375000000.0,16174000000.0,0.09,0.04,7.14,20.05
9715,トランス・コスモス株式会社,154617483900.0,3363000000.0,73000000.0,375849000000.0,14475000000.0,0.02,0.02,3.85,3.77
5906,エムケー精工株式会社,7579194300.0,2419849000.0,75201000.0,28268214000.0,1993431000.0,0.32,0.03,7.05,-0.72
8233,株式会社髙島屋,355800665000.0,119967000000.0,2162000000.0,412769000000.0,57503000000.0,0.34,0.02,13.93,6.98
6342,株式会社太平製作所,3879000000.0,582538000.0,8672000.0,7855530000.0,907977000.0,0.15,0.01,11.56,-11.17
6857,株式会社アドバンテスト,8967680405000.0,684000000.0,16805000000.0,673095000000.0,217428000000.0,0.0,24.57,32.3,70.54
4095,日本パーカライジング株式会社,175170576204.0,34482000000.0,802000000.0,132281000000.0,14998000000.0,0.2,0.02,11.34,5.75
3934,株式会社ベネフィットジャパン,10303632768.0,5524000.0,1458000.0,12745109000.0,1220502000.0,0.0,0.26,9.58,-2.46
3691,株式会社デジタルプラス,4385914400.0,19692000.0,0.0,271441000.0,0.0,0.0,0.0,0.0,19.39
9562,ビジネスコーチ株式会社,2193226500.0,0.0,0.0,1601091000.0,79888000.0,0.0,0.0,4.99,38.5
6871,株式会社日本マイクロニクス,218938478520.0,1886000000.0,30000000.0,55643000000.0,12572000000.0,0.01,0.02,22.59,45.31
9913,日邦産業株式会社,23931880236.0,2166000000.0,41000000.0,44890000000.0,1970000000.0,0.09,0.02,4.39,7.08
7970,信越ポリマー株式会社,143681397000.0,929000000.0,5513000000.0,110582000000.0,13271000000.0,0.01,5.93,12.0,5.94
5355,日本坩堝株式会社,4234165200.0,1137567000.0,33153000.0,9784442000.0,492220000.0,0.27,0.03,5.03,1.81
5282,ジオスター株式会社,9459000000.0,1541700000.0,21381000.0,28527972000.0,1551197000.0,0.16,0.01,5.44,6.01
4475,ＨＥＮＮＧＥ株式会社,52715973200.0,460110000.0,0.0,8364548000.0,1014909000.0,0.01,0.0,12.13,23.45
9564,株式会社ＦＣＥ,8609215200.0,626674000.0,9159000.0,5006229000.0,721931000.0,0.07,0.01,14.42,19.93
7605,株式会社　フジ・コーポレーション,51995255000.0,0.0,0.0,46142013000.0,5479071000.0,0.0,0.0,11.87,2.33
2195,アミタホールディングス株式会社,7110325800.0,449552000.0,0.0,4931476000.0,473480000.0,0.06,0.0,9.6,8.71
6180,ＧＭＯメディア株式会社,8979771395.0,206459000.0,0.0,6606247000.0,762559000.0,0.02,0.0,11.54,5.43
4174,株式会社アピリッツ,3089960166.0,0.0,0.0,9008810000.0,185628000.0,0.0,0.0,2.06,6.89
3372,株式会社関門海,3346215100.0,18552000.0,0.0,5264115000.0,327585000.0,0.01,0.0,6.22,4.95
6558,クックビズ株式会社,1690999805.0,0.0,4516000.0,3276685000.0,93420000.0,0.0,0.0,2.85,22.95
3299,株式会社ムゲンエステート,47235979000.0,0.0,3000000.0,62187000000.0,9623000000.0,0.0,0.0,15.47,20.42
6324,株式会社ハーモニック・ドライブ・システムズ,256295279400.0,409931000.0,275179000.0,55645940000.0,6993000.0,0.0,0.67,0.01,-0.27
7036,株式会社イーエムネットジャパン,4022361000.0,275570000.0,1698000.0,0.0,93123000.0,0.07,0.01,0.0,0.0
9969,株式会社ショクブン,4387533912.0,7504000.0,0.0,6060731000.0,16824000.0,0.0,0.0,0.28,-5.2
2936,ベースフード株式会社,25055949300.0,0.0,0.0,15241454000.0,136510000.0,0.0,0.0,0.9,2.47
6787,株式会社メイコー,183602742000.0,2145000000.0,122000000.0,206806000000.0,19083000000.0,0.01,0.06,9.23,15.24
4613,関西ペイント株式会社,366631136800.0,57907000000.0,667000000.0,588825000000.0,52050000000.0,0.16,0.01,8.84,4.72
6444,サンデン株式会社,13068117621.0,22642000000.0,43000000.0,183848000000.0,0.0,1.73,0.0,0.0,2.55
6734,株式会社ニューテック,3664641000.0,80996000.0,5202000.0,4695130000.0,362850000.0,0.02,0.06,7.73,26.52
4388,株式会社エーアイ,3193959888.0,0.0,0.0,1486037000.0,109035000.0,0.0,0.0,7.34,102.19
6382,トリニティ工業株式会社,18274660000.0,3169053000.0,69301000.0,40217018000.0,3245860000.0,0.17,0.02,8.07,8.72
5921,川岸工業株式会社,11670000000.0,1586678000.0,41975000.0,27566000000.0,1669114000.0,0.14,0.03,6.05,6.03
7944,ローランド株式会社,85474820330.0,724000000.0,36000000.0,99433000000.0,9951000000.0,0.01,0.05,10.01,-2.94
7807,株式会社幸和製作所,3854918990.0,122933000.0,0.0,6368477000.0,797366000.0,0.03,0.0,12.52,-0.55
7314,株式会社小田原機器,3406191000.0,211251000.0,4300000.0,6110019000.0,390225000.0,0.06,0.02,6.39,55.45
9531,東京瓦斯株式会社,1909469540000.0,383571000000.0,1587000000.0,2636809000000.0,133090000000.0,0.2,0.0,5.05,-0.96
4826,株式会社ＣＩＪ,31795985088.0,2000841000.0,19886000.0,25733333000.0,1964967000.0,0.06,0.01,7.64,12.57
2002,株式会社日清製粉グループ本社,499930040000.0,158338000000.0,3296000000.0,851486000000.0,46380000000.0,0.32,0.02,5.45,-0.79
4464,株式会社ソフト９９コーポレーション,35549304000.0,8039073000.0,92062000.0,29742927000.0,4033888000.0,0.23,0.01,13.56,-0.44
2929,株式会社ファーマフーズ,24571755000.0,3037000000.0,28000000.0,62147000000.0,5113000000.0,0.12,0.01,8.23,-9.37
7236,株式会社ティラド,30520960000.0,2841000000.0,3000000.0,159235000000.0,7316000000.0,0.09,0.0,4.59,0.36
2488,ＪＴＰ株式会社,8397777600.0,0.0,0.0,9211357000.0,820158000.0,0.0,0.0,8.9,13.45
8881,株式会社日神グループホールディングス,23992093860.0,4426309000.0,21423000.0,76235977000.0,3447827000.0,0.18,0.0,4.52,-5.91
7294,株式会社ヨロズ,23051185120.0,7372000000.0,235000000.0,178414000000.0,298000000.0,0.32,0.03,0.17,-1.68
2349,株式会社エヌアイデイ,30924131000.0,5114030000.0,300532000.0,24968551000.0,3077126000.0,0.17,0.06,12.32,10.62
6027,弁護士ドットコム株式会社,66429888000.0,483612000.0,0.0,14072375000.0,1389565000.0,0.01,0.0,9.87,24.27
9046,神戸電鉄株式会社,18661215000.0,1824000000.0,38000000.0,0.0,2006000000.0,0.1,0.02,0.0,0.0
1882,東亜道路工業株式会社,78817357720.0,4087000000.0,212000000.0,126575000000.0,5015000000.0,0.05,0.05,3.96,7.21
4183,三井化学株式会社,674835218400.0,49117000000.0,44372000000.0,888431000000.0,0.0,0.07,0.9,0.0,2.47
7957,フジコピアン株式会社,2620885000.0,1265449000.0,65047000.0,8984085000.0,0.0,0.48,0.05,0.0,9.23
9704,株式会社アゴーラホスピタリティーグループ,17465953908.0,119750000.0,0.0,8377563000.0,501927000.0,0.01,0.0,5.99,14.62
6758,ソニーグループ株式会社,22342263363000.0,76877000000.0,18625000000.0,173940000000.0,320175000000.0,0.0,0.24,184.07,9.59
9474,株式会社ゼンリン,59249234000.0,12404000000.0,206000000.0,64363000000.0,3923000000.0,0.21,0.02,6.1,4.94
3551,ダイニック株式会社,7263270000.0,6665936000.0,173397000.0,44072956000.0,2136247000.0,0.92,0.03,4.85,4.68
7291,日本プラスト株式会社,6851730000.0,3510000000.0,118000000.0,120591000000.0,2772000000.0,0.51,0.03,2.3,-2.95
7781,株式会社平山ホールディングス,8313773600.0,145710000.0,0.0,35292145000.0,1119021000.0,0.02,0.0,3.17,11.42
6658,シライ電子工業株式会社,8525424000.0,634000000.0,863000000.0,29337000000.0,2576000000.0,0.07,1.36,8.78,1.75
6506,株式会社安川電機,770200720000.0,24100000000.0,22748000000.0,180636000000.0,2206000000.0,0.03,0.94,1.22,-12.34
6159,ミクロン精密株式会社,12830490000.0,1754787000.0,39361000.0,4699084000.0,382933000.0,0.14,0.02,8.15,-9.3
7615,株式会社京都きもの友禅ホールディングス,1438030800.0,0.0,0.0,5161206000.0,0.0,0.0,0.0,0.0,-26.51
7191,株式会社イントラスト,20135899800.0,381588000.0,2220000.0,10572954000.0,2329655000.0,0.02,0.01,22.03,17.85
4441,トビラシステムズ株式会社,10954668000.0,19955000.0,0.0,2405885000.0,831784000.0,0.0,0.0,34.57,16.72
9565,ＧＬＯＥ株式会社,2681468160.0,0.0,0.0,2260874000.0,16712000.0,0.0,0.0,0.74,-0.14
1887,日本国土開発株式会社,43363575000.0,15834000000.0,258000000.0,135701000000.0,2056000000.0,0.37,0.02,1.52,-12.0
5803,株式会社フジクラ,2371637808000.0,34348000000.0,957000000.0,979375000000.0,135519000000.0,0.01,0.03,13.84,22.46
4125,三和油化工業株式会社,6002020000.0,660720000.0,19274000.0,16040490000.0,836260000.0,0.11,0.03,5.21,2.61
4031,片倉コープアグリ株式会社,9795204000.0,1100000000.0,24000000.0,41369000000.0,650000000.0,0.11,0.02,1.57,0.33
4082,第一稀元素化学工業株式会社,16006400000.0,873000000.0,26000000.0,33641000000.0,2282000000.0,0.05,0.03,6.78,-4.48
3923,株式会社ラクス,420330512000.0,3877000000.0,801000000.0,48904000000.0,10192000000.0,0.01,0.21,20.84,27.33
2735,株式会社ワッツ,9232736800.0,350264000.0,0.0,61257283000.0,1246767000.0,0.04,0.0,2.04,3.28
3401,帝人株式会社,239326031763.0,11605000000.0,17206000000.0,114455000000.0,0.0,0.05,1.48,0.0,-13.44
7616,株式会社　コロワイド,201676233424.5,154000000.0,3000000.0,0.0,0.0,0.0,0.02,0.0,0.0
4527,ロート製薬株式会社,492667954660.0,46427000000.0,556000000.0,308625000000.0,38939000000.0,0.09,0.01,12.62,13.95
9267,Ｇｅｎｋｙ　ＤｒｕｇＳｔｏｒｅｓ株式会社,64215931680.0,66000000.0,0.0,184860000000.0,9015000000.0,0.0,0.0,4.88,9.35
5930,文化シヤッター株式会社,174282319618.0,19269000000.0,347000000.0,228419000000.0,14726000000.0,0.11,0.02,6.45,3.32
6146,株式会社ディスコ,5092487400000.0,3510000000.0,11062000000.0,393313000000.0,166834000000.0,0.0,3.15,42.42,27.88
2481,株式会社タウンニュース社,3997504440.0,1115085000.0,18037000.0,3736173000.0,576739000.0,0.28,0.02,15.44,1.18
1447,ＳＡＡＦホールディングス株式会社,6136186458.0,289202000.0,6099000.0,28855658000.0,333999000.0,0.05,0.02,1.16,-1.42
3951,朝日印刷株式会社,20555220000.0,4615632000.0,119308000.0,43945035000.0,2076099000.0,0.22,0.03,4.72,4.95
7241,フタバ産業株式会社,71216100000.0,20399000000.0,555000000.0,707104000000.0,15178000000.0,0.29,0.03,2.15,-11.15
4927,株式会社ポーラ・オルビスホールディングス,286763899234.0,15407000000.0,0.0,170359000000.0,13810000000.0,0.05,0.0,8.11,-1.7
6428,株式会社オーイズミ,7200000000.0,400744000.0,12785000.0,20113318000.0,93594000.0,0.06,0.03,0.47,-5.98
7640,株式会社トップカルチャー,2529446400.0,32254000.0,0.0,18414028000.0,12281000.0,0.01,0.0,0.07,-2.85
5527,株式会社ｐｒｏｐｅｒｔｙ　ｔｅｃｈｎｏｌｏｇｉｅｓ,6812971640.0,52604000.0,11881000.0,41612756000.0,1362199000.0,0.01,0.23,3.27,12.57
6293,日精樹脂工業株式会社,19532544000.0,2181000000.0,154000000.0,47493000000.0,442000000.0,0.11,0.07,0.93,0.9
3099,株式会社三越伊勢丹ホールディングス,828020505000.0,148975000000.0,686000000.0,555517000000.0,76313000000.0,0.18,0.0,13.74,3.56
3395,株式会社サンマルクホールディングス,54531020847.0,258042000.0,4133000.0,70895651000.0,3644734000.0,0.0,0.02,5.14,9.82
3284,株式会社フージャースホールディングス,48767059775.0,2175000000.0,175000000.0,92153000000.0,9227000000.0,0.04,0.08,10.01,6.64
9445,株式会社フォーバルテレコム,8613457800.0,6000000.0,0.0,25684920000.0,1142531000.0,0.0,0.0,4.45,11.12
6393,油研工業株式会社,12756191728.0,3613639000.0,86714000.0,33496199000.0,1920827000.0,0.28,0.02,5.73,13.5
6191,株式会社エアトリ,21450352870.0,1333000000.0,56000000.0,19384000000.0,2360000000.0,0.06,0.04,12.17,13.93
6654,不二電機工業株式会社,7090024000.0,1247691000.0,22569000.0,3927448000.0,302203000.0,0.18,0.02,7.69,5.48
8700,丸八証券株式会社,6426780000.0,1718597000.0,37010000.0,0.0,441441000.0,0.27,0.02,0.0,0.0
3933,チエル株式会社,5833152000.0,312751000.0,3507000.0,6896797000.0,677928000.0,0.05,0.01,9.83,49.23
7280,株式会社ミツバ,37832230000.0,16201000000.0,550000000.0,349353000000.0,20930000000.0,0.43,0.03,5.99,1.51
6039,株式会社日本動物高度医療センター,7540884000.0,0.0,0.0,5277736000.0,720974000.0,0.0,0.0,13.66,23.59
1944,株式会社きんでん,913989734000.0,128500000000.0,2619000000.0,705058000000.0,60979000000.0,0.14,0.02,8.65,7.72
8273,株式会社イズミ,217217221200.0,4667000000.0,174000000.0,467345000000.0,25425000000.0,0.02,0.04,5.44,12.44
9742,株式会社アイネス,35780800000.0,11836000000.0,37000000.0,40563000000.0,3536000000.0,0.33,0.0,8.72,0.01
6855,日本電子材料株式会社,29354652536.0,74000000.0,10000000.0,23829000000.0,4585000000.0,0.0,0.14,19.24,36.47
7821,前田工繊株式会社,64438299258.0,857000000.0,10000000.0,55833000000.0,10736000000.0,0.01,0.01,19.23,11.21
3434,株式会社アルファ,12087000000.0,3993000000.0,159000000.0,73511000000.0,913000000.0,0.33,0.04,1.24,-1.39
9147,ＮＩＰＰＯＮ　ＥＸＰＲＥＳＳホールディングス株式会社,281706000000.0,36943000000.0,1597000000.0,0.0,24728000000.0,0.13,0.04,0.0,0.0
5344,株式会社ＭＡＲＵＷＡ,569359440000.0,482000000.0,0.0,71849000000.0,26914000000.0,0.0,0.0,37.46,16.71
7847,株式会社グラファイトデザイン,4334054400.0,40520000.0,1524000.0,3074054000.0,534450000.0,0.01,0.04,17.39,15.88
9627,株式会社アインホールディングス,206192193840.0,3345000000.0,40000000.0,399824000000.0,20432000000.0,0.02,0.01,5.11,11.45
3036,アルコニックス株式会社,62885680000.0,8577000000.0,548000000.0,197004000000.0,6919000000.0,0.14,0.06,3.51,12.64
4828,ビジネスエンジニアリング株式会社,60240000000.0,1044062000.0,22564000.0,20776900000.0,4676353000.0,0.02,0.02,22.51,6.59
9017,新潟交通株式会社,8010072000.0,179873000.0,37119000.0,19998620000.0,2016265000.0,0.02,0.21,10.08,2.99
8393,株式会社宮崎銀行,66818700000.0,0.0,0.0,0.0,0.0,0.0,0.0,0.0,0.0
4820,株式会社イーエムシステムズ（商号　株式会社ＥＭシステムズ）,50559111600.0,906000000.0,22000000.0,24837000000.0,4464000000.0,0.02,0.02,17.97,22.02
8771,イー・ギャランティ株式会社,70503411900.0,11288851000.0,0.0,10224244000.0,5103513000.0,0.16,0.0,49.92,11.56
6149,株式会社小田原エンジニアリング,12133412928.0,501741000.0,13253000.0,13175682000.0,1163981000.0,0.04,0.03,8.83,-10.39
2498,株式会社オリエンタルコンサルタンツホールディングス,31882900000.0,2392349000.0,38598000.0,86282137000.0,4664612000.0,0.08,0.02,5.41,10.4
7803,株式会社ブシロード,48428556900.0,5316306000.0,1038274000.0,46262958000.0,882574000.0,0.11,0.2,1.91,-5.2
6929,日本セラミック株式会社,79596213000.0,1779000000.0,63000000.0,25037000000.0,4961000000.0,0.02,0.04,19.81,2.41
9446,株式会社サカイホールディングス,5039990000.0,334556000.0,35197000.0,15484837000.0,1406282000.0,0.07,0.11,9.08,4.28
2791,大黒天物産株式会社,103167376000.0,448000000.0,4000000.0,270077000000.0,9352000000.0,0.0,0.01,3.46,11.49
4203,住友ベークライト株式会社,395002268628.0,36372000000.0,26071000000.0,106798000000.0,9106000000.0,0.09,0.72,8.53,6.98
8185,株式会社チヨダ,45135085324.0,2621000000.0,5000000.0,91835000000.0,2193000000.0,0.06,0.0,2.39,-1.59
9168,株式会社ライズ・コンサルティング・グループ,30301929040.0,0.0,0.0,7671154000.0,1160102000.0,0.0,0.0,15.12,24.63
4361,川口化学工業株式会社,1651880000.0,55097000.0,2112000.0,8920750000.0,378139000.0,0.03,0.04,4.24,3.6
8392,株式会社大分銀行,68107620000.0,0.0,0.0,0.0,0.0,0.0,0.0,0.0,0.0
4783,ＮＣＤ株式会社,24965600000.0,235728000.0,7382000.0,30106683000.0,2809608000.0,0.01,0.03,9.33,18.15
4301,株式会社アミューズ,30188725920.0,4071000000.0,7000000.0,0.0,2798000000.0,0.13,0.0,0.0,0.0
3695,ＧＭＯリサーチ＆ＡＩ株式会社,4049955000.0,141696000.0,15647000.0,5025786000.0,235122000.0,0.03,0.11,4.68,-1.79
9302,三井倉庫ホールディングス株式会社,95315493630.0,17148000000.0,477000000.0,0.0,17831000000.0,0.18,0.03,0.0,0.0
9236,ジャパンＭ＆Ａソリューション株式会社,1933243800.0,0.0,0.0,602292000.0,0.0,0.0,0.0,0.0,-20.0
9946,ミニストップ株式会社,59184580000.0,101000000.0,3000000.0,35528000000.0,0.0,0.0,0.03,0.0,34.78
4482,株式会社ウィルズ,14106448000.0,30000000.0,0.0,5072384000.0,1035606000.0,0.0,0.0,20.42,13.21
9996,株式会社サトー商会,18332737920.0,9506389000.0,10133000.0,49137191000.0,1667976000.0,0.52,0.0,3.39,3.22
2216,カンロ株式会社,23432874120.0,161295000.0,4576000.0,31778392000.0,4284214000.0,0.01,0.03,13.48,9.52
7874,レック株式会社,43432156920.0,9026000000.0,126000000.0,66304000000.0,2710000000.0,0.21,0.01,4.09,9.08
7067,ブランディングテクノロジー株式会社,1539214430.0,11346000.0,0.0,5028735000.0,110625000.0,0.01,0.0,2.2,9.15
9887,株式会社松屋フーズホールディングス,112852960000.0,102940000.0,1887000.0,154223084000.0,4406724000.0,0.0,0.02,2.86,20.85
3382,株式会社セブン＆アイ・ホールディングス,5228644162500.0,321086000000.0,1876000000.0,10342323000000.0,420991000000.0,0.06,0.01,4.07,4.99
5021,コスモエネルギーホールディングス株式会社,559014245847.0,98538000000.0,997000000.0,2799947000000.0,128249000000.0,0.18,0.01,4.58,2.58
8600,トモニホールディングス株式会社,117668064000.0,0.0,0.0,0.0,4617000000.0,0.0,0.0,0.0,0.0
7050,株式会社フロンティアインターナショナル,10254180000.0,400525000.0,2843000.0,16944764000.0,1210228000.0,0.04,0.01,7.14,-0.6
6615,ユー・エム・シー・エレクトロニクス株式会社,8087399320.0,36000000.0,1556000000.0,131938000000.0,2149000000.0,0.0,43.22,1.63,0.49
7679,株式会社薬王堂ホールディングス,44435232969.0,105000000.0,0.0,151957000000.0,5481000000.0,0.0,0.0,3.61,6.83
7940,ウェーブロックホールディングス株式会社,6716804952.0,1068366000.0,1053000.0,25566685000.0,405543000.0,0.16,0.0,1.59,8.52
7063,株式会社Ｂｉｒｄｍａｎ,1832766300.0,16396000.0,0.0,2085456000.0,98234000.0,0.01,0.0,4.71,-53.5
9041,近鉄グループホールディングス株式会社,530231022000.0,70080000000.0,952000000.0,0.0,84399000000.0,0.13,0.01,0.0,0.0
5915,株式会社駒井ハルテック,7741404000.0,7519000000.0,318000000.0,15856000000.0,288000000.0,0.97,0.04,1.82,-22.57
6699,ダイヤモンドエレクトリックホールディングス株式会社,5406170590.0,2802000000.0,18000000.0,91724000000.0,2270000000.0,0.52,0.01,2.47,-1.72
2009,鳥越製粉株式会社,23562580000.0,11210321000.0,251540000.0,26168384000.0,1063122000.0,0.48,0.02,4.06,-0.82
4449,株式会社ギフティ,43565804940.0,3844000000.0,0.0,9554000000.0,1743000000.0,0.09,0.0,18.24,32.22
8289,株式会社Ｏｌｙｍｐｉｃグループ,9621848000.0,655000000.0,29000000.0,91557000000.0,51000000.0,0.07,0.04,0.06,8.27
1518,三井松島ホールディングス株式会社,66889728000.0,10945000000.0,73000000.0,60574000000.0,7615000000.0,0.16,0.01,12.57,-21.81
3058,株式会社三洋堂ホールディングス,5039400000.0,340043000.0,8213000.0,16605085000.0,123631000.0,0.07,0.02,0.74,-4.0
7832,株式会社バンダイナムコホールディングス,3020820000000.0,173350000000.0,1341000000.0,1241513000000.0,180229000000.0,0.06,0.01,14.52,18.22
6416,桂川電機株式会社,1027424000.0,296807000.0,2729000.0,6168126000.0,0.0,0.29,0.01,0.0,-1.44
4635,東京インキ株式会社,11502698760.0,4486000000.0,154000000.0,46806000000.0,1309000000.0,0.39,0.03,2.8,6.57
7951,ヤマハ株式会社,542416500000.0,45927000000.0,10868000000.0,264229000000.0,14133000000.0,0.08,0.24,5.35,0.82
9361,伏木海陸運送株式会社,4275525000.0,2596662000.0,70134000.0,12935582000.0,741837000.0,0.61,0.03,5.73,-1.0
6542,株式会社ＦＣホールディングス,8046173559.0,119423000.0,2329000.0,8526716000.0,1135221000.0,0.01,0.02,13.31,-0.47
2489,株式会社アドウェイズ,14660094000.0,2779210000.0,3383000.0,12684500000.0,166387000.0,0.19,0.0,1.31,-6.21
4347,ブロードメディア株式会社,14092500000.0,169455000.0,20582000.0,15533925000.0,707020000.0,0.01,0.12,4.55,9.55
3224,株式会社ゼネラル・オイスター,3212094400.0,0.0,0.0,3926227000.0,3454000.0,0.0,0.0,0.09,3.59
2931,株式会社ユーグレナ,55928914260.0,748000000.0,0.0,47618000000.0,300000000.0,0.01,0.0,0.63,2.44
4503,アステラス製薬株式会社,2627630676000.0,18561000000.0,188307000000.0,789619000000.0,267305000000.0,0.01,10.15,33.85,14.7
7975,株式会社リヒトラブ,4391870700.0,1110475000.0,30927000.0,9220521000.0,178732000.0,0.25,0.03,1.94,4.74
4433,株式会社ヒト・コミュニケーションズ・ホールディングス,17899333000.0,672000000.0,7000000.0,58547000000.0,1568000000.0,0.04,0.01,2.68,-8.49
7585,株式会社かんなん丸,1810144128.0,34124000.0,1661000.0,1649628000.0,20240000.0,0.02,0.05,1.23,23.51
1852,株式会社淺沼組,61801290000.0,6277000000.0,127000000.0,167005000000.0,6867000000.0,0.1,0.02,4.11,9.39
3901,マークラインズ株式会社,24883372800.0,567243000.0,7920000.0,5562104000.0,2216105000.0,0.02,0.01,39.84,14.8
9052,山陽電気鉄道株式会社,43722140000.0,11281000000.0,276000000.0,0.0,4065000000.0,0.26,0.02,0.0,0.0
9065,山九株式会社,465837060000.0,32541000000.0,1053000000.0,606791000000.0,43945000000.0,0.07,0.03,7.24,7.67
3929,ソーシャルワイヤー株式会社,2996734400.0,58606000.0,0.0,2905402000.0,136975000.0,0.02,0.0,4.71,-20.82
3422,株式会社　Ｊ－ＭＡＸ,3806097000.0,303000000.0,11000000.0,47102000000.0,19000000.0,0.08,0.04,0.04,-13.33
6584,三櫻工業株式会社,23863016000.0,6707000000.0,283000000.0,159538000000.0,4860000000.0,0.28,0.04,3.05,1.74
8137,サンワテクノス株式会社,39067140000.0,6399000000.0,147000000.0,139581000000.0,3507000000.0,0.16,0.02,2.51,-15.98
7205,日野自動車株式会社,218168033013.91602,102776000000.0,3739000000.0,1697229000000.0,57490000000.0,0.47,0.04,3.39,11.94
6167,冨士ダイス株式会社,15000000000.0,183000000.0,5000000.0,16595000000.0,488000000.0,0.01,0.03,2.94,-0.5
6059,株式会社ウチヤマホールディングス,6680209200.0,1334670000.0,49430000.0,29105853000.0,208513000.0,0.2,0.04,0.72,0.91
6029,アトラグループ株式会社,1913382000.0,696650000.0,0.0,4234433000.0,5683000.0,0.36,0.0,0.13,-5.85
3089,テクノアルファ株式会社,2084400000.0,100000000.0,0.0,3969934000.0,276602000.0,0.05,0.0,6.97,-9.15
6479,ミネベアミツミ株式会社,940645034715.0,10324000000.0,22892000000.0,867651000000.0,4008000000.0,0.01,2.22,0.46,9.22
4080,株式会社田中化学研究所,13338530000.0,94000000.0,3000000.0,36497000000.0,0.0,0.01,0.03,0.0,-23.94
1720,東急建設株式会社,110604396000.0,27902000000.0,217000000.0,293139000000.0,8839000000.0,0.25,0.01,3.02,2.61
4767,株式会社テー・オー・ダブリュー,15082481568.0,1161604000.0,35625000.0,17503626000.0,2006751000.0,0.08,0.03,11.46,48.66
7472,株式会社鳥羽洋行,17061000000.0,2382540000.0,66588000.0,31565763000.0,1684317000.0,0.14,0.03,5.34,10.95
2933,株式会社紀文食品,25067099538.0,2367432000.0,47097000.0,108912144000.0,4513008000.0,0.09,0.02,4.14,2.25
3030,株式会社ハブ,10007556000.0,0.0,0.0,10632044000.0,453158000.0,0.0,0.0,4.26,8.7
2831,はごろもフーズ株式会社,34072500000.0,14759622000.0,344516000.0,74650697000.0,2849482000.0,0.43,0.02,3.82,1.56
3223,株式会社エスエルディー,1545255360.0,1500000.0,0.0,3661043000.0,144437000.0,0.0,0.0,3.95,2.1
6380,オリエンタルチエン工業株式会社,2646888332.0,223958000.0,6058000.0,4055683000.0,142675000.0,0.08,0.03,3.52,-0.66
4978,株式会社リプロセル,19813804219.0,4403537000.0,0.0,2978627000.0,0.0,0.22,0.0,0.0,22.74
7727,株式会社オーバル,11466840000.0,402260000.0,6023000.0,15048652000.0,1422550000.0,0.04,0.01,9.45,4.88
2607,不二製油株式会社,255920402500.0,16631000000.0,98000000.0,671211000000.0,9895000000.0,0.06,0.01,1.47,18.99
2428,ウェルネット株式会社,14065000000.0,152819000.0,0.0,10132265000.0,1222366000.0,0.01,0.0,12.06,7.51
6755,株式会社富士通ゼネラル,306008582000.0,3181000000.0,176000000.0,354087000000.0,14472000000.0,0.01,0.06,4.09,11.88
8167,株式会社リテールパートナーズ,66423988016.0,12081000000.0,323000000.0,257107000000.0,6823000000.0,0.18,0.03,2.65,5.6
8208,株式会社エンチョー,8016413993.0,610000000.0,30000000.0,33228000000.0,120000000.0,0.08,0.05,0.36,-3.2
8473,ＳＢＩホールディングス株式会社,1735000792575.0,52175000000.0,303000000.0,176300000000.0,131256000000.0,0.03,0.01,74.45,130.49
8864,空港施設株式会社,46250972550.0,10554428000.0,130478000.0,31121104000.0,4469801000.0,0.23,0.01,14.36,19.92
3807,株式会社フィスコ,6427151080.0,1337683000.0,0.0,867885000.0,206889000.0,0.21,0.0,23.84,-9.74
8585,株式会社オリエントコーポレーション,170506944000.0,21921000000.0,0.0,0.0,12344000000.0,0.13,0.0,0.0,0.0
8227,株式会社しまむら,793260370000.0,33226000000.0,258000000.0,665358000000.0,59240000000.0,0.04,0.01,8.9,4.77
2471,株式会社エスプール,27020565000.0,11000000.0,904000000.0,2949000000.0,94000000.0,0.0,82.18,3.19,31.12
2124,株式会社ジェイエイシーリクルートメント,174166174400.0,0.0,0.0,39156000000.0,9090000000.0,0.0,0.0,23.21,13.58
7377,ＤＮホールディングス株式会社,17732520000.0,747506000.0,16637000.0,34131911000.0,1948233000.0,0.04,0.02,5.71,4.76
4016,ＭＩＴホールディングス株式会社,1754661400.0,19057000.0,1158000.0,5240301000.0,197339000.0,0.01,0.06,3.77,9.49
8133,伊藤忠エネクス株式会社,217866184000.0,5531000000.0,8316000000.0,686279000000.0,5431000000.0,0.03,1.5,0.79,-7.91
7987,ナカバヤシ株式会社,14800116000.0,3081000000.0,93000000.0,62767000000.0,1787000000.0,0.21,0.03,2.85,2.82
5726,株式会社大阪チタニウムテクノロジーズ,54574400000.0,0.0,0.0,51914000000.0,10088000000.0,0.0,0.0,19.43,-6.16
9385,株式会社ショーエイコーポレーション,4317500000.0,582080000.0,9799000.0,19031005000.0,747516000.0,0.13,0.02,3.93,-2.13
5619,マーソ株式会社,3478142250.0,60034000.0,0.0,1333059000.0,157517000.0,0.02,0.0,11.82,-26.33
4678,株式会社　秀英予備校,2013000000.0,0.0,2228000.0,10693035000.0,386736000.0,0.0,0.0,3.62,3.37
2301,株式会社学情,27852400000.0,4789717000.0,9678000.0,10730691000.0,2656628000.0,0.17,0.0,24.76,22.15
3992,株式会社ニーズウェル,20227502400.0,418893000.0,11386000.0,9549211000.0,1185233000.0,0.02,0.03,12.41,8.99
6544,ジャパンエレベーターサービスホールディングス株式会社,371410224000.0,63000000.0,0.0,49375000000.0,8624000000.0,0.0,0.0,17.47,16.96
4483,株式会社ＪＭＤＣ,249597198944.0,1278000000.0,1598000000.0,12625000000.0,696000000.0,0.01,1.25,5.51,10.03
6620,宮越ホールディングス株式会社,48536982000.0,0.0,0.0,0.0,284000000.0,0.0,0.0,0.0,0.0
1401,株式会社エムビーエス,9278400000.0,121304000.0,0.0,4356628000.0,495022000.0,0.01,0.0,11.36,8.8
8113,ユニ・チャーム株式会社,626111410711.5,107787000000.0,95486000000.0,369638000000.0,47880000000.0,0.17,0.89,12.95,5.99
6957,株式会社芝浦電子,93669574600.0,482000000.0,8000000.0,34028000000.0,5442000000.0,0.01,0.02,15.99,5.02
8713,フィデアホールディングス株式会社,27394420000.0,0.0,0.0,0.0,1380000000.0,0.0,0.0,0.0,0.0
6147,株式会社ヤマザキ,1492754000.0,142795000.0,3838000.0,3093870000.0,77790000.0,0.1,0.03,2.51,23.95
8584,株式会社ジャックス,143999295000.0,33542000000.0,0.0,0.0,25732000000.0,0.23,0.0,0.0,0.0
6777,ｓａｎｔｅｃ　Ｈｏｌｄｉｎｇｓ株式会社,68297881000.0,2591694000.0,10510000.0,24026716000.0,7429087000.0,0.04,0.0,30.92,27.34
6165,パンチ工業株式会社,10827824000.0,1248000000.0,1304000000.0,40822000000.0,1685000000.0,0.12,1.04,4.13,6.46
7971,東リ株式会社,29583468000.0,8276000000.0,219000000.0,105709000000.0,4376000000.0,0.28,0.03,4.14,3.16
5571,エキサイトホールディングス株式会社,6204981310.0,889820000.0,9899000.0,9091963000.0,465846000.0,0.14,0.01,5.12,17.86
4333,株式会社東邦システムサイエンス,25769946132.0,580984000.0,6967000.0,17342598000.0,1658698000.0,0.02,0.01,9.56,6.52
1417,株式会社ミライト・ワン,241555495205.0,19397000000.0,412000000.0,578599000000.0,27985000000.0,0.08,0.02,4.84,11.62
6662,株式会社ユビテック,3771858000.0,0.0,0.0,1016084000.0,10018000.0,0.0,0.0,0.99,3.15
3035,ケイティケイ株式会社,3893000000.0,619015000.0,25256000.0,18109789000.0,383413000.0,0.16,0.04,2.12,2.83
8058,三菱商事株式会社,11608620426000.0,800698000000.0,897843000000.0,2123803000000.0,0.0,0.07,1.12,0.0,-4.88
7805,プリントネット株式会社,3986092000.0,71778000.0,3732000.0,9306600000.0,448843000.0,0.02,0.05,4.82,-3.36
2183,株式会社リニカル,8139460000.0,272500000.0,0.0,10437032000.0,1499597000.0,0.03,0.0,14.37,-15.2
6727,株式会社ワコム,99426000000.0,3167139000.0,43524000.0,115680799000.0,10209629000.0,0.03,0.01,8.83,-2.62
2585,株式会社ライフドリンク　カンパニー,112055439616.0,123000000.0,14000000.0,44537000000.0,4742000000.0,0.0,0.11,10.65,16.48
3202,ダイトウボウ株式会社,3309240000.0,443136000.0,9829000.0,4106822000.0,315424000.0,0.13,0.02,7.68,1.81
9083,神姫バス株式会社,22373500000.0,4526000000.0,112000000.0,52954000000.0,3474000000.0,0.2,0.02,6.56,7.02
6237,株式会社イワキ,58541470000.0,2161607000.0,57963000.0,45763291000.0,5845157000.0,0.04,0.03,12.77,2.75
3176,三洋貿易株式会社,42090184308.0,4877344000.0,127029000.0,129263154000.0,7072902000.0,0.12,0.03,5.47,7.25
4645,株式会社市進ホールディングス,4422238296.0,907019000.0,21941000.0,18459134000.0,918273000.0,0.21,0.02,4.97,2.85
8031,三井物産株式会社,8666354784000.0,1329567000000.0,868725000000.0,0.0,0.0,0.15,0.65,0.0,0.0
6501,株式会社日立製作所,19402324476000.0,64117000000.0,252253000000.0,1774233000000.0,212094000000.0,0.0,3.93,11.95,0.98
6181,タメニー株式会社,3501717100.0,0.0,0.0,5909037000.0,330478000.0,0.0,0.0,5.59,5.55
5729,日本精鉱株式会社,14514863000.0,173118000.0,5184000.0,25179512000.0,3598004000.0,0.01,0.03,14.29,61.52
6856,株式会社堀場製作所,466463485000.0,16014000000.0,355000000.0,317369000000.0,48340000000.0,0.03,0.02,15.23,9.23
9249,日本エコシステム株式会社,4389123200.0,181986000.0,3078000.0,9301846000.0,764319000.0,0.04,0.02,8.22,22.76
4249,森六株式会社,34133420000.0,7553000000.0,381000000.0,146174000000.0,4135000000.0,0.22,0.05,2.83,0.37
3913,ＧｒｅｅｎＢｅｅ株式会社,3254328000.0,13500000.0,0.0,806493000.0,50960000.0,0.0,0.0,6.32,-0.88
6588,東芝テック株式会社,170121221280.0,37148000000.0,86000000.0,577023000000.0,20251000000.0,0.22,0.0,3.51,5.27
8524,株式会社北洋銀行,246619080000.0,0.0,0.0,0.0,0.0,0.0,0.0,0.0,0.0
4543,テルモ株式会社,3622927873000.0,11531000000.0,58810000000.0,428735000000.0,89394000000.0,0.0,5.1,20.85,7.24
9702,株式会社アイ・エス・ビー,16068985000.0,545593000.0,30757000.0,33954594000.0,2800403000.0,0.03,0.06,8.25,4.84
8125,株式会社ワキタ,90048351000.0,4899000000.0,151000000.0,92321000000.0,6390000000.0,0.05,0.03,6.92,4.14
7931,未来工業株式会社,88088375840.0,1774000000.0,62000000.0,45113000000.0,6897000000.0,0.02,0.03,15.29,2.32
2918,わらべや日洋ホールディングス株式会社,46461239760.0,1136000000.0,377000000.0,222467000000.0,4515000000.0,0.02,0.33,2.03,7.47
8304,株式会社あおぞら銀行,302363607000.0,0.0,0.0,0.0,0.0,0.0,0.0,0.0,0.0
9127,玉井商船株式会社,4725672000.0,1126569000.0,36248000.0,0.0,888047000.0,0.24,0.03,0.0,0.0
9605,東映株式会社,383253188550.0,150364000000.0,991000000.0,179922000000.0,35155000000.0,0.39,0.01,19.54,5.01
1376,カネコ種苗株式会社,16210044000.0,2077934000.0,58320000.0,61598847000.0,1478908000.0,0.13,0.03,2.4,-0.93
8945,サンネクスタグループ株式会社,10831803200.0,37865000.0,1636000.0,8371365000.0,653569000.0,0.0,0.04,7.81,0.29
4061,デンカ株式会社,182247918720.0,48702000000.0,812000000.0,400251000000.0,14413000000.0,0.27,0.02,3.6,2.82
9757,株式会社船井総研ホールディングス,116150000000.0,2264909000.0,10642000.0,30645058000.0,8324175000.0,0.02,0.0,27.16,8.52
7623,株式会社サンオータス,2684130000.0,91314000.0,1985000.0,16634146000.0,246671000.0,0.03,0.02,1.48,2.84
4097,高圧ガス工業株式会社,57244310000.0,13655000000.0,332000000.0,98261000000.0,5969000000.0,0.24,0.02,6.07,6.15
9202,ＡＮＡホールディングス株式会社,1435446114804.0,150654000000.0,2295000000.0,2261856000000.0,196639000000.0,0.1,0.02,8.69,10.02
4444,株式会社インフォネット,2114157948.0,49750000.0,45916000.0,2010575000.0,168888000.0,0.02,0.92,8.4,13.74
3902,メディカル・データ・ビジョン株式会社,17452001336.0,438348000.0,0.0,5906958000.0,3765000.0,0.03,0.0,0.06,-7.98
7501,株式会社ティムコ,3112875340.0,593734000.0,0.0,3212048000.0,54738000.0,0.19,0.0,1.7,-5.61
7246,プレス工業株式会社,56700000000.0,8001000000.0,392000000.0,189883000000.0,9646000000.0,0.14,0.05,5.08,-4.01
8029,株式会社ルックホールディングス,18427679923.0,6186000000.0,141000000.0,54739000000.0,2530000000.0,0.34,0.02,4.62,-1.33
2296,伊藤ハム米久ホールディングス株式会社,283332084230.0,33322000000.0,419000000.0,988771000000.0,19576000000.0,0.12,0.01,1.98,3.47
7735,株式会社ＳＣＲＥＥＮホールディングス,1230242790000.0,45365000000.0,960000000.0,625269000000.0,135683000000.0,0.04,0.02,21.7,23.84
1718,美樹工業株式会社,7600003170.0,770584000.0,14382000.0,27292198000.0,1134578000.0,0.1,0.02,4.16,-15.25
4668,株式会社明光ネットワークジャパン,21047325200.0,2891000000.0,54000000.0,22579000000.0,1010000000.0,0.14,0.02,4.47,8.18
4040,南海化学株式会社,7363842800.0,427000000.0,17000000.0,20900000000.0,1306000000.0,0.06,0.04,6.25,4.57
6659,株式会社メディアリンクス,3221975700.0,0.0,30454000.0,2789756000.0,0.0,0.0,0.0,0.0,-10.34
8198,マックスバリュ東海株式会社,100714950000.0,679000000.0,16000000.0,369576000000.0,14061000000.0,0.01,0.02,3.8,2.95
4414,株式会社フレクト,12401874240.0,0.0,0.0,7949168000.0,1085310000.0,0.0,0.0,13.65,14.73
3936,株式会社グローバルウェイ,7832804750.0,119968000.0,1873000.0,3071643000.0,190598000.0,0.02,0.02,6.21,25.06
4222,児玉化学工業株式会社,9011222325.0,737390000.0,16868000.0,15842015000.0,162420000.0,0.08,0.02,1.03,7.79
7038,フロンティア・マネジメント株式会社,7912866819.0,0.0,14774000.0,9265110000.0,0.0,0.0,0.0,0.0,-7.58
2385,株式会社総医研ホールディングス,4185312000.0,11465000.0,0.0,5158458000.0,92607000.0,0.0,0.0,1.8,-36.16
3994,株式会社マネーフォワード,276683894500.0,18759720000.0,0.0,40363837000.0,0.0,0.07,0.0,0.0,32.86
9974,株式会社ベルク,150248160000.0,157000000.0,57000000.0,381440000000.0,17011000000.0,0.0,0.36,4.46,10.22
6334,明治機械株式会社,3306764440.0,149409000.0,2840000.0,6511496000.0,267590000.0,0.05,0.02,4.11,32.99
